"","a[str_detect(a[, 1], pattern = pat_fecha), ]","fecha","precip","evap","TMAX","TMIN","Estacion"
"1","    6 ","09/10/1929",0,0,22,6,"9032"
"2","    6 ","10/10/1929",0,0,22,6,"9032"
"3","   5 ","11/10/1929",0,0,21.5,5,"9032"
"4","   5.5 ","12/10/1929",0,0,21.5,5.5,"9032"
"5","   4.6 ","13/10/1929",0,0,21.5,4.6,"9032"
"6","    4 ","14/10/1929",0,0,19,4,"9032"
"7","    4.5 ","15/10/1929",0,0,17,4.5,"9032"
"8","    4 ","16/10/1929",0,0,17,4,"9032"
"9","    3.5 ","17/10/1929",0,0,17,3.5,"9032"
"10","    6 ","18/10/1929",0,0,16,6,"9032"
"11","    6 ","19/10/1929",0,0,15,6,"9032"
"12","    5.5 ","20/10/1929",0,0,17,5.5,"9032"
"13","    4 ","21/10/1929",10,0,20,4,"9032"
"14","    3.5 ","22/10/1929",2.2,0,22,3.5,"9032"
"15","    10.5 ","23/10/1929",3,0,17,10.5,"9032"
"16","    4 ","24/10/1929",0,0,17,4,"9032"
"17","    8.6 ","25/10/1929",0,0,17,8.6,"9032"
"18","    7.6 ","26/10/1929",0,0,15,7.6,"9032"
"19","   6.6 ","27/10/1929",0,0,16.5,6.6,"9032"
"20","    8.6 ","28/10/1929",0,0,20,8.6,"9032"
"21","    12 ","29/10/1929",0,0,22,12,"9032"
"22","    13 ","30/10/1929",0,0,25,13,"9032"
"23","    11 ","31/10/1929",0,0,20,11,"9032"
"24","    10 ","01/11/1929",0,0,20,10,"9032"
"25","    7 ","02/11/1929",0,0,19,7,"9032"
"26","    8 ","03/11/1929",0,0,19,8,"9032"
"27","    8 ","04/11/1929",0,0,19,8,"9032"
"28","    7.5 ","05/11/1929",0,0,19,7.5,"9032"
"29","    7 ","06/11/1929",0,0,19,7,"9032"
"30","    9 ","07/11/1929",0,0,19,9,"9032"
"31","    9 ","08/11/1929",0,0,19,9,"9032"
"32","    6 ","09/11/1929",0,0,22,6,"9032"
"33","    10 ","10/11/1929",0,0,20,10,"9032"
"34","    10 ","11/11/1929",0,0,20,10,"9032"
"35","    10.5 ","12/11/1929",0,0,20,10.5,"9032"
"36","    7 ","13/11/1929",0,0,20,7,"9032"
"37","    8 ","14/11/1929",0,0,19,8,"9032"
"38","    7 ","15/11/1929",0,0,21,7,"9032"
"39","    7.5 ","16/11/1929",0,0,21,7.5,"9032"
"40","    6 ","17/11/1929",0,0,18,6,"9032"
"41","    5 ","18/11/1929",0,0,21,5,"9032"
"42","    5 ","19/11/1929",0,0,21,5,"9032"
"43","    6.5 ","20/11/1929",0,0,20,6.5,"9032"
"44","    6.5 ","21/11/1929",0,0,20,6.5,"9032"
"45","    6 ","22/11/1929",0,0,21,6,"9032"
"46","    5 ","23/11/1929",0,0,21,5,"9032"
"47","    5 ","24/11/1929",0,0,21,5,"9032"
"48","    5.5 ","25/11/1929",0,0,21,5.5,"9032"
"49","    5 ","26/11/1929",0,0,21,5,"9032"
"50","    5 ","27/11/1929",0,0,21,5,"9032"
"51","    6 ","28/11/1929",0,0,20,6,"9032"
"52","    7 ","29/11/1929",0,0,22,7,"9032"
"53","    7 ","30/11/1929",0,0,20,7,"9032"
"54","    2 ","01/12/1929",0,0,18,2,"9032"
"55","    2 ","02/12/1929",0,0,17,2,"9032"
"56","    2 ","03/12/1929",0,0,17,2,"9032"
"57","    2 ","04/12/1929",0,0,17,2,"9032"
"58","    2 ","05/12/1929",0,0,17,2,"9032"
"59","    5.5 ","06/12/1929",0,0,18,5.5,"9032"
"60","   5 ","07/12/1929",0,0,18.5,5,"9032"
"61","   6 ","08/12/1929",0,0,18.5,6,"9032"
"62","   6 ","09/12/1929",0,0,18.5,6,"9032"
"63","    5 ","10/12/1929",0,0,17,5,"9032"
"64","    6 ","11/12/1929",0,0,22,6,"9032"
"65","    6 ","12/12/1929",0,0,20,6,"9032"
"66","    6 ","13/12/1929",0,0,20,6,"9032"
"67","    6 ","14/12/1929",0,0,19,6,"9032"
"68","    6 ","15/12/1929",0,0,19,6,"9032"
"69","    3 ","16/12/1929",0,0,20,3,"9032"
"70","    4 ","17/12/1929",0,0,19,4,"9032"
"71","    5 ","18/12/1929",0,0,18,5,"9032"
"72","   6 ","19/12/1929",0,0,18.5,6,"9032"
"73","   6 ","20/12/1929",0,0,18.5,6,"9032"
"74","    6 ","21/12/1929",0,0,19,6,"9032"
"75","   7 ","22/12/1929",0,0,18.5,7,"9032"
"76","   6 ","23/12/1929",0,0,18.5,6,"9032"
"77","    6 ","24/12/1929",0,0,18,6,"9032"
"78","    6 ","25/12/1929",0,0,19,6,"9032"
"79","    5 ","26/12/1929",3,0,20,5,"9032"
"80","    4 ","27/12/1929",1,0,21,4,"9032"
"81","    3 ","28/12/1929",0,0,21,3,"9032"
"82","    2 ","29/12/1929",0,0,22,2,"9032"
"83","    0 ","30/12/1929",0,0,22,0,"9032"
"84","    0 ","31/12/1929",0,0,21,0,"9032"
"85","    14 ","01/06/1930",0,0,24,14,"9032"
"86","    14 ","02/06/1930",0,0,24,14,"9032"
"87","    12 ","03/06/1930",0,0,24,12,"9032"
"88","   13 ","04/06/1930",0,0,23.5,13,"9032"
"89","    12 ","05/06/1930",0,0,20,12,"9032"
"90","    12 ","06/06/1930",0,0,22,12,"9032"
"91","    12 ","07/06/1930",0,0,22,12,"9032"
"92","    14 ","08/06/1930",0,0,23,14,"9032"
"93","    12 ","09/06/1930",0,0,22,12,"9032"
"94","    12 ","10/06/1930",0,0,22,12,"9032"
"95","    11.1 ","11/06/1930",0,0,22,11.1,"9032"
"96","    12 ","12/06/1930",0,0,24,12,"9032"
"97","    15 ","13/06/1930",4,0,25,15,"9032"
"98","    12 ","14/06/1930",0,0,25,12,"9032"
"99","    12 ","15/06/1930",6.5,0,24,12,"9032"
"100","    12 ","16/06/1930",0,0,24,12,"9032"
"101","    12 ","17/06/1930",30,0,24,12,"9032"
"102","    14 ","18/06/1930",1,0,25,14,"9032"
"103","   14 ","19/06/1930",6.5,0,22.5,14,"9032"
"104","   14 ","20/06/1930",1.5,0,19.5,14,"9032"
"105","    13 ","21/06/1930",0,0,19,13,"9032"
"106","    11.5 ","22/06/1930",13,0,22,11.5,"9032"
"107","    11.5 ","23/06/1930",7,0,22,11.5,"9032"
"108","    12 ","24/06/1930",3.5,0,22,12,"9032"
"109","    12 ","25/06/1930",5,0,23,12,"9032"
"110","    9 ","26/06/1930",31.5,0,23,9,"9032"
"111","    10 ","27/06/1930",33,0,22,10,"9032"
"112","    11 ","28/06/1930",0,0,21,11,"9032"
"113","    12 ","29/06/1930",0,0,22,12,"9032"
"114","    12 ","30/06/1930",3.5,0,22,12,"9032"
"115","    11 ","01/07/1930",0,0,22,11,"9032"
"116","   9 ","02/07/1930",20,0,22.5,9,"9032"
"117","   9 ","03/07/1930",0,0,22.5,9,"9032"
"118","   12 ","04/07/1930",0,0,22.5,12,"9032"
"119","    13 ","05/07/1930",0,0,23,13,"9032"
"120","   13 ","06/07/1930",7.5,0,22.5,13,"9032"
"121","   11.5 ","07/07/1930",17.5,0,22.5,11.5,"9032"
"122","   11.2 ","08/07/1930",7.5,0,22.5,11.2,"9032"
"123","    13 ","09/07/1930",13,0,21,13,"9032"
"124","    11.5 ","10/07/1930",7.5,0,19,11.5,"9032"
"125","    11 ","11/07/1930",12.5,0,21,11,"9032"
"126","   11 ","12/07/1930",7.5,0,21.5,11,"9032"
"127","    12.5 ","13/07/1930",4.5,0,20,12.5,"9032"
"128","    12 ","14/07/1930",10.5,0,20,12,"9032"
"129","    12.5 ","15/07/1930",4.5,0,20,12.5,"9032"
"130","   11 ","16/07/1930",4,0,21.5,11,"9032"
"131","    11 ","17/07/1930",20,0,22,11,"9032"
"132","    11 ","18/07/1930",15,0,22,11,"9032"
"133","    9 ","19/07/1930",4.5,0,20,9,"9032"
"134","    10 ","20/07/1930",4,0,22,10,"9032"
"135","    10 ","21/07/1930",4.9,0,22,10,"9032"
"136","    10 ","22/07/1930",5,0,22,10,"9032"
"137","    11 ","23/07/1930",7,0,21,11,"9032"
"138","    13 ","24/07/1930",4.5,0,19,13,"9032"
"139","   11.5 ","25/07/1930",4.5,0,19.5,11.5,"9032"
"140","   11 ","26/07/1930",4.5,0,19.5,11,"9032"
"141","    10 ","27/07/1930",4,0,20,10,"9032"
"142","    10 ","28/07/1930",7.5,0,20,10,"9032"
"143","    11 ","29/07/1930",3.5,0,20,11,"9032"
"144","    11 ","30/07/1930",3.5,0,20,11,"9032"
"145","    11 ","31/07/1930",3.5,0,20,11,"9032"
"146","    11 ","01/08/1930",7,0,20,11,"9032"
"147","    10 ","02/08/1930",0,0,21,10,"9032"
"148","    9 ","03/08/1930",0,0,21,9,"9032"
"149","    12 ","04/08/1930",0,0,22,12,"9032"
"150","    12 ","05/08/1930",3,0,23,12,"9032"
"151","    12 ","06/08/1930",7.5,0,24,12,"9032"
"152","    11 ","07/08/1930",3,0,24,11,"9032"
"153","    10 ","08/08/1930",20.5,0,24,10,"9032"
"154","    10.5 ","09/08/1930",0,0,22,10.5,"9032"
"155","    10 ","10/08/1930",0,0,22,10,"9032"
"156","    10 ","11/08/1930",0,0,22,10,"9032"
"157","    10 ","12/08/1930",17,0,22,10,"9032"
"158","    10 ","13/08/1930",0,0,22,10,"9032"
"159","    8.5 ","14/08/1930",0,0,23,8.5,"9032"
"160","    8.5 ","15/08/1930",1,0,23,8.5,"9032"
"161","   9.5 ","16/08/1930",0,0,23.5,9.5,"9032"
"162","    11 ","17/08/1930",2.5,0,23,11,"9032"
"163","    12 ","18/08/1930",2,0,23,12,"9032"
"164","    12 ","19/08/1930",4,0,23,12,"9032"
"165","    12 ","20/08/1930",3.5,0,23,12,"9032"
"166","    12 ","21/08/1930",20,0,19,12,"9032"
"167","    11 ","22/08/1930",0,0,22,11,"9032"
"168","    11 ","23/08/1930",6.5,0,22,11,"9032"
"169","    11 ","24/08/1930",1,0,22,11,"9032"
"170","    9 ","25/08/1930",1,0,21,9,"9032"
"171","    11 ","26/08/1930",0,0,22,11,"9032"
"172","   11 ","27/08/1930",10,0,21.5,11,"9032"
"173","   11 ","28/08/1930",18,0,21.5,11,"9032"
"174","   11 ","29/08/1930",0,0,21.5,11,"9032"
"175","   10 ","30/08/1930",0,0,21.5,10,"9032"
"176","   10 ","31/08/1930",1.5,0,21.5,10,"9032"
"177","   9.8 ","01/09/1930",20.5,0,21.5,9.8,"9032"
"178","    9 ","02/09/1930",18,0,21,9,"9032"
"179","   9 ","03/09/1930",0,0,16.5,9,"9032"
"180","   9.5 ","04/09/1930",6.5,0,16.5,9.5,"9032"
"181","    9.5 ","05/09/1930",22,0,14,9.5,"9032"
"182","   11 ","06/09/1930",4,0,19.5,11,"9032"
"183","   11 ","07/09/1930",0,0,19.5,11,"9032"
"184","    11 ","08/09/1930",0,0,21,11,"9032"
"185","   11 ","09/09/1930",0,0,23.5,11,"9032"
"186","   11 ","10/09/1930",20,0,23.5,11,"9032"
"187","   12 ","11/09/1930",19,0,22.5,12,"9032"
"188","   11 ","12/09/1930",1,0,21.5,11,"9032"
"189","    11.5 ","13/09/1930",20,0,21,11.5,"9032"
"190","    11 ","14/09/1930",0,0,22,11,"9032"
"191","    11 ","15/09/1930",0,0,23,11,"9032"
"192","    11 ","16/09/1930",0,0,26,11,"9032"
"193","    9 ","17/09/1930",0,0,24,9,"9032"
"194","    9 ","18/09/1930",0,0,22,9,"9032"
"195","    9.5 ","19/09/1930",0,0,22,9.5,"9032"
"196","    8.5 ","20/09/1930",0,0,22,8.5,"9032"
"197","   7.5 ","21/09/1930",0,0,22.5,7.5,"9032"
"198","   8.5 ","22/09/1930",0,0,22.5,8.5,"9032"
"199","   8.5 ","23/09/1930",0.5,0,22.5,8.5,"9032"
"200","    11 ","24/09/1930",0,0,24,11,"9032"
"201","    11 ","25/09/1930",0,0,23,11,"9032"
"202","    11 ","26/09/1930",0,0,23,11,"9032"
"203","    10 ","27/09/1930",0,0,22,10,"9032"
"204","    10.5 ","28/09/1930",0,0,23,10.5,"9032"
"205","    11 ","29/09/1930",0,0,24,11,"9032"
"206","    11.5 ","30/09/1930",0,0,23,11.5,"9032"
"207","    11 ","01/10/1930",0,0,24,11,"9032"
"208","    10 ","02/10/1930",0,0,24,10,"9032"
"209","    10 ","03/10/1930",4,0,23,10,"9032"
"210","    12 ","04/10/1930",0,0,25,12,"9032"
"211","    12 ","05/10/1930",0,0,25,12,"9032"
"212","   12 ","06/10/1930",0,0,25.1,12,"9032"
"213","   12 ","07/10/1930",1.8,0,24.5,12,"9032"
"214","    12.5 ","08/10/1930",0,0,25,12.5,"9032"
"215","    13 ","09/10/1930",0,0,25,13,"9032"
"216","    11 ","10/10/1930",0,0,21,11,"9032"
"217","    11 ","11/10/1930",0,0,21,11,"9032"
"218","   11 ","12/10/1930",0,0,23.5,11,"9032"
"219","   11 ","13/10/1930",20,0,23.5,11,"9032"
"220","    13 ","14/10/1930",4,0,21,13,"9032"
"221","    13 ","15/10/1930",0,0,19,13,"9032"
"222","    14 ","16/10/1930",0,0,22,14,"9032"
"223","   13.5 ","17/10/1930",40,0,21.5,13.5,"9032"
"224","   13 ","18/10/1930",24,0,19.5,13,"9032"
"225","   12 ","19/10/1930",0,0,17.5,12,"9032"
"226","    10 ","20/10/1930",0,0,17,10,"9032"
"227","    12 ","21/10/1930",0,0,15,12,"9032"
"228","   9 ","22/10/1930",0,0,14.5,9,"9032"
"229","    9 ","23/10/1930",0,0,14,9,"9032"
"230","    9 ","24/10/1930",0,0,20,9,"9032"
"231","   12 ","25/10/1930",0,0,21.5,12,"9032"
"232","   12 ","26/10/1930",0,0,21.5,12,"9032"
"233","   10 ","27/10/1930",0,0,21.5,10,"9032"
"234","    10 ","28/10/1930",0,0,21,10,"9032"
"235","   11 ","29/10/1930",0,0,21.5,11,"9032"
"236","    10 ","30/10/1930",0,0,20,10,"9032"
"237","    9 ","31/10/1930",0,0,19,9,"9032"
"238","    7 ","01/11/1930",0,0,14,7,"9032"
"239","    6 ","02/11/1930",0,0,13,6,"9032"
"240","    4 ","03/11/1930",0,0,14,4,"9032"
"241","   4 ","04/11/1930",0,0,14.5,4,"9032"
"242","    7 ","05/11/1930",0,0,16,7,"9032"
"243","    9 ","06/11/1930",1,0,12,9,"9032"
"244","    8 ","07/11/1930",0,0,18,8,"9032"
"245","    6 ","08/11/1930",0,0,16,6,"9032"
"246","    8 ","09/11/1930",0,0,15,8,"9032"
"247","    8 ","10/11/1930",0,0,15,8,"9032"
"248","    7 ","11/11/1930",0,0,12,7,"9032"
"249","    11 ","12/11/1930",0,0,18,11,"9032"
"250","    10 ","13/11/1930",0,0,18,10,"9032"
"251","    10 ","14/11/1930",0,0,19,10,"9032"
"252","    10 ","15/11/1930",0,0,22,10,"9032"
"253","   10 ","16/11/1930",0,0,21.5,10,"9032"
"254","    10 ","17/11/1930",0,0,22,10,"9032"
"255","    10 ","18/11/1930",0,0,24,10,"9032"
"256","    10 ","19/11/1930",0,0,25,10,"9032"
"257","    10.5 ","20/11/1930",0,0,24,10.5,"9032"
"258","    8 ","21/11/1930",0,0,22,8,"9032"
"259","   8.5 ","22/11/1930",0,0,14.5,8.5,"9032"
"260","   8.5 ","23/11/1930",0,0,19.5,8.5,"9032"
"261","    7 ","24/11/1930",0,0,16,7,"9032"
"262","    6 ","25/11/1930",0,0,16,6,"9032"
"263","    10 ","26/11/1930",0,0,20,10,"9032"
"264","    7 ","27/11/1930",0,0,19,7,"9032"
"265","    8 ","28/11/1930",0,0,18,8,"9032"
"266","   7.5 ","29/11/1930",0,0,17.5,7.5,"9032"
"267","   9 ","30/11/1930",0,0,20.5,9,"9032"
"268","    8.5 ","01/12/1930",0,0,22,8.5,"9032"
"269","    5.5 ","02/12/1930",0,0,16,5.5,"9032"
"270","    8 ","03/12/1930",0,0,21,8,"9032"
"271","    9 ","04/12/1930",0,0,21,9,"9032"
"272","   10 ","05/12/1930",0,0,21.5,10,"9032"
"273","   8 ","06/12/1930",0,0,20.5,8,"9032"
"274","    9 ","07/12/1930",0,0,22,9,"9032"
"275","   7 ","08/12/1930",0,0,22.5,7,"9032"
"276","   6 ","09/12/1930",0,0,20.5,6,"9032"
"277","   7 ","10/12/1930",0,0,21.5,7,"9032"
"278","   8 ","11/12/1930",0,0,22.5,8,"9032"
"279","   8 ","12/12/1930",0,0,22.5,8,"9032"
"280","    8 ","13/12/1930",0,0,23,8,"9032"
"281","    8 ","14/12/1930",0,0,22,8,"9032"
"282","    7 ","15/12/1930",0,0,22,7,"9032"
"283","    9 ","16/12/1930",0,0,16,9,"9032"
"284","    8 ","17/12/1930",0,0,16,8,"9032"
"285","    8 ","18/12/1930",0,0,15,8,"9032"
"286","    8 ","19/12/1930",0,0,15,8,"9032"
"287","    8 ","20/12/1930",0,0,23,8,"9032"
"288","    8 ","21/12/1930",0,0,22,8,"9032"
"289","    8 ","22/12/1930",0,0,21,8,"9032"
"290","    8 ","23/12/1930",0,0,21,8,"9032"
"291","    8 ","24/12/1930",0,0,21,8,"9032"
"292","   7 ","25/12/1930",0,0,22.5,7,"9032"
"293","    6 ","26/12/1930",0,0,22,6,"9032"
"294","   5 ","27/12/1930",0,0,22.5,5,"9032"
"295","    7 ","28/12/1930",0,0,22,7,"9032"
"296","    6.5 ","29/12/1930",0,0,21,6.5,"9032"
"297","   7 ","30/12/1930",0,0,21.5,7,"9032"
"298","   8 ","31/12/1930",0,0,20.5,8,"9032"
"299","    2 ","01/01/1931",0,0,20,2,"9032"
"300","    4 ","02/01/1931",0,0,20,4,"9032"
"301","    5 ","03/01/1931",0,0,20,5,"9032"
"302","   6 ","04/01/1931",0,0,21.5,6,"9032"
"303","   6 ","05/01/1931",0,0,22.5,6,"9032"
"304","   3 ","06/01/1931",0,0,20.5,3,"9032"
"305","   5 ","07/01/1931",0,0,21.5,5,"9032"
"306","   6 ","08/01/1931",0,0,22.5,6,"9032"
"307","    7 ","09/01/1931",0,0,24,7,"9032"
"308","   9 ","10/01/1931",0,0,24.5,9,"9032"
"309","    6.5 ","11/01/1931",0,0,24,6.5,"9032"
"310","    7 ","12/01/1931",3,0,20,7,"9032"
"311","    4 ","13/01/1931",0.1,0,13,4,"9032"
"312","    5 ","14/01/1931",4,0,14,5,"9032"
"313","   5 ","15/01/1931",0,0,11.3,5,"9032"
"314","     5 ","16/01/1931",0,0,9,5,"9032"
"315","    5 ","17/01/1931",0,0,16,5,"9032"
"316","    7 ","18/01/1931",0,0,16,7,"9032"
"317","    7 ","19/01/1931",0,0,17,7,"9032"
"318","    5 ","20/01/1931",0,0,20,5,"9032"
"319","    5 ","21/01/1931",0,0,20,5,"9032"
"320","    2 ","22/01/1931",0,0,18,2,"9032"
"321","    5 ","23/01/1931",0,0,20,5,"9032"
"322","    3.5 ","24/01/1931",0,0,18,3.5,"9032"
"323","    7 ","25/01/1931",0,0,20,7,"9032"
"324","    8 ","26/01/1931",0,0,20,8,"9032"
"325","    10 ","27/01/1931",0,0,18,10,"9032"
"326","   10 ","28/01/1931",0.4,0,20.5,10,"9032"
"327","    9 ","29/01/1931",9,0,19,9,"9032"
"328","    9 ","30/01/1931",0,0,19,9,"9032"
"329","   7 ","31/01/1931",0,0,19.5,7,"9032"
"330","    7 ","01/02/1931",0,0,20,7,"9032"
"331","   4 ","02/02/1931",0,0,22.5,4,"9032"
"332","   4 ","03/02/1931",0,0,23.5,4,"9032"
"333","    4 ","04/02/1931",0,0,20,4,"9032"
"334","    4 ","05/02/1931",0,0,20,4,"9032"
"335","    7 ","06/02/1931",0,0,22,7,"9032"
"336","    8 ","07/02/1931",0,0,26,8,"9032"
"337","   8 ","08/02/1931",0,0,24.5,8,"9032"
"338","    7 ","09/02/1931",0,0,25,7,"9032"
"339","    6 ","10/02/1931",0,0,20,6,"9032"
"340","    7 ","11/02/1931",0,0,22,7,"9032"
"341","    8 ","12/02/1931",0,0,22,8,"9032"
"342","    7.5 ","13/02/1931",0,0,22,7.5,"9032"
"343","   8 ","14/02/1931",0,0,24.5,8,"9032"
"344","    7 ","15/02/1931",0,0,24,7,"9032"
"345","    7 ","16/02/1931",0,0,21,7,"9032"
"346","   7 ","17/02/1931",0,0,21.5,7,"9032"
"347","   10 ","18/02/1931",0,0,22.5,10,"9032"
"348","   9 ","19/02/1931",0,0,22.5,9,"9032"
"349","    3.5 ","20/02/1931",0,0,23,3.5,"9032"
"350","   9 ","21/02/1931",0,0,22.5,9,"9032"
"351","    8.5 ","22/02/1931",0,0,23,8.5,"9032"
"352","    10.5 ","23/02/1931",0,0,25,10.5,"9032"
"353","    11 ","24/02/1931",0,0,23,11,"9032"
"354","   8.5 ","25/02/1931",0,0,26.2,8.5,"9032"
"355","    8 ","26/02/1931",0,0,25,8,"9032"
"356","    8.5 ","27/02/1931",0,0,22,8.5,"9032"
"357","    9 ","28/02/1931",0,0,23,9,"9032"
"358","    6 ","01/03/1931",0,0,23,6,"9032"
"359","    6 ","02/03/1931",0,0,23,6,"9032"
"360","    5 ","03/03/1931",0,0,23,5,"9032"
"361","    5 ","04/03/1931",0,0,25,5,"9032"
"362","    10.5 ","05/03/1931",0,0,25,10.5,"9032"
"363","    8 ","06/03/1931",0,0,26,8,"9032"
"364","    10 ","07/03/1931",0,0,28,10,"9032"
"365","   11 ","08/03/1931",0,0,27.2,11,"9032"
"366","    6 ","09/03/1931",0,0,27,6,"9032"
"367","   6.5 ","10/03/1931",0,0,22.5,6.5,"9032"
"368","    7 ","11/03/1931",2,0,26,7,"9032"
"369","    4 ","12/03/1931",0,0,21,4,"9032"
"370","    6 ","13/03/1931",0,0,22,6,"9032"
"371","   9 ","14/03/1931",0,0,25.2,9,"9032"
"372","    10 ","15/03/1931",0,0,26,10,"9032"
"373","   9 ","16/03/1931",0,0,26.2,9,"9032"
"374","   5 ","17/03/1931",0,0,21.5,5,"9032"
"375","   11.5 ","18/03/1931",0,0,25.5,11.5,"9032"
"376","   10 ","19/03/1931",0,0,25.5,10,"9032"
"377","    10 ","20/03/1931",0,0,26,10,"9032"
"378","    10 ","21/03/1931",0,0,26,10,"9032"
"379","    8 ","22/03/1931",0,0,24,8,"9032"
"380","    11.5 ","23/03/1931",0,0,25,11.5,"9032"
"381","    12 ","24/03/1931",0,0,26,12,"9032"
"382","   10.5 ","25/03/1931",0,0,26.5,10.5,"9032"
"383","   14.5 ","26/03/1931",0,0,27.5,14.5,"9032"
"384","    15 ","27/03/1931",0,0,28,15,"9032"
"385","    12 ","28/03/1931",0,0,28,12,"9032"
"386","    12 ","29/03/1931",0,0,28,12,"9032"
"387","   13 ","30/03/1931",0,0,24.5,13,"9032"
"388","   11 ","31/03/1931",0,0,27.3,11,"9032"
"389","    11 ","01/04/1931",0,0,27,11,"9032"
"390","    12 ","02/04/1931",0,0,27,12,"9032"
"391","   11 ","03/04/1931",0,0,27.5,11,"9032"
"392","   11 ","04/04/1931",0,0,27.5,11,"9032"
"393","   11 ","05/04/1931",0,0,27.5,11,"9032"
"394","    5 ","06/04/1931",0,0,22,5,"9032"
"395","    8 ","07/04/1931",0,0,26,8,"9032"
"396","    10 ","08/04/1931",0,0,26,10,"9032"
"397","   11 ","09/04/1931",0,0,26.5,11,"9032"
"398","   10 ","10/04/1931",0,0,26.5,10,"9032"
"399","   6 ","11/04/1931",0,0,26.5,6,"9032"
"400","    8 ","12/04/1931",0,0,26,8,"9032"
"401","    12 ","13/04/1931",0,0,29,12,"9032"
"402","    10 ","14/04/1931",0,0,27,10,"9032"
"403","    10 ","15/04/1931",0,0,27,10,"9032"
"404","    6 ","16/04/1931",0,0,26,6,"9032"
"405","    8 ","17/04/1931",0,0,26,8,"9032"
"406","    9 ","18/04/1931",0,0,25,9,"9032"
"407","    9 ","19/04/1931",0,0,25,9,"9032"
"408","    10 ","20/04/1931",0,0,27,10,"9032"
"409","    11 ","21/04/1931",0,0,25,11,"9032"
"410","    11 ","22/04/1931",0,0,25,11,"9032"
"411","    10 ","23/04/1931",0,0,23,10,"9032"
"412","    12 ","24/04/1931",0,0,26,12,"9032"
"413","    11 ","25/04/1931",0,0,26,11,"9032"
"414","    11 ","26/04/1931",0,0,27,11,"9032"
"415","    11 ","27/04/1931",0,0,28,11,"9032"
"416","    11 ","28/04/1931",0,0,27,11,"9032"
"417","    11 ","29/04/1931",0,0,28,11,"9032"
"418","    11 ","30/04/1931",0,0,27,11,"9032"
"419","    10 ","01/05/1931",0,0,25,10,"9032"
"420","    11 ","02/05/1931",0,0,26,11,"9032"
"421","    10 ","03/05/1931",2,0,25,10,"9032"
"422","    10 ","04/05/1931",0,0,25,10,"9032"
"423","   9 ","05/05/1931",0,0,25.5,9,"9032"
"424","   10 ","06/05/1931",0,0,25.5,10,"9032"
"425","    11 ","07/05/1931",0,0,25,11,"9032"
"426","    11 ","08/05/1931",1,0,27,11,"9032"
"427","    13 ","09/05/1931",1,0,28,13,"9032"
"428","    11 ","10/05/1931",0,0,27,11,"9032"
"429","    12.5 ","11/05/1931",0,0,29,12.5,"9032"
"430","   13 ","12/05/1931",0,0,30.3,13,"9032"
"431","    11 ","13/05/1931",5,0,27,11,"9032"
"432","    11 ","14/05/1931",0,0,26,11,"9032"
"433","    13 ","15/05/1931",0,0,27,13,"9032"
"434","    13 ","16/05/1931",0,0,27,13,"9032"
"435","    12 ","17/05/1931",0,0,26,12,"9032"
"436","    13 ","18/05/1931",0,0,27,13,"9032"
"437","   13 ","19/05/1931",0,0,27.5,13,"9032"
"438","    14.5 ","20/05/1931",3,0,28,14.5,"9032"
"439","    13 ","21/05/1931",40,0,25,13,"9032"
"440","    13.5 ","22/05/1931",40,0,25,13.5,"9032"
"441","    14 ","23/05/1931",29,0,25,14,"9032"
"442","   13 ","24/05/1931",0,0,23.5,13,"9032"
"443","    13 ","25/05/1931",0,0,22,13,"9032"
"444","    13 ","26/05/1931",0,0,22,13,"9032"
"445","   13.5 ","27/05/1931",0,0,22.5,13.5,"9032"
"446","    14 ","28/05/1931",8,0,25,14,"9032"
"447","    13 ","29/05/1931",0,0,25,13,"9032"
"448","    14 ","30/05/1931",9,0,25,14,"9032"
"449","    13 ","31/05/1931",0,0,24,13,"9032"
"450","    12 ","01/06/1931",17,0,22,12,"9032"
"451","    11 ","02/06/1931",0,0,22,11,"9032"
"452","    13.5 ","03/06/1931",0,0,24,13.5,"9032"
"453","   12 ","04/06/1931",0,0,23.5,12,"9032"
"454","    10 ","05/06/1931",0,0,25,10,"9032"
"455","    11 ","06/06/1931",0,0,25,11,"9032"
"456","    14 ","07/06/1931",0,0,28,14,"9032"
"457","    12.5 ","08/06/1931",0,0,28,12.5,"9032"
"458","   14.1 ","09/06/1931",0,0,30.1,14.1,"9032"
"459","   16.5 ","10/06/1931",0,0,28.5,16.5,"9032"
"460","    14 ","11/06/1931",0,0,29,14,"9032"
"461","    13 ","12/06/1931",0,0,28,13,"9032"
"462","   13.2 ","13/06/1931",5.5,0,27.5,13.2,"9032"
"463","    13 ","14/06/1931",4,0,26,13,"9032"
"464","   14 ","15/06/1931",10,0,24.5,14,"9032"
"465","   13.5 ","16/06/1931",6,0,22.5,13.5,"9032"
"466","   13.5 ","17/06/1931",15,0,20.5,13.5,"9032"
"467","    13 ","18/06/1931",4.5,0,20,13,"9032"
"468","    13 ","19/06/1931",13,0,22,13,"9032"
"469","    13 ","20/06/1931",2,0,22,13,"9032"
"470","   13.5 ","21/06/1931",5,0,20.5,13.5,"9032"
"471","   13 ","22/06/1931",7.5,0,22.5,13,"9032"
"472","    12.5 ","23/06/1931",30,0,20,12.5,"9032"
"473","    12 ","24/06/1931",22,0,20,12,"9032"
"474","    12 ","25/06/1931",2,0,18,12,"9032"
"475","   11 ","26/06/1931",0,0,18.2,11,"9032"
"476","   12 ","27/06/1931",0,0,19.5,12,"9032"
"477","    12.5 ","28/06/1931",1.5,0,23,12.5,"9032"
"478","   13 ","29/06/1931",9.5,0,23.5,13,"9032"
"479","    14 ","30/06/1931",0,0,24,14,"9032"
"480","   12.5 ","01/07/1931",16.5,0,22.5,12.5,"9032"
"481","   13 ","02/07/1931",3.5,0,22.5,13,"9032"
"482","   11 ","03/07/1931",10,0,20.5,11,"9032"
"483","    13 ","04/07/1931",18.5,0,19,13,"9032"
"484","    13.5 ","05/07/1931",9.5,0,22,13.5,"9032"
"485","    13.5 ","06/07/1931",4.5,0,21,13.5,"9032"
"486","   13 ","07/07/1931",0.3,0,22.1,13,"9032"
"487","   12 ","08/07/1931",0,0,24.1,12,"9032"
"488","    12 ","09/07/1931",0,0,23,12,"9032"
"489","    11 ","10/07/1931",6,0,22,11,"9032"
"490","   13 ","11/07/1931",0.1,0,23.5,13,"9032"
"491","    14 ","12/07/1931",6,0,22,14,"9032"
"492","    13 ","13/07/1931",19.2,0,23,13,"9032"
"493","    13 ","14/07/1931",8,0,21,13,"9032"
"494","    14 ","15/07/1931",0.2,0,26,14,"9032"
"495","    13.5 ","16/07/1931",10,0,24,13.5,"9032"
"496","   14.5 ","17/07/1931",0,0,24.5,14.5,"9032"
"497","    14.5 ","18/07/1931",11.5,0,24,14.5,"9032"
"498","   13 ","19/07/1931",10.5,0,22.5,13,"9032"
"499","   11.5 ","20/07/1931",7,0,21.5,11.5,"9032"
"500","   14 ","21/07/1931",10,0,23.5,14,"9032"
"501","    13 ","22/07/1931",0.8,0,20,13,"9032"
"502","   13 ","23/07/1931",7.8,0,22.5,13,"9032"
"503","    12 ","24/07/1931",5.8,0,21,12,"9032"
"504","   12 ","25/07/1931",5,0,21.5,12,"9032"
"505","   13 ","26/07/1931",14,0,20.5,13,"9032"
"506","    11 ","27/07/1931",7.8,0,20,11,"9032"
"507","   11.3 ","28/07/1931",0.1,0,21.5,11.3,"9032"
"508","    14 ","29/07/1931",1,0,24,14,"9032"
"509","   14 ","30/07/1931",23,0,19.5,14,"9032"
"510","    13 ","31/07/1931",4,0,20,13,"9032"
"511","   14 ","01/08/1931",18,0,20.5,14,"9032"
"512","   13.5 ","02/08/1931",8,0,20.2,13.5,"9032"
"513","    13 ","03/08/1931",8.5,0,20,13,"9032"
"514","   13 ","04/08/1931",3.2,0,21.5,13,"9032"
"515","    13 ","05/08/1931",7.9,0,22,13,"9032"
"516","    11 ","06/08/1931",8,0,23,11,"9032"
"517","   11 ","07/08/1931",4.8,0,21.5,11,"9032"
"518","   11 ","08/08/1931",6.8,0,20.5,11,"9032"
"519","   11 ","09/08/1931",5,0,20.5,11,"9032"
"520","    10 ","10/08/1931",9,0,20,10,"9032"
"521","    13 ","11/08/1931",13,0,23,13,"9032"
"522","    13 ","12/08/1931",15,0,23,13,"9032"
"523","    10 ","13/08/1931",0.2,0,20,10,"9032"
"524","    12 ","14/08/1931",0.2,0,20,12,"9032"
"525","    12 ","15/08/1931",0,0,20,12,"9032"
"526","   10.5 ","16/08/1931",0.8,0,20.5,10.5,"9032"
"527","    11 ","17/08/1931",0,0,22,11,"9032"
"528","    11 ","18/08/1931",0,0,18,11,"9032"
"529","    12 ","19/08/1931",5.8,0,18,12,"9032"
"530","   9.5 ","20/08/1931",15.5,0,23.1,9.5,"9032"
"531","   12 ","21/08/1931",15,0,22.5,12,"9032"
"532","   11.5 ","22/08/1931",20.5,0,20.1,11.5,"9032"
"533","   12 ","23/08/1931",1.2,0,20.1,12,"9032"
"534","    12.1 ","24/08/1931",4,0,22,12.1,"9032"
"535","    13 ","25/08/1931",36.5,0,20,13,"9032"
"536","   13 ","26/08/1931",7,0,20.2,13,"9032"
"537","   13 ","27/08/1931",14.5,0,20.5,13,"9032"
"538","   11 ","28/08/1931",6.8,0,22.1,11,"9032"
"539","   11 ","29/08/1931",5,0,22.5,11,"9032"
"540","   11.5 ","30/08/1931",1.5,0,22.5,11.5,"9032"
"541","   9 ","31/08/1931",0,0,19.2,9,"9032"
"542","   8 ","01/09/1931",0,0,22.5,8,"9032"
"543","   9.2 ","02/09/1931",0,0,23.5,9.2,"9032"
"544","   11 ","03/09/1931",13,0,23.2,11,"9032"
"545","   10 ","04/09/1931",20,0,23.5,10,"9032"
"546","   12 ","05/09/1931",2.8,0,22.5,12,"9032"
"547","    11.5 ","06/09/1931",0,0,23,11.5,"9032"
"548","   11.5 ","07/09/1931",27.8,0,19.5,11.5,"9032"
"549","   13 ","08/09/1931",7.8,0,22.5,13,"9032"
"550","    12 ","09/09/1931",2.8,0,20,12,"9032"
"551","    11.5 ","10/09/1931",0.5,0,20,11.5,"9032"
"552","    11.5 ","11/09/1931",0.4,0,20,11.5,"9032"
"553","    11 ","12/09/1931",8,0,22,11,"9032"
"554","   12.5 ","13/09/1931",11,0,21.2,12.5,"9032"
"555","   11.5 ","14/09/1931",0,0,21.5,11.5,"9032"
"556","   11.5 ","15/09/1931",11.4,0,22.5,11.5,"9032"
"557","   13 ","16/09/1931",0,0,21.5,13,"9032"
"558","    11.5 ","17/09/1931",3,0,20,11.5,"9032"
"559","    12.5 ","18/09/1931",3,0,20,12.5,"9032"
"560","    13 ","19/09/1931",19,0,19,13,"9032"
"561","    12 ","20/09/1931",5,0,19,12,"9032"
"562","    13 ","21/09/1931",1.8,0,22,13,"9032"
"563","    13 ","22/09/1931",19.5,0,23,13,"9032"
"564","    13 ","23/09/1931",0.2,0,23,13,"9032"
"565","    11 ","24/09/1931",2,0,21,11,"9032"
"566","    12 ","25/09/1931",6.5,0,19,12,"9032"
"567","    11 ","26/09/1931",0,0,19,11,"9032"
"568","   10.8 ","27/09/1931",21,0,21.2,10.8,"9032"
"569","    13 ","28/09/1931",3,0,21,13,"9032"
"570","   12.5 ","29/09/1931",0,0,17.5,12.5,"9032"
"571","    11.5 ","30/09/1931",0,0,20,11.5,"9032"
"572","    11 ","01/10/1931",1,0,19,11,"9032"
"573","    11 ","02/10/1931",0.9,0,21,11,"9032"
"574","    10 ","03/10/1931",0.9,0,21,10,"9032"
"575","    11.5 ","04/10/1931",1.1,0,21,11.5,"9032"
"576","    11 ","05/10/1931",0,0,23,11,"9032"
"577","    11 ","06/10/1931",0,0,24,11,"9032"
"578","    12 ","07/10/1931",0,0,24,12,"9032"
"579","    10 ","08/10/1931",0,0,25,10,"9032"
"580","    13 ","09/10/1931",0,0,19,13,"9032"
"581","   12 ","10/10/1931",0,0,19.5,12,"9032"
"582","    12 ","11/10/1931",0,0,19,12,"9032"
"583","    13.5 ","12/10/1931",0,0,23,13.5,"9032"
"584","   12.5 ","13/10/1931",0,0,22.1,12.5,"9032"
"585","    9.5 ","14/10/1931",0,0,20,9.5,"9032"
"586","   10.5 ","15/10/1931",0,0,23.5,10.5,"9032"
"587","    10.5 ","16/10/1931",0,0,23,10.5,"9032"
"588","   11 ","17/10/1931",0,0,23.5,11,"9032"
"589","    10 ","18/10/1931",0,0,23,10,"9032"
"590","    8 ","19/10/1931",8,0,23,8,"9032"
"591","    12 ","20/10/1931",0,0,23,12,"9032"
"592","   9 ","21/10/1931",0,0,22.5,9,"9032"
"593","   10 ","22/10/1931",0,0,24.1,10,"9032"
"594","    12 ","23/10/1931",0,0,24,12,"9032"
"595","    11 ","24/10/1931",0,0,24,11,"9032"
"596","    8.5 ","25/10/1931",0,0,23,8.5,"9032"
"597","   9 ","26/10/1931",0,0,22.5,9,"9032"
"598","   9 ","27/10/1931",0,0,22.5,9,"9032"
"599","   9 ","28/10/1931",0,0,22.5,9,"9032"
"600","   9 ","29/10/1931",0,0,22.5,9,"9032"
"601","   8 ","30/10/1931",0,0,22.5,8,"9032"
"602","   8 ","31/10/1931",3,0,22.5,8,"9032"
"603","    9 ","01/11/1931",0,0,23,9,"9032"
"604","   9 ","02/11/1931",0,0,22.5,9,"9032"
"605","   9 ","03/11/1931",0,0,22.5,9,"9032"
"606","    8.5 ","04/11/1931",0,0,18,8.5,"9032"
"607","    4 ","05/11/1931",0,0,18,4,"9032"
"608","    5 ","06/11/1931",0,0,17,5,"9032"
"609","   5 ","07/11/1931",0,0,18.5,5,"9032"
"610","    9 ","08/11/1931",0,0,19,9,"9032"
"611","    7 ","09/11/1931",0,0,19,7,"9032"
"612","    8 ","10/11/1931",0,0,20,8,"9032"
"613","   6.5 ","11/11/1931",0,0,22.5,6.5,"9032"
"614","   6.5 ","12/11/1931",0,0,22.5,6.5,"9032"
"615","    8 ","13/11/1931",0,0,23,8,"9032"
"616","    8 ","14/11/1931",0,0,23,8,"9032"
"617","   9 ","15/11/1931",0,0,23.5,9,"9032"
"618","   9 ","16/11/1931",0,0,23.5,9,"9032"
"619","   10 ","17/11/1931",0,0,23.5,10,"9032"
"620","   9 ","18/11/1931",0,0,23.5,9,"9032"
"621","   9 ","19/11/1931",0,0,23.2,9,"9032"
"622","   9 ","20/11/1931",0,0,23.5,9,"9032"
"623","   9 ","21/11/1931",0,0,23.5,9,"9032"
"624","    9 ","22/11/1931",0,0,23,9,"9032"
"625","   8 ","23/11/1931",0,0,23.5,8,"9032"
"626","   8 ","24/11/1931",0,0,24.5,8,"9032"
"627","    5.5 ","25/11/1931",0,0,22,5.5,"9032"
"628","   7 ","26/11/1931",0,0,21.5,7,"9032"
"629","    7 ","27/11/1931",0,0,22,7,"9032"
"630","    7 ","28/11/1931",0,0,23,7,"9032"
"631","    7 ","29/11/1931",0,0,22,7,"9032"
"632","    7 ","30/11/1931",0,0,22,7,"9032"
"633","   7.5 ","01/12/1931",0,0,22.5,7.5,"9032"
"634","    7 ","02/12/1931",0,0,22,7,"9032"
"635","    7 ","03/12/1931",0,0,21,7,"9032"
"636","    7 ","04/12/1931",2.1,0,21,7,"9032"
"637","    7 ","05/12/1931",10,0,21,7,"9032"
"638","    7 ","06/12/1931",2,0,21,7,"9032"
"639","    8 ","07/12/1931",0,0,18,8,"9032"
"640","    8 ","08/12/1931",0,0,18,8,"9032"
"641","    7 ","09/12/1931",0,0,18,7,"9032"
"642","    7 ","10/12/1931",0,0,19,7,"9032"
"643","    7 ","11/12/1931",0,0,21,7,"9032"
"644","    7 ","12/12/1931",0,0,22,7,"9032"
"645","   8.5 ","13/12/1931",0,0,23.5,8.5,"9032"
"646","   8.5 ","14/12/1931",0,0,23.5,8.5,"9032"
"647","    7 ","15/12/1931",0,0,22,7,"9032"
"648","    8.5 ","16/12/1931",0,0,21,8.5,"9032"
"649","   8 ","17/12/1931",0,0,22.5,8,"9032"
"650","    7 ","18/12/1931",0,0,21,7,"9032"
"651","    7 ","19/12/1931",0,0,20,7,"9032"
"652","    5 ","20/12/1931",0,0,20,5,"9032"
"653","    5 ","21/12/1931",0,0,20,5,"9032"
"654","    5 ","22/12/1931",0,0,21,5,"9032"
"655","    5 ","23/12/1931",0,0,22,5,"9032"
"656","    6 ","24/12/1931",0,0,21,6,"9032"
"657","    6 ","25/12/1931",0,0,20,6,"9032"
"658","    7 ","26/12/1931",0,0,20,7,"9032"
"659","    5 ","27/12/1931",0,0,20,5,"9032"
"660","    5.5 ","28/12/1931",0,0,20,5.5,"9032"
"661","    7 ","29/12/1931",0,0,20,7,"9032"
"662","    7 ","30/12/1931",0,0,20,7,"9032"
"663","   2.5 ","31/12/1931",0,0,21.5,2.5,"9032"
"664","    4 ","01/01/1932",0,0,24,4,"9032"
"665","    5 ","02/01/1932",0,0,24,5,"9032"
"666","    7 ","03/01/1932",0,0,22,7,"9032"
"667","   6.5 ","04/01/1932",0,0,22.5,6.5,"9032"
"668","   5.5 ","05/01/1932",0,0,22.5,5.5,"9032"
"669","   4.5 ","06/01/1932",0,0,22.5,4.5,"9032"
"670","   8 ","07/01/1932",0,0,23.5,8,"9032"
"671","   6.7 ","08/01/1932",0,0,21.5,6.7,"9032"
"672","   4.5 ","09/01/1932",0,0,21.5,4.5,"9032"
"673","   6 ","10/01/1932",0,0,19.5,6,"9032"
"674","    6 ","11/01/1932",0,0,19,6,"9032"
"675","    9 ","12/01/1932",0,0,19,9,"9032"
"676","    7 ","13/01/1932",0,0,21,7,"9032"
"677","   7.5 ","14/01/1932",0,0,22.5,7.5,"9032"
"678","   7 ","15/01/1932",0,0,22.5,7,"9032"
"679","    7 ","16/01/1932",0,0,19,7,"9032"
"680","    5 ","17/01/1932",0,0,23,5,"9032"
"681","    7.5 ","18/01/1932",0,0,20,7.5,"9032"
"682","    4 ","19/01/1932",0,0,19,4,"9032"
"683","   7.3 ","20/01/1932",0,0,21.5,7.3,"9032"
"684","    7 ","21/01/1932",0,0,21,7,"9032"
"685","   7.3 ","22/01/1932",0,0,22.5,7.3,"9032"
"686","   7 ","23/01/1932",0,0,21.5,7,"9032"
"687","   7.5 ","24/01/1932",0,0,23.5,7.5,"9032"
"688","   10 ","25/01/1932",0,0,24.5,10,"9032"
"689","    9 ","26/01/1932",0,0,25,9,"9032"
"690","   7 ","27/01/1932",0,0,22.5,7,"9032"
"691","    7 ","28/01/1932",0,0,24,7,"9032"
"692","    9 ","29/01/1932",0,0,24,9,"9032"
"693","   10 ","30/01/1932",0,0,24.5,10,"9032"
"694","   8.5 ","31/01/1932",0,0,22.5,8.5,"9032"
"695","    5 ","01/02/1932",0,0,13,5,"9032"
"696","    5 ","02/02/1932",0,0,15,5,"9032"
"697","    9 ","03/02/1932",0,0,25,9,"9032"
"698","    9 ","04/02/1932",0,0,25,9,"9032"
"699","    5.5 ","05/02/1932",0,0,24,5.5,"9032"
"700","   7.5 ","06/02/1932",0,0,23.5,7.5,"9032"
"701","    7.5 ","07/02/1932",0,0,24,7.5,"9032"
"702","    8.5 ","08/02/1932",0,0,27,8.5,"9032"
"703","    8.5 ","09/02/1932",0,0,27,8.5,"9032"
"704","   7.5 ","10/02/1932",0,0,26.5,7.5,"9032"
"705","   10.5 ","11/02/1932",0,0,27.5,10.5,"9032"
"706","   8 ","12/02/1932",0,0,28.5,8,"9032"
"707","    9 ","13/02/1932",0,0,28,9,"9032"
"708","   9 ","14/02/1932",0,0,28.5,9,"9032"
"709","    8 ","15/02/1932",0,0,26,8,"9032"
"710","    9 ","16/02/1932",0,0,24,9,"9032"
"711","    9 ","17/02/1932",0,0,24,9,"9032"
"712","    8.5 ","18/02/1932",0,0,25,8.5,"9032"
"713","    11 ","19/02/1932",0,0,25,11,"9032"
"714","    11 ","20/02/1932",0,0,25,11,"9032"
"715","    11 ","21/02/1932",0,0,25,11,"9032"
"716","    7 ","22/02/1932",0,0,22,7,"9032"
"717","   6 ","23/02/1932",1,0,21.5,6,"9032"
"718","    8 ","24/02/1932",2,0,23,8,"9032"
"719","    6 ","25/02/1932",0,0,12,6,"9032"
"720","    7.5 ","26/02/1932",2,0,22,7.5,"9032"
"721","    7 ","27/02/1932",0,0,21,7,"9032"
"722","    7 ","28/02/1932",0,0,22,7,"9032"
"723","    8 ","29/02/1932",0,0,23,8,"9032"
"724","    7 ","01/03/1932",0,0,22,7,"9032"
"725","   8 ","02/03/1932",0,0,23.5,8,"9032"
"726","   10 ","03/03/1932",0,0,23.5,10,"9032"
"727","   6.5 ","04/03/1932",0,0,25.3,6.5,"9032"
"728","    5 ","05/03/1932",0,0,26,5,"9032"
"729","    4 ","06/03/1932",0,0,27,4,"9032"
"730","   7 ","07/03/1932",0,0,26.5,7,"9032"
"731","   7 ","08/03/1932",0,0,21.5,7,"9032"
"732","   5 ","09/03/1932",0,0,24.1,5,"9032"
"733","    8.5 ","10/03/1932",0,0,22,8.5,"9032"
"734","    6 ","11/03/1932",0,0,20,6,"9032"
"735","    8 ","12/03/1932",0,0,22,8,"9032"
"736","    7.5 ","13/03/1932",0,0,24,7.5,"9032"
"737","    5 ","14/03/1932",0,0,25,5,"9032"
"738","    8.5 ","15/03/1932",0,0,25,8.5,"9032"
"739","    10 ","16/03/1932",0,0,25,10,"9032"
"740","    9.5 ","17/03/1932",0,0,24,9.5,"9032"
"741","   7.5 ","18/03/1932",0,0,23.5,7.5,"9032"
"742","    9 ","19/03/1932",0,0,25,9,"9032"
"743","   9.5 ","20/03/1932",0,0,26.5,9.5,"9032"
"744","   10 ","21/03/1932",0,0,25.5,10,"9032"
"745","   8.5 ","22/03/1932",0,0,27.5,8.5,"9032"
"746","    9 ","23/03/1932",0,0,27,9,"9032"
"747","   7 ","24/03/1932",0,0,27.5,7,"9032"
"748","   9.5 ","25/03/1932",5.5,0,27.5,9.5,"9032"
"749","   11 ","26/03/1932",0,0,25.5,11,"9032"
"750","   11 ","27/03/1932",0,0,26.5,11,"9032"
"751","   10 ","28/03/1932",0,0,26.5,10,"9032"
"752","    11 ","29/03/1932",0,0,26,11,"9032"
"753","   11 ","30/03/1932",0,0,26.5,11,"9032"
"754","    10 ","31/03/1932",0,0,26,10,"9032"
"755","    7 ","01/04/1932",0,0,25,7,"9032"
"756","   7 ","02/04/1932",0,0,22.5,7,"9032"
"757","    5 ","03/04/1932",0,0,24,5,"9032"
"758","    5 ","04/04/1932",0,0,26,5,"9032"
"759","   8.5 ","05/04/1932",0,0,28.5,8.5,"9032"
"760","   9 ","06/04/1932",0,0,28.5,9,"9032"
"761","   9 ","07/04/1932",0,0,28.5,9,"9032"
"762","   9 ","08/04/1932",0,0,28.5,9,"9032"
"763","   10 ","09/04/1932",0,0,27.5,10,"9032"
"764","   10.5 ","10/04/1932",4,0,27.5,10.5,"9032"
"765","    9 ","11/04/1932",6,0,26,9,"9032"
"766","   9 ","12/04/1932",0,0,24.5,9,"9032"
"767","   5.3 ","13/04/1932",0,0,22.5,5.3,"9032"
"768","    12 ","14/04/1932",0,0,25,12,"9032"
"769","    9 ","15/04/1932",0,0,28,9,"9032"
"770","    9 ","16/04/1932",0,0,27,9,"9032"
"771","    9 ","17/04/1932",0,0,27,9,"9032"
"772","    9 ","18/04/1932",0,0,27,9,"9032"
"773","    9 ","19/04/1932",0,0,28,9,"9032"
"774","   11.5 ","20/04/1932",0,0,27.5,11.5,"9032"
"775","   11.5 ","21/04/1932",0,0,28.5,11.5,"9032"
"776","    10.5 ","22/04/1932",0,0,29,10.5,"9032"
"777","    11 ","23/04/1932",0,0,30,11,"9032"
"778","    10 ","24/04/1932",0,0,29,10,"9032"
"779","    10 ","25/04/1932",0,0,30,10,"9032"
"780","    10 ","26/04/1932",0,0,30,10,"9032"
"781","    10 ","27/04/1932",0,0,29,10,"9032"
"782","    10.5 ","28/04/1932",0,0,28,10.5,"9032"
"783","   11 ","29/04/1932",0,0,28.5,11,"9032"
"784","    11 ","30/04/1932",0,0,29,11,"9032"
"785","   10.4 ","01/08/1941",0,0,18.5,10.4,"9032"
"786","   9.3 ","02/08/1941",1.5,0,20.8,9.3,"9032"
"787","   10.2 ","03/08/1941",0,0,21.7,10.2,"9032"
"788","   9.3 ","04/08/1941",0,0,17.6,9.3,"9032"
"789","   9 ","05/08/1941",0,0,19.4,9,"9032"
"790","   9.5 ","06/08/1941",0,0,20.3,9.5,"9032"
"791","   11.6 ","07/08/1941",1,0,21.1,11.6,"9032"
"792","   9.2 ","08/08/1941",20,0,21.2,9.2,"9032"
"793","   8.3 ","09/08/1941",0,0,21.3,8.3,"9032"
"794","   10 ","10/08/1941",0,0,20.1,10,"9032"
"795","   9.1 ","11/08/1941",0.5,0,19.2,9.1,"9032"
"796","   10.2 ","12/08/1941",18,0,21.5,10.2,"9032"
"797","   8.3 ","13/08/1941",4.5,0,18.3,8.3,"9032"
"798","   8.1 ","14/08/1941",3.5,0,20.4,8.1,"9032"
"799","   10.4 ","15/08/1941",0,0,20.2,10.4,"9032"
"800","   10.2 ","16/08/1941",0,0,21.1,10.2,"9032"
"801","   9.3 ","17/08/1941",0,0,18.2,9.3,"9032"
"802","   9.2 ","18/08/1941",0,0,20.1,9.2,"9032"
"803","   10.1 ","19/08/1941",0,0,19.3,10.1,"9032"
"804","   9.4 ","20/08/1941",0,0,20.4,9.4,"9032"
"805","   10.3 ","21/08/1941",0,0,19.4,10.3,"9032"
"806","   10.1 ","22/08/1941",0,0,20.3,10.1,"9032"
"807","   11.1 ","23/08/1941",0,0,21.3,11.1,"9032"
"808","   11.2 ","24/08/1941",4.5,0,20.4,11.2,"9032"
"809","    10.3 ","25/08/1941",7,0,20,10.3,"9032"
"810","   9.1 ","26/08/1941",1.5,0,19.2,9.1,"9032"
"811","    9 ","27/08/1941",1.5,0,20,9,"9032"
"812","   9.2 ","28/08/1941",5,0,20.1,9.2,"9032"
"813","   10.2 ","29/08/1941",5,0,21.3,10.2,"9032"
"814","   10.1 ","30/08/1941",0,0,20.1,10.1,"9032"
"815","    10.2 ","31/08/1941",0,0,19,10.2,"9032"
"816","   11.2 ","01/09/1941",37.1,0,19.2,11.2,"9032"
"817","    10 ","02/09/1941",0,0,20,10,"9032"
"818","   11 ","03/09/1941",2.5,0,19.2,11,"9032"
"819","   10 ","04/09/1941",0,0,20.7,10,"9032"
"820","   9 ","05/09/1941",3,0,21.4,9,"9032"
"821","   10 ","06/09/1941",20.1,0,19.5,10,"9032"
"822","   9.1 ","07/09/1941",4.2,0,20.6,9.1,"9032"
"823","    10 ","08/09/1941",0,0,22,10,"9032"
"824","    10 ","09/09/1941",1.5,0,20,10,"9032"
"825","   9 ","10/09/1941",9.5,0,21.2,9,"9032"
"826","   10.3 ","11/09/1941",5,0,17.6,10.3,"9032"
"827","   9.2 ","12/09/1941",0,0,20.1,9.2,"9032"
"828","   9.1 ","13/09/1941",0,0,20.1,9.1,"9032"
"829","   9 ","14/09/1941",0,0,19.3,9,"9032"
"830","   10 ","15/09/1941",4,0,20.6,10,"9032"
"831","   9 ","16/09/1941",0,0,20.4,9,"9032"
"832","   10 ","17/09/1941",0,0,19.4,10,"9032"
"833","    8.1 ","18/09/1941",6.5,0,20,8.1,"9032"
"834","    9.2 ","19/09/1941",3,0,21,9.2,"9032"
"835","    10.3 ","20/09/1941",10.2,0,18,10.3,"9032"
"836","    8.2 ","21/09/1941",0,0,19,8.2,"9032"
"837","   9.1 ","22/09/1941",0,0,20.1,9.1,"9032"
"838","    11 ","23/09/1941",0.5,0,19,11,"9032"
"839","   8 ","24/09/1941",2.5,0,18.9,8,"9032"
"840","   8.4 ","25/09/1941",0,0,17.9,8.4,"9032"
"841","   10.2 ","26/09/1941",11.5,0,20.3,10.2,"9032"
"842","   9.1 ","27/09/1941",14.2,0,20.1,9.1,"9032"
"843","   9 ","28/09/1941",6.5,0,16.2,9,"9032"
"844","    8.5 ","29/09/1941",6.5,0,18,8.5,"9032"
"845","   9 ","30/09/1941",11.5,0,20.6,9,"9032"
"846","   9.6 ","01/10/1941",0,0,20.5,9.6,"9032"
"847","   8.1 ","02/10/1941",0,0,16.2,8.1,"9032"
"848","   9.5 ","03/10/1941",4.5,0,18.5,9.5,"9032"
"849","   8.3 ","04/10/1941",2.6,0,19.6,8.3,"9032"
"850","   10.1 ","05/10/1941",0,0,20.4,10.1,"9032"
"851","   10.1 ","06/10/1941",15.1,0,17.1,10.1,"9032"
"852","   10.5 ","07/10/1941",0,0,17.2,10.5,"9032"
"853","   10.1 ","08/10/1941",0,0,18.2,10.1,"9032"
"854","   8.4 ","09/10/1941",0,0,17.1,8.4,"9032"
"855","    10.2 ","10/10/1941",0,0,17,10.2,"9032"
"856","   10 ","11/10/1941",0,0,15.2,10,"9032"
"857","   7.6 ","12/10/1941",0,0,17.5,7.6,"9032"
"858","   10.2 ","13/10/1941",0,0,16.3,10.2,"9032"
"859","   9.4 ","14/10/1941",0,0,16.2,9.4,"9032"
"860","    8.7 ","15/10/1941",0,0,15,8.7,"9032"
"861","    8.5 ","16/10/1941",6.5,0,16,8.5,"9032"
"862","   8.2 ","17/10/1941",4,0,15.1,8.2,"9032"
"863","    7.5 ","18/10/1941",0,0,17,7.5,"9032"
"864","    10 ","19/10/1941",0,0,16,10,"9032"
"865","   7.1 ","20/10/1941",0,0,17.9,7.1,"9032"
"866","   8.8 ","21/10/1941",0,0,18.6,8.8,"9032"
"867","   9 ","22/10/1941",0,0,19.1,9,"9032"
"868","   9 ","23/10/1941",6.5,0,16.1,9,"9032"
"869","   8.4 ","24/10/1941",1.5,0,16.6,8.4,"9032"
"870","   7.3 ","25/10/1941",0,0,16.4,7.3,"9032"
"871","    7 ","26/10/1941",0,0,15,7,"9032"
"872","    6.5 ","27/10/1941",0,0,16,6.5,"9032"
"873","   7.7 ","28/10/1941",0,0,17.5,7.7,"9032"
"874","    10.4 ","29/10/1941",12.5,0,18,10.4,"9032"
"875","    9.8 ","30/10/1941",0,0,18,9.8,"9032"
"876","    8.2 ","31/10/1941",0,0,18,8.2,"9032"
"877","   7 ","01/11/1941",0,0,18.2,7,"9032"
"878","    8.1 ","02/11/1941",5,0,18,8.1,"9032"
"879","   7 ","03/11/1941",0,0,17.8,7,"9032"
"880","   8.2 ","04/11/1941",4.5,0,15.1,8.2,"9032"
"881","   6.1 ","05/11/1941",0,0,15.2,6.1,"9032"
"882","   9.1 ","06/11/1941",0,0,18.1,9.1,"9032"
"883","   7.1 ","07/11/1941",0,0,15.6,7.1,"9032"
"884","    8 ","08/11/1941",0,0,18,8,"9032"
"885","    7.3 ","09/11/1941",0,0,17,7.3,"9032"
"886","    9 ","10/11/1941",0,0,19,9,"9032"
"887","    8.5 ","11/11/1941",0,0,20,8.5,"9032"
"888","   9.5 ","12/11/1941",0,0,17.5,9.5,"9032"
"889","    6.2 ","13/11/1941",0,0,18,6.2,"9032"
"890","    7.5 ","14/11/1941",0,0,19,7.5,"9032"
"891","   6 ","15/11/1941",0,0,17.5,6,"9032"
"892","   7.1 ","16/11/1941",0,0,18.5,7.1,"9032"
"893","   7.5 ","17/11/1941",0,0,19.5,7.5,"9032"
"894","   7.3 ","18/11/1941",0,0,20.2,7.3,"9032"
"895","   9.5 ","19/11/1941",0,0,18.6,9.5,"9032"
"896","   8.7 ","20/11/1941",0,0,18.1,8.7,"9032"
"897","   8.4 ","21/11/1941",0,0,16.9,8.4,"9032"
"898","   7.2 ","22/11/1941",0,0,15.1,7.2,"9032"
"899","   6.3 ","23/11/1941",0,0,17.8,6.3,"9032"
"900","    8.4 ","24/11/1941",0,0,18,8.4,"9032"
"901","   8.6 ","25/11/1941",0,0,15.2,8.6,"9032"
"902","    7.6 ","26/11/1941",0,0,15,7.6,"9032"
"903","   8.2 ","27/11/1941",0,0,18.5,8.2,"9032"
"904","   6.6 ","28/11/1941",0,0,19.6,6.6,"9032"
"905","   6.7 ","29/11/1941",0,0,16.7,6.7,"9032"
"906","   7.4 ","30/11/1941",0,0,18.5,7.4,"9032"
"907","   6.5 ","01/12/1941",20.9,0,19.1,6.5,"9032"
"908","   6.2 ","02/12/1941",20,0,12.1,6.2,"9032"
"909","   7.2 ","03/12/1941",0,0,12.5,7.2,"9032"
"910","   5.3 ","04/12/1941",0,0,16.1,5.3,"9032"
"911","   7.2 ","05/12/1941",4.5,0,14.2,7.2,"9032"
"912","    9.2 ","06/12/1941",0,0,12,9.2,"9032"
"913","    4.5 ","07/12/1941",0,0,12,4.5,"9032"
"914","   7 ","08/12/1941",4.5,0,13.1,7,"9032"
"915","   7.5 ","09/12/1941",2.5,0,13.5,7.5,"9032"
"916","   7.2 ","10/12/1941",0,0,14.2,7.2,"9032"
"917","   7.5 ","11/12/1941",0,0,15.1,7.5,"9032"
"918","   7.2 ","12/12/1941",0,0,13.1,7.2,"9032"
"919","   7.5 ","13/12/1941",0,0,15.2,7.5,"9032"
"920","   8.6 ","14/12/1941",0,0,12.5,8.6,"9032"
"921","   9.1 ","15/12/1941",0,0,13.5,9.1,"9032"
"922","    9 ","16/12/1941",0,0,12,9,"9032"
"923","   4.5 ","17/12/1941",0,0,16.1,4.5,"9032"
"924","   4.5 ","18/12/1941",0,0,15.5,4.5,"9032"
"925","   4.5 ","19/12/1941",0,0,12.2,4.5,"9032"
"926","   4 ","20/12/1941",0,0,18.1,4,"9032"
"927","   5.2 ","21/12/1941",0,0,17.5,5.2,"9032"
"928","   6.5 ","22/12/1941",0,0,15.1,6.5,"9032"
"929","   7.5 ","23/12/1941",0,0,18.1,7.5,"9032"
"930","   9 ","24/12/1941",0,0,16.2,9,"9032"
"931","    7.5 ","25/12/1941",0,0,12,7.5,"9032"
"932","    8 ","26/12/1941",0,0,18,8,"9032"
"933","   8.5 ","27/12/1941",0,0,11.1,8.5,"9032"
"934","   7.2 ","28/12/1941",0,0,12.2,7.2,"9032"
"935","   7 ","29/12/1941",0,0,12.1,7,"9032"
"936","   7.2 ","30/12/1941",0,0,17.5,7.2,"9032"
"937","    9.1 ","31/12/1941",0,0,15,9.1,"9032"
"938","   8.5 ","01/01/1942",0,0,15.1,8.5,"9032"
"939","   9 ","02/01/1942",0,0,16.1,9,"9032"
"940","   7.5 ","03/01/1942",0,0,13.2,7.5,"9032"
"941","   8 ","04/01/1942",0,0,12.1,8,"9032"
"942","   7.2 ","05/01/1942",0,0,10.1,7.2,"9032"
"943","   6 ","06/01/1942",0,0,13.1,6,"9032"
"944","   5.5 ","07/01/1942",0,0,12.1,5.5,"9032"
"945","    6.5 ","08/01/1942",0,0,12,6.5,"9032"
"946","    7 ","09/01/1942",0,0,13,7,"9032"
"947","    5.1 ","10/01/1942",0,0,12,5.1,"9032"
"948","     3 ","11/01/1942",0,0,8,3,"9032"
"949","    -0.5 ","12/01/1942",0,0,9,-0.5,"9032"
"950","    2.5 ","13/01/1942",0,0,9.5,2.5,"9032"
"951","   1 ","14/01/1942",0,0,10.5,1,"9032"
"952","   3.5 ","15/01/1942",6.5,0,11.7,3.5,"9032"
"953","    4.2 ","16/01/1942",0,0,9.7,4.2,"9032"
"954","   3.5 ","17/01/1942",0,0,11.5,3.5,"9032"
"955","    5.5 ","18/01/1942",0,0,11,5.5,"9032"
"956","   5 ","19/01/1942",0,0,10.5,5,"9032"
"957","   3 ","20/01/1942",0,0,11.3,3,"9032"
"958","    4 ","21/01/1942",0,0,10,4,"9032"
"959","    3.9 ","22/01/1942",0,0,10,3.9,"9032"
"960","    3 ","23/01/1942",0,0,11,3,"9032"
"961","   3.5 ","24/01/1942",0,0,11.5,3.5,"9032"
"962","   4.5 ","25/01/1942",0,0,10.1,4.5,"9032"
"963","   4.9 ","26/01/1942",9.5,0,12.1,4.9,"9032"
"964","   6.5 ","27/01/1942",0,0,10.8,6.5,"9032"
"965","   3.7 ","28/01/1942",0,0,12.5,3.7,"9032"
"966","    4.7 ","29/01/1942",0,0,12,4.7,"9032"
"967","    7 ","30/01/1942",0,0,10,7,"9032"
"968","   3 ","31/01/1942",0,0,13.6,3,"9032"
"969","   5.4 ","01/02/1942",0,0,10.1,5.4,"9032"
"970","    3.5 ","02/02/1942",0,0,12,3.5,"9032"
"971","   4 ","03/02/1942",0,0,11.5,4,"9032"
"972","    6.5 ","04/02/1942",0,0,15,6.5,"9032"
"973","    5.5 ","05/02/1942",0,0,17,5.5,"9032"
"974","    8 ","06/02/1942",0,0,16,8,"9032"
"975","   7 ","07/02/1942",0,0,15.4,7,"9032"
"976","    6.8 ","08/02/1942",0,0,16,6.8,"9032"
"977","   6.5 ","09/02/1942",0,0,17.5,6.5,"9032"
"978","    6 ","10/02/1942",0,0,17,6,"9032"
"979","    7 ","11/02/1942",0,0,16,7,"9032"
"980","   9 ","12/02/1942",0,0,14.1,9,"9032"
"981","   8 ","13/02/1942",0,0,15.2,8,"9032"
"982","   7.5 ","14/02/1942",0,0,16.6,7.5,"9032"
"983","    7.8 ","15/02/1942",0,0,15,7.8,"9032"
"984","   8 ","16/02/1942",0,0,15.5,8,"9032"
"985","    9.8 ","17/02/1942",0,0,16,9.8,"9032"
"986","    9 ","18/02/1942",0,0,13,9,"9032"
"987","    7 ","19/02/1942",0,0,11,7,"9032"
"988","    8 ","20/02/1942",0,0,12,8,"9032"
"989","   3 ","21/02/1942",0,0,13.1,3,"9032"
"990","   4.5 ","22/02/1942",0,0,12.2,4.5,"9032"
"991","   7.4 ","23/02/1942",0,0,12.1,7.4,"9032"
"992","    9 ","24/02/1942",0,0,16,9,"9032"
"993","   9 ","25/02/1942",0,0,17.3,9,"9032"
"994","   10 ","26/02/1942",0,0,15.3,10,"9032"
"995","   7.5 ","27/02/1942",0,0,16.5,7.5,"9032"
"996","    8 ","28/02/1942",0,0,17,8,"9032"
"997","   6 ","01/03/1942",0,0,16.1,6,"9032"
"998","   6.1 ","02/03/1942",0,0,16.1,6.1,"9032"
"999","   4.5 ","03/03/1942",0,0,14.5,4.5,"9032"
"1000","   7.5 ","04/03/1942",0,0,15.2,7.5,"9032"
"1001","    6.2 ","05/03/1942",0,0,20,6.2,"9032"
"1002","     1 ","06/03/1942",0,0,9,1,"9032"
"1003","    3 ","07/03/1942",0,0,19,3,"9032"
"1004","   6 ","08/03/1942",0,0,15.1,6,"9032"
"1005","   1.5 ","09/03/1942",0,0,13.2,1.5,"9032"
"1006","   1.8 ","10/03/1942",0,0,13.4,1.8,"9032"
"1007","   7.5 ","11/03/1942",0,0,17.3,7.5,"9032"
"1008","    8.4 ","12/03/1942",0,0,15,8.4,"9032"
"1009","   8 ","13/03/1942",0,0,16.8,8,"9032"
"1010","    5.3 ","14/03/1942",0,0,22,5.3,"9032"
"1011","   8 ","15/03/1942",0,0,18.5,8,"9032"
"1012","   10.5 ","16/03/1942",0,0,19.4,10.5,"9032"
"1013","   10.1 ","17/03/1942",0,0,19.3,10.1,"9032"
"1014","    9 ","18/03/1942",0,0,17,9,"9032"
"1015","   9.5 ","19/03/1942",0,0,17.2,9.5,"9032"
"1016","   9.5 ","20/03/1942",0,0,18.6,9.5,"9032"
"1017","   9.3 ","21/03/1942",0,0,17.4,9.3,"9032"
"1018","   8.8 ","22/03/1942",0,0,17.2,8.8,"9032"
"1019","   5.2 ","23/03/1942",0,0,21.2,5.2,"9032"
"1020","   9 ","24/03/1942",0,0,17.1,9,"9032"
"1021","   10.5 ","25/03/1942",0,0,18.4,10.5,"9032"
"1022","    11.5 ","26/03/1942",0,0,26,11.5,"9032"
"1023","   13 ","27/03/1942",0,0,22.2,13,"9032"
"1024","   10.3 ","28/03/1942",0,0,21.2,10.3,"9032"
"1025","    9.3 ","29/03/1942",0,0,21,9.3,"9032"
"1026","   9.4 ","30/03/1942",0,0,20.1,9.4,"9032"
"1027","   6.4 ","31/03/1942",0,0,19.6,6.4,"9032"
"1028","   5.3 ","01/04/1942",0,0,23.1,5.3,"9032"
"1029","   4.5 ","02/04/1942",0,0,23.2,4.5,"9032"
"1030","    6 ","03/04/1942",0,0,22,6,"9032"
"1031","    10 ","04/04/1942",0,0,26,10,"9032"
"1032","   10.3 ","05/04/1942",0,0,23.1,10.3,"9032"
"1033","   12.2 ","06/04/1942",0,0,25.2,12.2,"9032"
"1034","   11.4 ","07/04/1942",0,0,22.4,11.4,"9032"
"1035","   10.3 ","08/04/1942",0,0,22.2,10.3,"9032"
"1036","   8.5 ","09/04/1942",0,0,21.9,8.5,"9032"
"1037","   9.9 ","10/04/1942",0,0,23.2,9.9,"9032"
"1038","   4.5 ","11/04/1942",0,0,24.1,4.5,"9032"
"1039","   5.2 ","12/04/1942",0,0,23.1,5.2,"9032"
"1040","   9.5 ","13/04/1942",0,0,25.2,9.5,"9032"
"1041","   10.3 ","14/04/1942",0,0,23.2,10.3,"9032"
"1042","   9.5 ","15/04/1942",0,0,22.5,9.5,"9032"
"1043","   9.5 ","16/04/1942",0,0,25.1,9.5,"9032"
"1044","   10 ","17/04/1942",0,0,25.2,10,"9032"
"1045","   9.5 ","18/04/1942",0,0,22.3,9.5,"9032"
"1046","   10.4 ","19/04/1942",0,0,24.1,10.4,"9032"
"1047","   10 ","20/04/1942",0,0,22.2,10,"9032"
"1048","    9 ","21/04/1942",30,0,23,9,"9032"
"1049","    10.2 ","22/04/1942",0,0,22,10.2,"9032"
"1050","    10 ","23/04/1942",0,0,20,10,"9032"
"1051","    9 ","24/04/1942",0,0,23,9,"9032"
"1052","   10.5 ","25/04/1942",0,0,22.5,10.5,"9032"
"1053","    12.5 ","26/04/1942",0,0,20,12.5,"9032"
"1054","    12 ","27/04/1942",0,0,21,12,"9032"
"1055","   12 ","28/04/1942",0,0,25.5,12,"9032"
"1056","    13 ","29/04/1942",35,0,27,13,"9032"
"1057","   11.5 ","30/04/1942",0,0,26.2,11.5,"9032"
"1058","    11.6 ","01/05/1942",0,0,26,11.6,"9032"
"1059","    10.2 ","02/05/1942",0,0,26,10.2,"9032"
"1060","   12.1 ","03/05/1942",0,0,26.1,12.1,"9032"
"1061","    11.5 ","04/05/1942",0,0,26,11.5,"9032"
"1062","    10.5 ","05/05/1942",0,0,25,10.5,"9032"
"1063","   10.5 ","06/05/1942",0,0,25.1,10.5,"9032"
"1064","   10.2 ","07/05/1942",0,0,24.1,10.2,"9032"
"1065","   9.3 ","08/05/1942",0,0,21.2,9.3,"9032"
"1066","   8.3 ","09/05/1942",0,0,20.1,8.3,"9032"
"1067","   10.2 ","10/05/1942",0,0,23.1,10.2,"9032"
"1068","   11.5 ","11/05/1942",0,0,23.2,11.5,"9032"
"1069","   11.3 ","12/05/1942",0,0,26.2,11.3,"9032"
"1070","   13.4 ","13/05/1942",0,0,24.9,13.4,"9032"
"1071","   10.3 ","14/05/1942",0,0,27.1,10.3,"9032"
"1072","   13.2 ","15/05/1942",0,0,25.3,13.2,"9032"
"1073","   13.5 ","16/05/1942",0,0,26.5,13.5,"9032"
"1074","   12.8 ","17/05/1942",0,0,26.5,12.8,"9032"
"1075","   10.1 ","18/05/1942",0,0,26.1,10.1,"9032"
"1076","   11.5 ","19/05/1942",0,0,24.3,11.5,"9032"
"1077","   9.5 ","20/05/1942",0,0,22.5,9.5,"9032"
"1078","   9.6 ","21/05/1942",0,0,21.3,9.6,"9032"
"1079","   9.2 ","22/05/1942",0,0,23.2,9.2,"9032"
"1080","   8.6 ","23/05/1942",0,0,25.1,8.6,"9032"
"1081","   10.6 ","24/05/1942",0,0,23.1,10.6,"9032"
"1082","    13.2 ","25/05/1942",0,0,25,13.2,"9032"
"1083","    8.5 ","26/05/1942",0,0,25,8.5,"9032"
"1084","    9 ","27/05/1942",0,0,25,9,"9032"
"1085","   10.5 ","28/05/1942",0,0,24.3,10.5,"9032"
"1086","   10.2 ","29/05/1942",0,0,26.2,10.2,"9032"
"1087","    11.5 ","30/05/1942",0,0,26,11.5,"9032"
"1088","   10 ","01/06/1942",0,0,25.2,10,"9032"
"1089","   10.5 ","02/06/1942",0,0,24.5,10.5,"9032"
"1090","   10.2 ","03/06/1942",0,0,22.3,10.2,"9032"
"1091","   11.2 ","04/06/1942",0,0,23.4,11.2,"9032"
"1092","    12.1 ","05/06/1942",0,0,23,12.1,"9032"
"1093","   10.1 ","06/06/1942",0,0,22.1,10.1,"9032"
"1094","    10.3 ","07/06/1942",0,0,22,10.3,"9032"
"1095","    10 ","08/06/1942",0,0,24,10,"9032"
"1096","   11.5 ","09/06/1942",0,0,23.1,11.5,"9032"
"1097","   10.5 ","10/06/1942",0,0,22.3,10.5,"9032"
"1098","   11.5 ","11/06/1942",0,0,26.2,11.5,"9032"
"1099","   12 ","12/06/1942",16.5,0,25.9,12,"9032"
"1100","   11.5 ","13/06/1942",0,0,23.2,11.5,"9032"
"1101","   10.8 ","14/06/1942",0,0,24.2,10.8,"9032"
"1102","    11.6 ","15/06/1942",20,0,25,11.6,"9032"
"1103","   10.5 ","16/06/1942",0,0,24.2,10.5,"9032"
"1104","   10.3 ","17/06/1942",0,0,23.1,10.3,"9032"
"1105","   10.2 ","18/06/1942",0,0,23.2,10.2,"9032"
"1106","   12.6 ","19/06/1942",0,0,22.6,12.6,"9032"
"1107","   11.6 ","20/06/1942",0,0,24.1,11.6,"9032"
"1108","    11 ","21/06/1942",0,0,24,11,"9032"
"1109","   10.7 ","22/06/1942",1.5,0,22.8,10.7,"9032"
"1110","   11.6 ","23/06/1942",16,0,24.8,11.6,"9032"
"1111","   11 ","24/06/1942",0,0,22.2,11,"9032"
"1112","   11.6 ","25/06/1942",0,0,22.6,11.6,"9032"
"1113","   10.9 ","26/06/1942",0,0,23.8,10.9,"9032"
"1114","   10.5 ","27/06/1942",0,0,25.2,10.5,"9032"
"1115","   12 ","28/06/1942",0,0,22.3,12,"9032"
"1116","    11 ","29/06/1942",0,0,23,11,"9032"
"1117","   11.2 ","30/06/1942",0,0,24.3,11.2,"9032"
"1118","   9.8 ","01/07/1942",0,0,21.6,9.8,"9032"
"1119","   10.5 ","02/07/1942",0,0,20.5,10.5,"9032"
"1120","    9.7 ","03/07/1942",2,0,22,9.7,"9032"
"1121","   10.4 ","04/07/1942",0,0,19.8,10.4,"9032"
"1122","   8.6 ","05/07/1942",10,0,20.2,8.6,"9032"
"1123","    10 ","06/07/1942",0,0,21,10,"9032"
"1124","   11.2 ","07/07/1942",0,0,20.6,11.2,"9032"
"1125","   10.6 ","08/07/1942",12,0,21.3,10.6,"9032"
"1126","   9.8 ","09/07/1942",0,0,20.3,9.8,"9032"
"1127","   10.4 ","10/07/1942",0,0,19.2,10.4,"9032"
"1128","   10.2 ","11/07/1942",1.8,0,20.2,10.2,"9032"
"1129","    9.5 ","12/07/1942",0,0,22,9.5,"9032"
"1130","   11.4 ","13/07/1942",5,0,20.5,11.4,"9032"
"1131","   10 ","14/07/1942",0,0,19.8,10,"9032"
"1132","    11 ","15/07/1942",11,0,20,11,"9032"
"1133","   10.3 ","16/07/1942",0,0,19.8,10.3,"9032"
"1134","   9 ","17/07/1942",3,0,21.3,9,"9032"
"1135","   10.1 ","18/07/1942",0,0,19.6,10.1,"9032"
"1136","   9 ","19/07/1942",20.5,0,18.8,9,"9032"
"1137","   9.3 ","20/07/1942",12.6,0,19.8,9.3,"9032"
"1138","   9.7 ","21/07/1942",1.7,0,20.6,9.7,"9032"
"1139","   10.6 ","22/07/1942",0,0,20.1,10.6,"9032"
"1140","   9.1 ","23/07/1942",4.3,0,18.3,9.1,"9032"
"1141","   8.1 ","24/07/1942",9.7,0,20.3,8.1,"9032"
"1142","   11.6 ","25/07/1942",0,0,21.2,11.6,"9032"
"1143","   10.4 ","26/07/1942",5.2,0,20.2,10.4,"9032"
"1144","   11.2 ","27/07/1942",0,0,21.5,11.2,"9032"
"1145","   10.3 ","28/07/1942",14.6,0,22.1,10.3,"9032"
"1146","   11.6 ","29/07/1942",0,0,19.7,11.6,"9032"
"1147","    10.7 ","30/07/1942",0,0,20,10.7,"9032"
"1148","   10 ","31/07/1942",0,0,19.4,10,"9032"
"1149","   10.1 ","01/08/1942",0,0,17.4,10.1,"9032"
"1150","   8.3 ","02/08/1942",0,0,23.1,8.3,"9032"
"1151","   8 ","03/08/1942",8.5,0,21.2,8,"9032"
"1152","   9.2 ","04/08/1942",15.5,0,16.1,9.2,"9032"
"1153","   10 ","05/08/1942",6.5,0,17.1,10,"9032"
"1154","   11.2 ","06/08/1942",0,0,20.3,11.2,"9032"
"1155","   8.5 ","07/08/1942",0,0,20.6,8.5,"9032"
"1156","   8.7 ","08/08/1942",0,0,19.3,8.7,"9032"
"1157","   7.4 ","09/08/1942",5.5,0,20.2,7.4,"9032"
"1158","   8.6 ","10/08/1942",5.7,0,21.3,8.6,"9032"
"1159","   8.3 ","11/08/1942",0,0,20.6,8.3,"9032"
"1160","   8 ","12/08/1942",1.5,0,21.6,8,"9032"
"1161","    8.2 ","13/08/1942",1.5,0,21,8.2,"9032"
"1162","   10 ","14/08/1942",0,0,19.1,10,"9032"
"1163","    9.2 ","15/08/1942",0,0,18,9.2,"9032"
"1164","   8.1 ","16/08/1942",5.5,0,20.1,8.1,"9032"
"1165","   8 ","17/08/1942",0,0,20.1,8,"9032"
"1166","    8.1 ","18/08/1942",1.3,0,19,8.1,"9032"
"1167","    10 ","19/08/1942",0.6,0,19,10,"9032"
"1168","   10.3 ","20/08/1942",6,0,21.5,10.3,"9032"
"1169","   10.5 ","21/08/1942",5,0,20.5,10.5,"9032"
"1170","   11.1 ","22/08/1942",0,0,19.4,11.1,"9032"
"1171","    10.3 ","23/08/1942",21,0,19,10.3,"9032"
"1172","   8.5 ","24/08/1942",0,0,19.5,8.5,"9032"
"1173","   8.6 ","25/08/1942",4.5,0,19.6,8.6,"9032"
"1174","    10.5 ","26/08/1942",7,0,20,10.5,"9032"
"1175","   9.6 ","27/08/1942",0,0,20.1,9.6,"9032"
"1176","   9.1 ","28/08/1942",0,0,20.2,9.1,"9032"
"1177","   8.5 ","29/08/1942",0,0,19.3,8.5,"9032"
"1178","   9.1 ","30/08/1942",0,0,18.6,9.1,"9032"
"1179","   11 ","01/09/1942",2.5,0,21.5,11,"9032"
"1180","    10 ","02/09/1942",2,0,19,10,"9032"
"1181","   9.5 ","03/09/1942",7,0,19.5,9.5,"9032"
"1182","   11 ","04/09/1942",0.6,0,20.5,11,"9032"
"1183","    9.5 ","05/09/1942",0,0,20,9.5,"9032"
"1184","    11 ","06/09/1942",0,0,21,11,"9032"
"1185","   8 ","07/09/1942",14.5,0,20.7,8,"9032"
"1186","    9 ","08/09/1942",4.5,0,21,9,"9032"
"1187","   10.3 ","09/09/1942",3.5,0,18.6,10.3,"9032"
"1188","    8.9 ","10/09/1942",1,0,12,8.9,"9032"
"1189","    10 ","11/09/1942",3,0,16,10,"9032"
"1190","    9.5 ","12/09/1942",5.5,0,16,9.5,"9032"
"1191","   8 ","13/09/1942",8,0,16.8,8,"9032"
"1192","    9 ","14/09/1942",2.5,0,18,9,"9032"
"1193","    9.5 ","15/09/1942",0,0,18,9.5,"9032"
"1194","    9 ","16/09/1942",11,0,20,9,"9032"
"1195","   9.7 ","17/09/1942",0,0,20.5,9.7,"9032"
"1196","    8 ","18/09/1942",0,0,20,8,"9032"
"1197","    8 ","19/09/1942",0,0,20,8,"9032"
"1198","    8 ","20/09/1942",0,0,19,8,"9032"
"1199","   8 ","21/09/1942",14.5,0,17.8,8,"9032"
"1200","    9.5 ","22/09/1942",18.5,0,19,9.5,"9032"
"1201","    8 ","23/09/1942",7,0,19,8,"9032"
"1202","   10.3 ","24/09/1942",30.5,0,18.5,10.3,"9032"
"1203","    10.3 ","25/09/1942",6,0,18,10.3,"9032"
"1204","    10.3 ","26/09/1942",5.5,0,17,10.3,"9032"
"1205","    8 ","27/09/1942",1.5,0,17,8,"9032"
"1206","    8 ","28/09/1942",0,0,14,8,"9032"
"1207","   4 ","29/09/1942",0,0,16.5,4,"9032"
"1208","    7.2 ","30/09/1942",4,0,18,7.2,"9032"
"1209","   7.8 ","01/10/1942",0,0,17.5,7.8,"9032"
"1210","   8 ","02/10/1942",0,0,21.2,8,"9032"
"1211","    8 ","03/10/1942",2.5,0,17,8,"9032"
"1212","    8 ","04/10/1942",10.5,0,21,8,"9032"
"1213","    9 ","05/10/1942",0,0,18,9,"9032"
"1214","   9 ","06/10/1942",0,0,17.2,9,"9032"
"1215","   8.9 ","07/10/1942",6.5,0,17.5,8.9,"9032"
"1216","    6 ","08/10/1942",0,0,17,6,"9032"
"1217","   8 ","09/10/1942",0,0,19.5,8,"9032"
"1218","    9 ","10/10/1942",0,0,17,9,"9032"
"1219","   8 ","11/10/1942",0,0,18.6,8,"9032"
"1220","    7.3 ","12/10/1942",0,0,19,7.3,"9032"
"1221","    5 ","13/10/1942",0,0,20,5,"9032"
"1222","    8.9 ","14/10/1942",0,0,19,8.9,"9032"
"1223","   6 ","15/10/1942",0,0,19.2,6,"9032"
"1224","    7 ","16/10/1942",0,0,19,7,"9032"
"1225","    5 ","17/10/1942",0,0,19,5,"9032"
"1226","    9 ","18/10/1942",0,0,19,9,"9032"
"1227","    5 ","19/10/1942",0,0,19,5,"9032"
"1228","    6 ","20/10/1942",0,0,20,6,"9032"
"1229","   7 ","21/10/1942",0,0,19.7,7,"9032"
"1230","    7.5 ","22/10/1942",0,0,21,7.5,"9032"
"1231","    10 ","23/10/1942",0,0,21,10,"9032"
"1232","   10.8 ","24/10/1942",0,0,21.2,10.8,"9032"
"1233","    10.2 ","25/10/1942",0,0,21,10.2,"9032"
"1234","   8 ","26/10/1942",0,0,23.5,8,"9032"
"1235","   6 ","27/10/1942",0,0,22.5,6,"9032"
"1236","   8.9 ","28/10/1942",0,0,22.5,8.9,"9032"
"1237","   9 ","29/10/1942",0,0,22.9,9,"9032"
"1238","    8.5 ","30/10/1942",0,0,21,8.5,"9032"
"1239","    9 ","31/10/1942",0,0,23,9,"9032"
"1240","    7 ","01/11/1942",0,0,20,7,"9032"
"1241","    7 ","02/11/1942",0,0,17,7,"9032"
"1242","    8.1 ","03/11/1942",0,0,21,8.1,"9032"
"1243","    10 ","04/11/1942",0,0,20,10,"9032"
"1244","    7 ","05/11/1942",0,0,23,7,"9032"
"1245","   6 ","06/11/1942",0,0,20.5,6,"9032"
"1246","    12 ","07/11/1942",0,0,17,12,"9032"
"1247","    10 ","08/11/1942",0,0,18,10,"9032"
"1248","    9 ","09/11/1942",0,0,18,9,"9032"
"1249","   7.5 ","10/11/1942",0,0,19.7,7.5,"9032"
"1250","    6 ","11/11/1942",0,0,12,6,"9032"
"1251","   4 ","12/11/1942",0,0,12.5,4,"9032"
"1252","    5 ","13/11/1942",0,0,16,5,"9032"
"1253","    4 ","14/11/1942",0,0,15,4,"9032"
"1254","    4.5 ","15/11/1942",0,0,20,4.5,"9032"
"1255","   5.2 ","16/11/1942",0,0,19.5,5.2,"9032"
"1256","   7.5 ","17/11/1942",0,0,20.5,7.5,"9032"
"1257","   5 ","18/11/1942",0,0,20.5,5,"9032"
"1258","    8 ","19/11/1942",0,0,16,8,"9032"
"1259","   7.5 ","20/11/1942",0,0,18.5,7.5,"9032"
"1260","    7 ","21/11/1942",0,0,20,7,"9032"
"1261","    9 ","22/11/1942",23,0,15,9,"9032"
"1262","   5.1 ","23/11/1942",0,0,16.9,5.1,"9032"
"1263","   5 ","24/11/1942",0,0,17.7,5,"9032"
"1264","   7 ","25/11/1942",0,0,17.5,7,"9032"
"1265","    7 ","26/11/1942",0,0,17,7,"9032"
"1266","    5.5 ","27/11/1942",0,0,17,5.5,"9032"
"1267","    7.5 ","28/11/1942",12,0,14,7.5,"9032"
"1268","     5 ","29/11/1942",16.5,0,7,5,"9032"
"1269","   3.5 ","30/11/1942",0,0,13.5,3.5,"9032"
"1270","    7 ","01/12/1942",0,0,22,7,"9032"
"1271","    6 ","02/12/1942",0,0,19,6,"9032"
"1272","    8 ","03/12/1942",0,0,20,8,"9032"
"1273","    8 ","04/12/1942",0,0,20,8,"9032"
"1274","    7 ","05/12/1942",0,0,18,7,"9032"
"1275","   7.5 ","06/12/1942",0,0,19.5,7.5,"9032"
"1276","    6 ","07/12/1942",0,0,19,6,"9032"
"1277","    7 ","08/12/1942",0,0,19,7,"9032"
"1278","    6.5 ","09/12/1942",0,0,19,6.5,"9032"
"1279","    6.5 ","10/12/1942",0,0,18,6.5,"9032"
"1280","    6 ","11/12/1942",0,0,15,6,"9032"
"1281","    6.5 ","12/12/1942",6.5,0,15,6.5,"9032"
"1282","    4 ","13/12/1942",0,0,13,4,"9032"
"1283","    5 ","14/12/1942",0,0,15,5,"9032"
"1284","    6 ","15/12/1942",0,0,17,6,"9032"
"1285","    6 ","16/12/1942",0,0,13,6,"9032"
"1286","    1.5 ","17/12/1942",0,0,11,1.5,"9032"
"1287","    3.5 ","18/12/1942",0,0,12,3.5,"9032"
"1288","    3.5 ","19/12/1942",0,0,13,3.5,"9032"
"1289","    5 ","20/12/1942",0,0,21,5,"9032"
"1290","    6 ","21/12/1942",0,0,20,6,"9032"
"1291","    6 ","22/12/1942",0,0,19,6,"9032"
"1292","    6 ","23/12/1942",0,0,19,6,"9032"
"1293","    5 ","24/12/1942",0,0,19,5,"9032"
"1294","    6.5 ","25/12/1942",0,0,20,6.5,"9032"
"1295","    7 ","26/12/1942",0,0,20,7,"9032"
"1296","    5 ","27/12/1942",0,0,21,5,"9032"
"1297","    0 ","28/12/1942",0,0,15,0,"9032"
"1298","    0 ","29/12/1942",0,0,17,0,"9032"
"1299","    1.5 ","30/12/1942",0,0,18,1.5,"9032"
"1300","    1 ","31/12/1942",0,0,17,1,"9032"
"1301","    0 ","01/01/1943",0,0,17,0,"9032"
"1302","    1 ","02/01/1943",0,0,17,1,"9032"
"1303","    3 ","03/01/1943",0,0,19,3,"9032"
"1304","    2.5 ","04/01/1943",0,0,18,2.5,"9032"
"1305","    4 ","05/01/1943",0,0,13,4,"9032"
"1306","    2.5 ","06/01/1943",0,0,18,2.5,"9032"
"1307","    4 ","07/01/1943",0,0,18,4,"9032"
"1308","    5.5 ","08/01/1943",0,0,17,5.5,"9032"
"1309","    6 ","09/01/1943",0,0,17,6,"9032"
"1310","    5 ","10/01/1943",0,0,19,5,"9032"
"1311","    5 ","11/01/1943",0,0,17,5,"9032"
"1312","    5.5 ","12/01/1943",0,0,20,5.5,"9032"
"1313","    6 ","13/01/1943",0,0,20,6,"9032"
"1314","    5 ","14/01/1943",0,0,19,5,"9032"
"1315","    5 ","15/01/1943",0,0,17,5,"9032"
"1316","    6 ","16/01/1943",0,0,19,6,"9032"
"1317","    5 ","17/01/1943",0,0,18,5,"9032"
"1318","    5 ","18/01/1943",0,0,20,5,"9032"
"1319","    5 ","19/01/1943",0,0,19,5,"9032"
"1320","    4 ","20/01/1943",0,0,18,4,"9032"
"1321","    4 ","21/01/1943",0,0,20,4,"9032"
"1322","    5 ","22/01/1943",0,0,20,5,"9032"
"1323","   6 ","23/01/1943",0,0,20.2,6,"9032"
"1324","   7.3 ","24/01/1943",0,0,20.1,7.3,"9032"
"1325","   6.1 ","25/01/1943",0,0,19.2,6.1,"9032"
"1326","   7.4 ","26/01/1943",0,0,19.5,7.4,"9032"
"1327","    4.2 ","27/01/1943",0,0,13,4.2,"9032"
"1328","    5.1 ","28/01/1943",0,0,21,5.1,"9032"
"1329","    4.5 ","29/01/1943",0,0,18,4.5,"9032"
"1330","    3 ","30/01/1943",0,0,19,3,"9032"
"1331","   3.3 ","31/01/1943",0,0,19.2,3.3,"9032"
"1332","    3.3 ","01/02/1943",0,0,20,3.3,"9032"
"1333","    4 ","02/02/1943",0,0,20,4,"9032"
"1334","    5 ","03/02/1943",0,0,20,5,"9032"
"1335","    8 ","04/02/1943",0,0,20,8,"9032"
"1336","    7 ","05/02/1943",0,0,21,7,"9032"
"1337","    6 ","06/02/1943",0,0,15,6,"9032"
"1338","    1.5 ","07/02/1943",0,0,18,1.5,"9032"
"1339","    2 ","08/02/1943",0,0,20,2,"9032"
"1340","    4 ","09/02/1943",0,0,23,4,"9032"
"1341","    7 ","10/02/1943",0,0,23,7,"9032"
"1342","    5 ","11/02/1943",0,0,17,5,"9032"
"1343","    3 ","12/02/1943",0,0,20,3,"9032"
"1344","    2 ","13/02/1943",0,0,10,2,"9032"
"1345","    0 ","14/02/1943",0,0,16,0,"9032"
"1346","    0 ","15/02/1943",0,0,17,0,"9032"
"1347","    1 ","16/02/1943",0,0,17,1,"9032"
"1348","    2 ","17/02/1943",3.5,0,18,2,"9032"
"1349","    4 ","18/02/1943",0,0,18,4,"9032"
"1350","    4 ","19/02/1943",0,0,17,4,"9032"
"1351","    2 ","20/02/1943",0,0,18,2,"9032"
"1352","    2.5 ","21/02/1943",0,0,19,2.5,"9032"
"1353","    3 ","22/02/1943",0,0,20,3,"9032"
"1354","    5 ","23/02/1943",0,0,22,5,"9032"
"1355","    8 ","24/02/1943",0,0,23,8,"9032"
"1356","    7 ","25/02/1943",0,0,18,7,"9032"
"1357","    5 ","26/02/1943",0,0,21,5,"9032"
"1358","    3.5 ","27/02/1943",0,0,19,3.5,"9032"
"1359","    4.5 ","28/02/1943",0,0,22,4.5,"9032"
"1360","    8 ","01/03/1943",0,0,21,8,"9032"
"1361","    5 ","02/03/1943",0,0,22,5,"9032"
"1362","    4 ","03/03/1943",0,0,20,4,"9032"
"1363","   6 ","04/03/1943",0,0,20.5,6,"9032"
"1364","   6 ","05/03/1943",0,0,21.5,6,"9032"
"1365","    7 ","06/03/1943",0,0,22,7,"9032"
"1366","    5 ","07/03/1943",0,0,21,5,"9032"
"1367","    7 ","08/03/1943",0,0,22,7,"9032"
"1368","    7 ","09/03/1943",0,0,22,7,"9032"
"1369","    7.5 ","10/03/1943",0,0,22,7.5,"9032"
"1370","    8 ","11/03/1943",0,0,22,8,"9032"
"1371","    8.5 ","12/03/1943",0,0,22,8.5,"9032"
"1372","    8 ","13/03/1943",0,0,23,8,"9032"
"1373","    6 ","14/03/1943",0,0,22,6,"9032"
"1374","    10 ","15/03/1943",0,0,23,10,"9032"
"1375","    9 ","16/03/1943",0,0,23,9,"9032"
"1376","    8 ","17/03/1943",0,0,24,8,"9032"
"1377","    8 ","18/03/1943",0,0,22,8,"9032"
"1378","    7 ","19/03/1943",0,0,23,7,"9032"
"1379","    9 ","20/03/1943",0,0,23,9,"9032"
"1380","    8.5 ","21/03/1943",15,0,24,8.5,"9032"
"1381","    6 ","22/03/1943",5,0,12,6,"9032"
"1382","    6 ","23/03/1943",0,0,18,6,"9032"
"1383","    8 ","24/03/1943",0,0,20,8,"9032"
"1384","    6 ","25/03/1943",0,0,19,6,"9032"
"1385","    6 ","26/03/1943",0,0,20,6,"9032"
"1386","    5 ","27/03/1943",0,0,20,5,"9032"
"1387","    7 ","28/03/1943",0,0,21,7,"9032"
"1388","    6 ","29/03/1943",0,0,20,6,"9032"
"1389","    4.5 ","30/03/1943",0,0,21,4.5,"9032"
"1390","    5 ","31/03/1943",0,0,21,5,"9032"
"1391","    7 ","01/04/1943",0,0,21,7,"9032"
"1392","    5 ","02/04/1943",0,0,20,5,"9032"
"1393","    6 ","03/04/1943",0,0,19,6,"9032"
"1394","    5 ","04/04/1943",0,0,19,5,"9032"
"1395","    4 ","05/04/1943",0,0,20,4,"9032"
"1396","    4 ","06/04/1943",0,0,21,4,"9032"
"1397","    6 ","07/04/1943",0,0,21,6,"9032"
"1398","    9 ","08/04/1943",0,0,22,9,"9032"
"1399","    10 ","09/04/1943",0,0,23,10,"9032"
"1400","   11.1 ","10/04/1943",0,0,22.6,11.1,"9032"
"1401","    10.9 ","11/04/1943",0,0,27,10.9,"9032"
"1402","    11.2 ","12/04/1943",0,0,27,11.2,"9032"
"1403","    12.2 ","13/04/1943",0,0,27,12.2,"9032"
"1404","   12.1 ","14/04/1943",0,0,25.2,12.1,"9032"
"1405","   8.1 ","15/04/1943",0,0,22.1,8.1,"9032"
"1406","   9.1 ","16/04/1943",0,0,24.1,9.1,"9032"
"1407","   11.1 ","17/04/1943",0,0,22.1,11.1,"9032"
"1408","   10.3 ","18/04/1943",0,0,25.1,10.3,"9032"
"1409","   8.5 ","19/04/1943",0,0,21.5,8.5,"9032"
"1410","   6.1 ","20/04/1943",0,0,21.2,6.1,"9032"
"1411","   8.3 ","21/04/1943",0,0,22.1,8.3,"9032"
"1412","   8.2 ","22/04/1943",0,0,23.2,8.2,"9032"
"1413","   8 ","23/04/1943",0,0,23.1,8,"9032"
"1414","    7 ","24/04/1943",0,0,23,7,"9032"
"1415","   7.2 ","25/04/1943",0,0,25.1,7.2,"9032"
"1416","   9 ","26/04/1943",0,0,23.2,9,"9032"
"1417","    8.1 ","27/04/1943",0,0,23,8.1,"9032"
"1418","   7.1 ","28/04/1943",12,0,21.2,7.1,"9032"
"1419","   5 ","29/04/1943",0,0,19.1,5,"9032"
"1420","    4.3 ","30/04/1943",0,0,20,4.3,"9032"
"1421","   7.1 ","01/05/1943",0,0,20.2,7.1,"9032"
"1422","    7.3 ","02/05/1943",0,0,20,7.3,"9032"
"1423","   6 ","03/05/1943",0,0,21.2,6,"9032"
"1424","   6.1 ","04/05/1943",0,0,21.2,6.1,"9032"
"1425","    9 ","05/05/1943",0,0,22,9,"9032"
"1426","    9 ","06/05/1943",0,0,23,9,"9032"
"1427","    10.1 ","07/05/1943",0,0,21,10.1,"9032"
"1428","    10.2 ","08/05/1943",0,0,23,10.2,"9032"
"1429","   10 ","09/05/1943",0,0,22.1,10,"9032"
"1430","    9 ","10/05/1943",0,0,25,9,"9032"
"1431","    10 ","11/05/1943",0,0,25,10,"9032"
"1432","   11.1 ","12/05/1943",0,0,25.1,11.1,"9032"
"1433","   9 ","13/05/1943",0,0,25.2,9,"9032"
"1434","   11.2 ","14/05/1943",0,0,26.2,11.2,"9032"
"1435","    11.5 ","15/05/1943",0,0,24,11.5,"9032"
"1436","    11 ","16/05/1943",0,0,27,11,"9032"
"1437","    11 ","17/05/1943",0,0,26,11,"9032"
"1438","   10.2 ","18/05/1943",0,0,25.2,10.2,"9032"
"1439","   10.1 ","19/05/1943",0,0,25.2,10.1,"9032"
"1440","   7 ","20/05/1943",0,0,24.2,7,"9032"
"1441","    9.3 ","21/05/1943",0,0,24,9.3,"9032"
"1442","    10.1 ","22/05/1943",0,0,23,10.1,"9032"
"1443","   9.2 ","23/05/1943",0,0,22.2,9.2,"9032"
"1444","   10.2 ","24/05/1943",0,0,23.1,10.2,"9032"
"1445","   8.5 ","25/05/1943",0,0,23.2,8.5,"9032"
"1446","   10.2 ","26/05/1943",0,0,23.1,10.2,"9032"
"1447","   10.1 ","27/05/1943",0,0,23.2,10.1,"9032"
"1448","   9 ","28/05/1943",0,0,21.2,9,"9032"
"1449","    11.2 ","29/05/1943",0,0,18,11.2,"9032"
"1450","   9.2 ","30/05/1943",0,0,20.1,9.2,"9032"
"1451","    10.1 ","31/05/1943",0,0,23,10.1,"9032"
"1452","    10 ","01/06/1943",12,0,25,10,"9032"
"1453","    10 ","02/06/1943",7,0,20,10,"9032"
"1454","    12 ","03/06/1943",0,0,22,12,"9032"
"1455","    11 ","04/06/1943",0,0,20,11,"9032"
"1456","    11 ","05/06/1943",9,0,23,11,"9032"
"1457","    10 ","06/06/1943",8,0,20,10,"9032"
"1458","    9 ","07/06/1943",31,0,21,9,"9032"
"1459","    9 ","08/06/1943",17,0,19,9,"9032"
"1460","    9 ","09/06/1943",2,0,20,9,"9032"
"1461","   8 ","10/06/1943",3.5,0,22.2,8,"9032"
"1462","    10.1 ","11/06/1943",14,0,20,10.1,"9032"
"1463","    10 ","12/06/1943",13.5,0,21,10,"9032"
"1464","    9 ","13/06/1943",0,0,20,9,"9032"
"1465","    9.2 ","14/06/1943",1.5,0,20,9.2,"9032"
"1466","    10 ","15/06/1943",2.5,0,19,10,"9032"
"1467","    10 ","16/06/1943",5,0,20,10,"9032"
"1468","    9 ","17/06/1943",40,0,19,9,"9032"
"1469","    8.5 ","18/06/1943",26.5,0,18,8.5,"9032"
"1470","    9 ","19/06/1943",6,0,20,9,"9032"
"1471","   10 ","20/06/1943",11,0,19.5,10,"9032"
"1472","    9 ","21/06/1943",0,0,19,9,"9032"
"1473","   9 ","22/06/1943",7,0,19.2,9,"9032"
"1474","    8.9 ","23/06/1943",13,0,20,8.9,"9032"
"1475","    9 ","24/06/1943",6,0,18,9,"9032"
"1476","    10 ","25/06/1943",6.5,0,16,10,"9032"
"1477","    8 ","26/06/1943",0,0,20,8,"9032"
"1478","    9 ","27/06/1943",0,0,20,9,"9032"
"1479","    9 ","28/06/1943",3.5,0,20,9,"9032"
"1480","    8 ","29/06/1943",0,0,22,8,"9032"
"1481","LO   NULO    8 ","30/06/1943",0,NA,NA,NA,"9032"
"1482","   8 ","01/07/1943",0,0,21.1,8,"9032"
"1483","    8 ","02/07/1943",4.5,0,21,8,"9032"
"1484","    8.5 ","03/07/1943",6,0,21,8.5,"9032"
"1485","    7 ","04/07/1943",20,0,20,7,"9032"
"1486","    5 ","05/07/1943",5,0,20,5,"9032"
"1487","    10 ","06/07/1943",0,0,19,10,"9032"
"1488","    8 ","07/07/1943",5,0,22,8,"9032"
"1489","    9 ","08/07/1943",0,0,22,9,"9032"
"1490","    8 ","09/07/1943",7,0,21,8,"9032"
"1491","    10 ","10/07/1943",0,0,21,10,"9032"
"1492","    9 ","11/07/1943",0,0,22,9,"9032"
"1493","    8 ","12/07/1943",0,0,22,8,"9032"
"1494","    8 ","13/07/1943",2,0,22,8,"9032"
"1495","    9 ","14/07/1943",11,0,22,9,"9032"
"1496","    7 ","15/07/1943",0,0,20,7,"9032"
"1497","    9 ","16/07/1943",15.5,0,21,9,"9032"
"1498","    8 ","17/07/1943",0,0,22,8,"9032"
"1499","   8 ","18/07/1943",17,0,21.5,8,"9032"
"1500","    8.5 ","19/07/1943",0,0,21,8.5,"9032"
"1501","   9 ","20/07/1943",11,0,21.5,9,"9032"
"1502","    9 ","21/07/1943",4,0,20,9,"9032"
"1503","    9 ","22/07/1943",0,0,20,9,"9032"
"1504","    6 ","23/07/1943",0,0,21,6,"9032"
"1505","    7 ","24/07/1943",7,0,21,7,"9032"
"1506","    8.5 ","25/07/1943",0,0,21,8.5,"9032"
"1507","    7 ","26/07/1943",0,0,21,7,"9032"
"1508","    8.5 ","27/07/1943",0,0,21,8.5,"9032"
"1509","    9 ","28/07/1943",3.5,0,22,9,"9032"
"1510","    9 ","29/07/1943",0,0,20,9,"9032"
"1511","    11 ","30/07/1943",13,0,19,11,"9032"
"1512","    9 ","31/07/1943",7.5,0,20,9,"9032"
"1513","   9 ","01/08/1943",0,0,21.1,9,"9032"
"1514","    11 ","02/08/1943",0,0,21,11,"9032"
"1515","    9 ","03/08/1943",0,0,19,9,"9032"
"1516","    9 ","04/08/1943",10,0,20,9,"9032"
"1517","   10 ","05/08/1943",0,0,19.6,10,"9032"
"1518","    10.6 ","06/08/1943",0,0,24,10.6,"9032"
"1519","    7 ","07/08/1943",0,0,19,7,"9032"
"1520","    7 ","08/08/1943",15.5,0,21,7,"9032"
"1521","    6 ","09/08/1943",9,0,19,6,"9032"
"1522","    8 ","10/08/1943",9.5,0,19,8,"9032"
"1523","    9 ","11/08/1943",3,0,19,9,"9032"
"1524","    8 ","12/08/1943",4,0,18,8,"9032"
"1525","    9 ","13/08/1943",0,0,19,9,"9032"
"1526","   7 ","14/08/1943",7.5,0,19.6,7,"9032"
"1527","    7.5 ","15/08/1943",0,0,20,7.5,"9032"
"1528","    4.5 ","16/08/1943",2,0,19,4.5,"9032"
"1529","    8 ","17/08/1943",0,0,21,8,"9032"
"1530","    6 ","18/08/1943",14,0,20,6,"9032"
"1531","    8 ","19/08/1943",12,0,19,8,"9032"
"1532","    7 ","20/08/1943",0,0,21,7,"9032"
"1533","    8 ","21/08/1943",3,0,20,8,"9032"
"1534","    8 ","22/08/1943",0,0,21,8,"9032"
"1535","    8 ","23/08/1943",15.5,0,22,8,"9032"
"1536","    7 ","24/08/1943",0,0,20,7,"9032"
"1537","    6 ","25/08/1943",0,0,20,6,"9032"
"1538","    7 ","26/08/1943",27,0,19,7,"9032"
"1539","    7 ","27/08/1943",3,0,19,7,"9032"
"1540","    8 ","28/08/1943",0,0,19,8,"9032"
"1541","    8 ","29/08/1943",24.5,0,19,8,"9032"
"1542","    8 ","30/08/1943",1.5,0,18,8,"9032"
"1543","    8 ","31/08/1943",0,0,19,8,"9032"
"1544","    8.6 ","01/09/1943",0,0,20,8.6,"9032"
"1545","    7 ","02/09/1943",0,0,20,7,"9032"
"1546","    7.3 ","03/09/1943",18.5,0,19,7.3,"9032"
"1547","    7 ","04/09/1943",0,0,20,7,"9032"
"1548","    7 ","05/09/1943",3,0,20,7,"9032"
"1549","    8 ","06/09/1943",0,0,20,8,"9032"
"1550","    7 ","07/09/1943",0,0,19,7,"9032"
"1551","   7 ","08/09/1943",16,0,20.2,7,"9032"
"1552","    9 ","09/09/1943",0,0,19,9,"9032"
"1553","    8.5 ","10/09/1943",10.5,0,19,8.5,"9032"
"1554","    9 ","11/09/1943",0,0,19,9,"9032"
"1555","    9 ","12/09/1943",0,0,19,9,"9032"
"1556","   8.6 ","13/09/1943",0,0,17.6,8.6,"9032"
"1557","    8.8 ","14/09/1943",20,0,20,8.8,"9032"
"1558","    7 ","15/09/1943",6,0,19,7,"9032"
"1559","   9 ","16/09/1943",0,0,18.8,9,"9032"
"1560","    9.2 ","17/09/1943",33,0,19,9.2,"9032"
"1561","    9 ","18/09/1943",33,0,18,9,"9032"
"1562","    8 ","19/09/1943",0,0,19,8,"9032"
"1563","    8 ","20/09/1943",4.5,0,20,8,"9032"
"1564","    8 ","21/09/1943",0,0,19,8,"9032"
"1565","    8 ","22/09/1943",7.5,0,19,8,"9032"
"1566","   9 ","23/09/1943",6.5,0,19.2,9,"9032"
"1567","    7.5 ","24/09/1943",8,0,19,7.5,"9032"
"1568","    7 ","25/09/1943",0,0,20,7,"9032"
"1569","    9 ","26/09/1943",0,0,19,9,"9032"
"1570","    8 ","27/09/1943",0,0,20,8,"9032"
"1571","    7 ","28/09/1943",0,0,20,7,"9032"
"1572","    7 ","29/09/1943",0,0,19,7,"9032"
"1573","    8 ","30/09/1943",0,0,19,8,"9032"
"1574","   7 ","01/10/1943",0,0,12.3,7,"9032"
"1575","   7.2 ","02/10/1943",4,0,15.5,7.2,"9032"
"1576","    7 ","03/10/1943",6.5,0,12,7,"9032"
"1577","    6 ","04/10/1943",0,0,10,6,"9032"
"1578","    5 ","05/10/1943",0,0,15,5,"9032"
"1579","     5 ","06/10/1943",0,0,8,5,"9032"
"1580","     4 ","07/10/1943",0,0,5,4,"9032"
"1581","    4 ","08/10/1943",0,0,17,4,"9032"
"1582","    6 ","09/10/1943",0,0,18,6,"9032"
"1583","    7 ","10/10/1943",0,0,21,7,"9032"
"1584","    7 ","11/10/1943",0,0,20,7,"9032"
"1585","    8 ","12/10/1943",0,0,22,8,"9032"
"1586","    8 ","13/10/1943",3.5,0,22,8,"9032"
"1587","    9 ","14/10/1943",5,0,17,9,"9032"
"1588","    8 ","15/10/1943",35,0,20,8,"9032"
"1589","    8 ","16/10/1943",0,0,15,8,"9032"
"1590","    5 ","17/10/1943",0,0,18,5,"9032"
"1591","    4 ","18/10/1943",0,0,14,4,"9032"
"1592","    6 ","19/10/1943",0,0,20,6,"9032"
"1593","    5 ","20/10/1943",0,0,20,5,"9032"
"1594","    6 ","21/10/1943",0,0,20,6,"9032"
"1595","    4.5 ","22/10/1943",0,0,20,4.5,"9032"
"1596","    4 ","23/10/1943",0,0,20,4,"9032"
"1597","    5 ","24/10/1943",0,0,19,5,"9032"
"1598","    4 ","25/10/1943",0,0,12,4,"9032"
"1599","    3 ","26/10/1943",0,0,15,3,"9032"
"1600","    0 ","27/10/1943",0,0,15,0,"9032"
"1601","    0 ","28/10/1943",0,0,18,0,"9032"
"1602","    2 ","29/10/1943",0,0,20,2,"9032"
"1603","    4 ","30/10/1943",0,0,22,4,"9032"
"1604","    7 ","31/10/1943",0,0,22,7,"9032"
"1605","    7 ","01/11/1943",0,0,21,7,"9032"
"1606","    5 ","02/11/1943",0,0,22,5,"9032"
"1607","    7 ","03/11/1943",0,0,20,7,"9032"
"1608","    5 ","04/11/1943",0,0,20,5,"9032"
"1609","    7 ","05/11/1943",0,0,21,7,"9032"
"1610","    8 ","06/11/1943",0,0,22,8,"9032"
"1611","    8 ","07/11/1943",6.5,0,21,8,"9032"
"1612","    6 ","08/11/1943",0,0,17,6,"9032"
"1613","    0 ","09/11/1943",0,0,15,0,"9032"
"1614","    0 ","10/11/1943",0,0,19,0,"9032"
"1615","    7 ","11/11/1943",0,0,15,7,"9032"
"1616","    1 ","12/11/1943",0,0,14,1,"9032"
"1617","    4 ","13/11/1943",0,0,13,4,"9032"
"1618","    5 ","14/11/1943",0,0,15,5,"9032"
"1619","    2 ","15/11/1943",0,0,15,2,"9032"
"1620","    2 ","16/11/1943",0,0,16,2,"9032"
"1621","    4 ","17/11/1943",0,0,10,4,"9032"
"1622","    3 ","18/11/1943",0,0,14,3,"9032"
"1623","    4 ","19/11/1943",0,0,13,4,"9032"
"1624","    2.5 ","20/11/1943",0,0,12,2.5,"9032"
"1625","    2 ","21/11/1943",0,0,15,2,"9032"
"1626","    0 ","22/11/1943",0,0,15,0,"9032"
"1627","    2 ","23/11/1943",0,0,13,2,"9032"
"1628","    1.5 ","24/11/1943",0,0,14,1.5,"9032"
"1629","    3 ","25/11/1943",0,0,15,3,"9032"
"1630","    4 ","26/11/1943",0,0,19,4,"9032"
"1631","    4.5 ","27/11/1943",0,0,19,4.5,"9032"
"1632","    4 ","28/11/1943",0,0,20,4,"9032"
"1633","    5 ","29/11/1943",0,0,19,5,"9032"
"1634","    4 ","30/11/1943",0,0,16,4,"9032"
"1635","    5 ","01/12/1943",12.5,0,13,5,"9032"
"1636","     5 ","02/12/1943",5,0,9,5,"9032"
"1637","    5 ","03/12/1943",3.5,0,8.7,5,"9032"
"1638","    6.1 ","04/12/1943",0,0,9.3,6.1,"9032"
"1639","    6.2 ","05/12/1943",0,0,18,6.2,"9032"
"1640","    4 ","06/12/1943",0,0,20,4,"9032"
"1641","    4 ","07/12/1943",0,0,20,4,"9032"
"1642","    3.5 ","08/12/1943",0,0,20,3.5,"9032"
"1643","    4 ","09/12/1943",0,0,12,4,"9032"
"1644","    4 ","10/12/1943",0,0,16,4,"9032"
"1645","    5 ","11/12/1943",0,0,17,5,"9032"
"1646","   4.5 ","12/12/1943",0,0,17.5,4.5,"9032"
"1647","    5 ","13/12/1943",0,0,18,5,"9032"
"1648","    5 ","14/12/1943",0,0,18,5,"9032"
"1649","    5 ","15/12/1943",0,0,17,5,"9032"
"1650","    0 ","16/12/1943",0,0,17,0,"9032"
"1651","    2 ","17/12/1943",0,0,15,2,"9032"
"1652","   1.5 ","18/12/1943",0,0,11.5,1.5,"9032"
"1653","    5 ","19/12/1943",0,0,12,5,"9032"
"1654","    0 ","20/12/1943",0,0,15,0,"9032"
"1655","    0 ","21/12/1943",0,0,18,0,"9032"
"1656","    2 ","22/12/1943",0,0,17,2,"9032"
"1657","    4 ","23/12/1943",0,0,16,4,"9032"
"1658","    3 ","24/12/1943",0,0,19,3,"9032"
"1659","    2 ","25/12/1943",0,0,15,2,"9032"
"1660","   4 ","26/12/1943",0,0,15.5,4,"9032"
"1661","    5 ","27/12/1943",0,0,17,5,"9032"
"1662","    3.5 ","28/12/1943",0,0,17,3.5,"9032"
"1663","    4 ","29/12/1943",0,0,18,4,"9032"
"1664","    4 ","30/12/1943",0,0,18,4,"9032"
"1665","    4 ","31/12/1943",0,0,18,4,"9032"
"1666","    5 ","01/01/1944",0,0,15,5,"9032"
"1667","    4 ","02/01/1944",0,0,18,4,"9032"
"1668","    4 ","03/01/1944",0,0,19,4,"9032"
"1669","    4 ","04/01/1944",0,0,19,4,"9032"
"1670","    4.5 ","05/01/1944",0,0,18,4.5,"9032"
"1671","   0 ","06/01/1944",0,0,17.1,0,"9032"
"1672","    4.2 ","07/01/1944",0,0,18,4.2,"9032"
"1673","    5 ","08/01/1944",0,0,16,5,"9032"
"1674","    3 ","09/01/1944",0,0,16,3,"9032"
"1675","    1 ","10/01/1944",0,0,18,1,"9032"
"1676","    4 ","11/01/1944",0,0,17,4,"9032"
"1677","    5 ","12/01/1944",0,0,17,5,"9032"
"1678","    5 ","13/01/1944",0,0,16,5,"9032"
"1679","    5 ","14/01/1944",0,0,15,5,"9032"
"1680","    2 ","15/01/1944",0,0,15,2,"9032"
"1681","    1.5 ","16/01/1944",0,0,17,1.5,"9032"
"1682","    0 ","17/01/1944",0,0,13,0,"9032"
"1683","    0 ","18/01/1944",0,0,14,0,"9032"
"1684","    0 ","19/01/1944",0,0,16,0,"9032"
"1685","   -4 ","20/01/1944",0,0,16,-4,"9032"
"1686","   -3 ","21/01/1944",0,0,17,-3,"9032"
"1687","    1.5 ","22/01/1944",0,0,17,1.5,"9032"
"1688","    2 ","23/01/1944",0,0,16,2,"9032"
"1689","    5 ","24/01/1944",0,0,12,5,"9032"
"1690","    3 ","25/01/1944",0,0,17,3,"9032"
"1691","    5 ","26/01/1944",0,0,18,5,"9032"
"1692","    4 ","27/01/1944",0,0,19,4,"9032"
"1693","    2 ","28/01/1944",0,0,18,2,"9032"
"1694","   4 ","29/01/1944",0,0,18.5,4,"9032"
"1695","    4 ","30/01/1944",0,0,18,4,"9032"
"1696","    2.5 ","31/01/1944",0,0,17,2.5,"9032"
"1697","    1 ","01/02/1944",0,0,14,1,"9032"
"1698","    3.5 ","02/02/1944",0,0,18,3.5,"9032"
"1699","    4 ","03/02/1944",0,0,17,4,"9032"
"1700","    5 ","04/02/1944",0,0,15,5,"9032"
"1701","    3.5 ","05/02/1944",0,0,17,3.5,"9032"
"1702","    2 ","06/02/1944",0,0,20,2,"9032"
"1703","    3 ","07/02/1944",0,0,19,3,"9032"
"1704","    4 ","08/02/1944",0,0,22,4,"9032"
"1705","    6 ","09/02/1944",0,0,21,6,"9032"
"1706","    4 ","10/02/1944",0,0,20,4,"9032"
"1707","    5 ","11/02/1944",0,0,21,5,"9032"
"1708","    4 ","12/02/1944",0,0,19,4,"9032"
"1709","    6 ","13/02/1944",0,0,19,6,"9032"
"1710","    5 ","14/02/1944",0,0,21,5,"9032"
"1711","    6 ","15/02/1944",0,0,21,6,"9032"
"1712","    7 ","16/02/1944",0,0,21,7,"9032"
"1713","    7 ","17/02/1944",0,0,21,7,"9032"
"1714","    7 ","18/02/1944",0,0,18,7,"9032"
"1715","    5 ","19/02/1944",0,0,20,5,"9032"
"1716","    4 ","20/02/1944",0,0,19,4,"9032"
"1717","    5 ","21/02/1944",0,0,20,5,"9032"
"1718","    5 ","22/02/1944",0,0,20,5,"9032"
"1719","    4.5 ","23/02/1944",0,0,21,4.5,"9032"
"1720","    6 ","24/02/1944",0,0,20,6,"9032"
"1721","    6 ","25/02/1944",0,0,21,6,"9032"
"1722","    6 ","26/02/1944",0,0,19,6,"9032"
"1723","    7 ","27/02/1944",0,0,20,7,"9032"
"1724","    4.5 ","28/02/1944",0,0,22,4.5,"9032"
"1725","    7 ","29/02/1944",0,0,19,7,"9032"
"1726","   4 ","01/03/1944",0,0,19.5,4,"9032"
"1727","    5 ","02/03/1944",0,0,20,5,"9032"
"1728","    7 ","03/03/1944",0,0,19,7,"9032"
"1729","    4.5 ","04/03/1944",0,0,19,4.5,"9032"
"1730","    4.5 ","05/03/1944",0,0,19,4.5,"9032"
"1731","    6 ","06/03/1944",0,0,20,6,"9032"
"1732","    5 ","07/03/1944",0,0,21,5,"9032"
"1733","    1.5 ","08/03/1944",0,0,17,1.5,"9032"
"1734","    1.5 ","09/03/1944",0,0,19,1.5,"9032"
"1735","    5 ","10/03/1944",35,0,19,5,"9032"
"1736","    4 ","11/03/1944",0,0,16,4,"9032"
"1737","    4 ","12/03/1944",0,0,18,4,"9032"
"1738","    4.5 ","13/03/1944",0,0,18,4.5,"9032"
"1739","    6 ","14/03/1944",0,0,18,6,"9032"
"1740","    7 ","15/03/1944",0,0,18,7,"9032"
"1741","    7 ","16/03/1944",0,0,21,7,"9032"
"1742","    7 ","17/03/1944",0,0,20,7,"9032"
"1743","    7 ","18/03/1944",0,0,18,7,"9032"
"1744","    6 ","19/03/1944",0,0,18,6,"9032"
"1745","    5 ","20/03/1944",0,0,19,5,"9032"
"1746","    5 ","21/03/1944",0,0,20,5,"9032"
"1747","    9 ","22/03/1944",0,0,21,9,"9032"
"1748","    8 ","23/03/1944",0,0,22,8,"9032"
"1749","    7 ","24/03/1944",0,0,22,7,"9032"
"1750","   7 ","25/03/1944",0,0,19.5,7,"9032"
"1751","    7 ","26/03/1944",0,0,20,7,"9032"
"1752","    7 ","27/03/1944",0,0,22,7,"9032"
"1753","    7 ","28/03/1944",0,0,21,7,"9032"
"1754","    6 ","29/03/1944",0,0,21,6,"9032"
"1755","    8 ","30/03/1944",0,0,22,8,"9032"
"1756","    8 ","31/03/1944",0,0,19,8,"9032"
"1757","    5 ","01/04/1944",0,0,20,5,"9032"
"1758","    6 ","02/04/1944",0,0,21,6,"9032"
"1759","    6 ","03/04/1944",0,0,20,6,"9032"
"1760","    1.5 ","04/04/1944",0,0,18,1.5,"9032"
"1761","    6 ","05/04/1944",0,0,17,6,"9032"
"1762","    6.5 ","06/04/1944",0,0,22,6.5,"9032"
"1763","    5 ","07/04/1944",0,0,22,5,"9032"
"1764","    8 ","08/04/1944",0,0,20,8,"9032"
"1765","    7 ","09/04/1944",0,0,19,7,"9032"
"1766","    8 ","10/04/1944",0,0,22,8,"9032"
"1767","    8 ","11/04/1944",0,0,24,8,"9032"
"1768","    7 ","12/04/1944",0,0,24,7,"9032"
"1769","    8 ","13/04/1944",0,0,23,8,"9032"
"1770","    10 ","14/04/1944",0,0,24,10,"9032"
"1771","    9.5 ","15/04/1944",0,0,22,9.5,"9032"
"1772","    8 ","16/04/1944",0,0,25,8,"9032"
"1773","    10 ","17/04/1944",0,0,23,10,"9032"
"1774","   10 ","18/04/1944",0,0,22.5,10,"9032"
"1775","    9 ","19/04/1944",0,0,23,9,"9032"
"1776","    9 ","20/04/1944",0,0,23,9,"9032"
"1777","    9 ","21/04/1944",0,0,23,9,"9032"
"1778","    9 ","22/04/1944",0,0,23,9,"9032"
"1779","   11 ","23/04/1944",0,0,21.5,11,"9032"
"1780","    8 ","24/04/1944",0,0,23,8,"9032"
"1781","   9 ","25/04/1944",0,0,23.5,9,"9032"
"1782","    7 ","26/04/1944",0,0,25,7,"9032"
"1783","    13 ","27/04/1944",0,0,25,13,"9032"
"1784","   7 ","28/04/1944",0,0,22.5,7,"9032"
"1785","    9 ","29/04/1944",0,0,23,9,"9032"
"1786","    10 ","30/04/1944",0,0,23,10,"9032"
"1787","    8 ","01/05/1944",0,0,23,8,"9032"
"1788","    8.5 ","02/05/1944",0,0,19,8.5,"9032"
"1789","    8 ","03/05/1944",0,0,22,8,"9032"
"1790","    8 ","04/05/1944",0,0,23,8,"9032"
"1791","    7.5 ","05/05/1944",0,0,19,7.5,"9032"
"1792","    5 ","06/05/1944",0,0,20,5,"9032"
"1793","    7 ","07/05/1944",0,0,21,7,"9032"
"1794","    8.5 ","08/05/1944",0,0,22,8.5,"9032"
"1795","   8 ","09/05/1944",0,0,23.5,8,"9032"
"1796","    7 ","10/05/1944",0,0,22,7,"9032"
"1797","    8 ","11/05/1944",0,0,18,8,"9032"
"1798","    7 ","12/05/1944",0,0,20,7,"9032"
"1799","    7 ","13/05/1944",0,0,18,7,"9032"
"1800","    5 ","14/05/1944",0,0,17,5,"9032"
"1801","   4 ","15/05/1944",0,0,17.5,4,"9032"
"1802","    4 ","16/05/1944",0,0,20,4,"9032"
"1803","    8 ","17/05/1944",0,0,20,8,"9032"
"1804","    6 ","18/05/1944",0,0,20,6,"9032"
"1805","    8 ","19/05/1944",0,0,22,8,"9032"
"1806","    8.5 ","20/05/1944",0,0,23,8.5,"9032"
"1807","    9 ","21/05/1944",0,0,25,9,"9032"
"1808","    10 ","22/05/1944",0,0,24,10,"9032"
"1809","    11 ","23/05/1944",0,0,25,11,"9032"
"1810","    10 ","24/05/1944",0,0,22,10,"9032"
"1811","    9 ","25/05/1944",0,0,23,9,"9032"
"1812","    10 ","26/05/1944",0,0,22,10,"9032"
"1813","    9 ","27/05/1944",0,0,21,9,"9032"
"1814","    8.5 ","28/05/1944",0,0,22,8.5,"9032"
"1815","    9 ","29/05/1944",0,0,23,9,"9032"
"1816","    7 ","30/05/1944",0,0,23,7,"9032"
"1817","    8 ","31/05/1944",0,0,21,8,"9032"
"1818","   7 ","01/06/1944",10,0,23.1,7,"9032"
"1819","    8 ","02/06/1944",10,0,23,8,"9032"
"1820","    9 ","03/06/1944",0,0,23,9,"9032"
"1821","    9 ","04/06/1944",3.5,0,22,9,"9032"
"1822","    7 ","05/06/1944",0,0,22,7,"9032"
"1823","    8 ","06/06/1944",0,0,22,8,"9032"
"1824","    8.5 ","07/06/1944",0,0,23,8.5,"9032"
"1825","   7.5 ","08/06/1944",0,0,22.5,7.5,"9032"
"1826","    10 ","09/06/1944",5,0,21,10,"9032"
"1827","    10 ","10/06/1944",0,0,17,10,"9032"
"1828","    10 ","11/06/1944",9,0,17,10,"9032"
"1829","    10 ","12/06/1944",5.5,0,17,10,"9032"
"1830","    10 ","13/06/1944",18,0,16,10,"9032"
"1831","    10 ","14/06/1944",0,0,17,10,"9032"
"1832","    8.5 ","15/06/1944",0,0,17,8.5,"9032"
"1833","    9 ","16/06/1944",2,0,17,9,"9032"
"1834","    10 ","17/06/1944",10.5,0,18,10,"9032"
"1835","    10 ","18/06/1944",3.5,0,16,10,"9032"
"1836","    10 ","19/06/1944",0,0,17,10,"9032"
"1837","   9 ","20/06/1944",9,0,19.5,9,"9032"
"1838","    9 ","21/06/1944",16,0,18,9,"9032"
"1839","    10 ","22/06/1944",0,0,17,10,"9032"
"1840","   9 ","23/06/1944",0,0,16.5,9,"9032"
"1841","    9 ","24/06/1944",0,0,16,9,"9032"
"1842","    8 ","25/06/1944",0,0,17,8,"9032"
"1843","    9.5 ","26/06/1944",5,0,21,9.5,"9032"
"1844","    8 ","27/06/1944",3,0,21,8,"9032"
"1845","    12 ","28/06/1944",4.5,0,20,12,"9032"
"1846","    10 ","29/06/1944",0,0,20,10,"9032"
"1847","    11 ","30/06/1944",0,0,20,11,"9032"
"1848","    8 ","01/07/1944",12,0,18,8,"9032"
"1849","    8 ","02/07/1944",2,0,16,8,"9032"
"1850","    8 ","03/07/1944",3,0,18,8,"9032"
"1851","    8 ","04/07/1944",17,0,18,8,"9032"
"1852","    9 ","05/07/1944",5,0,18,9,"9032"
"1853","    9 ","06/07/1944",0,0,18,9,"9032"
"1854","    7 ","07/07/1944",0,0,19,7,"9032"
"1855","    8 ","08/07/1944",3.5,0,16,8,"9032"
"1856","    6 ","09/07/1944",0,0,20,6,"9032"
"1857","    7 ","10/07/1944",0,0,20,7,"9032"
"1858","    6.5 ","11/07/1944",17.5,0,20,6.5,"9032"
"1859","   8 ","12/07/1944",3,0,17.5,8,"9032"
"1860","    7 ","13/07/1944",6,0,18,7,"9032"
"1861","    8 ","14/07/1944",3.5,0,16,8,"9032"
"1862","    8 ","15/07/1944",0,0,17,8,"9032"
"1863","    9 ","16/07/1944",9,0,15,9,"9032"
"1864","    8 ","17/07/1944",0,0,17,8,"9032"
"1865","    6 ","18/07/1944",10,0,19,6,"9032"
"1866","    7.5 ","19/07/1944",0,0,17,7.5,"9032"
"1867","   7 ","20/07/1944",3.5,0,19.5,7,"9032"
"1868","    9 ","21/07/1944",0,0,21,9,"9032"
"1869","    9 ","22/07/1944",16.5,0,19,9,"9032"
"1870","    9 ","23/07/1944",3.5,0,19,9,"9032"
"1871","    9 ","24/07/1944",20,0,19,9,"9032"
"1872","    8.5 ","25/07/1944",0,0,20,8.5,"9032"
"1873","    10 ","26/07/1944",0,0,20,10,"9032"
"1874","    7 ","27/07/1944",3.5,0,17,7,"9032"
"1875","    6 ","28/07/1944",0,0,19,6,"9032"
"1876","    7.5 ","29/07/1944",0,0,19,7.5,"9032"
"1877","    6 ","30/07/1944",0,0,20,6,"9032"
"1878","    8 ","31/07/1944",0,0,21,8,"9032"
"1879","    10 ","01/08/1944",10,0,16,10,"9032"
"1880","    9.5 ","02/08/1944",3,0,18,9.5,"9032"
"1881","    9 ","03/08/1944",2,0,21,9,"9032"
"1882","    8.5 ","04/08/1944",0,0,18,8.5,"9032"
"1883","    8.5 ","05/08/1944",0,0,17,8.5,"9032"
"1884","    8.5 ","06/08/1944",0,0,20,8.5,"9032"
"1885","   8.5 ","07/08/1944",0,0,17.5,8.5,"9032"
"1886","   7 ","08/08/1944",3,0,16.5,7,"9032"
"1887","    7 ","09/08/1944",0,0,20,7,"9032"
"1888","   8 ","10/08/1944",0,0,19.5,8,"9032"
"1889","    6 ","11/08/1944",34,0,19,6,"9032"
"1890","    8 ","12/08/1944",0,0,18,8,"9032"
"1891","    6 ","13/08/1944",3,0,17,6,"9032"
"1892","    6 ","14/08/1944",6,0,18,6,"9032"
"1893","    9 ","15/08/1944",8.5,0,20,9,"9032"
"1894","    6.5 ","16/08/1944",10,0,20,6.5,"9032"
"1895","    7 ","17/08/1944",13,0,17,7,"9032"
"1896","    6 ","18/08/1944",14,0,17,6,"9032"
"1897","   6 ","19/08/1944",0,0,17.5,6,"9032"
"1898","    7 ","20/08/1944",0,0,18,7,"9032"
"1899","    9 ","21/08/1944",0,0,18,9,"9032"
"1900","    9 ","22/08/1944",0,0,19,9,"9032"
"1901","    10 ","23/08/1944",2.5,0,19,10,"9032"
"1902","    8 ","24/08/1944",7.5,0,16,8,"9032"
"1903","    9 ","25/08/1944",3.5,0,18,9,"9032"
"1904","    9 ","26/08/1944",29,0,17,9,"9032"
"1905","    8 ","27/08/1944",0,0,16,8,"9032"
"1906","    8 ","28/08/1944",0,0,17,8,"9032"
"1907","    8 ","29/08/1944",25,0,15,8,"9032"
"1908","    8 ","30/08/1944",2,0,14,8,"9032"
"1909","LO   NULO    8.5 ","31/08/1944",0,NA,NA,NA,"9032"
"1910","ULO   NULO","01/10/1944",0,0,NA,NA,"9032"
"1911","    10 ","02/10/1944",0,0,16,10,"9032"
"1912","    9.5 ","03/10/1944",0,0,19,9.5,"9032"
"1913","    7 ","04/10/1944",35,0,18,7,"9032"
"1914","    7 ","05/10/1944",35,0,19,7,"9032"
"1915","    8 ","06/10/1944",0,0,16,8,"9032"
"1916","    7 ","07/10/1944",0,0,16,7,"9032"
"1917","   8 ","08/10/1944",0,0,16.5,8,"9032"
"1918","    7.5 ","09/10/1944",0,0,19,7.5,"9032"
"1919","    8 ","10/10/1944",0,0,15,8,"9032"
"1920","    6.5 ","11/10/1944",0,0,14,6.5,"9032"
"1921","   3 ","12/10/1944",0,0,16.5,3,"9032"
"1922","    7 ","13/10/1944",0,0,16,7,"9032"
"1923","    1 ","14/10/1944",0,0,16,1,"9032"
"1924","    0 ","15/10/1944",0,0,10,0,"9032"
"1925","    4.5 ","16/10/1944",20,0,13,4.5,"9032"
"1926","   2 ","17/10/1944",0,0,12.5,2,"9032"
"1927","    2 ","18/10/1944",30,0,15,2,"9032"
"1928","    1.5 ","19/10/1944",0,0,15,1.5,"9032"
"1929","    3.5 ","20/10/1944",0,0,16,3.5,"9032"
"1930","    3 ","21/10/1944",0,0,15,3,"9032"
"1931","   -0.1 ","22/10/1944",0,0,13,-0.1,"9032"
"1932","    0 ","23/10/1944",0,0,15,0,"9032"
"1933","    3 ","24/10/1944",0,0,14,3,"9032"
"1934","   -1 ","25/10/1944",0,0,15,-1,"9032"
"1935","    4 ","26/10/1944",0,0,16,4,"9032"
"1936","    4 ","27/10/1944",0,0,15,4,"9032"
"1937","    4 ","28/10/1944",0,0,14,4,"9032"
"1938","    4 ","29/10/1944",0,0,15,4,"9032"
"1939","    4 ","30/10/1944",0,0,14,4,"9032"
"1940","    4 ","31/10/1944",0,0,17,4,"9032"
"1941","    4 ","01/11/1944",0,0,18,4,"9032"
"1942","    4 ","02/11/1944",0,0,18,4,"9032"
"1943","    4 ","03/11/1944",0,0,17,4,"9032"
"1944","    3.5 ","04/11/1944",20,0,15,3.5,"9032"
"1945","    3 ","05/11/1944",0,0,13,3,"9032"
"1946","    5 ","06/11/1944",0,0,16,5,"9032"
"1947","    4 ","07/11/1944",0,0,16,4,"9032"
"1948","    6 ","08/11/1944",0,0,18,6,"9032"
"1949","    5.5 ","09/11/1944",0,0,17,5.5,"9032"
"1950","    5 ","10/11/1944",0,0,17,5,"9032"
"1951","    6 ","11/11/1944",0,0,18,6,"9032"
"1952","    5 ","12/11/1944",0,0,18,5,"9032"
"1953","    4 ","13/11/1944",0,0,19,4,"9032"
"1954","    4.5 ","14/11/1944",0,0,19,4.5,"9032"
"1955","    5 ","15/11/1944",0,0,21,5,"9032"
"1956","    5 ","16/11/1944",0,0,20,5,"9032"
"1957","    5 ","17/11/1944",0,0,16,5,"9032"
"1958","    6 ","18/11/1944",0,0,16,6,"9032"
"1959","    6 ","19/11/1944",0,0,15,6,"9032"
"1960","    6 ","20/11/1944",0,0,19,6,"9032"
"1961","    5 ","21/11/1944",0,0,18,5,"9032"
"1962","    4 ","22/11/1944",0,0,17,4,"9032"
"1963","    4 ","23/11/1944",0,0,17,4,"9032"
"1964","    5 ","24/11/1944",0,0,17,5,"9032"
"1965","    4 ","25/11/1944",0,0,20,4,"9032"
"1966","    5 ","26/11/1944",0,0,20,5,"9032"
"1967","    4 ","27/11/1944",0,0,19,4,"9032"
"1968","    6 ","28/11/1944",0,0,19,6,"9032"
"1969","    6 ","29/11/1944",0,0,15,6,"9032"
"1970","   -1 ","30/11/1944",0,0,16,-1,"9032"
"1971","    2 ","01/12/1944",0,0,17,2,"9032"
"1972","    3 ","02/12/1944",0,0,14,3,"9032"
"1973","    1 ","03/12/1944",0,0,15,1,"9032"
"1974","    1 ","04/12/1944",0,0,17,1,"9032"
"1975","    4 ","05/12/1944",0,0,18,4,"9032"
"1976","    4 ","06/12/1944",0,0,17,4,"9032"
"1977","    0 ","07/12/1944",0,0,15,0,"9032"
"1978","    0 ","08/12/1944",0,0,17,0,"9032"
"1979","    0 ","09/12/1944",0,0,17,0,"9032"
"1980","    4 ","10/12/1944",0,0,15,4,"9032"
"1981","    3 ","11/12/1944",0,0,10,3,"9032"
"1982","    3 ","12/12/1944",0,0,10,3,"9032"
"1983","    3 ","13/12/1944",0,0,14,3,"9032"
"1984","    1 ","14/12/1944",0,0,15,1,"9032"
"1985","   1 ","15/12/1944",0,0,14.5,1,"9032"
"1986","    0 ","16/12/1944",0,0,16,0,"9032"
"1987","    1 ","17/12/1944",0,0,16,1,"9032"
"1988","    2 ","18/12/1944",0,0,15,2,"9032"
"1989","    3 ","19/12/1944",0,0,16,3,"9032"
"1990","    0 ","20/12/1944",0,0,17,0,"9032"
"1991","    0 ","21/12/1944",0,0,16,0,"9032"
"1992","    2 ","22/12/1944",0,0,17,2,"9032"
"1993","    2 ","23/12/1944",0,0,18,2,"9032"
"1994","    3 ","24/12/1944",0,0,18,3,"9032"
"1995","    3 ","25/12/1944",0,0,18,3,"9032"
"1996","    4 ","26/12/1944",0,0,19,4,"9032"
"1997","    2 ","27/12/1944",0,0,16,2,"9032"
"1998","    0 ","28/12/1944",0,0,17,0,"9032"
"1999","    0 ","29/12/1944",0,0,17,0,"9032"
"2000","    3 ","30/12/1944",0,0,15,3,"9032"
"2001","    4 ","01/01/1945",0,0,15,4,"9032"
"2002","    2 ","02/01/1945",0,0,17,2,"9032"
"2003","    4 ","03/01/1945",0,0,16,4,"9032"
"2004","    2 ","04/01/1945",0,0,18,2,"9032"
"2005","    1 ","05/01/1945",0,0,17,1,"9032"
"2006","    4 ","06/01/1945",0,0,17,4,"9032"
"2007","    4 ","07/01/1945",0,0,15,4,"9032"
"2008","    4 ","08/01/1945",0,0,16,4,"9032"
"2009","    3 ","09/01/1945",0,0,17,3,"9032"
"2010","    4 ","10/01/1945",0,0,12,4,"9032"
"2011","    0 ","11/01/1945",0,0,15,0,"9032"
"2012","    2 ","12/01/1945",0,0,17,2,"9032"
"2013","    3 ","13/01/1945",0,0,18,3,"9032"
"2014","    5 ","14/01/1945",0,0,16,5,"9032"
"2015","    1 ","15/01/1945",0,0,15,1,"9032"
"2016","    0 ","16/01/1945",0,0,15,0,"9032"
"2017","    2 ","17/01/1945",0,0,16,2,"9032"
"2018","    4 ","18/01/1945",0,0,17,4,"9032"
"2019","    4 ","19/01/1945",0,0,17,4,"9032"
"2020","    4 ","20/01/1945",0,0,18,4,"9032"
"2021","    4 ","21/01/1945",0,0,18,4,"9032"
"2022","    3 ","22/01/1945",0,0,20,3,"9032"
"2023","    3 ","23/01/1945",0,0,14,3,"9032"
"2024","    3 ","24/01/1945",0,0,18,3,"9032"
"2025","    4 ","25/01/1945",0,0,18,4,"9032"
"2026","    4 ","26/01/1945",0,0,19,4,"9032"
"2027","    4 ","27/01/1945",0,0,19,4,"9032"
"2028","    4 ","28/01/1945",0,0,18,4,"9032"
"2029","    4.5 ","29/01/1945",0,0,18,4.5,"9032"
"2030","    4 ","30/01/1945",0,0,19,4,"9032"
"2031","    4 ","31/01/1945",0,0,17,4,"9032"
"2032","    5 ","01/02/1945",0,0,19,5,"9032"
"2033","    5 ","02/02/1945",0,0,20,5,"9032"
"2034","    5 ","03/02/1945",0,0,19,5,"9032"
"2035","    6 ","04/02/1945",0,0,15,6,"9032"
"2036","    4 ","05/02/1945",0,0,17,4,"9032"
"2037","    3 ","06/02/1945",0,0,17,3,"9032"
"2038","    4 ","07/02/1945",0,0,17,4,"9032"
"2039","    3 ","08/02/1945",0,0,16,3,"9032"
"2040","    4 ","09/02/1945",0,0,18,4,"9032"
"2041","    4 ","10/02/1945",0,0,18,4,"9032"
"2042","    3 ","11/02/1945",0,0,17,3,"9032"
"2043","    4 ","12/02/1945",0,0,17,4,"9032"
"2044","    3 ","13/02/1945",0,0,19,3,"9032"
"2045","    3 ","14/02/1945",0,0,20,3,"9032"
"2046","    4 ","15/02/1945",0,0,20,4,"9032"
"2047","    4 ","16/02/1945",0,0,25,4,"9032"
"2048","    5 ","17/02/1945",0,0,21,5,"9032"
"2049","    4 ","18/02/1945",0,0,20,4,"9032"
"2050","    4 ","19/02/1945",0,0,20,4,"9032"
"2051","    5 ","20/02/1945",0,0,19,5,"9032"
"2052","    4 ","21/02/1945",0,0,18,4,"9032"
"2053","    4 ","22/02/1945",0,0,18,4,"9032"
"2054","    5 ","23/02/1945",0,0,20,5,"9032"
"2055","    3 ","24/02/1945",0,0,20,3,"9032"
"2056","    4 ","25/02/1945",0,0,19,4,"9032"
"2057","    3.5 ","26/02/1945",0,0,20,3.5,"9032"
"2058","    5 ","27/02/1945",0,0,26,5,"9032"
"2059","    5 ","28/02/1945",0,0,21,5,"9032"
"2060","    5 ","01/03/1945",0,0,20,5,"9032"
"2061","    5 ","02/03/1945",0,0,20,5,"9032"
"2062","    5 ","03/03/1945",0,0,21,5,"9032"
"2063","    6 ","04/03/1945",0,0,22,6,"9032"
"2064","    5 ","05/03/1945",0,0,22,5,"9032"
"2065","    6 ","06/03/1945",0,0,23,6,"9032"
"2066","    5 ","07/03/1945",0,0,21,5,"9032"
"2067","    6 ","08/03/1945",0,0,20,6,"9032"
"2068","    6 ","09/03/1945",0,0,18,6,"9032"
"2069","    4 ","10/03/1945",0,0,20,4,"9032"
"2070","    5 ","11/03/1945",0,0,21,5,"9032"
"2071","    5 ","12/03/1945",0,0,23,5,"9032"
"2072","    6 ","13/03/1945",0,0,20,6,"9032"
"2073","    6 ","14/03/1945",0,0,23,6,"9032"
"2074","    6 ","15/03/1945",0,0,21,6,"9032"
"2075","    7 ","16/03/1945",0,0,25,7,"9032"
"2076","    7 ","17/03/1945",0,0,24,7,"9032"
"2077","    5 ","18/03/1945",0,0,22,5,"9032"
"2078","    7 ","19/03/1945",0,0,22,7,"9032"
"2079","    6 ","20/03/1945",20,0,18,6,"9032"
"2080","    5 ","21/03/1945",0,0,18,5,"9032"
"2081","    5 ","22/03/1945",0,0,20,5,"9032"
"2082","    5 ","23/03/1945",35,0,20,5,"9032"
"2083","    5 ","24/03/1945",0,0,20,5,"9032"
"2084","    5 ","25/03/1945",0,0,21,5,"9032"
"2085","    5 ","26/03/1945",0,0,21,5,"9032"
"2086","    5 ","27/03/1945",0,0,24,5,"9032"
"2087","    7 ","28/03/1945",0,0,24,7,"9032"
"2088","    7.5 ","29/03/1945",0,0,25,7.5,"9032"
"2089","    8 ","30/03/1945",0,0,25,8,"9032"
"2090","LO   NULO    7 ","31/03/1945",0,NA,NA,NA,"9032"
"2091","    9 ","01/04/1945",0,0,21,9,"9032"
"2092","    7 ","02/04/1945",0,0,26,7,"9032"
"2093","    9 ","03/04/1945",0,0,26,9,"9032"
"2094","    8 ","04/04/1945",0,0,24,8,"9032"
"2095","    5 ","05/04/1945",0,0,21,5,"9032"
"2096","    5 ","06/04/1945",0,0,21,5,"9032"
"2097","    4 ","07/04/1945",0,0,20,4,"9032"
"2098","    4 ","08/04/1945",0,0,20,4,"9032"
"2099","    4 ","09/04/1945",0,0,22,4,"9032"
"2100","    7 ","10/04/1945",0,0,29,7,"9032"
"2101","    8 ","11/04/1945",0,0,23,8,"9032"
"2102","    8 ","12/04/1945",0,0,22,8,"9032"
"2103","    7 ","13/04/1945",0,0,23,7,"9032"
"2104","    8 ","14/04/1945",0,0,22,8,"9032"
"2105","    8 ","15/04/1945",0,0,23,8,"9032"
"2106","    8 ","16/04/1945",0,0,25,8,"9032"
"2107","    8 ","17/04/1945",0,0,25,8,"9032"
"2108","    8 ","18/04/1945",0,0,25,8,"9032"
"2109","    8 ","19/04/1945",0,0,25,8,"9032"
"2110","    7 ","20/04/1945",0,0,21,7,"9032"
"2111","    5 ","21/04/1945",0,0,23,5,"9032"
"2112","    7 ","22/04/1945",0,0,23,7,"9032"
"2113","    8 ","23/04/1945",0,0,24,8,"9032"
"2114","    9 ","24/04/1945",0,0,24,9,"9032"
"2115","    9 ","25/04/1945",0,0,24,9,"9032"
"2116","    9 ","26/04/1945",0,0,26,9,"9032"
"2117","    9 ","27/04/1945",0,0,25,9,"9032"
"2118","    8 ","28/04/1945",0,0,26,8,"9032"
"2119","    9 ","29/04/1945",0,0,25,9,"9032"
"2120","    7 ","30/04/1945",0,0,24,7,"9032"
"2121","    6 ","01/05/1945",0,0,25,6,"9032"
"2122","    6 ","02/05/1945",0,0,25,6,"9032"
"2123","    5 ","03/05/1945",0,0,25,5,"9032"
"2124","    6.5 ","04/05/1945",0,0,24,6.5,"9032"
"2125","    6 ","05/05/1945",0,0,19,6,"9032"
"2126","    6 ","06/05/1945",0,0,19,6,"9032"
"2127","    7 ","07/05/1945",0,0,20,7,"9032"
"2128","    7 ","08/05/1945",0,0,22,7,"9032"
"2129","    9 ","09/05/1945",0,0,22,9,"9032"
"2130","    8 ","10/05/1945",0,0,23,8,"9032"
"2131","    8 ","11/05/1945",0,0,21,8,"9032"
"2132","    5 ","12/05/1945",0,0,22,5,"9032"
"2133","    9 ","13/05/1945",0,0,23,9,"9032"
"2134","    7 ","14/05/1945",0,0,23,7,"9032"
"2135","    7 ","15/05/1945",0,0,24,7,"9032"
"2136","    7 ","16/05/1945",6.5,0,24,7,"9032"
"2137","    7 ","17/05/1945",0,0,24,7,"9032"
"2138","    6 ","18/05/1945",0,0,24,6,"9032"
"2139","    5 ","19/05/1945",0,0,21,5,"9032"
"2140","    8 ","20/05/1945",0,0,22,8,"9032"
"2141","    9 ","21/05/1945",0,0,23,9,"9032"
"2142","    5 ","22/05/1945",0,0,21,5,"9032"
"2143","    8 ","23/05/1945",0,0,23,8,"9032"
"2144","    7 ","24/05/1945",0,0,23,7,"9032"
"2145","    5 ","25/05/1945",0,0,25,5,"9032"
"2146","    6 ","26/05/1945",0,0,24,6,"9032"
"2147","    5 ","27/05/1945",0,0,23,5,"9032"
"2148","    6 ","28/05/1945",0,0,22,6,"9032"
"2149","    7 ","29/05/1945",0,0,21,7,"9032"
"2150","    8 ","30/05/1945",15,0,22,8,"9032"
"2151","    8 ","31/05/1945",0,0,21,8,"9032"
"2152","    9 ","01/06/1945",20,0,20,9,"9032"
"2153","    8 ","02/06/1945",0,0,21,8,"9032"
"2154","   9 ","03/06/1945",8,0,20.5,9,"9032"
"2155","    9 ","04/06/1945",20,0,21,9,"9032"
"2156","    8 ","05/06/1945",6,0,18,8,"9032"
"2157","    7 ","06/06/1945",0,0,21,7,"9032"
"2158","    8 ","07/06/1945",0,0,21,8,"9032"
"2159","    9 ","08/06/1945",0,0,22,9,"9032"
"2160","    11 ","09/06/1945",3.5,0,23,11,"9032"
"2161","    10 ","10/06/1945",6.5,0,23,10,"9032"
"2162","    9 ","11/06/1945",0,0,22,9,"9032"
"2163","    10 ","12/06/1945",13,0,23,10,"9032"
"2164","    9 ","13/06/1945",6,0,19,9,"9032"
"2165","    8 ","14/06/1945",0,0,20,8,"9032"
"2166","    8 ","15/06/1945",5,0,21,8,"9032"
"2167","    8 ","16/06/1945",9,0,19,8,"9032"
"2168","    8 ","17/06/1945",0,0,19,8,"9032"
"2169","    6 ","18/06/1945",0,0,20,6,"9032"
"2170","    7 ","19/06/1945",0,0,19,7,"9032"
"2171","    6 ","20/06/1945",0,0,18,6,"9032"
"2172","    6 ","21/06/1945",0,0,19,6,"9032"
"2173","    7 ","22/06/1945",0,0,20,7,"9032"
"2174","    9 ","23/06/1945",0,0,20,9,"9032"
"2175","    9 ","24/06/1945",0,0,22,9,"9032"
"2176","    8 ","25/06/1945",0,0,20,8,"9032"
"2177","    4 ","26/06/1945",0,0,21,4,"9032"
"2178","    6 ","27/06/1945",0,0,19,6,"9032"
"2179","    10 ","28/06/1945",0,0,17,10,"9032"
"2180","    10 ","29/06/1945",0,0,20,10,"9032"
"2181","    8 ","30/06/1945",0,0,20,8,"9032"
"2182","    9 ","01/07/1945",0,0,19,9,"9032"
"2183","    9 ","02/07/1945",0,0,17,9,"9032"
"2184","    8 ","03/07/1945",0,0,18,8,"9032"
"2185","    7 ","04/07/1945",0,0,19,7,"9032"
"2186","    8 ","05/07/1945",0,0,16,8,"9032"
"2187","    8 ","06/07/1945",0,0,20,8,"9032"
"2188","    8 ","07/07/1945",0,0,18,8,"9032"
"2189","    7 ","08/07/1945",0,0,17,7,"9032"
"2190","    7 ","09/07/1945",10,0,20,7,"9032"
"2191","    8 ","10/07/1945",5,0,21,8,"9032"
"2192","    7 ","11/07/1945",0,0,19,7,"9032"
"2193","    8 ","12/07/1945",0,0,19,8,"9032"
"2194","    8 ","13/07/1945",0,0,18,8,"9032"
"2195","    8 ","14/07/1945",0,0,19,8,"9032"
"2196","    7.5 ","15/07/1945",0,0,18,7.5,"9032"
"2197","    8 ","16/07/1945",30,0,19,8,"9032"
"2198","    8 ","17/07/1945",0,0,19,8,"9032"
"2199","    8 ","18/07/1945",7,0,19,8,"9032"
"2200","    8 ","19/07/1945",20,0,19,8,"9032"
"2201","    7 ","20/07/1945",6,0,16,7,"9032"
"2202","    7 ","21/07/1945",0,0,17,7,"9032"
"2203","    9 ","22/07/1945",0,0,18,9,"9032"
"2204","    8 ","23/07/1945",8,0,18,8,"9032"
"2205","    7 ","24/07/1945",0,0,19,7,"9032"
"2206","   9 ","25/07/1945",0,0,19.5,9,"9032"
"2207","    8 ","26/07/1945",0,0,18,8,"9032"
"2208","    7 ","27/07/1945",0,0,19,7,"9032"
"2209","    8 ","28/07/1945",15,0,18,8,"9032"
"2210","    7 ","29/07/1945",0,0,17,7,"9032"
"2211","    7 ","30/07/1945",20,0,16,7,"9032"
"2212","    6 ","31/07/1945",0,0,16,6,"9032"
"2213","    7 ","01/08/1945",5,0,17,7,"9032"
"2214","    7.5 ","02/08/1945",20,0,16,7.5,"9032"
"2215","    8 ","03/08/1945",1.5,0,16,8,"9032"
"2216","    7 ","04/08/1945",10,0,12,7,"9032"
"2217","    6 ","05/08/1945",5,0,11,6,"9032"
"2218","    7 ","06/08/1945",3,0,16,7,"9032"
"2219","    7 ","07/08/1945",0,0,17,7,"9032"
"2220","    8 ","08/08/1945",0,0,15,8,"9032"
"2221","    7 ","09/08/1945",3,0,17,7,"9032"
"2222","    8 ","10/08/1945",8,0,17,8,"9032"
"2223","    8 ","11/08/1945",4,0,14,8,"9032"
"2224","    7 ","12/08/1945",15,0,18,7,"9032"
"2225","    9 ","13/08/1945",0,0,15,9,"9032"
"2226","    9 ","14/08/1945",3,0,17,9,"9032"
"2227","    6 ","15/08/1945",0,0,16,6,"9032"
"2228","    9 ","16/08/1945",0,0,19,9,"9032"
"2229","    8 ","17/08/1945",0,0,19,8,"9032"
"2230","    7.5 ","18/08/1945",18,0,19,7.5,"9032"
"2231","    7 ","19/08/1945",0,0,18,7,"9032"
"2232","    7 ","20/08/1945",0,0,17,7,"9032"
"2233","    8 ","21/08/1945",3,0,16,8,"9032"
"2234","    8 ","22/08/1945",20,0,15,8,"9032"
"2235","    8 ","23/08/1945",0,0,14,8,"9032"
"2236","    8 ","24/08/1945",13,0,15,8,"9032"
"2237","    8.5 ","25/08/1945",11,0,17,8.5,"9032"
"2238","    9 ","26/08/1945",8,0,18,9,"9032"
"2239","    8 ","27/08/1945",5,0,19,8,"9032"
"2240","    9 ","28/08/1945",6,0,20,9,"9032"
"2241","    8 ","29/08/1945",13,0,19,8,"9032"
"2242","    8 ","30/08/1945",0,0,18,8,"9032"
"2243","    8 ","31/08/1945",0,0,18,8,"9032"
"2244","    8 ","01/09/1945",0,0,19,8,"9032"
"2245","    7 ","02/09/1945",0,0,15,7,"9032"
"2246","    7 ","03/09/1945",3.5,0,13,7,"9032"
"2247","    7 ","04/09/1945",0,0,16,7,"9032"
"2248","    7 ","05/09/1945",7.5,0,18,7,"9032"
"2249","    7 ","06/09/1945",0,0,20,7,"9032"
"2250","    8 ","07/09/1945",0,0,20,8,"9032"
"2251","    8 ","08/09/1945",0,0,20,8,"9032"
"2252","    5 ","09/09/1945",0,0,20,5,"9032"
"2253","    5 ","10/09/1945",7,0,11,5,"9032"
"2254","    6.5 ","11/09/1945",7,0,10,6.5,"9032"
"2255","    6 ","12/09/1945",7,0,12,6,"9032"
"2256","    2.5 ","13/09/1945",1,0,20,2.5,"9032"
"2257","    3 ","14/09/1945",0,0,17,3,"9032"
"2258","    4 ","15/09/1945",5,0,16,4,"9032"
"2259","    6 ","16/09/1945",5,0,17,6,"9032"
"2260","    7.5 ","17/09/1945",6,0,12,7.5,"9032"
"2261","   9 ","18/09/1945",18.8,0,12.5,9,"9032"
"2262","    8.5 ","19/09/1945",0,0,13,8.5,"9032"
"2263","    8 ","20/09/1945",15,0,17,8,"9032"
"2264","    7 ","21/09/1945",30,0,17,7,"9032"
"2265","    7 ","22/09/1945",0,0,18,7,"9032"
"2266","    8 ","23/09/1945",0,0,16,8,"9032"
"2267","    8 ","24/09/1945",3,0,19,8,"9032"
"2268","    9 ","25/09/1945",0,0,19,9,"9032"
"2269","    9 ","26/09/1945",17,0,17,9,"9032"
"2270","    7 ","27/09/1945",0,0,17,7,"9032"
"2271","    7 ","28/09/1945",0,0,16,7,"9032"
"2272","    7.5 ","29/09/1945",12,0,16,7.5,"9032"
"2273","ULO   NULO","01/01/1955",0,0,NA,NA,"9032"
"2274","ULO   NULO","02/01/1955",0,0,NA,NA,"9032"
"2275","ULO   NULO","03/01/1955",0,0,NA,NA,"9032"
"2276","ULO   NULO","04/01/1955",0,0,NA,NA,"9032"
"2277","ULO   NULO","05/01/1955",0,0,NA,NA,"9032"
"2278","ULO   NULO","06/01/1955",0,0,NA,NA,"9032"
"2279","ULO   NULO","07/01/1955",0,0,NA,NA,"9032"
"2280","ULO   NULO","08/01/1955",0,0,NA,NA,"9032"
"2281","ULO   NULO","09/01/1955",0,0,NA,NA,"9032"
"2282","ULO   NULO","10/01/1955",0,0,NA,NA,"9032"
"2283","ULO   NULO","11/01/1955",0,0,NA,NA,"9032"
"2284","ULO   NULO","12/01/1955",0,0,NA,NA,"9032"
"2285","ULO   NULO","13/01/1955",0,0,NA,NA,"9032"
"2286","ULO   NULO","14/01/1955",0,0,NA,NA,"9032"
"2287","ULO   NULO","15/01/1955",0,0,NA,NA,"9032"
"2288","ULO   NULO","16/01/1955",0,0,NA,NA,"9032"
"2289","ULO   NULO","17/01/1955",0,0,NA,NA,"9032"
"2290","ULO   NULO","18/01/1955",0,0,NA,NA,"9032"
"2291","ULO   NULO","19/01/1955",0,0,NA,NA,"9032"
"2292","ULO   NULO","20/01/1955",0,0,NA,NA,"9032"
"2293","ULO   NULO","21/01/1955",0,0,NA,NA,"9032"
"2294","ULO   NULO","22/01/1955",0,0,NA,NA,"9032"
"2295","ULO   NULO","23/01/1955",0,0,NA,NA,"9032"
"2296","ULO   NULO","24/01/1955",0,0,NA,NA,"9032"
"2297","ULO   NULO","25/01/1955",0,0,NA,NA,"9032"
"2298","ULO   NULO","26/01/1955",0,0,NA,NA,"9032"
"2299","ULO   NULO","27/01/1955",0,0,NA,NA,"9032"
"2300","ULO   NULO","28/01/1955",0,0,NA,NA,"9032"
"2301","ULO   NULO","29/01/1955",1.5,0,NA,NA,"9032"
"2302","ULO   NULO","30/01/1955",0,0,NA,NA,"9032"
"2303","ULO   NULO","31/01/1955",0,0,NA,NA,"9032"
"2304","ULO   NULO","01/02/1955",0,0,NA,NA,"9032"
"2305","ULO   NULO","02/02/1955",0,0,NA,NA,"9032"
"2306","ULO   NULO","03/02/1955",0,0,NA,NA,"9032"
"2307","ULO   NULO","04/02/1955",0,0,NA,NA,"9032"
"2308","ULO   NULO","05/02/1955",0,0,NA,NA,"9032"
"2309","ULO   NULO","06/02/1955",0,0,NA,NA,"9032"
"2310","ULO   NULO","07/02/1955",0,0,NA,NA,"9032"
"2311","ULO   NULO","08/02/1955",0,0,NA,NA,"9032"
"2312","ULO   NULO","09/02/1955",0,0,NA,NA,"9032"
"2313","ULO   NULO","10/02/1955",0,0,NA,NA,"9032"
"2314","ULO   NULO","11/02/1955",0,0,NA,NA,"9032"
"2315","ULO   NULO","12/02/1955",0,0,NA,NA,"9032"
"2316","ULO   NULO","13/02/1955",0,0,NA,NA,"9032"
"2317","ULO   NULO","14/02/1955",0,0,NA,NA,"9032"
"2318","ULO   NULO","15/02/1955",0,0,NA,NA,"9032"
"2319","ULO   NULO","16/02/1955",0,0,NA,NA,"9032"
"2320","ULO   NULO","17/02/1955",0,0,NA,NA,"9032"
"2321","ULO   NULO","18/02/1955",0,0,NA,NA,"9032"
"2322","ULO   NULO","19/02/1955",0,0,NA,NA,"9032"
"2323","ULO   NULO","20/02/1955",0,0,NA,NA,"9032"
"2324","ULO   NULO","21/02/1955",0,0,NA,NA,"9032"
"2325","ULO   NULO","22/02/1955",0,0,NA,NA,"9032"
"2326","ULO   NULO","23/02/1955",0,0,NA,NA,"9032"
"2327","ULO   NULO","24/02/1955",0,0,NA,NA,"9032"
"2328","ULO   NULO","25/02/1955",0,0,NA,NA,"9032"
"2329","ULO   NULO","26/02/1955",0,0,NA,NA,"9032"
"2330","ULO   NULO","27/02/1955",0,0,NA,NA,"9032"
"2331","ULO   NULO","28/02/1955",0,0,NA,NA,"9032"
"2332","ULO   NULO","01/03/1955",0,0,NA,NA,"9032"
"2333","ULO   NULO","02/03/1955",0,0,NA,NA,"9032"
"2334","ULO   NULO","03/03/1955",0,0,NA,NA,"9032"
"2335","ULO   NULO","04/03/1955",0,0,NA,NA,"9032"
"2336","ULO   NULO","05/03/1955",0,0,NA,NA,"9032"
"2337","ULO   NULO","06/03/1955",0,0,NA,NA,"9032"
"2338","ULO   NULO","07/03/1955",0,0,NA,NA,"9032"
"2339","ULO   NULO","08/03/1955",0,0,NA,NA,"9032"
"2340","ULO   NULO","09/03/1955",0,0,NA,NA,"9032"
"2341","ULO   NULO","10/03/1955",0,0,NA,NA,"9032"
"2342","ULO   NULO","11/03/1955",0,0,NA,NA,"9032"
"2343","ULO   NULO","12/03/1955",0,0,NA,NA,"9032"
"2344","ULO   NULO","13/03/1955",0,0,NA,NA,"9032"
"2345","ULO   NULO","14/03/1955",0,0,NA,NA,"9032"
"2346","ULO   NULO","15/03/1955",0,0,NA,NA,"9032"
"2347","ULO   NULO","16/03/1955",0,0,NA,NA,"9032"
"2348","ULO   NULO","17/03/1955",0,0,NA,NA,"9032"
"2349","ULO   NULO","18/03/1955",0,0,NA,NA,"9032"
"2350","ULO   NULO","19/03/1955",0,0,NA,NA,"9032"
"2351","ULO   NULO","20/03/1955",0,0,NA,NA,"9032"
"2352","ULO   NULO","21/03/1955",0,0,NA,NA,"9032"
"2353","ULO   NULO","22/03/1955",0,0,NA,NA,"9032"
"2354","ULO   NULO","23/03/1955",0,0,NA,NA,"9032"
"2355","ULO   NULO","24/03/1955",0,0,NA,NA,"9032"
"2356","ULO   NULO","25/03/1955",0,0,NA,NA,"9032"
"2357","ULO   NULO","26/03/1955",0,0,NA,NA,"9032"
"2358","ULO   NULO","27/03/1955",0,0,NA,NA,"9032"
"2359","ULO   NULO","28/03/1955",15,0,NA,NA,"9032"
"2360","ULO   NULO","29/03/1955",0,0,NA,NA,"9032"
"2361","ULO   NULO","30/03/1955",0,0,NA,NA,"9032"
"2362","ULO   NULO","31/03/1955",0,0,NA,NA,"9032"
"2363","ULO   NULO","01/04/1955",0,0,NA,NA,"9032"
"2364","ULO   NULO","02/04/1955",0,0,NA,NA,"9032"
"2365","ULO   NULO","03/04/1955",0,0,NA,NA,"9032"
"2366","ULO   NULO","04/04/1955",0,0,NA,NA,"9032"
"2367","ULO   NULO","05/04/1955",0,0,NA,NA,"9032"
"2368","ULO   NULO","06/04/1955",0,0,NA,NA,"9032"
"2369","ULO   NULO","07/04/1955",0,0,NA,NA,"9032"
"2370","ULO   NULO","08/04/1955",0,0,NA,NA,"9032"
"2371","ULO   NULO","09/04/1955",0,0,NA,NA,"9032"
"2372","ULO   NULO","10/04/1955",0,0,NA,NA,"9032"
"2373","ULO   NULO","11/04/1955",0,0,NA,NA,"9032"
"2374","ULO   NULO","12/04/1955",0,0,NA,NA,"9032"
"2375","ULO   NULO","13/04/1955",0,0,NA,NA,"9032"
"2376","ULO   NULO","14/04/1955",0,0,NA,NA,"9032"
"2377","ULO   NULO","15/04/1955",0,0,NA,NA,"9032"
"2378","ULO   NULO","16/04/1955",0,0,NA,NA,"9032"
"2379","ULO   NULO","17/04/1955",0,0,NA,NA,"9032"
"2380","ULO   NULO","18/04/1955",0,0,NA,NA,"9032"
"2381","ULO   NULO","19/04/1955",0,0,NA,NA,"9032"
"2382","ULO   NULO","20/04/1955",0,0,NA,NA,"9032"
"2383","ULO   NULO","21/04/1955",0,0,NA,NA,"9032"
"2384","ULO   NULO","22/04/1955",0,0,NA,NA,"9032"
"2385","ULO   NULO","23/04/1955",0,0,NA,NA,"9032"
"2386","ULO   NULO","24/04/1955",0,0,NA,NA,"9032"
"2387","ULO   NULO","25/04/1955",0,0,NA,NA,"9032"
"2388","ULO   NULO","26/04/1955",0,0,NA,NA,"9032"
"2389","ULO   NULO","27/04/1955",0,0,NA,NA,"9032"
"2390","ULO   NULO","28/04/1955",0,0,NA,NA,"9032"
"2391","ULO   NULO","29/04/1955",0,0,NA,NA,"9032"
"2392","ULO   NULO","30/04/1955",0,0,NA,NA,"9032"
"2393","ULO   NULO","01/05/1955",0,0,NA,NA,"9032"
"2394","ULO   NULO","02/05/1955",0,0,NA,NA,"9032"
"2395","ULO   NULO","03/05/1955",0,0,NA,NA,"9032"
"2396","ULO   NULO","04/05/1955",0,0,NA,NA,"9032"
"2397","ULO   NULO","05/05/1955",0,0,NA,NA,"9032"
"2398","ULO   NULO","06/05/1955",0,0,NA,NA,"9032"
"2399","ULO   NULO","07/05/1955",0,0,NA,NA,"9032"
"2400","ULO   NULO","08/05/1955",0,0,NA,NA,"9032"
"2401","ULO   NULO","09/05/1955",15,0,NA,NA,"9032"
"2402","ULO   NULO","10/05/1955",12,0,NA,NA,"9032"
"2403","ULO   NULO","11/05/1955",29,0,NA,NA,"9032"
"2404","ULO   NULO","12/05/1955",15,0,NA,NA,"9032"
"2405","ULO   NULO","13/05/1955",1.5,0,NA,NA,"9032"
"2406","ULO   NULO","14/05/1955",0,0,NA,NA,"9032"
"2407","ULO   NULO","15/05/1955",0,0,NA,NA,"9032"
"2408","ULO   NULO","16/05/1955",0,0,NA,NA,"9032"
"2409","ULO   NULO","17/05/1955",0,0,NA,NA,"9032"
"2410","ULO   NULO","18/05/1955",0,0,NA,NA,"9032"
"2411","ULO   NULO","19/05/1955",1.5,0,NA,NA,"9032"
"2412","ULO   NULO","20/05/1955",0,0,NA,NA,"9032"
"2413","ULO   NULO","21/05/1955",0,0,NA,NA,"9032"
"2414","ULO   NULO","22/05/1955",1.5,0,NA,NA,"9032"
"2415","ULO   NULO","23/05/1955",0,0,NA,NA,"9032"
"2416","ULO   NULO","24/05/1955",0,0,NA,NA,"9032"
"2417","ULO   NULO","25/05/1955",31,0,NA,NA,"9032"
"2418","ULO   NULO","26/05/1955",15,0,NA,NA,"9032"
"2419","ULO   NULO","27/05/1955",0,0,NA,NA,"9032"
"2420","ULO   NULO","28/05/1955",0,0,NA,NA,"9032"
"2421","ULO   NULO","29/05/1955",0,0,NA,NA,"9032"
"2422","ULO   NULO","30/05/1955",0,0,NA,NA,"9032"
"2423","ULO   NULO","31/05/1955",0,0,NA,NA,"9032"
"2424","ULO   NULO","01/06/1955",0,0,NA,NA,"9032"
"2425","ULO   NULO","02/06/1955",0,0,NA,NA,"9032"
"2426","ULO   NULO","03/06/1955",0,0,NA,NA,"9032"
"2427","ULO   NULO","04/06/1955",2,0,NA,NA,"9032"
"2428","ULO   NULO","05/06/1955",0,0,NA,NA,"9032"
"2429","ULO   NULO","06/06/1955",8,0,NA,NA,"9032"
"2430","ULO   NULO","07/06/1955",10.5,0,NA,NA,"9032"
"2431","ULO   NULO","08/06/1955",0,0,NA,NA,"9032"
"2432","ULO   NULO","09/06/1955",0,0,NA,NA,"9032"
"2433","ULO   NULO","10/06/1955",0,0,NA,NA,"9032"
"2434","ULO   NULO","11/06/1955",0,0,NA,NA,"9032"
"2435","ULO   NULO","12/06/1955",0,0,NA,NA,"9032"
"2436","ULO   NULO","13/06/1955",10.5,0,NA,NA,"9032"
"2437","ULO   NULO","14/06/1955",0,0,NA,NA,"9032"
"2438","ULO   NULO","15/06/1955",5,0,NA,NA,"9032"
"2439","ULO   NULO","16/06/1955",6.5,0,NA,NA,"9032"
"2440","ULO   NULO","17/06/1955",0,0,NA,NA,"9032"
"2441","ULO   NULO","18/06/1955",0,0,NA,NA,"9032"
"2442","ULO   NULO","19/06/1955",0,0,NA,NA,"9032"
"2443","ULO   NULO","20/06/1955",0,0,NA,NA,"9032"
"2444","ULO   NULO","21/06/1955",0,0,NA,NA,"9032"
"2445","ULO   NULO","22/06/1955",0,0,NA,NA,"9032"
"2446","ULO   NULO","23/06/1955",6.5,0,NA,NA,"9032"
"2447","ULO   NULO","24/06/1955",8.5,0,NA,NA,"9032"
"2448","ULO   NULO","25/06/1955",0,0,NA,NA,"9032"
"2449","ULO   NULO","26/06/1955",1.5,0,NA,NA,"9032"
"2450","ULO   NULO","27/06/1955",0,0,NA,NA,"9032"
"2451","ULO   NULO","28/06/1955",5.5,0,NA,NA,"9032"
"2452","ULO   NULO","29/06/1955",8.5,0,NA,NA,"9032"
"2453","ULO   NULO","30/06/1955",0,0,NA,NA,"9032"
"2454","ULO   NULO","01/07/1955",11,0,NA,NA,"9032"
"2455","ULO   NULO","02/07/1955",2,0,NA,NA,"9032"
"2456","ULO   NULO","03/07/1955",0,0,NA,NA,"9032"
"2457","ULO   NULO","04/07/1955",0,0,NA,NA,"9032"
"2458","ULO   NULO","05/07/1955",2,0,NA,NA,"9032"
"2459","ULO   NULO","06/07/1955",4.5,0,NA,NA,"9032"
"2460","ULO   NULO","07/07/1955",1.5,0,NA,NA,"9032"
"2461","ULO   NULO","08/07/1955",1,0,NA,NA,"9032"
"2462","ULO   NULO","09/07/1955",3,0,NA,NA,"9032"
"2463","ULO   NULO","10/07/1955",5,0,NA,NA,"9032"
"2464","ULO   NULO","11/07/1955",28.5,0,NA,NA,"9032"
"2465","ULO   NULO","12/07/1955",0,0,NA,NA,"9032"
"2466","ULO   NULO","13/07/1955",1.5,0,NA,NA,"9032"
"2467","ULO   NULO","14/07/1955",6.5,0,NA,NA,"9032"
"2468","ULO   NULO","15/07/1955",10.5,0,NA,NA,"9032"
"2469","ULO   NULO","16/07/1955",2,0,NA,NA,"9032"
"2470","ULO   NULO","17/07/1955",7,0,NA,NA,"9032"
"2471","ULO   NULO","18/07/1955",4.5,0,NA,NA,"9032"
"2472","ULO   NULO","19/07/1955",0,0,NA,NA,"9032"
"2473","ULO   NULO","20/07/1955",12.5,0,NA,NA,"9032"
"2474","ULO   NULO","21/07/1955",32,0,NA,NA,"9032"
"2475","ULO   NULO","22/07/1955",19,0,NA,NA,"9032"
"2476","ULO   NULO","23/07/1955",28,0,NA,NA,"9032"
"2477","ULO   NULO","24/07/1955",0,0,NA,NA,"9032"
"2478","ULO   NULO","25/07/1955",18.5,0,NA,NA,"9032"
"2479","ULO   NULO","26/07/1955",28.5,0,NA,NA,"9032"
"2480","ULO   NULO","27/07/1955",22,0,NA,NA,"9032"
"2481","ULO   NULO","28/07/1955",24.5,0,NA,NA,"9032"
"2482","ULO   NULO","29/07/1955",6.5,0,NA,NA,"9032"
"2483","ULO   NULO","30/07/1955",9,0,NA,NA,"9032"
"2484","ULO   NULO","31/07/1955",12,0,NA,NA,"9032"
"2485","ULO   NULO","01/08/1955",35.5,0,NA,NA,"9032"
"2486","ULO   NULO","02/08/1955",16.5,0,NA,NA,"9032"
"2487","ULO   NULO","03/08/1955",0,0,NA,NA,"9032"
"2488","ULO   NULO","04/08/1955",2.5,0,NA,NA,"9032"
"2489","ULO   NULO","05/08/1955",6.5,0,NA,NA,"9032"
"2490","ULO   NULO","06/08/1955",19.5,0,NA,NA,"9032"
"2491","ULO   NULO","07/08/1955",0,0,NA,NA,"9032"
"2492","ULO   NULO","08/08/1955",45.5,0,NA,NA,"9032"
"2493","ULO   NULO","09/08/1955",10.5,0,NA,NA,"9032"
"2494","ULO   NULO","10/08/1955",6.5,0,NA,NA,"9032"
"2495","ULO   NULO","11/08/1955",9.5,0,NA,NA,"9032"
"2496","ULO   NULO","12/08/1955",7.5,0,NA,NA,"9032"
"2497","ULO   NULO","13/08/1955",0,0,NA,NA,"9032"
"2498","ULO   NULO","14/08/1955",19,0,NA,NA,"9032"
"2499","ULO   NULO","15/08/1955",31,0,NA,NA,"9032"
"2500","ULO   NULO","16/08/1955",9,0,NA,NA,"9032"
"2501","ULO   NULO","17/08/1955",5.5,0,NA,NA,"9032"
"2502","ULO   NULO","18/08/1955",8.5,0,NA,NA,"9032"
"2503","ULO   NULO","19/08/1955",0,0,NA,NA,"9032"
"2504","ULO   NULO","20/08/1955",4,0,NA,NA,"9032"
"2505","ULO   NULO","21/08/1955",0,0,NA,NA,"9032"
"2506","ULO   NULO","22/08/1955",9,0,NA,NA,"9032"
"2507","ULO   NULO","23/08/1955",60.5,0,NA,NA,"9032"
"2508","ULO   NULO","24/08/1955",4.5,0,NA,NA,"9032"
"2509","ULO   NULO","25/08/1955",2.5,0,NA,NA,"9032"
"2510","ULO   NULO","26/08/1955",0,0,NA,NA,"9032"
"2511","ULO   NULO","27/08/1955",9.5,0,NA,NA,"9032"
"2512","ULO   NULO","28/08/1955",33,0,NA,NA,"9032"
"2513","ULO   NULO","29/08/1955",35,0,NA,NA,"9032"
"2514","ULO   NULO","30/08/1955",11,0,NA,NA,"9032"
"2515","ULO   NULO","31/08/1955",14.5,0,NA,NA,"9032"
"2516","ULO   NULO","01/09/1955",14.5,0,NA,NA,"9032"
"2517","ULO   NULO","02/09/1955",8.5,0,NA,NA,"9032"
"2518","ULO   NULO","03/09/1955",43.5,0,NA,NA,"9032"
"2519","ULO   NULO","04/09/1955",45.5,0,NA,NA,"9032"
"2520","ULO   NULO","05/09/1955",19.5,0,NA,NA,"9032"
"2521","ULO   NULO","06/09/1955",58.5,0,NA,NA,"9032"
"2522","ULO   NULO","07/09/1955",2.5,0,NA,NA,"9032"
"2523","ULO   NULO","08/09/1955",22.5,0,NA,NA,"9032"
"2524","ULO   NULO","09/09/1955",3.5,0,NA,NA,"9032"
"2525","ULO   NULO","10/09/1955",0,0,NA,NA,"9032"
"2526","ULO   NULO","11/09/1955",12.5,0,NA,NA,"9032"
"2527","ULO   NULO","12/09/1955",16,0,NA,NA,"9032"
"2528","ULO   NULO","13/09/1955",0,0,NA,NA,"9032"
"2529","ULO   NULO","14/09/1955",0,0,NA,NA,"9032"
"2530","ULO   NULO","15/09/1955",16.5,0,NA,NA,"9032"
"2531","ULO   NULO","16/09/1955",0,0,NA,NA,"9032"
"2532","ULO   NULO","17/09/1955",0,0,NA,NA,"9032"
"2533","ULO   NULO","18/09/1955",0,0,NA,NA,"9032"
"2534","ULO   NULO","19/09/1955",38.5,0,NA,NA,"9032"
"2535","ULO   NULO","20/09/1955",0,0,NA,NA,"9032"
"2536","ULO   NULO","21/09/1955",36.5,0,NA,NA,"9032"
"2537","ULO   NULO","22/09/1955",0,0,NA,NA,"9032"
"2538","ULO   NULO","23/09/1955",0,0,NA,NA,"9032"
"2539","ULO   NULO","24/09/1955",0,0,NA,NA,"9032"
"2540","ULO   NULO","25/09/1955",0,0,NA,NA,"9032"
"2541","ULO   NULO","26/09/1955",0,0,NA,NA,"9032"
"2542","ULO   NULO","27/09/1955",0,0,NA,NA,"9032"
"2543","ULO   NULO","28/09/1955",8,0,NA,NA,"9032"
"2544","ULO   NULO","29/09/1955",10.5,0,NA,NA,"9032"
"2545","ULO   NULO","30/09/1955",9.5,0,NA,NA,"9032"
"2546","ULO   NULO","01/10/1955",12.5,0,NA,NA,"9032"
"2547","ULO   NULO","02/10/1955",0,0,NA,NA,"9032"
"2548","ULO   NULO","03/10/1955",0,0,NA,NA,"9032"
"2549","ULO   NULO","04/10/1955",0,0,NA,NA,"9032"
"2550","ULO   NULO","05/10/1955",0,0,NA,NA,"9032"
"2551","ULO   NULO","06/10/1955",0,0,NA,NA,"9032"
"2552","ULO   NULO","07/10/1955",0,0,NA,NA,"9032"
"2553","ULO   NULO","08/10/1955",0,0,NA,NA,"9032"
"2554","ULO   NULO","09/10/1955",0,0,NA,NA,"9032"
"2555","ULO   NULO","10/10/1955",25,0,NA,NA,"9032"
"2556","ULO   NULO","11/10/1955",35,0,NA,NA,"9032"
"2557","ULO   NULO","12/10/1955",2,0,NA,NA,"9032"
"2558","ULO   NULO","13/10/1955",0,0,NA,NA,"9032"
"2559","ULO   NULO","14/10/1955",0,0,NA,NA,"9032"
"2560","ULO   NULO","15/10/1955",4.5,0,NA,NA,"9032"
"2561","ULO   NULO","16/10/1955",6,0,NA,NA,"9032"
"2562","ULO   NULO","17/10/1955",6.5,0,NA,NA,"9032"
"2563","ULO   NULO","18/10/1955",3.5,0,NA,NA,"9032"
"2564","ULO   NULO","19/10/1955",0,0,NA,NA,"9032"
"2565","ULO   NULO","20/10/1955",0,0,NA,NA,"9032"
"2566","ULO   NULO","21/10/1955",0,0,NA,NA,"9032"
"2567","ULO   NULO","22/10/1955",0,0,NA,NA,"9032"
"2568","ULO   NULO","23/10/1955",0,0,NA,NA,"9032"
"2569","ULO   NULO","24/10/1955",0,0,NA,NA,"9032"
"2570","ULO   NULO","25/10/1955",0,0,NA,NA,"9032"
"2571","ULO   NULO","26/10/1955",0,0,NA,NA,"9032"
"2572","ULO   NULO","27/10/1955",0,0,NA,NA,"9032"
"2573","ULO   NULO","28/10/1955",0,0,NA,NA,"9032"
"2574","ULO   NULO","29/10/1955",0,0,NA,NA,"9032"
"2575","ULO   NULO","30/10/1955",0,0,NA,NA,"9032"
"2576","ULO   NULO","31/10/1955",0,0,NA,NA,"9032"
"2577","ULO   NULO","01/11/1955",0,0,NA,NA,"9032"
"2578","ULO   NULO","02/11/1955",0,0,NA,NA,"9032"
"2579","ULO   NULO","03/11/1955",0,0,NA,NA,"9032"
"2580","ULO   NULO","04/11/1955",0,0,NA,NA,"9032"
"2581","ULO   NULO","05/11/1955",0,0,NA,NA,"9032"
"2582","ULO   NULO","06/11/1955",0,0,NA,NA,"9032"
"2583","ULO   NULO","07/11/1955",0,0,NA,NA,"9032"
"2584","ULO   NULO","08/11/1955",16,0,NA,NA,"9032"
"2585","ULO   NULO","09/11/1955",9.5,0,NA,NA,"9032"
"2586","ULO   NULO","10/11/1955",4.5,0,NA,NA,"9032"
"2587","ULO   NULO","11/11/1955",0,0,NA,NA,"9032"
"2588","ULO   NULO","12/11/1955",0,0,NA,NA,"9032"
"2589","ULO   NULO","13/11/1955",0,0,NA,NA,"9032"
"2590","ULO   NULO","14/11/1955",3.5,0,NA,NA,"9032"
"2591","ULO   NULO","15/11/1955",0,0,NA,NA,"9032"
"2592","ULO   NULO","16/11/1955",1.5,0,NA,NA,"9032"
"2593","ULO   NULO","17/11/1955",0,0,NA,NA,"9032"
"2594","ULO   NULO","18/11/1955",0,0,NA,NA,"9032"
"2595","ULO   NULO","19/11/1955",0,0,NA,NA,"9032"
"2596","ULO   NULO","20/11/1955",0,0,NA,NA,"9032"
"2597","ULO   NULO","21/11/1955",0,0,NA,NA,"9032"
"2598","ULO   NULO","22/11/1955",0,0,NA,NA,"9032"
"2599","ULO   NULO","23/11/1955",0,0,NA,NA,"9032"
"2600","ULO   NULO","24/11/1955",0,0,NA,NA,"9032"
"2601","ULO   NULO","25/11/1955",0,0,NA,NA,"9032"
"2602","ULO   NULO","26/11/1955",0,0,NA,NA,"9032"
"2603","ULO   NULO","27/11/1955",0,0,NA,NA,"9032"
"2604","ULO   NULO","28/11/1955",4.5,0,NA,NA,"9032"
"2605","ULO   NULO","29/11/1955",8,0,NA,NA,"9032"
"2606","ULO   NULO","30/11/1955",0,0,NA,NA,"9032"
"2607","ULO   NULO","01/12/1955",0,0,NA,NA,"9032"
"2608","ULO   NULO","02/12/1955",0,0,NA,NA,"9032"
"2609","ULO   NULO","03/12/1955",0,0,NA,NA,"9032"
"2610","ULO   NULO","04/12/1955",0,0,NA,NA,"9032"
"2611","ULO   NULO","05/12/1955",0,0,NA,NA,"9032"
"2612","ULO   NULO","06/12/1955",0,0,NA,NA,"9032"
"2613","ULO   NULO","07/12/1955",0,0,NA,NA,"9032"
"2614","ULO   NULO","08/12/1955",0,0,NA,NA,"9032"
"2615","ULO   NULO","09/12/1955",0,0,NA,NA,"9032"
"2616","ULO   NULO","10/12/1955",0,0,NA,NA,"9032"
"2617","ULO   NULO","11/12/1955",8.5,0,NA,NA,"9032"
"2618","ULO   NULO","12/12/1955",6,0,NA,NA,"9032"
"2619","ULO   NULO","13/12/1955",0,0,NA,NA,"9032"
"2620","ULO   NULO","14/12/1955",0,0,NA,NA,"9032"
"2621","ULO   NULO","15/12/1955",0,0,NA,NA,"9032"
"2622","ULO   NULO","16/12/1955",0,0,NA,NA,"9032"
"2623","ULO   NULO","17/12/1955",0,0,NA,NA,"9032"
"2624","ULO   NULO","18/12/1955",0,0,NA,NA,"9032"
"2625","ULO   NULO","19/12/1955",0,0,NA,NA,"9032"
"2626","ULO   NULO","20/12/1955",0,0,NA,NA,"9032"
"2627","ULO   NULO","21/12/1955",0,0,NA,NA,"9032"
"2628","ULO   NULO","22/12/1955",0,0,NA,NA,"9032"
"2629","ULO   NULO","23/12/1955",0,0,NA,NA,"9032"
"2630","ULO   NULO","24/12/1955",0,0,NA,NA,"9032"
"2631","ULO   NULO","25/12/1955",0,0,NA,NA,"9032"
"2632","ULO   NULO","26/12/1955",0,0,NA,NA,"9032"
"2633","ULO   NULO","27/12/1955",0,0,NA,NA,"9032"
"2634","ULO   NULO","28/12/1955",0,0,NA,NA,"9032"
"2635","ULO   NULO","29/12/1955",0,0,NA,NA,"9032"
"2636","ULO   NULO","30/12/1955",0,0,NA,NA,"9032"
"2637","ULO   NULO","31/12/1955",0,0,NA,NA,"9032"
"2638","ULO   NULO","01/01/1956",0,0,NA,NA,"9032"
"2639","ULO   NULO","02/01/1956",0,0,NA,NA,"9032"
"2640","ULO   NULO","03/01/1956",0,0,NA,NA,"9032"
"2641","ULO   NULO","04/01/1956",0,0,NA,NA,"9032"
"2642","ULO   NULO","05/01/1956",0,0,NA,NA,"9032"
"2643","ULO   NULO","06/01/1956",0,0,NA,NA,"9032"
"2644","ULO   NULO","07/01/1956",0,0,NA,NA,"9032"
"2645","ULO   NULO","08/01/1956",0,0,NA,NA,"9032"
"2646","ULO   NULO","09/01/1956",0,0,NA,NA,"9032"
"2647","ULO   NULO","10/01/1956",0,0,NA,NA,"9032"
"2648","ULO   NULO","11/01/1956",0,0,NA,NA,"9032"
"2649","ULO   NULO","12/01/1956",0,0,NA,NA,"9032"
"2650","ULO   NULO","13/01/1956",0,0,NA,NA,"9032"
"2651","ULO   NULO","14/01/1956",0,0,NA,NA,"9032"
"2652","ULO   NULO","15/01/1956",0,0,NA,NA,"9032"
"2653","ULO   NULO","16/01/1956",0,0,NA,NA,"9032"
"2654","ULO   NULO","17/01/1956",0,0,NA,NA,"9032"
"2655","ULO   NULO","18/01/1956",0,0,NA,NA,"9032"
"2656","ULO   NULO","19/01/1956",0,0,NA,NA,"9032"
"2657","ULO   NULO","20/01/1956",0,0,NA,NA,"9032"
"2658","ULO   NULO","21/01/1956",0,0,NA,NA,"9032"
"2659","ULO   NULO","22/01/1956",0,0,NA,NA,"9032"
"2660","ULO   NULO","23/01/1956",0,0,NA,NA,"9032"
"2661","ULO   NULO","24/01/1956",0,0,NA,NA,"9032"
"2662","ULO   NULO","25/01/1956",0,0,NA,NA,"9032"
"2663","ULO   NULO","26/01/1956",0,0,NA,NA,"9032"
"2664","ULO   NULO","27/01/1956",0,0,NA,NA,"9032"
"2665","ULO   NULO","28/01/1956",0,0,NA,NA,"9032"
"2666","ULO   NULO","29/01/1956",0,0,NA,NA,"9032"
"2667","ULO   NULO","30/01/1956",0,0,NA,NA,"9032"
"2668","ULO   NULO","31/01/1956",0,0,NA,NA,"9032"
"2669","ULO   NULO","01/02/1956",0,0,NA,NA,"9032"
"2670","ULO   NULO","02/02/1956",0,0,NA,NA,"9032"
"2671","ULO   NULO","03/02/1956",0,0,NA,NA,"9032"
"2672","ULO   NULO","04/02/1956",14.5,0,NA,NA,"9032"
"2673","ULO   NULO","05/02/1956",9.5,0,NA,NA,"9032"
"2674","ULO   NULO","06/02/1956",0,0,NA,NA,"9032"
"2675","ULO   NULO","07/02/1956",0,0,NA,NA,"9032"
"2676","ULO   NULO","08/02/1956",0,0,NA,NA,"9032"
"2677","ULO   NULO","09/02/1956",0,0,NA,NA,"9032"
"2678","ULO   NULO","10/02/1956",0,0,NA,NA,"9032"
"2679","ULO   NULO","11/02/1956",0,0,NA,NA,"9032"
"2680","ULO   NULO","12/02/1956",0,0,NA,NA,"9032"
"2681","ULO   NULO","13/02/1956",0,0,NA,NA,"9032"
"2682","ULO   NULO","14/02/1956",0,0,NA,NA,"9032"
"2683","ULO   NULO","15/02/1956",0,0,NA,NA,"9032"
"2684","ULO   NULO","16/02/1956",0,0,NA,NA,"9032"
"2685","ULO   NULO","17/02/1956",0,0,NA,NA,"9032"
"2686","ULO   NULO","18/02/1956",0,0,NA,NA,"9032"
"2687","ULO   NULO","19/02/1956",0,0,NA,NA,"9032"
"2688","ULO   NULO","20/02/1956",0,0,NA,NA,"9032"
"2689","ULO   NULO","21/02/1956",0,0,NA,NA,"9032"
"2690","ULO   NULO","22/02/1956",0,0,NA,NA,"9032"
"2691","ULO   NULO","23/02/1956",0,0,NA,NA,"9032"
"2692","ULO   NULO","24/02/1956",0,0,NA,NA,"9032"
"2693","ULO   NULO","25/02/1956",0,0,NA,NA,"9032"
"2694","ULO   NULO","26/02/1956",0,0,NA,NA,"9032"
"2695","ULO   NULO","27/02/1956",0,0,NA,NA,"9032"
"2696","ULO   NULO","28/02/1956",0,0,NA,NA,"9032"
"2697","ULO   NULO","29/02/1956",0,0,NA,NA,"9032"
"2698","ULO   NULO","01/03/1956",0,0,NA,NA,"9032"
"2699","ULO   NULO","02/03/1956",0,0,NA,NA,"9032"
"2700","ULO   NULO","03/03/1956",0,0,NA,NA,"9032"
"2701","ULO   NULO","04/03/1956",0,0,NA,NA,"9032"
"2702","ULO   NULO","05/03/1956",0,0,NA,NA,"9032"
"2703","ULO   NULO","06/03/1956",0,0,NA,NA,"9032"
"2704","ULO   NULO","07/03/1956",0,0,NA,NA,"9032"
"2705","ULO   NULO","08/03/1956",0,0,NA,NA,"9032"
"2706","ULO   NULO","09/03/1956",0,0,NA,NA,"9032"
"2707","ULO   NULO","10/03/1956",0,0,NA,NA,"9032"
"2708","ULO   NULO","11/03/1956",0,0,NA,NA,"9032"
"2709","ULO   NULO","12/03/1956",0,0,NA,NA,"9032"
"2710","ULO   NULO","13/03/1956",0,0,NA,NA,"9032"
"2711","ULO   NULO","14/03/1956",0,0,NA,NA,"9032"
"2712","ULO   NULO","15/03/1956",0,0,NA,NA,"9032"
"2713","ULO   NULO","16/03/1956",0,0,NA,NA,"9032"
"2714","ULO   NULO","17/03/1956",0,0,NA,NA,"9032"
"2715","ULO   NULO","18/03/1956",0,0,NA,NA,"9032"
"2716","ULO   NULO","19/03/1956",0,0,NA,NA,"9032"
"2717","ULO   NULO","20/03/1956",0,0,NA,NA,"9032"
"2718","ULO   NULO","21/03/1956",0,0,NA,NA,"9032"
"2719","ULO   NULO","22/03/1956",0,0,NA,NA,"9032"
"2720","ULO   NULO","23/03/1956",0,0,NA,NA,"9032"
"2721","ULO   NULO","24/03/1956",0,0,NA,NA,"9032"
"2722","ULO   NULO","25/03/1956",0,0,NA,NA,"9032"
"2723","ULO   NULO","26/03/1956",0,0,NA,NA,"9032"
"2724","ULO   NULO","27/03/1956",0,0,NA,NA,"9032"
"2725","ULO   NULO","28/03/1956",0,0,NA,NA,"9032"
"2726","ULO   NULO","29/03/1956",0,0,NA,NA,"9032"
"2727","ULO   NULO","30/03/1956",0,0,NA,NA,"9032"
"2728","ULO   NULO","31/03/1956",0,0,NA,NA,"9032"
"2729","ULO   NULO","01/04/1956",0,0,NA,NA,"9032"
"2730","ULO   NULO","02/04/1956",0,0,NA,NA,"9032"
"2731","ULO   NULO","03/04/1956",0,0,NA,NA,"9032"
"2732","ULO   NULO","04/04/1956",0,0,NA,NA,"9032"
"2733","ULO   NULO","05/04/1956",0,0,NA,NA,"9032"
"2734","ULO   NULO","06/04/1956",0,0,NA,NA,"9032"
"2735","ULO   NULO","07/04/1956",0,0,NA,NA,"9032"
"2736","ULO   NULO","08/04/1956",0,0,NA,NA,"9032"
"2737","ULO   NULO","09/04/1956",0,0,NA,NA,"9032"
"2738","ULO   NULO","10/04/1956",0,0,NA,NA,"9032"
"2739","ULO   NULO","11/04/1956",0,0,NA,NA,"9032"
"2740","ULO   NULO","12/04/1956",0,0,NA,NA,"9032"
"2741","ULO   NULO","13/04/1956",0,0,NA,NA,"9032"
"2742","ULO   NULO","14/04/1956",0,0,NA,NA,"9032"
"2743","ULO   NULO","15/04/1956",0,0,NA,NA,"9032"
"2744","ULO   NULO","16/04/1956",0,0,NA,NA,"9032"
"2745","ULO   NULO","17/04/1956",0,0,NA,NA,"9032"
"2746","ULO   NULO","18/04/1956",0,0,NA,NA,"9032"
"2747","ULO   NULO","19/04/1956",8.5,0,NA,NA,"9032"
"2748","ULO   NULO","20/04/1956",9.5,0,NA,NA,"9032"
"2749","ULO   NULO","21/04/1956",3,0,NA,NA,"9032"
"2750","ULO   NULO","22/04/1956",0,0,NA,NA,"9032"
"2751","ULO   NULO","23/04/1956",0,0,NA,NA,"9032"
"2752","ULO   NULO","24/04/1956",0,0,NA,NA,"9032"
"2753","ULO   NULO","25/04/1956",1.5,0,NA,NA,"9032"
"2754","ULO   NULO","26/04/1956",0,0,NA,NA,"9032"
"2755","ULO   NULO","27/04/1956",0,0,NA,NA,"9032"
"2756","ULO   NULO","28/04/1956",0,0,NA,NA,"9032"
"2757","ULO   NULO","29/04/1956",2,0,NA,NA,"9032"
"2758","ULO   NULO","30/04/1956",11.5,0,NA,NA,"9032"
"2759","ULO   NULO","01/05/1956",16.5,0,NA,NA,"9032"
"2760","ULO   NULO","02/05/1956",0,0,NA,NA,"9032"
"2761","ULO   NULO","03/05/1956",0,0,NA,NA,"9032"
"2762","ULO   NULO","04/05/1956",0,0,NA,NA,"9032"
"2763","ULO   NULO","05/05/1956",2,0,NA,NA,"9032"
"2764","ULO   NULO","06/05/1956",0,0,NA,NA,"9032"
"2765","ULO   NULO","07/05/1956",0,0,NA,NA,"9032"
"2766","ULO   NULO","08/05/1956",0,0,NA,NA,"9032"
"2767","ULO   NULO","09/05/1956",0,0,NA,NA,"9032"
"2768","ULO   NULO","10/05/1956",0,0,NA,NA,"9032"
"2769","ULO   NULO","11/05/1956",1.5,0,NA,NA,"9032"
"2770","ULO   NULO","12/05/1956",3,0,NA,NA,"9032"
"2771","ULO   NULO","13/05/1956",6.5,0,NA,NA,"9032"
"2772","ULO   NULO","14/05/1956",8,0,NA,NA,"9032"
"2773","ULO   NULO","15/05/1956",9,0,NA,NA,"9032"
"2774","ULO   NULO","16/05/1956",0,0,NA,NA,"9032"
"2775","ULO   NULO","17/05/1956",0,0,NA,NA,"9032"
"2776","ULO   NULO","18/05/1956",0,0,NA,NA,"9032"
"2777","ULO   NULO","19/05/1956",0,0,NA,NA,"9032"
"2778","ULO   NULO","20/05/1956",0,0,NA,NA,"9032"
"2779","ULO   NULO","21/05/1956",0,0,NA,NA,"9032"
"2780","ULO   NULO","22/05/1956",0,0,NA,NA,"9032"
"2781","ULO   NULO","23/05/1956",0,0,NA,NA,"9032"
"2782","ULO   NULO","24/05/1956",2.5,0,NA,NA,"9032"
"2783","ULO   NULO","25/05/1956",7.5,0,NA,NA,"9032"
"2784","ULO   NULO","26/05/1956",0,0,NA,NA,"9032"
"2785","ULO   NULO","27/05/1956",1.5,0,NA,NA,"9032"
"2786","ULO   NULO","28/05/1956",8.5,0,NA,NA,"9032"
"2787","ULO   NULO","29/05/1956",11.5,0,NA,NA,"9032"
"2788","ULO   NULO","30/05/1956",3,0,NA,NA,"9032"
"2789","ULO   NULO","31/05/1956",4.5,0,NA,NA,"9032"
"2790","ULO   NULO","01/06/1956",3,0,NA,NA,"9032"
"2791","ULO   NULO","02/06/1956",0,0,NA,NA,"9032"
"2792","ULO   NULO","03/06/1956",1.5,0,NA,NA,"9032"
"2793","ULO   NULO","04/06/1956",20.5,0,NA,NA,"9032"
"2794","ULO   NULO","05/06/1956",0,0,NA,NA,"9032"
"2795","ULO   NULO","06/06/1956",0,0,NA,NA,"9032"
"2796","ULO   NULO","07/06/1956",6,0,NA,NA,"9032"
"2797","ULO   NULO","08/06/1956",0,0,NA,NA,"9032"
"2798","ULO   NULO","09/06/1956",0,0,NA,NA,"9032"
"2799","ULO   NULO","10/06/1956",0,0,NA,NA,"9032"
"2800","ULO   NULO","11/06/1956",0,0,NA,NA,"9032"
"2801","ULO   NULO","12/06/1956",0,0,NA,NA,"9032"
"2802","ULO   NULO","13/06/1956",0,0,NA,NA,"9032"
"2803","ULO   NULO","14/06/1956",8.5,0,NA,NA,"9032"
"2804","ULO   NULO","15/06/1956",11.5,0,NA,NA,"9032"
"2805","ULO   NULO","16/06/1956",0,0,NA,NA,"9032"
"2806","ULO   NULO","17/06/1956",0,0,NA,NA,"9032"
"2807","ULO   NULO","18/06/1956",23.5,0,NA,NA,"9032"
"2808","ULO   NULO","19/06/1956",8.5,0,NA,NA,"9032"
"2809","ULO   NULO","20/06/1956",0,0,NA,NA,"9032"
"2810","ULO   NULO","21/06/1956",4.5,0,NA,NA,"9032"
"2811","ULO   NULO","22/06/1956",7,0,NA,NA,"9032"
"2812","ULO   NULO","23/06/1956",1.5,0,NA,NA,"9032"
"2813","ULO   NULO","24/06/1956",0,0,NA,NA,"9032"
"2814","ULO   NULO","25/06/1956",6,0,NA,NA,"9032"
"2815","ULO   NULO","26/06/1956",0,0,NA,NA,"9032"
"2816","ULO   NULO","27/06/1956",3.5,0,NA,NA,"9032"
"2817","ULO   NULO","28/06/1956",2,0,NA,NA,"9032"
"2818","ULO   NULO","29/06/1956",0,0,NA,NA,"9032"
"2819","ULO   NULO","30/06/1956",9.5,0,NA,NA,"9032"
"2820","ULO   NULO","01/07/1956",3.5,0,NA,NA,"9032"
"2821","ULO   NULO","02/07/1956",0,0,NA,NA,"9032"
"2822","ULO   NULO","03/07/1956",6.5,0,NA,NA,"9032"
"2823","ULO   NULO","04/07/1956",4.5,0,NA,NA,"9032"
"2824","ULO   NULO","05/07/1956",11.5,0,NA,NA,"9032"
"2825","ULO   NULO","06/07/1956",0,0,NA,NA,"9032"
"2826","ULO   NULO","07/07/1956",0,0,NA,NA,"9032"
"2827","ULO   NULO","08/07/1956",8,0,NA,NA,"9032"
"2828","ULO   NULO","09/07/1956",3.5,0,NA,NA,"9032"
"2829","ULO   NULO","10/07/1956",4.5,0,NA,NA,"9032"
"2830","ULO   NULO","11/07/1956",15,0,NA,NA,"9032"
"2831","ULO   NULO","12/07/1956",0,0,NA,NA,"9032"
"2832","ULO   NULO","13/07/1956",8.5,0,NA,NA,"9032"
"2833","ULO   NULO","14/07/1956",6.5,0,NA,NA,"9032"
"2834","ULO   NULO","15/07/1956",0,0,NA,NA,"9032"
"2835","ULO   NULO","16/07/1956",0,0,NA,NA,"9032"
"2836","ULO   NULO","17/07/1956",0,0,NA,NA,"9032"
"2837","ULO   NULO","18/07/1956",8.5,0,NA,NA,"9032"
"2838","ULO   NULO","19/07/1956",0,0,NA,NA,"9032"
"2839","ULO   NULO","20/07/1956",0,0,NA,NA,"9032"
"2840","ULO   NULO","21/07/1956",4.5,0,NA,NA,"9032"
"2841","ULO   NULO","22/07/1956",0,0,NA,NA,"9032"
"2842","ULO   NULO","23/07/1956",7.5,0,NA,NA,"9032"
"2843","ULO   NULO","24/07/1956",0,0,NA,NA,"9032"
"2844","ULO   NULO","25/07/1956",0,0,NA,NA,"9032"
"2845","ULO   NULO","26/07/1956",38.5,0,NA,NA,"9032"
"2846","ULO   NULO","27/07/1956",16.5,0,NA,NA,"9032"
"2847","ULO   NULO","28/07/1956",0,0,NA,NA,"9032"
"2848","ULO   NULO","29/07/1956",6.5,0,NA,NA,"9032"
"2849","ULO   NULO","30/07/1956",0,0,NA,NA,"9032"
"2850","ULO   NULO","31/07/1956",4.5,0,NA,NA,"9032"
"2851","ULO   NULO","01/08/1956",3,0,NA,NA,"9032"
"2852","ULO   NULO","02/08/1956",0,0,NA,NA,"9032"
"2853","ULO   NULO","03/08/1956",4,0,NA,NA,"9032"
"2854","ULO   NULO","04/08/1956",1.5,0,NA,NA,"9032"
"2855","ULO   NULO","05/08/1956",0,0,NA,NA,"9032"
"2856","ULO   NULO","06/08/1956",2.5,0,NA,NA,"9032"
"2857","ULO   NULO","07/08/1956",9.5,0,NA,NA,"9032"
"2858","ULO   NULO","08/08/1956",0,0,NA,NA,"9032"
"2859","ULO   NULO","09/08/1956",0,0,NA,NA,"9032"
"2860","ULO   NULO","10/08/1956",0,0,NA,NA,"9032"
"2861","ULO   NULO","11/08/1956",0,0,NA,NA,"9032"
"2862","ULO   NULO","12/08/1956",9.5,0,NA,NA,"9032"
"2863","ULO   NULO","13/08/1956",6.5,0,NA,NA,"9032"
"2864","ULO   NULO","14/08/1956",2.5,0,NA,NA,"9032"
"2865","ULO   NULO","15/08/1956",34.5,0,NA,NA,"9032"
"2866","ULO   NULO","16/08/1956",0,0,NA,NA,"9032"
"2867","ULO   NULO","17/08/1956",9.5,0,NA,NA,"9032"
"2868","ULO   NULO","18/08/1956",4.5,0,NA,NA,"9032"
"2869","ULO   NULO","19/08/1956",0,0,NA,NA,"9032"
"2870","ULO   NULO","20/08/1956",39.5,0,NA,NA,"9032"
"2871","ULO   NULO","21/08/1956",0,0,NA,NA,"9032"
"2872","ULO   NULO","22/08/1956",0,0,NA,NA,"9032"
"2873","ULO   NULO","23/08/1956",6.5,0,NA,NA,"9032"
"2874","ULO   NULO","24/08/1956",0,0,NA,NA,"9032"
"2875","ULO   NULO","25/08/1956",20.5,0,NA,NA,"9032"
"2876","ULO   NULO","26/08/1956",13,0,NA,NA,"9032"
"2877","ULO   NULO","27/08/1956",6.5,0,NA,NA,"9032"
"2878","ULO   NULO","28/08/1956",0,0,NA,NA,"9032"
"2879","ULO   NULO","29/08/1956",4.5,0,NA,NA,"9032"
"2880","ULO   NULO","30/08/1956",0,0,NA,NA,"9032"
"2881","ULO   NULO","31/08/1956",0,0,NA,NA,"9032"
"2882","ULO   NULO","01/09/1956",0,0,NA,NA,"9032"
"2883","ULO   NULO","02/09/1956",6.5,0,NA,NA,"9032"
"2884","ULO   NULO","03/09/1956",9.5,0,NA,NA,"9032"
"2885","ULO   NULO","04/09/1956",3,0,NA,NA,"9032"
"2886","ULO   NULO","05/09/1956",1.5,0,NA,NA,"9032"
"2887","ULO   NULO","06/09/1956",0,0,NA,NA,"9032"
"2888","ULO   NULO","07/09/1956",2.5,0,NA,NA,"9032"
"2889","ULO   NULO","08/09/1956",6.5,0,NA,NA,"9032"
"2890","ULO   NULO","09/09/1956",0,0,NA,NA,"9032"
"2891","ULO   NULO","10/09/1956",2.5,0,NA,NA,"9032"
"2892","ULO   NULO","11/09/1956",8.5,0,NA,NA,"9032"
"2893","ULO   NULO","12/09/1956",12.5,0,NA,NA,"9032"
"2894","ULO   NULO","13/09/1956",6.5,0,NA,NA,"9032"
"2895","ULO   NULO","14/09/1956",0,0,NA,NA,"9032"
"2896","ULO   NULO","15/09/1956",0,0,NA,NA,"9032"
"2897","ULO   NULO","16/09/1956",0,0,NA,NA,"9032"
"2898","ULO   NULO","17/09/1956",16.5,0,NA,NA,"9032"
"2899","ULO   NULO","18/09/1956",8.5,0,NA,NA,"9032"
"2900","ULO   NULO","19/09/1956",12.5,0,NA,NA,"9032"
"2901","ULO   NULO","20/09/1956",0,0,NA,NA,"9032"
"2902","ULO   NULO","21/09/1956",3.5,0,NA,NA,"9032"
"2903","ULO   NULO","22/09/1956",0,0,NA,NA,"9032"
"2904","ULO   NULO","23/09/1956",0,0,NA,NA,"9032"
"2905","ULO   NULO","24/09/1956",4.5,0,NA,NA,"9032"
"2906","ULO   NULO","25/09/1956",9.5,0,NA,NA,"9032"
"2907","ULO   NULO","26/09/1956",0,0,NA,NA,"9032"
"2908","ULO   NULO","27/09/1956",0,0,NA,NA,"9032"
"2909","ULO   NULO","28/09/1956",0,0,NA,NA,"9032"
"2910","ULO   NULO","29/09/1956",0,0,NA,NA,"9032"
"2911","ULO   NULO","30/09/1956",0,0,NA,NA,"9032"
"2912","ULO   NULO","01/10/1956",0,0,NA,NA,"9032"
"2913","ULO   NULO","02/10/1956",0,0,NA,NA,"9032"
"2914","ULO   NULO","03/10/1956",0,0,NA,NA,"9032"
"2915","ULO   NULO","04/10/1956",0,0,NA,NA,"9032"
"2916","ULO   NULO","05/10/1956",0,0,NA,NA,"9032"
"2917","ULO   NULO","06/10/1956",0,0,NA,NA,"9032"
"2918","ULO   NULO","07/10/1956",0,0,NA,NA,"9032"
"2919","ULO   NULO","08/10/1956",0,0,NA,NA,"9032"
"2920","ULO   NULO","09/10/1956",2.5,0,NA,NA,"9032"
"2921","ULO   NULO","10/10/1956",0,0,NA,NA,"9032"
"2922","ULO   NULO","11/10/1956",0,0,NA,NA,"9032"
"2923","ULO   NULO","12/10/1956",4.5,0,NA,NA,"9032"
"2924","ULO   NULO","13/10/1956",9,0,NA,NA,"9032"
"2925","ULO   NULO","14/10/1956",0,0,NA,NA,"9032"
"2926","ULO   NULO","15/10/1956",0,0,NA,NA,"9032"
"2927","ULO   NULO","16/10/1956",0,0,NA,NA,"9032"
"2928","ULO   NULO","17/10/1956",0,0,NA,NA,"9032"
"2929","ULO   NULO","18/10/1956",3.5,0,NA,NA,"9032"
"2930","ULO   NULO","19/10/1956",9.5,0,NA,NA,"9032"
"2931","ULO   NULO","20/10/1956",2.5,0,NA,NA,"9032"
"2932","ULO   NULO","21/10/1956",0,0,NA,NA,"9032"
"2933","ULO   NULO","22/10/1956",0,0,NA,NA,"9032"
"2934","ULO   NULO","23/10/1956",0,0,NA,NA,"9032"
"2935","ULO   NULO","24/10/1956",0,0,NA,NA,"9032"
"2936","ULO   NULO","25/10/1956",0,0,NA,NA,"9032"
"2937","ULO   NULO","26/10/1956",0,0,NA,NA,"9032"
"2938","ULO   NULO","27/10/1956",0,0,NA,NA,"9032"
"2939","ULO   NULO","28/10/1956",0,0,NA,NA,"9032"
"2940","ULO   NULO","29/10/1956",0,0,NA,NA,"9032"
"2941","ULO   NULO","30/10/1956",0,0,NA,NA,"9032"
"2942","ULO   NULO","31/10/1956",0,0,NA,NA,"9032"
"2943","ULO   NULO","01/11/1956",0,0,NA,NA,"9032"
"2944","ULO   NULO","02/11/1956",0,0,NA,NA,"9032"
"2945","ULO   NULO","03/11/1956",0,0,NA,NA,"9032"
"2946","ULO   NULO","04/11/1956",0,0,NA,NA,"9032"
"2947","ULO   NULO","05/11/1956",0,0,NA,NA,"9032"
"2948","ULO   NULO","06/11/1956",0,0,NA,NA,"9032"
"2949","ULO   NULO","07/11/1956",0,0,NA,NA,"9032"
"2950","ULO   NULO","08/11/1956",0,0,NA,NA,"9032"
"2951","ULO   NULO","09/11/1956",0,0,NA,NA,"9032"
"2952","ULO   NULO","10/11/1956",0,0,NA,NA,"9032"
"2953","ULO   NULO","11/11/1956",0,0,NA,NA,"9032"
"2954","ULO   NULO","12/11/1956",0,0,NA,NA,"9032"
"2955","ULO   NULO","13/11/1956",0,0,NA,NA,"9032"
"2956","ULO   NULO","14/11/1956",0,0,NA,NA,"9032"
"2957","ULO   NULO","15/11/1956",0,0,NA,NA,"9032"
"2958","ULO   NULO","16/11/1956",0,0,NA,NA,"9032"
"2959","ULO   NULO","17/11/1956",0,0,NA,NA,"9032"
"2960","ULO   NULO","18/11/1956",0,0,NA,NA,"9032"
"2961","ULO   NULO","19/11/1956",0,0,NA,NA,"9032"
"2962","ULO   NULO","20/11/1956",0,0,NA,NA,"9032"
"2963","ULO   NULO","21/11/1956",0,0,NA,NA,"9032"
"2964","ULO   NULO","22/11/1956",0,0,NA,NA,"9032"
"2965","ULO   NULO","23/11/1956",4,0,NA,NA,"9032"
"2966","ULO   NULO","24/11/1956",17.5,0,NA,NA,"9032"
"2967","ULO   NULO","25/11/1956",9.5,0,NA,NA,"9032"
"2968","ULO   NULO","26/11/1956",0,0,NA,NA,"9032"
"2969","ULO   NULO","27/11/1956",0,0,NA,NA,"9032"
"2970","ULO   NULO","28/11/1956",0,0,NA,NA,"9032"
"2971","ULO   NULO","29/11/1956",0,0,NA,NA,"9032"
"2972","ULO   NULO","30/11/1956",6.5,0,NA,NA,"9032"
"2973","ULO   NULO","01/12/1956",0,0,NA,NA,"9032"
"2974","ULO   NULO","02/12/1956",0,0,NA,NA,"9032"
"2975","ULO   NULO","03/12/1956",0,0,NA,NA,"9032"
"2976","ULO   NULO","04/12/1956",0,0,NA,NA,"9032"
"2977","ULO   NULO","05/12/1956",0,0,NA,NA,"9032"
"2978","ULO   NULO","06/12/1956",0,0,NA,NA,"9032"
"2979","ULO   NULO","07/12/1956",0,0,NA,NA,"9032"
"2980","ULO   NULO","08/12/1956",0,0,NA,NA,"9032"
"2981","ULO   NULO","09/12/1956",0,0,NA,NA,"9032"
"2982","ULO   NULO","10/12/1956",0,0,NA,NA,"9032"
"2983","ULO   NULO","11/12/1956",0,0,NA,NA,"9032"
"2984","ULO   NULO","12/12/1956",0,0,NA,NA,"9032"
"2985","ULO   NULO","13/12/1956",0,0,NA,NA,"9032"
"2986","ULO   NULO","14/12/1956",0,0,NA,NA,"9032"
"2987","ULO   NULO","15/12/1956",0,0,NA,NA,"9032"
"2988","ULO   NULO","16/12/1956",0,0,NA,NA,"9032"
"2989","ULO   NULO","17/12/1956",0,0,NA,NA,"9032"
"2990","ULO   NULO","18/12/1956",0,0,NA,NA,"9032"
"2991","ULO   NULO","19/12/1956",0,0,NA,NA,"9032"
"2992","ULO   NULO","20/12/1956",0,0,NA,NA,"9032"
"2993","ULO   NULO","21/12/1956",0,0,NA,NA,"9032"
"2994","ULO   NULO","22/12/1956",0,0,NA,NA,"9032"
"2995","ULO   NULO","23/12/1956",0,0,NA,NA,"9032"
"2996","ULO   NULO","24/12/1956",0,0,NA,NA,"9032"
"2997","ULO   NULO","25/12/1956",0,0,NA,NA,"9032"
"2998","ULO   NULO","26/12/1956",0,0,NA,NA,"9032"
"2999","ULO   NULO","27/12/1956",0,0,NA,NA,"9032"
"3000","ULO   NULO","28/12/1956",0,0,NA,NA,"9032"
"3001","ULO   NULO","29/12/1956",0,0,NA,NA,"9032"
"3002","ULO   NULO","30/12/1956",0,0,NA,NA,"9032"
"3003","ULO   NULO","31/12/1956",0,0,NA,NA,"9032"
"3004","ULO   NULO","01/01/1957",0,0,NA,NA,"9032"
"3005","ULO   NULO","02/01/1957",0,0,NA,NA,"9032"
"3006","ULO   NULO","03/01/1957",0,0,NA,NA,"9032"
"3007","ULO   NULO","04/01/1957",0,0,NA,NA,"9032"
"3008","ULO   NULO","05/01/1957",0,0,NA,NA,"9032"
"3009","ULO   NULO","06/01/1957",0,0,NA,NA,"9032"
"3010","ULO   NULO","07/01/1957",0,0,NA,NA,"9032"
"3011","ULO   NULO","08/01/1957",0,0,NA,NA,"9032"
"3012","ULO   NULO","09/01/1957",0,0,NA,NA,"9032"
"3013","ULO   NULO","10/01/1957",0,0,NA,NA,"9032"
"3014","ULO   NULO","11/01/1957",0,0,NA,NA,"9032"
"3015","ULO   NULO","12/01/1957",0,0,NA,NA,"9032"
"3016","ULO   NULO","13/01/1957",0,0,NA,NA,"9032"
"3017","ULO   NULO","14/01/1957",0,0,NA,NA,"9032"
"3018","ULO   NULO","15/01/1957",0,0,NA,NA,"9032"
"3019","ULO   NULO","16/01/1957",0,0,NA,NA,"9032"
"3020","ULO   NULO","17/01/1957",0,0,NA,NA,"9032"
"3021","ULO   NULO","18/01/1957",0,0,NA,NA,"9032"
"3022","ULO   NULO","19/01/1957",0,0,NA,NA,"9032"
"3023","ULO   NULO","20/01/1957",0,0,NA,NA,"9032"
"3024","ULO   NULO","21/01/1957",0,0,NA,NA,"9032"
"3025","ULO   NULO","22/01/1957",0,0,NA,NA,"9032"
"3026","ULO   NULO","23/01/1957",0,0,NA,NA,"9032"
"3027","ULO   NULO","24/01/1957",0,0,NA,NA,"9032"
"3028","ULO   NULO","25/01/1957",0,0,NA,NA,"9032"
"3029","ULO   NULO","26/01/1957",0,0,NA,NA,"9032"
"3030","ULO   NULO","27/01/1957",0,0,NA,NA,"9032"
"3031","ULO   NULO","28/01/1957",0,0,NA,NA,"9032"
"3032","ULO   NULO","29/01/1957",0,0,NA,NA,"9032"
"3033","ULO   NULO","30/01/1957",0,0,NA,NA,"9032"
"3034","ULO   NULO","31/01/1957",0,0,NA,NA,"9032"
"3035","ULO   NULO","01/02/1957",0,0,NA,NA,"9032"
"3036","ULO   NULO","02/02/1957",0,0,NA,NA,"9032"
"3037","ULO   NULO","03/02/1957",0,0,NA,NA,"9032"
"3038","ULO   NULO","04/02/1957",0,0,NA,NA,"9032"
"3039","ULO   NULO","05/02/1957",0,0,NA,NA,"9032"
"3040","ULO   NULO","06/02/1957",0,0,NA,NA,"9032"
"3041","ULO   NULO","07/02/1957",0,0,NA,NA,"9032"
"3042","ULO   NULO","08/02/1957",0,0,NA,NA,"9032"
"3043","ULO   NULO","09/02/1957",0,0,NA,NA,"9032"
"3044","ULO   NULO","10/02/1957",0,0,NA,NA,"9032"
"3045","ULO   NULO","11/02/1957",0,0,NA,NA,"9032"
"3046","ULO   NULO","12/02/1957",0,0,NA,NA,"9032"
"3047","ULO   NULO","13/02/1957",0,0,NA,NA,"9032"
"3048","ULO   NULO","14/02/1957",0,0,NA,NA,"9032"
"3049","ULO   NULO","15/02/1957",0,0,NA,NA,"9032"
"3050","ULO   NULO","16/02/1957",5.5,0,NA,NA,"9032"
"3051","ULO   NULO","17/02/1957",7.5,0,NA,NA,"9032"
"3052","ULO   NULO","18/02/1957",0,0,NA,NA,"9032"
"3053","ULO   NULO","19/02/1957",0,0,NA,NA,"9032"
"3054","ULO   NULO","20/02/1957",0,0,NA,NA,"9032"
"3055","ULO   NULO","21/02/1957",0,0,NA,NA,"9032"
"3056","ULO   NULO","22/02/1957",0,0,NA,NA,"9032"
"3057","ULO   NULO","23/02/1957",4.5,0,NA,NA,"9032"
"3058","ULO   NULO","24/02/1957",0,0,NA,NA,"9032"
"3059","ULO   NULO","25/02/1957",0,0,NA,NA,"9032"
"3060","ULO   NULO","26/02/1957",0,0,NA,NA,"9032"
"3061","ULO   NULO","27/02/1957",0,0,NA,NA,"9032"
"3062","ULO   NULO","28/02/1957",0,0,NA,NA,"9032"
"3063","ULO   NULO","01/03/1957",0,0,NA,NA,"9032"
"3064","ULO   NULO","02/03/1957",0,0,NA,NA,"9032"
"3065","ULO   NULO","03/03/1957",0,0,NA,NA,"9032"
"3066","ULO   NULO","04/03/1957",0,0,NA,NA,"9032"
"3067","ULO   NULO","05/03/1957",0,0,NA,NA,"9032"
"3068","ULO   NULO","06/03/1957",0,0,NA,NA,"9032"
"3069","ULO   NULO","07/03/1957",0,0,NA,NA,"9032"
"3070","ULO   NULO","08/03/1957",0,0,NA,NA,"9032"
"3071","ULO   NULO","09/03/1957",0,0,NA,NA,"9032"
"3072","ULO   NULO","10/03/1957",0,0,NA,NA,"9032"
"3073","ULO   NULO","11/03/1957",0,0,NA,NA,"9032"
"3074","ULO   NULO","12/03/1957",0,0,NA,NA,"9032"
"3075","ULO   NULO","13/03/1957",0,0,NA,NA,"9032"
"3076","ULO   NULO","14/03/1957",0,0,NA,NA,"9032"
"3077","ULO   NULO","15/03/1957",0,0,NA,NA,"9032"
"3078","ULO   NULO","16/03/1957",0,0,NA,NA,"9032"
"3079","ULO   NULO","17/03/1957",0,0,NA,NA,"9032"
"3080","ULO   NULO","18/03/1957",0,0,NA,NA,"9032"
"3081","ULO   NULO","19/03/1957",0,0,NA,NA,"9032"
"3082","ULO   NULO","20/03/1957",0,0,NA,NA,"9032"
"3083","ULO   NULO","21/03/1957",0,0,NA,NA,"9032"
"3084","ULO   NULO","22/03/1957",0,0,NA,NA,"9032"
"3085","ULO   NULO","23/03/1957",0,0,NA,NA,"9032"
"3086","ULO   NULO","24/03/1957",0,0,NA,NA,"9032"
"3087","ULO   NULO","25/03/1957",0,0,NA,NA,"9032"
"3088","ULO   NULO","26/03/1957",0,0,NA,NA,"9032"
"3089","ULO   NULO","27/03/1957",0,0,NA,NA,"9032"
"3090","ULO   NULO","28/03/1957",1.5,0,NA,NA,"9032"
"3091","ULO   NULO","29/03/1957",0,0,NA,NA,"9032"
"3092","ULO   NULO","30/03/1957",0,0,NA,NA,"9032"
"3093","ULO   NULO","31/03/1957",0,0,NA,NA,"9032"
"3094","ULO   NULO","01/04/1957",0,0,NA,NA,"9032"
"3095","ULO   NULO","02/04/1957",0,0,NA,NA,"9032"
"3096","ULO   NULO","03/04/1957",0,0,NA,NA,"9032"
"3097","ULO   NULO","04/04/1957",0,0,NA,NA,"9032"
"3098","ULO   NULO","05/04/1957",0,0,NA,NA,"9032"
"3099","ULO   NULO","06/04/1957",0,0,NA,NA,"9032"
"3100","ULO   NULO","07/04/1957",0,0,NA,NA,"9032"
"3101","ULO   NULO","08/04/1957",0,0,NA,NA,"9032"
"3102","ULO   NULO","09/04/1957",0,0,NA,NA,"9032"
"3103","ULO   NULO","10/04/1957",0,0,NA,NA,"9032"
"3104","ULO   NULO","11/04/1957",0,0,NA,NA,"9032"
"3105","ULO   NULO","12/04/1957",3.5,0,NA,NA,"9032"
"3106","ULO   NULO","13/04/1957",9.5,0,NA,NA,"9032"
"3107","ULO   NULO","14/04/1957",6,0,NA,NA,"9032"
"3108","ULO   NULO","15/04/1957",8.5,0,NA,NA,"9032"
"3109","ULO   NULO","16/04/1957",1,0,NA,NA,"9032"
"3110","ULO   NULO","17/04/1957",0,0,NA,NA,"9032"
"3111","ULO   NULO","18/04/1957",0,0,NA,NA,"9032"
"3112","ULO   NULO","19/04/1957",0,0,NA,NA,"9032"
"3113","ULO   NULO","20/04/1957",0,0,NA,NA,"9032"
"3114","ULO   NULO","21/04/1957",0,0,NA,NA,"9032"
"3115","ULO   NULO","22/04/1957",3.5,0,NA,NA,"9032"
"3116","ULO   NULO","23/04/1957",0,0,NA,NA,"9032"
"3117","ULO   NULO","24/04/1957",0,0,NA,NA,"9032"
"3118","ULO   NULO","25/04/1957",0,0,NA,NA,"9032"
"3119","ULO   NULO","26/04/1957",0,0,NA,NA,"9032"
"3120","ULO   NULO","27/04/1957",0,0,NA,NA,"9032"
"3121","ULO   NULO","28/04/1957",0,0,NA,NA,"9032"
"3122","ULO   NULO","29/04/1957",0,0,NA,NA,"9032"
"3123","ULO   NULO","30/04/1957",0,0,NA,NA,"9032"
"3124","ULO   NULO","01/05/1957",0,0,NA,NA,"9032"
"3125","ULO   NULO","02/05/1957",0,0,NA,NA,"9032"
"3126","ULO   NULO","03/05/1957",0,0,NA,NA,"9032"
"3127","ULO   NULO","04/05/1957",4.5,0,NA,NA,"9032"
"3128","ULO   NULO","05/05/1957",0,0,NA,NA,"9032"
"3129","ULO   NULO","06/05/1957",19.5,0,NA,NA,"9032"
"3130","ULO   NULO","07/05/1957",4.5,0,NA,NA,"9032"
"3131","ULO   NULO","08/05/1957",0,0,NA,NA,"9032"
"3132","ULO   NULO","09/05/1957",0,0,NA,NA,"9032"
"3133","ULO   NULO","10/05/1957",3,0,NA,NA,"9032"
"3134","ULO   NULO","11/05/1957",1.5,0,NA,NA,"9032"
"3135","ULO   NULO","12/05/1957",6.5,0,NA,NA,"9032"
"3136","ULO   NULO","13/05/1957",0,0,NA,NA,"9032"
"3137","ULO   NULO","14/05/1957",0,0,NA,NA,"9032"
"3138","ULO   NULO","15/05/1957",0,0,NA,NA,"9032"
"3139","ULO   NULO","16/05/1957",0,0,NA,NA,"9032"
"3140","ULO   NULO","17/05/1957",0,0,NA,NA,"9032"
"3141","ULO   NULO","18/05/1957",0,0,NA,NA,"9032"
"3142","ULO   NULO","19/05/1957",0,0,NA,NA,"9032"
"3143","ULO   NULO","20/05/1957",0,0,NA,NA,"9032"
"3144","ULO   NULO","21/05/1957",0,0,NA,NA,"9032"
"3145","ULO   NULO","22/05/1957",0,0,NA,NA,"9032"
"3146","ULO   NULO","23/05/1957",0,0,NA,NA,"9032"
"3147","ULO   NULO","24/05/1957",0,0,NA,NA,"9032"
"3148","ULO   NULO","25/05/1957",0,0,NA,NA,"9032"
"3149","ULO   NULO","26/05/1957",0,0,NA,NA,"9032"
"3150","ULO   NULO","27/05/1957",0,0,NA,NA,"9032"
"3151","ULO   NULO","28/05/1957",0,0,NA,NA,"9032"
"3152","ULO   NULO","29/05/1957",0,0,NA,NA,"9032"
"3153","ULO   NULO","30/05/1957",0,0,NA,NA,"9032"
"3154","ULO   NULO","31/05/1957",4.5,0,NA,NA,"9032"
"3155","ULO   NULO","01/06/1957",4.5,0,NA,NA,"9032"
"3156","ULO   NULO","02/06/1957",0,0,NA,NA,"9032"
"3157","ULO   NULO","03/06/1957",6,0,NA,NA,"9032"
"3158","ULO   NULO","04/06/1957",24.5,0,NA,NA,"9032"
"3159","ULO   NULO","05/06/1957",2.5,0,NA,NA,"9032"
"3160","ULO   NULO","06/06/1957",5.5,0,NA,NA,"9032"
"3161","ULO   NULO","07/06/1957",0,0,NA,NA,"9032"
"3162","ULO   NULO","08/06/1957",0,0,NA,NA,"9032"
"3163","ULO   NULO","09/06/1957",0,0,NA,NA,"9032"
"3164","ULO   NULO","10/06/1957",0,0,NA,NA,"9032"
"3165","ULO   NULO","11/06/1957",0,0,NA,NA,"9032"
"3166","ULO   NULO","12/06/1957",0,0,NA,NA,"9032"
"3167","ULO   NULO","13/06/1957",0,0,NA,NA,"9032"
"3168","ULO   NULO","14/06/1957",4.5,0,NA,NA,"9032"
"3169","ULO   NULO","15/06/1957",0,0,NA,NA,"9032"
"3170","ULO   NULO","16/06/1957",0,0,NA,NA,"9032"
"3171","ULO   NULO","17/06/1957",9.5,0,NA,NA,"9032"
"3172","ULO   NULO","18/06/1957",0,0,NA,NA,"9032"
"3173","ULO   NULO","19/06/1957",2,0,NA,NA,"9032"
"3174","ULO   NULO","20/06/1957",0,0,NA,NA,"9032"
"3175","ULO   NULO","21/06/1957",4.5,0,NA,NA,"9032"
"3176","ULO   NULO","22/06/1957",9.5,0,NA,NA,"9032"
"3177","ULO   NULO","23/06/1957",3.5,0,NA,NA,"9032"
"3178","ULO   NULO","24/06/1957",0,0,NA,NA,"9032"
"3179","ULO   NULO","25/06/1957",0,0,NA,NA,"9032"
"3180","ULO   NULO","26/06/1957",0,0,NA,NA,"9032"
"3181","ULO   NULO","27/06/1957",2.5,0,NA,NA,"9032"
"3182","ULO   NULO","28/06/1957",3.5,0,NA,NA,"9032"
"3183","ULO   NULO","29/06/1957",0,0,NA,NA,"9032"
"3184","ULO   NULO","30/06/1957",0,0,NA,NA,"9032"
"3185","ULO   NULO","01/07/1957",4.5,0,NA,NA,"9032"
"3186","ULO   NULO","02/07/1957",19.5,0,NA,NA,"9032"
"3187","ULO   NULO","03/07/1957",0,0,NA,NA,"9032"
"3188","ULO   NULO","04/07/1957",9.5,0,NA,NA,"9032"
"3189","ULO   NULO","05/07/1957",0,0,NA,NA,"9032"
"3190","ULO   NULO","06/07/1957",0,0,NA,NA,"9032"
"3191","ULO   NULO","07/07/1957",0,0,NA,NA,"9032"
"3192","ULO   NULO","08/07/1957",2.5,0,NA,NA,"9032"
"3193","ULO   NULO","09/07/1957",6.5,0,NA,NA,"9032"
"3194","ULO   NULO","10/07/1957",9,0,NA,NA,"9032"
"3195","ULO   NULO","11/07/1957",0,0,NA,NA,"9032"
"3196","ULO   NULO","12/07/1957",4.5,0,NA,NA,"9032"
"3197","ULO   NULO","13/07/1957",6,0,NA,NA,"9032"
"3198","ULO   NULO","14/07/1957",17.5,0,NA,NA,"9032"
"3199","ULO   NULO","15/07/1957",19.5,0,NA,NA,"9032"
"3200","ULO   NULO","16/07/1957",6.5,0,NA,NA,"9032"
"3201","ULO   NULO","17/07/1957",0,0,NA,NA,"9032"
"3202","ULO   NULO","18/07/1957",0,0,NA,NA,"9032"
"3203","ULO   NULO","19/07/1957",35.5,0,NA,NA,"9032"
"3204","ULO   NULO","20/07/1957",9,0,NA,NA,"9032"
"3205","ULO   NULO","21/07/1957",6.5,0,NA,NA,"9032"
"3206","ULO   NULO","22/07/1957",0,0,NA,NA,"9032"
"3207","ULO   NULO","23/07/1957",2.5,0,NA,NA,"9032"
"3208","ULO   NULO","24/07/1957",13.5,0,NA,NA,"9032"
"3209","ULO   NULO","25/07/1957",4.5,0,NA,NA,"9032"
"3210","ULO   NULO","26/07/1957",0,0,NA,NA,"9032"
"3211","ULO   NULO","27/07/1957",0,0,NA,NA,"9032"
"3212","ULO   NULO","28/07/1957",6.5,0,NA,NA,"9032"
"3213","ULO   NULO","29/07/1957",0,0,NA,NA,"9032"
"3214","ULO   NULO","30/07/1957",4.5,0,NA,NA,"9032"
"3215","ULO   NULO","31/07/1957",8.5,0,NA,NA,"9032"
"3216","ULO   NULO","01/08/1957",0,0,NA,NA,"9032"
"3217","ULO   NULO","02/08/1957",6,0,NA,NA,"9032"
"3218","ULO   NULO","03/08/1957",0,0,NA,NA,"9032"
"3219","ULO   NULO","04/08/1957",12.5,0,NA,NA,"9032"
"3220","ULO   NULO","05/08/1957",0,0,NA,NA,"9032"
"3221","ULO   NULO","06/08/1957",0,0,NA,NA,"9032"
"3222","ULO   NULO","07/08/1957",0,0,NA,NA,"9032"
"3223","ULO   NULO","08/08/1957",9.5,0,NA,NA,"9032"
"3224","ULO   NULO","09/08/1957",6.5,0,NA,NA,"9032"
"3225","ULO   NULO","10/08/1957",2.5,0,NA,NA,"9032"
"3226","ULO   NULO","11/08/1957",0,0,NA,NA,"9032"
"3227","ULO   NULO","12/08/1957",0,0,NA,NA,"9032"
"3228","ULO   NULO","13/08/1957",0,0,NA,NA,"9032"
"3229","ULO   NULO","14/08/1957",0,0,NA,NA,"9032"
"3230","ULO   NULO","15/08/1957",0,0,NA,NA,"9032"
"3231","ULO   NULO","16/08/1957",0,0,NA,NA,"9032"
"3232","ULO   NULO","17/08/1957",9,0,NA,NA,"9032"
"3233","ULO   NULO","18/08/1957",3.5,0,NA,NA,"9032"
"3234","ULO   NULO","19/08/1957",4.5,0,NA,NA,"9032"
"3235","ULO   NULO","20/08/1957",13.5,0,NA,NA,"9032"
"3236","ULO   NULO","21/08/1957",15.5,0,NA,NA,"9032"
"3237","ULO   NULO","22/08/1957",12,0,NA,NA,"9032"
"3238","ULO   NULO","23/08/1957",18.5,0,NA,NA,"9032"
"3239","ULO   NULO","24/08/1957",6,0,NA,NA,"9032"
"3240","ULO   NULO","25/08/1957",9.5,0,NA,NA,"9032"
"3241","ULO   NULO","26/08/1957",8.5,0,NA,NA,"9032"
"3242","ULO   NULO","27/08/1957",12.5,0,NA,NA,"9032"
"3243","ULO   NULO","28/08/1957",4.5,0,NA,NA,"9032"
"3244","ULO   NULO","29/08/1957",3.5,0,NA,NA,"9032"
"3245","ULO   NULO","30/08/1957",16.5,0,NA,NA,"9032"
"3246","ULO   NULO","31/08/1957",1.5,0,NA,NA,"9032"
"3247","ULO   NULO","01/09/1957",0,0,NA,NA,"9032"
"3248","ULO   NULO","02/09/1957",0,0,NA,NA,"9032"
"3249","ULO   NULO","03/09/1957",0,0,NA,NA,"9032"
"3250","ULO   NULO","04/09/1957",0,0,NA,NA,"9032"
"3251","ULO   NULO","05/09/1957",0,0,NA,NA,"9032"
"3252","ULO   NULO","06/09/1957",9.5,0,NA,NA,"9032"
"3253","ULO   NULO","07/09/1957",0,0,NA,NA,"9032"
"3254","ULO   NULO","08/09/1957",0,0,NA,NA,"9032"
"3255","ULO   NULO","09/09/1957",4.5,0,NA,NA,"9032"
"3256","ULO   NULO","10/09/1957",0,0,NA,NA,"9032"
"3257","ULO   NULO","11/09/1957",9.5,0,NA,NA,"9032"
"3258","ULO   NULO","12/09/1957",5.5,0,NA,NA,"9032"
"3259","ULO   NULO","13/09/1957",0,0,NA,NA,"9032"
"3260","ULO   NULO","14/09/1957",0,0,NA,NA,"9032"
"3261","ULO   NULO","15/09/1957",15.5,0,NA,NA,"9032"
"3262","ULO   NULO","16/09/1957",4.5,0,NA,NA,"9032"
"3263","ULO   NULO","17/09/1957",0,0,NA,NA,"9032"
"3264","ULO   NULO","18/09/1957",0,0,NA,NA,"9032"
"3265","ULO   NULO","19/09/1957",9.5,0,NA,NA,"9032"
"3266","ULO   NULO","20/09/1957",0,0,NA,NA,"9032"
"3267","ULO   NULO","21/09/1957",0,0,NA,NA,"9032"
"3268","ULO   NULO","22/09/1957",4.5,0,NA,NA,"9032"
"3269","ULO   NULO","23/09/1957",6.5,0,NA,NA,"9032"
"3270","ULO   NULO","24/09/1957",0,0,NA,NA,"9032"
"3271","ULO   NULO","25/09/1957",12.5,0,NA,NA,"9032"
"3272","ULO   NULO","26/09/1957",3.5,0,NA,NA,"9032"
"3273","ULO   NULO","27/09/1957",1.5,0,NA,NA,"9032"
"3274","ULO   NULO","28/09/1957",0,0,NA,NA,"9032"
"3275","ULO   NULO","29/09/1957",0,0,NA,NA,"9032"
"3276","ULO   NULO","30/09/1957",0,0,NA,NA,"9032"
"3277","ULO   NULO","01/10/1957",0,0,NA,NA,"9032"
"3278","ULO   NULO","02/10/1957",0,0,NA,NA,"9032"
"3279","ULO   NULO","03/10/1957",0,0,NA,NA,"9032"
"3280","ULO   NULO","04/10/1957",0,0,NA,NA,"9032"
"3281","ULO   NULO","05/10/1957",0,0,NA,NA,"9032"
"3282","ULO   NULO","06/10/1957",0,0,NA,NA,"9032"
"3283","ULO   NULO","07/10/1957",0,0,NA,NA,"9032"
"3284","ULO   NULO","08/10/1957",0,0,NA,NA,"9032"
"3285","ULO   NULO","09/10/1957",1.5,0,NA,NA,"9032"
"3286","ULO   NULO","10/10/1957",0,0,NA,NA,"9032"
"3287","ULO   NULO","11/10/1957",7.5,0,NA,NA,"9032"
"3288","ULO   NULO","12/10/1957",0,0,NA,NA,"9032"
"3289","ULO   NULO","13/10/1957",0,0,NA,NA,"9032"
"3290","ULO   NULO","14/10/1957",0,0,NA,NA,"9032"
"3291","ULO   NULO","15/10/1957",0,0,NA,NA,"9032"
"3292","ULO   NULO","16/10/1957",3,0,NA,NA,"9032"
"3293","ULO   NULO","17/10/1957",0,0,NA,NA,"9032"
"3294","ULO   NULO","18/10/1957",4.5,0,NA,NA,"9032"
"3295","ULO   NULO","19/10/1957",25.5,0,NA,NA,"9032"
"3296","ULO   NULO","20/10/1957",4.5,0,NA,NA,"9032"
"3297","ULO   NULO","21/10/1957",0,0,NA,NA,"9032"
"3298","ULO   NULO","22/10/1957",0,0,NA,NA,"9032"
"3299","ULO   NULO","23/10/1957",0,0,NA,NA,"9032"
"3300","ULO   NULO","24/10/1957",0,0,NA,NA,"9032"
"3301","ULO   NULO","25/10/1957",2,0,NA,NA,"9032"
"3302","ULO   NULO","26/10/1957",0,0,NA,NA,"9032"
"3303","ULO   NULO","27/10/1957",0,0,NA,NA,"9032"
"3304","ULO   NULO","28/10/1957",0,0,NA,NA,"9032"
"3305","ULO   NULO","29/10/1957",0,0,NA,NA,"9032"
"3306","ULO   NULO","30/10/1957",0,0,NA,NA,"9032"
"3307","ULO   NULO","31/10/1957",0,0,NA,NA,"9032"
"3308","ULO   NULO","01/11/1957",0,0,NA,NA,"9032"
"3309","ULO   NULO","02/11/1957",0,0,NA,NA,"9032"
"3310","ULO   NULO","03/11/1957",0,0,NA,NA,"9032"
"3311","ULO   NULO","04/11/1957",0,0,NA,NA,"9032"
"3312","ULO   NULO","05/11/1957",0,0,NA,NA,"9032"
"3313","ULO   NULO","06/11/1957",0,0,NA,NA,"9032"
"3314","ULO   NULO","07/11/1957",0,0,NA,NA,"9032"
"3315","ULO   NULO","08/11/1957",0,0,NA,NA,"9032"
"3316","ULO   NULO","09/11/1957",0,0,NA,NA,"9032"
"3317","ULO   NULO","10/11/1957",0,0,NA,NA,"9032"
"3318","ULO   NULO","11/11/1957",0,0,NA,NA,"9032"
"3319","ULO   NULO","12/11/1957",0,0,NA,NA,"9032"
"3320","ULO   NULO","13/11/1957",2,0,NA,NA,"9032"
"3321","ULO   NULO","14/11/1957",0,0,NA,NA,"9032"
"3322","ULO   NULO","15/11/1957",0,0,NA,NA,"9032"
"3323","ULO   NULO","16/11/1957",0,0,NA,NA,"9032"
"3324","ULO   NULO","17/11/1957",0,0,NA,NA,"9032"
"3325","ULO   NULO","18/11/1957",0,0,NA,NA,"9032"
"3326","ULO   NULO","19/11/1957",0,0,NA,NA,"9032"
"3327","ULO   NULO","20/11/1957",0,0,NA,NA,"9032"
"3328","ULO   NULO","21/11/1957",0,0,NA,NA,"9032"
"3329","ULO   NULO","22/11/1957",0,0,NA,NA,"9032"
"3330","ULO   NULO","23/11/1957",0,0,NA,NA,"9032"
"3331","ULO   NULO","24/11/1957",0,0,NA,NA,"9032"
"3332","ULO   NULO","25/11/1957",0,0,NA,NA,"9032"
"3333","ULO   NULO","26/11/1957",0,0,NA,NA,"9032"
"3334","ULO   NULO","27/11/1957",0,0,NA,NA,"9032"
"3335","ULO   NULO","28/11/1957",3.5,0,NA,NA,"9032"
"3336","ULO   NULO","29/11/1957",4.5,0,NA,NA,"9032"
"3337","ULO   NULO","30/11/1957",0,0,NA,NA,"9032"
"3338","ULO   NULO","01/12/1957",0,0,NA,NA,"9032"
"3339","ULO   NULO","02/12/1957",0,0,NA,NA,"9032"
"3340","ULO   NULO","03/12/1957",0,0,NA,NA,"9032"
"3341","ULO   NULO","04/12/1957",0,0,NA,NA,"9032"
"3342","ULO   NULO","05/12/1957",0,0,NA,NA,"9032"
"3343","ULO   NULO","06/12/1957",0,0,NA,NA,"9032"
"3344","ULO   NULO","07/12/1957",0,0,NA,NA,"9032"
"3345","ULO   NULO","08/12/1957",0,0,NA,NA,"9032"
"3346","ULO   NULO","09/12/1957",0,0,NA,NA,"9032"
"3347","ULO   NULO","10/12/1957",0,0,NA,NA,"9032"
"3348","ULO   NULO","11/12/1957",0,0,NA,NA,"9032"
"3349","ULO   NULO","12/12/1957",0,0,NA,NA,"9032"
"3350","ULO   NULO","13/12/1957",0,0,NA,NA,"9032"
"3351","ULO   NULO","14/12/1957",0,0,NA,NA,"9032"
"3352","ULO   NULO","15/12/1957",0,0,NA,NA,"9032"
"3353","ULO   NULO","16/12/1957",0,0,NA,NA,"9032"
"3354","ULO   NULO","17/12/1957",0,0,NA,NA,"9032"
"3355","ULO   NULO","18/12/1957",0,0,NA,NA,"9032"
"3356","ULO   NULO","19/12/1957",0,0,NA,NA,"9032"
"3357","ULO   NULO","20/12/1957",0,0,NA,NA,"9032"
"3358","ULO   NULO","21/12/1957",0,0,NA,NA,"9032"
"3359","ULO   NULO","22/12/1957",0,0,NA,NA,"9032"
"3360","ULO   NULO","23/12/1957",0,0,NA,NA,"9032"
"3361","ULO   NULO","24/12/1957",0,0,NA,NA,"9032"
"3362","ULO   NULO","25/12/1957",0,0,NA,NA,"9032"
"3363","ULO   NULO","26/12/1957",0,0,NA,NA,"9032"
"3364","ULO   NULO","27/12/1957",0,0,NA,NA,"9032"
"3365","ULO   NULO","28/12/1957",0,0,NA,NA,"9032"
"3366","ULO   NULO","29/12/1957",0,0,NA,NA,"9032"
"3367","ULO   NULO","30/12/1957",4.5,0,NA,NA,"9032"
"3368","ULO   NULO","31/12/1957",1.5,0,NA,NA,"9032"
"3369","ULO   NULO","01/01/1958",22.5,0,NA,NA,"9032"
"3370","ULO   NULO","02/01/1958",0,0,NA,NA,"9032"
"3371","ULO   NULO","03/01/1958",0,0,NA,NA,"9032"
"3372","ULO   NULO","04/01/1958",16.5,0,NA,NA,"9032"
"3373","ULO   NULO","05/01/1958",2.5,0,NA,NA,"9032"
"3374","ULO   NULO","06/01/1958",1.5,0,NA,NA,"9032"
"3375","ULO   NULO","07/01/1958",3.5,0,NA,NA,"9032"
"3376","ULO   NULO","08/01/1958",0,0,NA,NA,"9032"
"3377","ULO   NULO","09/01/1958",0,0,NA,NA,"9032"
"3378","ULO   NULO","10/01/1958",0,0,NA,NA,"9032"
"3379","ULO   NULO","11/01/1958",0,0,NA,NA,"9032"
"3380","ULO   NULO","12/01/1958",0,0,NA,NA,"9032"
"3381","ULO   NULO","13/01/1958",0,0,NA,NA,"9032"
"3382","ULO   NULO","14/01/1958",0,0,NA,NA,"9032"
"3383","ULO   NULO","15/01/1958",0,0,NA,NA,"9032"
"3384","ULO   NULO","16/01/1958",0,0,NA,NA,"9032"
"3385","ULO   NULO","17/01/1958",10.5,0,NA,NA,"9032"
"3386","ULO   NULO","18/01/1958",44.5,0,NA,NA,"9032"
"3387","ULO   NULO","19/01/1958",42.5,0,NA,NA,"9032"
"3388","ULO   NULO","20/01/1958",13.5,0,NA,NA,"9032"
"3389","ULO   NULO","21/01/1958",0,0,NA,NA,"9032"
"3390","ULO   NULO","22/01/1958",0,0,NA,NA,"9032"
"3391","ULO   NULO","23/01/1958",0,0,NA,NA,"9032"
"3392","ULO   NULO","24/01/1958",0,0,NA,NA,"9032"
"3393","ULO   NULO","25/01/1958",0,0,NA,NA,"9032"
"3394","ULO   NULO","26/01/1958",0,0,NA,NA,"9032"
"3395","ULO   NULO","27/01/1958",0,0,NA,NA,"9032"
"3396","ULO   NULO","28/01/1958",0,0,NA,NA,"9032"
"3397","ULO   NULO","29/01/1958",0,0,NA,NA,"9032"
"3398","ULO   NULO","30/01/1958",0,0,NA,NA,"9032"
"3399","ULO   NULO","31/01/1958",0,0,NA,NA,"9032"
"3400","ULO   NULO","01/02/1958",0,0,NA,NA,"9032"
"3401","ULO   NULO","02/02/1958",0,0,NA,NA,"9032"
"3402","ULO   NULO","03/02/1958",0,0,NA,NA,"9032"
"3403","ULO   NULO","04/02/1958",0,0,NA,NA,"9032"
"3404","ULO   NULO","05/02/1958",0,0,NA,NA,"9032"
"3405","ULO   NULO","06/02/1958",0,0,NA,NA,"9032"
"3406","ULO   NULO","07/02/1958",0,0,NA,NA,"9032"
"3407","ULO   NULO","08/02/1958",0,0,NA,NA,"9032"
"3408","ULO   NULO","09/02/1958",0,0,NA,NA,"9032"
"3409","ULO   NULO","10/02/1958",0,0,NA,NA,"9032"
"3410","ULO   NULO","11/02/1958",0,0,NA,NA,"9032"
"3411","ULO   NULO","12/02/1958",0,0,NA,NA,"9032"
"3412","ULO   NULO","13/02/1958",0,0,NA,NA,"9032"
"3413","ULO   NULO","14/02/1958",0,0,NA,NA,"9032"
"3414","ULO   NULO","15/02/1958",0,0,NA,NA,"9032"
"3415","ULO   NULO","16/02/1958",0,0,NA,NA,"9032"
"3416","ULO   NULO","17/02/1958",0,0,NA,NA,"9032"
"3417","ULO   NULO","18/02/1958",0,0,NA,NA,"9032"
"3418","ULO   NULO","19/02/1958",0,0,NA,NA,"9032"
"3419","ULO   NULO","20/02/1958",0,0,NA,NA,"9032"
"3420","ULO   NULO","21/02/1958",2.5,0,NA,NA,"9032"
"3421","ULO   NULO","22/02/1958",12.5,0,NA,NA,"9032"
"3422","ULO   NULO","23/02/1958",0,0,NA,NA,"9032"
"3423","ULO   NULO","24/02/1958",0,0,NA,NA,"9032"
"3424","ULO   NULO","25/02/1958",4.5,0,NA,NA,"9032"
"3425","ULO   NULO","26/02/1958",0,0,NA,NA,"9032"
"3426","ULO   NULO","27/02/1958",0,0,NA,NA,"9032"
"3427","ULO   NULO","28/02/1958",0,0,NA,NA,"9032"
"3428","ULO   NULO","01/03/1958",0,0,NA,NA,"9032"
"3429","ULO   NULO","02/03/1958",0,0,NA,NA,"9032"
"3430","ULO   NULO","03/03/1958",0,0,NA,NA,"9032"
"3431","ULO   NULO","04/03/1958",0,0,NA,NA,"9032"
"3432","ULO   NULO","05/03/1958",0,0,NA,NA,"9032"
"3433","ULO   NULO","06/03/1958",0,0,NA,NA,"9032"
"3434","ULO   NULO","07/03/1958",0,0,NA,NA,"9032"
"3435","ULO   NULO","08/03/1958",0,0,NA,NA,"9032"
"3436","ULO   NULO","09/03/1958",0,0,NA,NA,"9032"
"3437","ULO   NULO","10/03/1958",0,0,NA,NA,"9032"
"3438","ULO   NULO","11/03/1958",0,0,NA,NA,"9032"
"3439","ULO   NULO","12/03/1958",0,0,NA,NA,"9032"
"3440","ULO   NULO","13/03/1958",0,0,NA,NA,"9032"
"3441","ULO   NULO","14/03/1958",0,0,NA,NA,"9032"
"3442","ULO   NULO","15/03/1958",0,0,NA,NA,"9032"
"3443","ULO   NULO","16/03/1958",0,0,NA,NA,"9032"
"3444","ULO   NULO","17/03/1958",0,0,NA,NA,"9032"
"3445","ULO   NULO","18/03/1958",0,0,NA,NA,"9032"
"3446","ULO   NULO","19/03/1958",0,0,NA,NA,"9032"
"3447","ULO   NULO","20/03/1958",0,0,NA,NA,"9032"
"3448","ULO   NULO","21/03/1958",0,0,NA,NA,"9032"
"3449","ULO   NULO","22/03/1958",0,0,NA,NA,"9032"
"3450","ULO   NULO","23/03/1958",0,0,NA,NA,"9032"
"3451","ULO   NULO","24/03/1958",0,0,NA,NA,"9032"
"3452","ULO   NULO","25/03/1958",0,0,NA,NA,"9032"
"3453","ULO   NULO","26/03/1958",0,0,NA,NA,"9032"
"3454","ULO   NULO","27/03/1958",0,0,NA,NA,"9032"
"3455","ULO   NULO","28/03/1958",0,0,NA,NA,"9032"
"3456","ULO   NULO","29/03/1958",0,0,NA,NA,"9032"
"3457","ULO   NULO","30/03/1958",0,0,NA,NA,"9032"
"3458","ULO   NULO","31/03/1958",0,0,NA,NA,"9032"
"3459","ULO   NULO","01/04/1958",0,0,NA,NA,"9032"
"3460","ULO   NULO","02/04/1958",0,0,NA,NA,"9032"
"3461","ULO   NULO","03/04/1958",0,0,NA,NA,"9032"
"3462","ULO   NULO","04/04/1958",0,0,NA,NA,"9032"
"3463","ULO   NULO","05/04/1958",0,0,NA,NA,"9032"
"3464","ULO   NULO","06/04/1958",0,0,NA,NA,"9032"
"3465","ULO   NULO","07/04/1958",0,0,NA,NA,"9032"
"3466","ULO   NULO","08/04/1958",0,0,NA,NA,"9032"
"3467","ULO   NULO","09/04/1958",0,0,NA,NA,"9032"
"3468","ULO   NULO","10/04/1958",0,0,NA,NA,"9032"
"3469","ULO   NULO","11/04/1958",0,0,NA,NA,"9032"
"3470","ULO   NULO","12/04/1958",0,0,NA,NA,"9032"
"3471","ULO   NULO","13/04/1958",0,0,NA,NA,"9032"
"3472","ULO   NULO","14/04/1958",0,0,NA,NA,"9032"
"3473","ULO   NULO","15/04/1958",3.5,0,NA,NA,"9032"
"3474","ULO   NULO","16/04/1958",8.5,0,NA,NA,"9032"
"3475","ULO   NULO","17/04/1958",9,0,NA,NA,"9032"
"3476","ULO   NULO","18/04/1958",16.5,0,NA,NA,"9032"
"3477","ULO   NULO","19/04/1958",3.5,0,NA,NA,"9032"
"3478","ULO   NULO","20/04/1958",2.5,0,NA,NA,"9032"
"3479","ULO   NULO","21/04/1958",0,0,NA,NA,"9032"
"3480","ULO   NULO","22/04/1958",0,0,NA,NA,"9032"
"3481","ULO   NULO","23/04/1958",0,0,NA,NA,"9032"
"3482","ULO   NULO","24/04/1958",0,0,NA,NA,"9032"
"3483","ULO   NULO","25/04/1958",0,0,NA,NA,"9032"
"3484","ULO   NULO","26/04/1958",0,0,NA,NA,"9032"
"3485","ULO   NULO","27/04/1958",3.5,0,NA,NA,"9032"
"3486","ULO   NULO","28/04/1958",0,0,NA,NA,"9032"
"3487","ULO   NULO","29/04/1958",5.5,0,NA,NA,"9032"
"3488","ULO   NULO","30/04/1958",0,0,NA,NA,"9032"
"3489","ULO   NULO","01/05/1958",0,0,NA,NA,"9032"
"3490","ULO   NULO","02/05/1958",0,0,NA,NA,"9032"
"3491","ULO   NULO","03/05/1958",0,0,NA,NA,"9032"
"3492","ULO   NULO","04/05/1958",0,0,NA,NA,"9032"
"3493","ULO   NULO","05/05/1958",2.5,0,NA,NA,"9032"
"3494","ULO   NULO","06/05/1958",2.5,0,NA,NA,"9032"
"3495","ULO   NULO","07/05/1958",0,0,NA,NA,"9032"
"3496","ULO   NULO","08/05/1958",3,0,NA,NA,"9032"
"3497","ULO   NULO","09/05/1958",0,0,NA,NA,"9032"
"3498","ULO   NULO","10/05/1958",0,0,NA,NA,"9032"
"3499","ULO   NULO","11/05/1958",0,0,NA,NA,"9032"
"3500","ULO   NULO","12/05/1958",0,0,NA,NA,"9032"
"3501","ULO   NULO","13/05/1958",6.5,0,NA,NA,"9032"
"3502","ULO   NULO","14/05/1958",0,0,NA,NA,"9032"
"3503","ULO   NULO","15/05/1958",0,0,NA,NA,"9032"
"3504","ULO   NULO","16/05/1958",10.5,0,NA,NA,"9032"
"3505","ULO   NULO","17/05/1958",12.5,0,NA,NA,"9032"
"3506","ULO   NULO","18/05/1958",13.5,0,NA,NA,"9032"
"3507","ULO   NULO","19/05/1958",43.5,0,NA,NA,"9032"
"3508","ULO   NULO","20/05/1958",0,0,NA,NA,"9032"
"3509","ULO   NULO","21/05/1958",16.5,0,NA,NA,"9032"
"3510","ULO   NULO","22/05/1958",0,0,NA,NA,"9032"
"3511","ULO   NULO","23/05/1958",2.5,0,NA,NA,"9032"
"3512","ULO   NULO","24/05/1958",0,0,NA,NA,"9032"
"3513","ULO   NULO","25/05/1958",0,0,NA,NA,"9032"
"3514","ULO   NULO","26/05/1958",0,0,NA,NA,"9032"
"3515","ULO   NULO","27/05/1958",0,0,NA,NA,"9032"
"3516","ULO   NULO","28/05/1958",0,0,NA,NA,"9032"
"3517","ULO   NULO","29/05/1958",0,0,NA,NA,"9032"
"3518","ULO   NULO","30/05/1958",0,0,NA,NA,"9032"
"3519","ULO   NULO","31/05/1958",0,0,NA,NA,"9032"
"3520","ULO   NULO","01/06/1958",0,0,NA,NA,"9032"
"3521","ULO   NULO","02/06/1958",0,0,NA,NA,"9032"
"3522","ULO   NULO","03/06/1958",1.5,0,NA,NA,"9032"
"3523","ULO   NULO","04/06/1958",2.5,0,NA,NA,"9032"
"3524","ULO   NULO","05/06/1958",6,0,NA,NA,"9032"
"3525","ULO   NULO","06/06/1958",0,0,NA,NA,"9032"
"3526","ULO   NULO","07/06/1958",12.5,0,NA,NA,"9032"
"3527","ULO   NULO","08/06/1958",6,0,NA,NA,"9032"
"3528","ULO   NULO","09/06/1958",1.5,0,NA,NA,"9032"
"3529","ULO   NULO","10/06/1958",0,0,NA,NA,"9032"
"3530","ULO   NULO","11/06/1958",2.5,0,NA,NA,"9032"
"3531","ULO   NULO","12/06/1958",0,0,NA,NA,"9032"
"3532","ULO   NULO","13/06/1958",15.5,0,NA,NA,"9032"
"3533","ULO   NULO","14/06/1958",11.5,0,NA,NA,"9032"
"3534","ULO   NULO","15/06/1958",0,0,NA,NA,"9032"
"3535","ULO   NULO","16/06/1958",0,0,NA,NA,"9032"
"3536","ULO   NULO","17/06/1958",1.5,0,NA,NA,"9032"
"3537","ULO   NULO","18/06/1958",0,0,NA,NA,"9032"
"3538","ULO   NULO","19/06/1958",14.5,0,NA,NA,"9032"
"3539","ULO   NULO","20/06/1958",0,0,NA,NA,"9032"
"3540","ULO   NULO","21/06/1958",0,0,NA,NA,"9032"
"3541","ULO   NULO","22/06/1958",2,0,NA,NA,"9032"
"3542","ULO   NULO","23/06/1958",0,0,NA,NA,"9032"
"3543","ULO   NULO","24/06/1958",0,0,NA,NA,"9032"
"3544","ULO   NULO","25/06/1958",5.5,0,NA,NA,"9032"
"3545","ULO   NULO","26/06/1958",15.5,0,NA,NA,"9032"
"3546","ULO   NULO","27/06/1958",1.5,0,NA,NA,"9032"
"3547","ULO   NULO","28/06/1958",0,0,NA,NA,"9032"
"3548","ULO   NULO","29/06/1958",6,0,NA,NA,"9032"
"3549","ULO   NULO","30/06/1958",14.5,0,NA,NA,"9032"
"3550","ULO   NULO","01/07/1958",22,0,NA,NA,"9032"
"3551","ULO   NULO","02/07/1958",20.5,0,NA,NA,"9032"
"3552","ULO   NULO","03/07/1958",29,0,NA,NA,"9032"
"3553","ULO   NULO","04/07/1958",7,0,NA,NA,"9032"
"3554","ULO   NULO","05/07/1958",8.5,0,NA,NA,"9032"
"3555","ULO   NULO","06/07/1958",2,0,NA,NA,"9032"
"3556","ULO   NULO","07/07/1958",22.5,0,NA,NA,"9032"
"3557","ULO   NULO","08/07/1958",0,0,NA,NA,"9032"
"3558","ULO   NULO","09/07/1958",22.5,0,NA,NA,"9032"
"3559","ULO   NULO","10/07/1958",8.5,0,NA,NA,"9032"
"3560","ULO   NULO","11/07/1958",0,0,NA,NA,"9032"
"3561","ULO   NULO","12/07/1958",3,0,NA,NA,"9032"
"3562","ULO   NULO","13/07/1958",4,0,NA,NA,"9032"
"3563","ULO   NULO","14/07/1958",1,0,NA,NA,"9032"
"3564","ULO   NULO","15/07/1958",7.5,0,NA,NA,"9032"
"3565","ULO   NULO","16/07/1958",6.5,0,NA,NA,"9032"
"3566","ULO   NULO","17/07/1958",12.5,0,NA,NA,"9032"
"3567","ULO   NULO","18/07/1958",0,0,NA,NA,"9032"
"3568","ULO   NULO","19/07/1958",19.5,0,NA,NA,"9032"
"3569","ULO   NULO","20/07/1958",15,0,NA,NA,"9032"
"3570","ULO   NULO","21/07/1958",8,0,NA,NA,"9032"
"3571","ULO   NULO","22/07/1958",0,0,NA,NA,"9032"
"3572","ULO   NULO","23/07/1958",0,0,NA,NA,"9032"
"3573","ULO   NULO","24/07/1958",18.5,0,NA,NA,"9032"
"3574","ULO   NULO","25/07/1958",2.5,0,NA,NA,"9032"
"3575","ULO   NULO","26/07/1958",2.5,0,NA,NA,"9032"
"3576","ULO   NULO","27/07/1958",2,0,NA,NA,"9032"
"3577","ULO   NULO","28/07/1958",8,0,NA,NA,"9032"
"3578","ULO   NULO","29/07/1958",0,0,NA,NA,"9032"
"3579","ULO   NULO","30/07/1958",0,0,NA,NA,"9032"
"3580","ULO   NULO","31/07/1958",14.5,0,NA,NA,"9032"
"3581","ULO   NULO","01/08/1958",12,0,NA,NA,"9032"
"3582","ULO   NULO","02/08/1958",0,0,NA,NA,"9032"
"3583","ULO   NULO","03/08/1958",0,0,NA,NA,"9032"
"3584","ULO   NULO","04/08/1958",6.5,0,NA,NA,"9032"
"3585","ULO   NULO","05/08/1958",6.5,0,NA,NA,"9032"
"3586","ULO   NULO","06/08/1958",15,0,NA,NA,"9032"
"3587","ULO   NULO","07/08/1958",5,0,NA,NA,"9032"
"3588","ULO   NULO","08/08/1958",7,0,NA,NA,"9032"
"3589","ULO   NULO","09/08/1958",0,0,NA,NA,"9032"
"3590","ULO   NULO","10/08/1958",0,0,NA,NA,"9032"
"3591","ULO   NULO","11/08/1958",0,0,NA,NA,"9032"
"3592","ULO   NULO","12/08/1958",2.5,0,NA,NA,"9032"
"3593","ULO   NULO","13/08/1958",5,0,NA,NA,"9032"
"3594","ULO   NULO","14/08/1958",5,0,NA,NA,"9032"
"3595","ULO   NULO","15/08/1958",3.5,0,NA,NA,"9032"
"3596","ULO   NULO","16/08/1958",5,0,NA,NA,"9032"
"3597","ULO   NULO","17/08/1958",2,0,NA,NA,"9032"
"3598","ULO   NULO","18/08/1958",1.5,0,NA,NA,"9032"
"3599","ULO   NULO","19/08/1958",0,0,NA,NA,"9032"
"3600","ULO   NULO","20/08/1958",5.5,0,NA,NA,"9032"
"3601","ULO   NULO","21/08/1958",17,0,NA,NA,"9032"
"3602","ULO   NULO","22/08/1958",5,0,NA,NA,"9032"
"3603","ULO   NULO","23/08/1958",0,0,NA,NA,"9032"
"3604","ULO   NULO","24/08/1958",5,0,NA,NA,"9032"
"3605","ULO   NULO","25/08/1958",9,0,NA,NA,"9032"
"3606","ULO   NULO","26/08/1958",0,0,NA,NA,"9032"
"3607","ULO   NULO","27/08/1958",3.5,0,NA,NA,"9032"
"3608","ULO   NULO","28/08/1958",1,0,NA,NA,"9032"
"3609","ULO   NULO","29/08/1958",0,0,NA,NA,"9032"
"3610","ULO   NULO","30/08/1958",0,0,NA,NA,"9032"
"3611","ULO   NULO","31/08/1958",13,0,NA,NA,"9032"
"3612","ULO   NULO","01/09/1958",3.5,0,NA,NA,"9032"
"3613","ULO   NULO","02/09/1958",6.5,0,NA,NA,"9032"
"3614","ULO   NULO","03/09/1958",6.5,0,NA,NA,"9032"
"3615","ULO   NULO","04/09/1958",5,0,NA,NA,"9032"
"3616","ULO   NULO","05/09/1958",6,0,NA,NA,"9032"
"3617","ULO   NULO","06/09/1958",0,0,NA,NA,"9032"
"3618","ULO   NULO","07/09/1958",6.5,0,NA,NA,"9032"
"3619","ULO   NULO","08/09/1958",3,0,NA,NA,"9032"
"3620","ULO   NULO","09/09/1958",6.5,0,NA,NA,"9032"
"3621","ULO   NULO","10/09/1958",12.5,0,NA,NA,"9032"
"3622","ULO   NULO","11/09/1958",20,0,NA,NA,"9032"
"3623","ULO   NULO","12/09/1958",3.5,0,NA,NA,"9032"
"3624","ULO   NULO","13/09/1958",0,0,NA,NA,"9032"
"3625","ULO   NULO","14/09/1958",0,0,NA,NA,"9032"
"3626","ULO   NULO","15/09/1958",0,0,NA,NA,"9032"
"3627","ULO   NULO","16/09/1958",1,0,NA,NA,"9032"
"3628","ULO   NULO","17/09/1958",0,0,NA,NA,"9032"
"3629","ULO   NULO","18/09/1958",1,0,NA,NA,"9032"
"3630","ULO   NULO","19/09/1958",0,0,NA,NA,"9032"
"3631","ULO   NULO","20/09/1958",0,0,NA,NA,"9032"
"3632","ULO   NULO","21/09/1958",0,0,NA,NA,"9032"
"3633","ULO   NULO","22/09/1958",0,0,NA,NA,"9032"
"3634","ULO   NULO","23/09/1958",0,0,NA,NA,"9032"
"3635","ULO   NULO","24/09/1958",0,0,NA,NA,"9032"
"3636","ULO   NULO","25/09/1958",0,0,NA,NA,"9032"
"3637","ULO   NULO","26/09/1958",5.5,0,NA,NA,"9032"
"3638","ULO   NULO","27/09/1958",2.5,0,NA,NA,"9032"
"3639","ULO   NULO","28/09/1958",12.5,0,NA,NA,"9032"
"3640","ULO   NULO","29/09/1958",2,0,NA,NA,"9032"
"3641","ULO   NULO","30/09/1958",1,0,NA,NA,"9032"
"3642","ULO   NULO","01/10/1958",5,0,NA,NA,"9032"
"3643","ULO   NULO","02/10/1958",7,0,NA,NA,"9032"
"3644","ULO   NULO","03/10/1958",6.5,0,NA,NA,"9032"
"3645","ULO   NULO","04/10/1958",2,0,NA,NA,"9032"
"3646","ULO   NULO","05/10/1958",2.5,0,NA,NA,"9032"
"3647","ULO   NULO","06/10/1958",0,0,NA,NA,"9032"
"3648","ULO   NULO","07/10/1958",3.5,0,NA,NA,"9032"
"3649","ULO   NULO","08/10/1958",0,0,NA,NA,"9032"
"3650","ULO   NULO","09/10/1958",0,0,NA,NA,"9032"
"3651","ULO   NULO","10/10/1958",1,0,NA,NA,"9032"
"3652","ULO   NULO","11/10/1958",3,0,NA,NA,"9032"
"3653","ULO   NULO","12/10/1958",4,0,NA,NA,"9032"
"3654","ULO   NULO","13/10/1958",1.5,0,NA,NA,"9032"
"3655","ULO   NULO","14/10/1958",0,0,NA,NA,"9032"
"3656","ULO   NULO","15/10/1958",8.5,0,NA,NA,"9032"
"3657","ULO   NULO","16/10/1958",1.5,0,NA,NA,"9032"
"3658","ULO   NULO","17/10/1958",0,0,NA,NA,"9032"
"3659","ULO   NULO","18/10/1958",9.5,0,NA,NA,"9032"
"3660","ULO   NULO","19/10/1958",16.5,0,NA,NA,"9032"
"3661","ULO   NULO","20/10/1958",0,0,NA,NA,"9032"
"3662","ULO   NULO","21/10/1958",0,0,NA,NA,"9032"
"3663","ULO   NULO","22/10/1958",0,0,NA,NA,"9032"
"3664","ULO   NULO","23/10/1958",0,0,NA,NA,"9032"
"3665","ULO   NULO","24/10/1958",0,0,NA,NA,"9032"
"3666","ULO   NULO","25/10/1958",0,0,NA,NA,"9032"
"3667","ULO   NULO","26/10/1958",0,0,NA,NA,"9032"
"3668","ULO   NULO","27/10/1958",1.5,0,NA,NA,"9032"
"3669","ULO   NULO","28/10/1958",4,0,NA,NA,"9032"
"3670","ULO   NULO","29/10/1958",0,0,NA,NA,"9032"
"3671","ULO   NULO","30/10/1958",0,0,NA,NA,"9032"
"3672","ULO   NULO","31/10/1958",0,0,NA,NA,"9032"
"3673","ULO   NULO","01/11/1958",2,0,NA,NA,"9032"
"3674","ULO   NULO","02/11/1958",18,0,NA,NA,"9032"
"3675","ULO   NULO","03/11/1958",8.5,0,NA,NA,"9032"
"3676","ULO   NULO","04/11/1958",21.5,0,NA,NA,"9032"
"3677","ULO   NULO","05/11/1958",0,0,NA,NA,"9032"
"3678","ULO   NULO","06/11/1958",0,0,NA,NA,"9032"
"3679","ULO   NULO","07/11/1958",0,0,NA,NA,"9032"
"3680","ULO   NULO","08/11/1958",1.5,0,NA,NA,"9032"
"3681","ULO   NULO","09/11/1958",23,0,NA,NA,"9032"
"3682","ULO   NULO","10/11/1958",3,0,NA,NA,"9032"
"3683","ULO   NULO","11/11/1958",0,0,NA,NA,"9032"
"3684","ULO   NULO","12/11/1958",0,0,NA,NA,"9032"
"3685","ULO   NULO","13/11/1958",0,0,NA,NA,"9032"
"3686","ULO   NULO","14/11/1958",0,0,NA,NA,"9032"
"3687","ULO   NULO","15/11/1958",0,0,NA,NA,"9032"
"3688","ULO   NULO","16/11/1958",0,0,NA,NA,"9032"
"3689","ULO   NULO","17/11/1958",0,0,NA,NA,"9032"
"3690","ULO   NULO","18/11/1958",6,0,NA,NA,"9032"
"3691","ULO   NULO","19/11/1958",0,0,NA,NA,"9032"
"3692","ULO   NULO","20/11/1958",4.5,0,NA,NA,"9032"
"3693","ULO   NULO","21/11/1958",0,0,NA,NA,"9032"
"3694","ULO   NULO","22/11/1958",0,0,NA,NA,"9032"
"3695","ULO   NULO","23/11/1958",0,0,NA,NA,"9032"
"3696","ULO   NULO","24/11/1958",0,0,NA,NA,"9032"
"3697","ULO   NULO","25/11/1958",0,0,NA,NA,"9032"
"3698","ULO   NULO","26/11/1958",0,0,NA,NA,"9032"
"3699","ULO   NULO","27/11/1958",0,0,NA,NA,"9032"
"3700","ULO   NULO","28/11/1958",0,0,NA,NA,"9032"
"3701","ULO   NULO","29/11/1958",0,0,NA,NA,"9032"
"3702","ULO   NULO","30/11/1958",0,0,NA,NA,"9032"
"3703","ULO   NULO","01/12/1958",0,0,NA,NA,"9032"
"3704","ULO   NULO","02/12/1958",0,0,NA,NA,"9032"
"3705","ULO   NULO","03/12/1958",0,0,NA,NA,"9032"
"3706","ULO   NULO","04/12/1958",0,0,NA,NA,"9032"
"3707","ULO   NULO","05/12/1958",0,0,NA,NA,"9032"
"3708","ULO   NULO","06/12/1958",0,0,NA,NA,"9032"
"3709","ULO   NULO","07/12/1958",0,0,NA,NA,"9032"
"3710","ULO   NULO","08/12/1958",0,0,NA,NA,"9032"
"3711","ULO   NULO","09/12/1958",0,0,NA,NA,"9032"
"3712","ULO   NULO","10/12/1958",0,0,NA,NA,"9032"
"3713","ULO   NULO","11/12/1958",0,0,NA,NA,"9032"
"3714","ULO   NULO","12/12/1958",0,0,NA,NA,"9032"
"3715","ULO   NULO","13/12/1958",0,0,NA,NA,"9032"
"3716","ULO   NULO","14/12/1958",34,0,NA,NA,"9032"
"3717","ULO   NULO","15/12/1958",16,0,NA,NA,"9032"
"3718","ULO   NULO","16/12/1958",0,0,NA,NA,"9032"
"3719","ULO   NULO","17/12/1958",0,0,NA,NA,"9032"
"3720","ULO   NULO","18/12/1958",0,0,NA,NA,"9032"
"3721","ULO   NULO","19/12/1958",0,0,NA,NA,"9032"
"3722","ULO   NULO","20/12/1958",3.5,0,NA,NA,"9032"
"3723","ULO   NULO","21/12/1958",0,0,NA,NA,"9032"
"3724","ULO   NULO","22/12/1958",0,0,NA,NA,"9032"
"3725","ULO   NULO","23/12/1958",0,0,NA,NA,"9032"
"3726","ULO   NULO","24/12/1958",0,0,NA,NA,"9032"
"3727","ULO   NULO","25/12/1958",0,0,NA,NA,"9032"
"3728","ULO   NULO","26/12/1958",3.5,0,NA,NA,"9032"
"3729","ULO   NULO","27/12/1958",0,0,NA,NA,"9032"
"3730","ULO   NULO","28/12/1958",0,0,NA,NA,"9032"
"3731","ULO   NULO","29/12/1958",0,0,NA,NA,"9032"
"3732","ULO   NULO","30/12/1958",0,0,NA,NA,"9032"
"3733","ULO   NULO","31/12/1958",2.5,0,NA,NA,"9032"
"3734","ULO   NULO","01/01/1959",22,0,NA,NA,"9032"
"3735","ULO   NULO","02/01/1959",2.5,0,NA,NA,"9032"
"3736","ULO   NULO","03/01/1959",18,0,NA,NA,"9032"
"3737","ULO   NULO","04/01/1959",0,0,NA,NA,"9032"
"3738","ULO   NULO","05/01/1959",0,0,NA,NA,"9032"
"3739","ULO   NULO","06/01/1959",0,0,NA,NA,"9032"
"3740","ULO   NULO","07/01/1959",0,0,NA,NA,"9032"
"3741","ULO   NULO","08/01/1959",0,0,NA,NA,"9032"
"3742","ULO   NULO","09/01/1959",0,0,NA,NA,"9032"
"3743","ULO   NULO","10/01/1959",0,0,NA,NA,"9032"
"3744","ULO   NULO","11/01/1959",0,0,NA,NA,"9032"
"3745","ULO   NULO","12/01/1959",0,0,NA,NA,"9032"
"3746","ULO   NULO","13/01/1959",0,0,NA,NA,"9032"
"3747","ULO   NULO","14/01/1959",0,0,NA,NA,"9032"
"3748","ULO   NULO","15/01/1959",0,0,NA,NA,"9032"
"3749","ULO   NULO","16/01/1959",0,0,NA,NA,"9032"
"3750","ULO   NULO","17/01/1959",0,0,NA,NA,"9032"
"3751","ULO   NULO","18/01/1959",0,0,NA,NA,"9032"
"3752","ULO   NULO","19/01/1959",0,0,NA,NA,"9032"
"3753","ULO   NULO","20/01/1959",0,0,NA,NA,"9032"
"3754","ULO   NULO","21/01/1959",0,0,NA,NA,"9032"
"3755","ULO   NULO","22/01/1959",0,0,NA,NA,"9032"
"3756","ULO   NULO","23/01/1959",0,0,NA,NA,"9032"
"3757","ULO   NULO","24/01/1959",0,0,NA,NA,"9032"
"3758","ULO   NULO","25/01/1959",0,0,NA,NA,"9032"
"3759","ULO   NULO","26/01/1959",0,0,NA,NA,"9032"
"3760","ULO   NULO","27/01/1959",0,0,NA,NA,"9032"
"3761","ULO   NULO","28/01/1959",0,0,NA,NA,"9032"
"3762","ULO   NULO","29/01/1959",0,0,NA,NA,"9032"
"3763","ULO   NULO","30/01/1959",0,0,NA,NA,"9032"
"3764","ULO   NULO","31/01/1959",0,0,NA,NA,"9032"
"3765","ULO   NULO","01/02/1959",0,0,NA,NA,"9032"
"3766","ULO   NULO","02/02/1959",0,0,NA,NA,"9032"
"3767","ULO   NULO","03/02/1959",0,0,NA,NA,"9032"
"3768","ULO   NULO","04/02/1959",0,0,NA,NA,"9032"
"3769","ULO   NULO","05/02/1959",0,0,NA,NA,"9032"
"3770","ULO   NULO","06/02/1959",0,0,NA,NA,"9032"
"3771","ULO   NULO","07/02/1959",0,0,NA,NA,"9032"
"3772","ULO   NULO","08/02/1959",0,0,NA,NA,"9032"
"3773","ULO   NULO","09/02/1959",0,0,NA,NA,"9032"
"3774","ULO   NULO","10/02/1959",0,0,NA,NA,"9032"
"3775","ULO   NULO","11/02/1959",0,0,NA,NA,"9032"
"3776","ULO   NULO","12/02/1959",0,0,NA,NA,"9032"
"3777","ULO   NULO","13/02/1959",0,0,NA,NA,"9032"
"3778","ULO   NULO","14/02/1959",0,0,NA,NA,"9032"
"3779","ULO   NULO","15/02/1959",0,0,NA,NA,"9032"
"3780","ULO   NULO","16/02/1959",0,0,NA,NA,"9032"
"3781","ULO   NULO","17/02/1959",0,0,NA,NA,"9032"
"3782","ULO   NULO","18/02/1959",0,0,NA,NA,"9032"
"3783","ULO   NULO","19/02/1959",0,0,NA,NA,"9032"
"3784","ULO   NULO","20/02/1959",0,0,NA,NA,"9032"
"3785","ULO   NULO","21/02/1959",0,0,NA,NA,"9032"
"3786","ULO   NULO","22/02/1959",0,0,NA,NA,"9032"
"3787","ULO   NULO","23/02/1959",0,0,NA,NA,"9032"
"3788","ULO   NULO","24/02/1959",0,0,NA,NA,"9032"
"3789","ULO   NULO","25/02/1959",0,0,NA,NA,"9032"
"3790","ULO   NULO","26/02/1959",0,0,NA,NA,"9032"
"3791","ULO   NULO","27/02/1959",0,0,NA,NA,"9032"
"3792","ULO   NULO","28/02/1959",0,0,NA,NA,"9032"
"3793","ULO   NULO","01/03/1959",1,0,NA,NA,"9032"
"3794","ULO   NULO","02/03/1959",0,0,NA,NA,"9032"
"3795","ULO   NULO","03/03/1959",0,0,NA,NA,"9032"
"3796","ULO   NULO","04/03/1959",0,0,NA,NA,"9032"
"3797","ULO   NULO","05/03/1959",0,0,NA,NA,"9032"
"3798","ULO   NULO","06/03/1959",0,0,NA,NA,"9032"
"3799","ULO   NULO","07/03/1959",0,0,NA,NA,"9032"
"3800","ULO   NULO","08/03/1959",0,0,NA,NA,"9032"
"3801","ULO   NULO","09/03/1959",0,0,NA,NA,"9032"
"3802","ULO   NULO","10/03/1959",0,0,NA,NA,"9032"
"3803","ULO   NULO","11/03/1959",0,0,NA,NA,"9032"
"3804","ULO   NULO","12/03/1959",0,0,NA,NA,"9032"
"3805","ULO   NULO","13/03/1959",0,0,NA,NA,"9032"
"3806","ULO   NULO","14/03/1959",0,0,NA,NA,"9032"
"3807","ULO   NULO","15/03/1959",0,0,NA,NA,"9032"
"3808","ULO   NULO","16/03/1959",0,0,NA,NA,"9032"
"3809","ULO   NULO","17/03/1959",0,0,NA,NA,"9032"
"3810","ULO   NULO","18/03/1959",0,0,NA,NA,"9032"
"3811","ULO   NULO","19/03/1959",0,0,NA,NA,"9032"
"3812","ULO   NULO","20/03/1959",0,0,NA,NA,"9032"
"3813","ULO   NULO","21/03/1959",0,0,NA,NA,"9032"
"3814","ULO   NULO","22/03/1959",0,0,NA,NA,"9032"
"3815","ULO   NULO","23/03/1959",0,0,NA,NA,"9032"
"3816","ULO   NULO","24/03/1959",0,0,NA,NA,"9032"
"3817","ULO   NULO","25/03/1959",0,0,NA,NA,"9032"
"3818","ULO   NULO","26/03/1959",0,0,NA,NA,"9032"
"3819","ULO   NULO","27/03/1959",0,0,NA,NA,"9032"
"3820","ULO   NULO","28/03/1959",0,0,NA,NA,"9032"
"3821","ULO   NULO","29/03/1959",0,0,NA,NA,"9032"
"3822","ULO   NULO","30/03/1959",0,0,NA,NA,"9032"
"3823","ULO   NULO","31/03/1959",0,0,NA,NA,"9032"
"3824","ULO   NULO","01/04/1959",0,0,NA,NA,"9032"
"3825","ULO   NULO","02/04/1959",0,0,NA,NA,"9032"
"3826","ULO   NULO","03/04/1959",0,0,NA,NA,"9032"
"3827","ULO   NULO","04/04/1959",0,0,NA,NA,"9032"
"3828","ULO   NULO","05/04/1959",0,0,NA,NA,"9032"
"3829","ULO   NULO","06/04/1959",0,0,NA,NA,"9032"
"3830","ULO   NULO","07/04/1959",12.5,0,NA,NA,"9032"
"3831","ULO   NULO","08/04/1959",0,0,NA,NA,"9032"
"3832","ULO   NULO","09/04/1959",0,0,NA,NA,"9032"
"3833","ULO   NULO","10/04/1959",0,0,NA,NA,"9032"
"3834","ULO   NULO","11/04/1959",0,0,NA,NA,"9032"
"3835","ULO   NULO","12/04/1959",0,0,NA,NA,"9032"
"3836","ULO   NULO","13/04/1959",15.5,0,NA,NA,"9032"
"3837","ULO   NULO","14/04/1959",2.5,0,NA,NA,"9032"
"3838","ULO   NULO","15/04/1959",9.5,0,NA,NA,"9032"
"3839","ULO   NULO","16/04/1959",16,0,NA,NA,"9032"
"3840","ULO   NULO","17/04/1959",0,0,NA,NA,"9032"
"3841","ULO   NULO","18/04/1959",0,0,NA,NA,"9032"
"3842","ULO   NULO","19/04/1959",0,0,NA,NA,"9032"
"3843","ULO   NULO","20/04/1959",0,0,NA,NA,"9032"
"3844","ULO   NULO","21/04/1959",16.5,0,NA,NA,"9032"
"3845","ULO   NULO","22/04/1959",2.5,0,NA,NA,"9032"
"3846","ULO   NULO","23/04/1959",10,0,NA,NA,"9032"
"3847","ULO   NULO","24/04/1959",0,0,NA,NA,"9032"
"3848","ULO   NULO","25/04/1959",0,0,NA,NA,"9032"
"3849","ULO   NULO","26/04/1959",0,0,NA,NA,"9032"
"3850","ULO   NULO","27/04/1959",0,0,NA,NA,"9032"
"3851","ULO   NULO","28/04/1959",0,0,NA,NA,"9032"
"3852","ULO   NULO","29/04/1959",0,0,NA,NA,"9032"
"3853","ULO   NULO","30/04/1959",0,0,NA,NA,"9032"
"3854","ULO   NULO","01/05/1959",3,0,NA,NA,"9032"
"3855","ULO   NULO","02/05/1959",5.5,0,NA,NA,"9032"
"3856","ULO   NULO","03/05/1959",0,0,NA,NA,"9032"
"3857","ULO   NULO","04/05/1959",0,0,NA,NA,"9032"
"3858","ULO   NULO","05/05/1959",0,0,NA,NA,"9032"
"3859","ULO   NULO","06/05/1959",0,0,NA,NA,"9032"
"3860","ULO   NULO","07/05/1959",0,0,NA,NA,"9032"
"3861","ULO   NULO","08/05/1959",0,0,NA,NA,"9032"
"3862","ULO   NULO","09/05/1959",1.5,0,NA,NA,"9032"
"3863","ULO   NULO","10/05/1959",0,0,NA,NA,"9032"
"3864","ULO   NULO","11/05/1959",0,0,NA,NA,"9032"
"3865","ULO   NULO","12/05/1959",9.5,0,NA,NA,"9032"
"3866","ULO   NULO","13/05/1959",3.5,0,NA,NA,"9032"
"3867","ULO   NULO","14/05/1959",1.5,0,NA,NA,"9032"
"3868","ULO   NULO","15/05/1959",2.5,0,NA,NA,"9032"
"3869","ULO   NULO","16/05/1959",6,0,NA,NA,"9032"
"3870","ULO   NULO","17/05/1959",0,0,NA,NA,"9032"
"3871","ULO   NULO","18/05/1959",7.5,0,NA,NA,"9032"
"3872","ULO   NULO","19/05/1959",0,0,NA,NA,"9032"
"3873","ULO   NULO","20/05/1959",0,0,NA,NA,"9032"
"3874","ULO   NULO","21/05/1959",6.5,0,NA,NA,"9032"
"3875","ULO   NULO","22/05/1959",0,0,NA,NA,"9032"
"3876","ULO   NULO","23/05/1959",5,0,NA,NA,"9032"
"3877","ULO   NULO","24/05/1959",6.5,0,NA,NA,"9032"
"3878","ULO   NULO","25/05/1959",0,0,NA,NA,"9032"
"3879","ULO   NULO","26/05/1959",0,0,NA,NA,"9032"
"3880","ULO   NULO","27/05/1959",0,0,NA,NA,"9032"
"3881","ULO   NULO","28/05/1959",0,0,NA,NA,"9032"
"3882","ULO   NULO","29/05/1959",0,0,NA,NA,"9032"
"3883","ULO   NULO","30/05/1959",0,0,NA,NA,"9032"
"3884","ULO   NULO","31/05/1959",0,0,NA,NA,"9032"
"3885","ULO   NULO","01/06/1959",0,0,NA,NA,"9032"
"3886","ULO   NULO","02/06/1959",1,0,NA,NA,"9032"
"3887","ULO   NULO","03/06/1959",7,0,NA,NA,"9032"
"3888","ULO   NULO","04/06/1959",5,0,NA,NA,"9032"
"3889","ULO   NULO","05/06/1959",0,0,NA,NA,"9032"
"3890","ULO   NULO","06/06/1959",7.5,0,NA,NA,"9032"
"3891","ULO   NULO","07/06/1959",28.5,0,NA,NA,"9032"
"3892","ULO   NULO","08/06/1959",0,0,NA,NA,"9032"
"3893","ULO   NULO","09/06/1959",0,0,NA,NA,"9032"
"3894","ULO   NULO","10/06/1959",1,0,NA,NA,"9032"
"3895","ULO   NULO","11/06/1959",5.5,0,NA,NA,"9032"
"3896","ULO   NULO","12/06/1959",9,0,NA,NA,"9032"
"3897","ULO   NULO","13/06/1959",24,0,NA,NA,"9032"
"3898","ULO   NULO","14/06/1959",5,0,NA,NA,"9032"
"3899","ULO   NULO","15/06/1959",3,0,NA,NA,"9032"
"3900","ULO   NULO","16/06/1959",1,0,NA,NA,"9032"
"3901","ULO   NULO","17/06/1959",0,0,NA,NA,"9032"
"3902","ULO   NULO","18/06/1959",4.5,0,NA,NA,"9032"
"3903","ULO   NULO","19/06/1959",18,0,NA,NA,"9032"
"3904","ULO   NULO","20/06/1959",4.5,0,NA,NA,"9032"
"3905","ULO   NULO","21/06/1959",24.5,0,NA,NA,"9032"
"3906","ULO   NULO","22/06/1959",0,0,NA,NA,"9032"
"3907","ULO   NULO","23/06/1959",0,0,NA,NA,"9032"
"3908","ULO   NULO","24/06/1959",16.5,0,NA,NA,"9032"
"3909","ULO   NULO","25/06/1959",10,0,NA,NA,"9032"
"3910","ULO   NULO","26/06/1959",2,0,NA,NA,"9032"
"3911","ULO   NULO","27/06/1959",0,0,NA,NA,"9032"
"3912","ULO   NULO","28/06/1959",0,0,NA,NA,"9032"
"3913","ULO   NULO","29/06/1959",1,0,NA,NA,"9032"
"3914","ULO   NULO","30/06/1959",19,0,NA,NA,"9032"
"3915","ULO   NULO","01/07/1959",4,0,NA,NA,"9032"
"3916","ULO   NULO","02/07/1959",8,0,NA,NA,"9032"
"3917","ULO   NULO","03/07/1959",0,0,NA,NA,"9032"
"3918","ULO   NULO","04/07/1959",0,0,NA,NA,"9032"
"3919","ULO   NULO","05/07/1959",13.5,0,NA,NA,"9032"
"3920","ULO   NULO","06/07/1959",4,0,NA,NA,"9032"
"3921","ULO   NULO","07/07/1959",0,0,NA,NA,"9032"
"3922","ULO   NULO","08/07/1959",0,0,NA,NA,"9032"
"3923","ULO   NULO","09/07/1959",23,0,NA,NA,"9032"
"3924","ULO   NULO","10/07/1959",16.5,0,NA,NA,"9032"
"3925","ULO   NULO","11/07/1959",3,0,NA,NA,"9032"
"3926","ULO   NULO","12/07/1959",15.5,0,NA,NA,"9032"
"3927","ULO   NULO","13/07/1959",0,0,NA,NA,"9032"
"3928","ULO   NULO","14/07/1959",5,0,NA,NA,"9032"
"3929","ULO   NULO","15/07/1959",10.5,0,NA,NA,"9032"
"3930","ULO   NULO","16/07/1959",1.5,0,NA,NA,"9032"
"3931","ULO   NULO","17/07/1959",1.5,0,NA,NA,"9032"
"3932","ULO   NULO","18/07/1959",0,0,NA,NA,"9032"
"3933","ULO   NULO","19/07/1959",2,0,NA,NA,"9032"
"3934","ULO   NULO","20/07/1959",0,0,NA,NA,"9032"
"3935","ULO   NULO","21/07/1959",14,0,NA,NA,"9032"
"3936","ULO   NULO","22/07/1959",2.5,0,NA,NA,"9032"
"3937","ULO   NULO","23/07/1959",30,0,NA,NA,"9032"
"3938","ULO   NULO","24/07/1959",6.5,0,NA,NA,"9032"
"3939","ULO   NULO","25/07/1959",0,0,NA,NA,"9032"
"3940","ULO   NULO","26/07/1959",2,0,NA,NA,"9032"
"3941","ULO   NULO","27/07/1959",13,0,NA,NA,"9032"
"3942","ULO   NULO","28/07/1959",14.5,0,NA,NA,"9032"
"3943","ULO   NULO","29/07/1959",2,0,NA,NA,"9032"
"3944","ULO   NULO","30/07/1959",6,0,NA,NA,"9032"
"3945","ULO   NULO","31/07/1959",0,0,NA,NA,"9032"
"3946","ULO   NULO","01/08/1959",5,0,NA,NA,"9032"
"3947","ULO   NULO","02/08/1959",4.5,0,NA,NA,"9032"
"3948","ULO   NULO","03/08/1959",0,0,NA,NA,"9032"
"3949","ULO   NULO","04/08/1959",0,0,NA,NA,"9032"
"3950","ULO   NULO","05/08/1959",2.5,0,NA,NA,"9032"
"3951","ULO   NULO","06/08/1959",2.5,0,NA,NA,"9032"
"3952","ULO   NULO","07/08/1959",10.5,0,NA,NA,"9032"
"3953","ULO   NULO","08/08/1959",0,0,NA,NA,"9032"
"3954","ULO   NULO","09/08/1959",0,0,NA,NA,"9032"
"3955","ULO   NULO","10/08/1959",1,0,NA,NA,"9032"
"3956","ULO   NULO","11/08/1959",2,0,NA,NA,"9032"
"3957","ULO   NULO","12/08/1959",4.5,0,NA,NA,"9032"
"3958","ULO   NULO","13/08/1959",2,0,NA,NA,"9032"
"3959","ULO   NULO","14/08/1959",9.5,0,NA,NA,"9032"
"3960","ULO   NULO","15/08/1959",10.5,0,NA,NA,"9032"
"3961","ULO   NULO","16/08/1959",3.5,0,NA,NA,"9032"
"3962","ULO   NULO","17/08/1959",1.5,0,NA,NA,"9032"
"3963","ULO   NULO","18/08/1959",7,0,NA,NA,"9032"
"3964","ULO   NULO","19/08/1959",0,0,NA,NA,"9032"
"3965","ULO   NULO","20/08/1959",13.5,0,NA,NA,"9032"
"3966","ULO   NULO","21/08/1959",4.5,0,NA,NA,"9032"
"3967","ULO   NULO","22/08/1959",0,0,NA,NA,"9032"
"3968","ULO   NULO","23/08/1959",10.5,0,NA,NA,"9032"
"3969","ULO   NULO","24/08/1959",5,0,NA,NA,"9032"
"3970","ULO   NULO","25/08/1959",6.5,0,NA,NA,"9032"
"3971","ULO   NULO","26/08/1959",13.5,0,NA,NA,"9032"
"3972","ULO   NULO","27/08/1959",16,0,NA,NA,"9032"
"3973","ULO   NULO","28/08/1959",0,0,NA,NA,"9032"
"3974","ULO   NULO","29/08/1959",0,0,NA,NA,"9032"
"3975","ULO   NULO","30/08/1959",0,0,NA,NA,"9032"
"3976","ULO   NULO","31/08/1959",0,0,NA,NA,"9032"
"3977","ULO   NULO","01/09/1959",5,0,NA,NA,"9032"
"3978","ULO   NULO","02/09/1959",0,0,NA,NA,"9032"
"3979","ULO   NULO","03/09/1959",0,0,NA,NA,"9032"
"3980","ULO   NULO","04/09/1959",4,0,NA,NA,"9032"
"3981","ULO   NULO","05/09/1959",2.5,0,NA,NA,"9032"
"3982","ULO   NULO","06/09/1959",2,0,NA,NA,"9032"
"3983","ULO   NULO","07/09/1959",0,0,NA,NA,"9032"
"3984","ULO   NULO","08/09/1959",0,0,NA,NA,"9032"
"3985","ULO   NULO","09/09/1959",0,0,NA,NA,"9032"
"3986","ULO   NULO","10/09/1959",0,0,NA,NA,"9032"
"3987","ULO   NULO","11/09/1959",0,0,NA,NA,"9032"
"3988","ULO   NULO","12/09/1959",0,0,NA,NA,"9032"
"3989","ULO   NULO","13/09/1959",0,0,NA,NA,"9032"
"3990","ULO   NULO","14/09/1959",0,0,NA,NA,"9032"
"3991","ULO   NULO","15/09/1959",0,0,NA,NA,"9032"
"3992","ULO   NULO","16/09/1959",0,0,NA,NA,"9032"
"3993","ULO   NULO","17/09/1959",0,0,NA,NA,"9032"
"3994","ULO   NULO","18/09/1959",0,0,NA,NA,"9032"
"3995","ULO   NULO","19/09/1959",0,0,NA,NA,"9032"
"3996","ULO   NULO","20/09/1959",0,0,NA,NA,"9032"
"3997","ULO   NULO","21/09/1959",0,0,NA,NA,"9032"
"3998","ULO   NULO","22/09/1959",0,0,NA,NA,"9032"
"3999","ULO   NULO","23/09/1959",8,0,NA,NA,"9032"
"4000","ULO   NULO","24/09/1959",0,0,NA,NA,"9032"
"4001","ULO   NULO","25/09/1959",0,0,NA,NA,"9032"
"4002","ULO   NULO","26/09/1959",0,0,NA,NA,"9032"
"4003","ULO   NULO","27/09/1959",11.5,0,NA,NA,"9032"
"4004","ULO   NULO","28/09/1959",4.5,0,NA,NA,"9032"
"4005","ULO   NULO","29/09/1959",5,0,NA,NA,"9032"
"4006","ULO   NULO","30/09/1959",3.5,0,NA,NA,"9032"
"4007","ULO   NULO","01/10/1959",0,0,NA,NA,"9032"
"4008","ULO   NULO","02/10/1959",0,0,NA,NA,"9032"
"4009","ULO   NULO","03/10/1959",0,0,NA,NA,"9032"
"4010","ULO   NULO","04/10/1959",11.5,0,NA,NA,"9032"
"4011","ULO   NULO","05/10/1959",8,0,NA,NA,"9032"
"4012","ULO   NULO","06/10/1959",10,0,NA,NA,"9032"
"4013","ULO   NULO","07/10/1959",1.5,0,NA,NA,"9032"
"4014","ULO   NULO","08/10/1959",0,0,NA,NA,"9032"
"4015","ULO   NULO","09/10/1959",0,0,NA,NA,"9032"
"4016","ULO   NULO","10/10/1959",8.5,0,NA,NA,"9032"
"4017","ULO   NULO","11/10/1959",1.5,0,NA,NA,"9032"
"4018","ULO   NULO","12/10/1959",1.5,0,NA,NA,"9032"
"4019","ULO   NULO","13/10/1959",1.5,0,NA,NA,"9032"
"4020","ULO   NULO","14/10/1959",25.5,0,NA,NA,"9032"
"4021","ULO   NULO","15/10/1959",2.5,0,NA,NA,"9032"
"4022","ULO   NULO","16/10/1959",3.5,0,NA,NA,"9032"
"4023","ULO   NULO","17/10/1959",2.5,0,NA,NA,"9032"
"4024","ULO   NULO","18/10/1959",0,0,NA,NA,"9032"
"4025","ULO   NULO","19/10/1959",1.5,0,NA,NA,"9032"
"4026","ULO   NULO","20/10/1959",0,0,NA,NA,"9032"
"4027","ULO   NULO","21/10/1959",1.5,0,NA,NA,"9032"
"4028","ULO   NULO","22/10/1959",1.5,0,NA,NA,"9032"
"4029","ULO   NULO","23/10/1959",7.5,0,NA,NA,"9032"
"4030","ULO   NULO","24/10/1959",5.5,0,NA,NA,"9032"
"4031","ULO   NULO","25/10/1959",2.5,0,NA,NA,"9032"
"4032","ULO   NULO","26/10/1959",0,0,NA,NA,"9032"
"4033","ULO   NULO","27/10/1959",0,0,NA,NA,"9032"
"4034","ULO   NULO","28/10/1959",0,0,NA,NA,"9032"
"4035","ULO   NULO","29/10/1959",0,0,NA,NA,"9032"
"4036","ULO   NULO","30/10/1959",0,0,NA,NA,"9032"
"4037","ULO   NULO","31/10/1959",0,0,NA,NA,"9032"
"4038","ULO   NULO","01/11/1959",0,0,NA,NA,"9032"
"4039","ULO   NULO","02/11/1959",0,0,NA,NA,"9032"
"4040","ULO   NULO","03/11/1959",0,0,NA,NA,"9032"
"4041","ULO   NULO","04/11/1959",0,0,NA,NA,"9032"
"4042","ULO   NULO","05/11/1959",0,0,NA,NA,"9032"
"4043","ULO   NULO","06/11/1959",0,0,NA,NA,"9032"
"4044","ULO   NULO","07/11/1959",0,0,NA,NA,"9032"
"4045","ULO   NULO","08/11/1959",0,0,NA,NA,"9032"
"4046","ULO   NULO","09/11/1959",0,0,NA,NA,"9032"
"4047","ULO   NULO","10/11/1959",0,0,NA,NA,"9032"
"4048","ULO   NULO","11/11/1959",0,0,NA,NA,"9032"
"4049","ULO   NULO","12/11/1959",0,0,NA,NA,"9032"
"4050","ULO   NULO","13/11/1959",0,0,NA,NA,"9032"
"4051","ULO   NULO","14/11/1959",0,0,NA,NA,"9032"
"4052","ULO   NULO","15/11/1959",0,0,NA,NA,"9032"
"4053","ULO   NULO","16/11/1959",0,0,NA,NA,"9032"
"4054","ULO   NULO","17/11/1959",0,0,NA,NA,"9032"
"4055","ULO   NULO","18/11/1959",0,0,NA,NA,"9032"
"4056","ULO   NULO","19/11/1959",0,0,NA,NA,"9032"
"4057","ULO   NULO","20/11/1959",0,0,NA,NA,"9032"
"4058","ULO   NULO","21/11/1959",0,0,NA,NA,"9032"
"4059","ULO   NULO","22/11/1959",0,0,NA,NA,"9032"
"4060","ULO   NULO","23/11/1959",0,0,NA,NA,"9032"
"4061","ULO   NULO","24/11/1959",0,0,NA,NA,"9032"
"4062","ULO   NULO","25/11/1959",0,0,NA,NA,"9032"
"4063","ULO   NULO","26/11/1959",0,0,NA,NA,"9032"
"4064","ULO   NULO","27/11/1959",0,0,NA,NA,"9032"
"4065","ULO   NULO","28/11/1959",0,0,NA,NA,"9032"
"4066","ULO   NULO","29/11/1959",0,0,NA,NA,"9032"
"4067","ULO   NULO","30/11/1959",0,0,NA,NA,"9032"
"4068","ULO   NULO","01/12/1959",0,0,NA,NA,"9032"
"4069","ULO   NULO","02/12/1959",0,0,NA,NA,"9032"
"4070","ULO   NULO","03/12/1959",0,0,NA,NA,"9032"
"4071","ULO   NULO","04/12/1959",0,0,NA,NA,"9032"
"4072","ULO   NULO","05/12/1959",0,0,NA,NA,"9032"
"4073","ULO   NULO","06/12/1959",0,0,NA,NA,"9032"
"4074","ULO   NULO","07/12/1959",0,0,NA,NA,"9032"
"4075","ULO   NULO","08/12/1959",0,0,NA,NA,"9032"
"4076","ULO   NULO","09/12/1959",0,0,NA,NA,"9032"
"4077","ULO   NULO","10/12/1959",0,0,NA,NA,"9032"
"4078","ULO   NULO","11/12/1959",0,0,NA,NA,"9032"
"4079","ULO   NULO","12/12/1959",0,0,NA,NA,"9032"
"4080","ULO   NULO","13/12/1959",0,0,NA,NA,"9032"
"4081","ULO   NULO","14/12/1959",0,0,NA,NA,"9032"
"4082","ULO   NULO","15/12/1959",0,0,NA,NA,"9032"
"4083","ULO   NULO","16/12/1959",0,0,NA,NA,"9032"
"4084","ULO   NULO","17/12/1959",0,0,NA,NA,"9032"
"4085","ULO   NULO","18/12/1959",0,0,NA,NA,"9032"
"4086","ULO   NULO","19/12/1959",0,0,NA,NA,"9032"
"4087","ULO   NULO","20/12/1959",0,0,NA,NA,"9032"
"4088","ULO   NULO","21/12/1959",0,0,NA,NA,"9032"
"4089","ULO   NULO","22/12/1959",0,0,NA,NA,"9032"
"4090","ULO   NULO","23/12/1959",0,0,NA,NA,"9032"
"4091","ULO   NULO","24/12/1959",0,0,NA,NA,"9032"
"4092","ULO   NULO","25/12/1959",0,0,NA,NA,"9032"
"4093","ULO   NULO","26/12/1959",0,0,NA,NA,"9032"
"4094","ULO   NULO","27/12/1959",0,0,NA,NA,"9032"
"4095","ULO   NULO","28/12/1959",0,0,NA,NA,"9032"
"4096","ULO   NULO","29/12/1959",0,0,NA,NA,"9032"
"4097","ULO   NULO","30/12/1959",0,0,NA,NA,"9032"
"4098","ULO   NULO","31/12/1959",0,0,NA,NA,"9032"
"4099","ULO   NULO","01/01/1960",0,0,NA,NA,"9032"
"4100","ULO   NULO","02/01/1960",0,0,NA,NA,"9032"
"4101","ULO   NULO","03/01/1960",0,0,NA,NA,"9032"
"4102","ULO   NULO","04/01/1960",0,0,NA,NA,"9032"
"4103","ULO   NULO","05/01/1960",0,0,NA,NA,"9032"
"4104","ULO   NULO","06/01/1960",3.5,0,NA,NA,"9032"
"4105","ULO   NULO","07/01/1960",1,0,NA,NA,"9032"
"4106","ULO   NULO","08/01/1960",0,0,NA,NA,"9032"
"4107","ULO   NULO","09/01/1960",0,0,NA,NA,"9032"
"4108","ULO   NULO","10/01/1960",0,0,NA,NA,"9032"
"4109","ULO   NULO","11/01/1960",0,0,NA,NA,"9032"
"4110","ULO   NULO","12/01/1960",0,0,NA,NA,"9032"
"4111","ULO   NULO","13/01/1960",0,0,NA,NA,"9032"
"4112","ULO   NULO","14/01/1960",0,0,NA,NA,"9032"
"4113","ULO   NULO","15/01/1960",0,0,NA,NA,"9032"
"4114","ULO   NULO","16/01/1960",0,0,NA,NA,"9032"
"4115","ULO   NULO","17/01/1960",0,0,NA,NA,"9032"
"4116","ULO   NULO","18/01/1960",0,0,NA,NA,"9032"
"4117","ULO   NULO","19/01/1960",0,0,NA,NA,"9032"
"4118","ULO   NULO","20/01/1960",0,0,NA,NA,"9032"
"4119","ULO   NULO","21/01/1960",0,0,NA,NA,"9032"
"4120","ULO   NULO","22/01/1960",0,0,NA,NA,"9032"
"4121","ULO   NULO","23/01/1960",0,0,NA,NA,"9032"
"4122","ULO   NULO","24/01/1960",0,0,NA,NA,"9032"
"4123","ULO   NULO","25/01/1960",0,0,NA,NA,"9032"
"4124","ULO   NULO","26/01/1960",0,0,NA,NA,"9032"
"4125","ULO   NULO","27/01/1960",0,0,NA,NA,"9032"
"4126","ULO   NULO","28/01/1960",0,0,NA,NA,"9032"
"4127","ULO   NULO","29/01/1960",0,0,NA,NA,"9032"
"4128","ULO   NULO","30/01/1960",0,0,NA,NA,"9032"
"4129","ULO   NULO","31/01/1960",0,0,NA,NA,"9032"
"4130","ULO   NULO","01/02/1960",0,0,NA,NA,"9032"
"4131","ULO   NULO","02/02/1960",0,0,NA,NA,"9032"
"4132","ULO   NULO","03/02/1960",0,0,NA,NA,"9032"
"4133","ULO   NULO","04/02/1960",0,0,NA,NA,"9032"
"4134","ULO   NULO","05/02/1960",0,0,NA,NA,"9032"
"4135","ULO   NULO","06/02/1960",0,0,NA,NA,"9032"
"4136","ULO   NULO","07/02/1960",0,0,NA,NA,"9032"
"4137","ULO   NULO","08/02/1960",0,0,NA,NA,"9032"
"4138","ULO   NULO","09/02/1960",0,0,NA,NA,"9032"
"4139","ULO   NULO","10/02/1960",0,0,NA,NA,"9032"
"4140","ULO   NULO","11/02/1960",0,0,NA,NA,"9032"
"4141","ULO   NULO","12/02/1960",0,0,NA,NA,"9032"
"4142","ULO   NULO","13/02/1960",0,0,NA,NA,"9032"
"4143","ULO   NULO","14/02/1960",0,0,NA,NA,"9032"
"4144","ULO   NULO","15/02/1960",0,0,NA,NA,"9032"
"4145","ULO   NULO","16/02/1960",0,0,NA,NA,"9032"
"4146","ULO   NULO","17/02/1960",0,0,NA,NA,"9032"
"4147","ULO   NULO","18/02/1960",0,0,NA,NA,"9032"
"4148","ULO   NULO","19/02/1960",0,0,NA,NA,"9032"
"4149","ULO   NULO","20/02/1960",0,0,NA,NA,"9032"
"4150","ULO   NULO","21/02/1960",0,0,NA,NA,"9032"
"4151","ULO   NULO","22/02/1960",0,0,NA,NA,"9032"
"4152","ULO   NULO","23/02/1960",0,0,NA,NA,"9032"
"4153","ULO   NULO","24/02/1960",0,0,NA,NA,"9032"
"4154","ULO   NULO","25/02/1960",0,0,NA,NA,"9032"
"4155","ULO   NULO","26/02/1960",0,0,NA,NA,"9032"
"4156","ULO   NULO","27/02/1960",0,0,NA,NA,"9032"
"4157","ULO   NULO","28/02/1960",0,0,NA,NA,"9032"
"4158","ULO   NULO","29/02/1960",0,0,NA,NA,"9032"
"4159","ULO   NULO","01/03/1960",0,0,NA,NA,"9032"
"4160","ULO   NULO","02/03/1960",0,0,NA,NA,"9032"
"4161","ULO   NULO","03/03/1960",0,0,NA,NA,"9032"
"4162","ULO   NULO","04/03/1960",0,0,NA,NA,"9032"
"4163","ULO   NULO","05/03/1960",0,0,NA,NA,"9032"
"4164","ULO   NULO","06/03/1960",0,0,NA,NA,"9032"
"4165","ULO   NULO","07/03/1960",0,0,NA,NA,"9032"
"4166","ULO   NULO","08/03/1960",0,0,NA,NA,"9032"
"4167","ULO   NULO","09/03/1960",0,0,NA,NA,"9032"
"4168","ULO   NULO","10/03/1960",0,0,NA,NA,"9032"
"4169","ULO   NULO","11/03/1960",0,0,NA,NA,"9032"
"4170","ULO   NULO","12/03/1960",0,0,NA,NA,"9032"
"4171","ULO   NULO","13/03/1960",1.5,0,NA,NA,"9032"
"4172","ULO   NULO","14/03/1960",0,0,NA,NA,"9032"
"4173","ULO   NULO","15/03/1960",0,0,NA,NA,"9032"
"4174","ULO   NULO","16/03/1960",0,0,NA,NA,"9032"
"4175","ULO   NULO","17/03/1960",0,0,NA,NA,"9032"
"4176","ULO   NULO","18/03/1960",0,0,NA,NA,"9032"
"4177","ULO   NULO","19/03/1960",0,0,NA,NA,"9032"
"4178","ULO   NULO","20/03/1960",0,0,NA,NA,"9032"
"4179","ULO   NULO","21/03/1960",0,0,NA,NA,"9032"
"4180","ULO   NULO","22/03/1960",0,0,NA,NA,"9032"
"4181","ULO   NULO","23/03/1960",0,0,NA,NA,"9032"
"4182","ULO   NULO","24/03/1960",0,0,NA,NA,"9032"
"4183","ULO   NULO","25/03/1960",0,0,NA,NA,"9032"
"4184","ULO   NULO","26/03/1960",0,0,NA,NA,"9032"
"4185","ULO   NULO","27/03/1960",0,0,NA,NA,"9032"
"4186","ULO   NULO","28/03/1960",0,0,NA,NA,"9032"
"4187","ULO   NULO","29/03/1960",0,0,NA,NA,"9032"
"4188","ULO   NULO","30/03/1960",0,0,NA,NA,"9032"
"4189","ULO   NULO","31/03/1960",0,0,NA,NA,"9032"
"4190","ULO   NULO","01/04/1960",0,0,NA,NA,"9032"
"4191","ULO   NULO","02/04/1960",0,0,NA,NA,"9032"
"4192","ULO   NULO","03/04/1960",0,0,NA,NA,"9032"
"4193","ULO   NULO","04/04/1960",0,0,NA,NA,"9032"
"4194","ULO   NULO","05/04/1960",0,0,NA,NA,"9032"
"4195","ULO   NULO","06/04/1960",0,0,NA,NA,"9032"
"4196","ULO   NULO","07/04/1960",0,0,NA,NA,"9032"
"4197","ULO   NULO","08/04/1960",0,0,NA,NA,"9032"
"4198","ULO   NULO","09/04/1960",0,0,NA,NA,"9032"
"4199","ULO   NULO","10/04/1960",0,0,NA,NA,"9032"
"4200","ULO   NULO","11/04/1960",0,0,NA,NA,"9032"
"4201","ULO   NULO","12/04/1960",0,0,NA,NA,"9032"
"4202","ULO   NULO","13/04/1960",0,0,NA,NA,"9032"
"4203","ULO   NULO","14/04/1960",0,0,NA,NA,"9032"
"4204","ULO   NULO","15/04/1960",0,0,NA,NA,"9032"
"4205","ULO   NULO","16/04/1960",0,0,NA,NA,"9032"
"4206","ULO   NULO","17/04/1960",0,0,NA,NA,"9032"
"4207","ULO   NULO","18/04/1960",1.5,0,NA,NA,"9032"
"4208","ULO   NULO","19/04/1960",0,0,NA,NA,"9032"
"4209","ULO   NULO","20/04/1960",0,0,NA,NA,"9032"
"4210","ULO   NULO","21/04/1960",0,0,NA,NA,"9032"
"4211","ULO   NULO","22/04/1960",0,0,NA,NA,"9032"
"4212","ULO   NULO","23/04/1960",5.5,0,NA,NA,"9032"
"4213","ULO   NULO","24/04/1960",4,0,NA,NA,"9032"
"4214","ULO   NULO","25/04/1960",0,0,NA,NA,"9032"
"4215","ULO   NULO","26/04/1960",0,0,NA,NA,"9032"
"4216","ULO   NULO","27/04/1960",0,0,NA,NA,"9032"
"4217","ULO   NULO","28/04/1960",0,0,NA,NA,"9032"
"4218","ULO   NULO","29/04/1960",0,0,NA,NA,"9032"
"4219","ULO   NULO","30/04/1960",0,0,NA,NA,"9032"
"4220","ULO   NULO","01/05/1960",0,0,NA,NA,"9032"
"4221","ULO   NULO","02/05/1960",0,0,NA,NA,"9032"
"4222","ULO   NULO","03/05/1960",0,0,NA,NA,"9032"
"4223","ULO   NULO","04/05/1960",0,0,NA,NA,"9032"
"4224","ULO   NULO","05/05/1960",0,0,NA,NA,"9032"
"4225","ULO   NULO","06/05/1960",0,0,NA,NA,"9032"
"4226","ULO   NULO","07/05/1960",1,0,NA,NA,"9032"
"4227","ULO   NULO","08/05/1960",3,0,NA,NA,"9032"
"4228","ULO   NULO","09/05/1960",0,0,NA,NA,"9032"
"4229","ULO   NULO","10/05/1960",1.5,0,NA,NA,"9032"
"4230","ULO   NULO","11/05/1960",0,0,NA,NA,"9032"
"4231","ULO   NULO","12/05/1960",0,0,NA,NA,"9032"
"4232","ULO   NULO","13/05/1960",0,0,NA,NA,"9032"
"4233","ULO   NULO","14/05/1960",0,0,NA,NA,"9032"
"4234","ULO   NULO","15/05/1960",0,0,NA,NA,"9032"
"4235","ULO   NULO","16/05/1960",0,0,NA,NA,"9032"
"4236","ULO   NULO","17/05/1960",0,0,NA,NA,"9032"
"4237","ULO   NULO","18/05/1960",0,0,NA,NA,"9032"
"4238","ULO   NULO","19/05/1960",4.5,0,NA,NA,"9032"
"4239","ULO   NULO","20/05/1960",0,0,NA,NA,"9032"
"4240","ULO   NULO","21/05/1960",2,0,NA,NA,"9032"
"4241","ULO   NULO","22/05/1960",1,0,NA,NA,"9032"
"4242","ULO   NULO","23/05/1960",0,0,NA,NA,"9032"
"4243","ULO   NULO","24/05/1960",0,0,NA,NA,"9032"
"4244","ULO   NULO","25/05/1960",11.5,0,NA,NA,"9032"
"4245","ULO   NULO","26/05/1960",4.5,0,NA,NA,"9032"
"4246","ULO   NULO","27/05/1960",2,0,NA,NA,"9032"
"4247","ULO   NULO","28/05/1960",0,0,NA,NA,"9032"
"4248","ULO   NULO","29/05/1960",0,0,NA,NA,"9032"
"4249","ULO   NULO","30/05/1960",0,0,NA,NA,"9032"
"4250","ULO   NULO","31/05/1960",0,0,NA,NA,"9032"
"4251","ULO   NULO","01/06/1960",0,0,NA,NA,"9032"
"4252","ULO   NULO","02/06/1960",0,0,NA,NA,"9032"
"4253","ULO   NULO","03/06/1960",0,0,NA,NA,"9032"
"4254","ULO   NULO","04/06/1960",0,0,NA,NA,"9032"
"4255","ULO   NULO","05/06/1960",0,0,NA,NA,"9032"
"4256","ULO   NULO","06/06/1960",0,0,NA,NA,"9032"
"4257","ULO   NULO","07/06/1960",5,0,NA,NA,"9032"
"4258","ULO   NULO","08/06/1960",0,0,NA,NA,"9032"
"4259","ULO   NULO","09/06/1960",0,0,NA,NA,"9032"
"4260","ULO   NULO","10/06/1960",0,0,NA,NA,"9032"
"4261","ULO   NULO","11/06/1960",0,0,NA,NA,"9032"
"4262","ULO   NULO","12/06/1960",0,0,NA,NA,"9032"
"4263","ULO   NULO","13/06/1960",0,0,NA,NA,"9032"
"4264","ULO   NULO","14/06/1960",4.5,0,NA,NA,"9032"
"4265","ULO   NULO","15/06/1960",0,0,NA,NA,"9032"
"4266","ULO   NULO","16/06/1960",0,0,NA,NA,"9032"
"4267","ULO   NULO","17/06/1960",0,0,NA,NA,"9032"
"4268","ULO   NULO","18/06/1960",1.5,0,NA,NA,"9032"
"4269","ULO   NULO","19/06/1960",0,0,NA,NA,"9032"
"4270","ULO   NULO","20/06/1960",0,0,NA,NA,"9032"
"4271","ULO   NULO","21/06/1960",0,0,NA,NA,"9032"
"4272","ULO   NULO","22/06/1960",0,0,NA,NA,"9032"
"4273","ULO   NULO","23/06/1960",5,0,NA,NA,"9032"
"4274","ULO   NULO","24/06/1960",8.5,0,NA,NA,"9032"
"4275","ULO   NULO","25/06/1960",0,0,NA,NA,"9032"
"4276","ULO   NULO","26/06/1960",4,0,NA,NA,"9032"
"4277","ULO   NULO","27/06/1960",3,0,NA,NA,"9032"
"4278","ULO   NULO","28/06/1960",5,0,NA,NA,"9032"
"4279","ULO   NULO","29/06/1960",0,0,NA,NA,"9032"
"4280","ULO   NULO","30/06/1960",4,0,NA,NA,"9032"
"4281","ULO   NULO","01/07/1960",3.5,0,NA,NA,"9032"
"4282","ULO   NULO","02/07/1960",5.5,0,NA,NA,"9032"
"4283","ULO   NULO","03/07/1960",0,0,NA,NA,"9032"
"4284","ULO   NULO","04/07/1960",0,0,NA,NA,"9032"
"4285","ULO   NULO","05/07/1960",3,0,NA,NA,"9032"
"4286","ULO   NULO","06/07/1960",11,0,NA,NA,"9032"
"4287","ULO   NULO","07/07/1960",0,0,NA,NA,"9032"
"4288","ULO   NULO","08/07/1960",6.5,0,NA,NA,"9032"
"4289","ULO   NULO","09/07/1960",0,0,NA,NA,"9032"
"4290","ULO   NULO","10/07/1960",6,0,NA,NA,"9032"
"4291","ULO   NULO","11/07/1960",3.5,0,NA,NA,"9032"
"4292","ULO   NULO","12/07/1960",5,0,NA,NA,"9032"
"4293","ULO   NULO","13/07/1960",0,0,NA,NA,"9032"
"4294","ULO   NULO","14/07/1960",2.5,0,NA,NA,"9032"
"4295","ULO   NULO","15/07/1960",12.5,0,NA,NA,"9032"
"4296","ULO   NULO","16/07/1960",1,0,NA,NA,"9032"
"4297","ULO   NULO","17/07/1960",0,0,NA,NA,"9032"
"4298","ULO   NULO","18/07/1960",11.5,0,NA,NA,"9032"
"4299","ULO   NULO","19/07/1960",1,0,NA,NA,"9032"
"4300","ULO   NULO","20/07/1960",1,0,NA,NA,"9032"
"4301","ULO   NULO","21/07/1960",0,0,NA,NA,"9032"
"4302","ULO   NULO","22/07/1960",0,0,NA,NA,"9032"
"4303","ULO   NULO","23/07/1960",3.5,0,NA,NA,"9032"
"4304","ULO   NULO","24/07/1960",7,0,NA,NA,"9032"
"4305","ULO   NULO","25/07/1960",17.5,0,NA,NA,"9032"
"4306","ULO   NULO","26/07/1960",3.5,0,NA,NA,"9032"
"4307","ULO   NULO","27/07/1960",0,0,NA,NA,"9032"
"4308","ULO   NULO","28/07/1960",0,0,NA,NA,"9032"
"4309","ULO   NULO","29/07/1960",0,0,NA,NA,"9032"
"4310","ULO   NULO","30/07/1960",0,0,NA,NA,"9032"
"4311","ULO   NULO","31/07/1960",0,0,NA,NA,"9032"
"4312","ULO   NULO","01/08/1960",0,0,NA,NA,"9032"
"4313","ULO   NULO","02/08/1960",2.5,0,NA,NA,"9032"
"4314","ULO   NULO","03/08/1960",0,0,NA,NA,"9032"
"4315","ULO   NULO","04/08/1960",1.5,0,NA,NA,"9032"
"4316","ULO   NULO","05/08/1960",2,0,NA,NA,"9032"
"4317","ULO   NULO","06/08/1960",1,0,NA,NA,"9032"
"4318","ULO   NULO","07/08/1960",5,0,NA,NA,"9032"
"4319","ULO   NULO","08/08/1960",0,0,NA,NA,"9032"
"4320","ULO   NULO","09/08/1960",4,0,NA,NA,"9032"
"4321","ULO   NULO","10/08/1960",13,0,NA,NA,"9032"
"4322","ULO   NULO","11/08/1960",0,0,NA,NA,"9032"
"4323","ULO   NULO","12/08/1960",1,0,NA,NA,"9032"
"4324","ULO   NULO","13/08/1960",6,0,NA,NA,"9032"
"4325","ULO   NULO","14/08/1960",5,0,NA,NA,"9032"
"4326","ULO   NULO","15/08/1960",0,0,NA,NA,"9032"
"4327","ULO   NULO","16/08/1960",0,0,NA,NA,"9032"
"4328","ULO   NULO","17/08/1960",0,0,NA,NA,"9032"
"4329","ULO   NULO","18/08/1960",30,0,NA,NA,"9032"
"4330","ULO   NULO","19/08/1960",1,0,NA,NA,"9032"
"4331","ULO   NULO","20/08/1960",12.5,0,NA,NA,"9032"
"4332","ULO   NULO","21/08/1960",0,0,NA,NA,"9032"
"4333","ULO   NULO","22/08/1960",0,0,NA,NA,"9032"
"4334","ULO   NULO","23/08/1960",23.5,0,NA,NA,"9032"
"4335","ULO   NULO","24/08/1960",4,0,NA,NA,"9032"
"4336","ULO   NULO","25/08/1960",10.5,0,NA,NA,"9032"
"4337","ULO   NULO","26/08/1960",43.5,0,NA,NA,"9032"
"4338","ULO   NULO","27/08/1960",4.5,0,NA,NA,"9032"
"4339","ULO   NULO","28/08/1960",1,0,NA,NA,"9032"
"4340","ULO   NULO","29/08/1960",0,0,NA,NA,"9032"
"4341","ULO   NULO","30/08/1960",0,0,NA,NA,"9032"
"4342","ULO   NULO","31/08/1960",0,0,NA,NA,"9032"
"4343","ULO   NULO","01/09/1960",0,0,NA,NA,"9032"
"4344","ULO   NULO","02/09/1960",4,0,NA,NA,"9032"
"4345","ULO   NULO","03/09/1960",2.5,0,NA,NA,"9032"
"4346","ULO   NULO","04/09/1960",27.5,0,NA,NA,"9032"
"4347","ULO   NULO","05/09/1960",0,0,NA,NA,"9032"
"4348","ULO   NULO","06/09/1960",5.5,0,NA,NA,"9032"
"4349","ULO   NULO","07/09/1960",5.5,0,NA,NA,"9032"
"4350","ULO   NULO","08/09/1960",4,0,NA,NA,"9032"
"4351","ULO   NULO","09/09/1960",0,0,NA,NA,"9032"
"4352","ULO   NULO","10/09/1960",20.5,0,NA,NA,"9032"
"4353","ULO   NULO","11/09/1960",13.5,0,NA,NA,"9032"
"4354","ULO   NULO","12/09/1960",1.5,0,NA,NA,"9032"
"4355","ULO   NULO","13/09/1960",1,0,NA,NA,"9032"
"4356","ULO   NULO","14/09/1960",0,0,NA,NA,"9032"
"4357","ULO   NULO","15/09/1960",0,0,NA,NA,"9032"
"4358","ULO   NULO","16/09/1960",0,0,NA,NA,"9032"
"4359","ULO   NULO","17/09/1960",2.5,0,NA,NA,"9032"
"4360","ULO   NULO","18/09/1960",2,0,NA,NA,"9032"
"4361","ULO   NULO","19/09/1960",4,0,NA,NA,"9032"
"4362","ULO   NULO","20/09/1960",0,0,NA,NA,"9032"
"4363","ULO   NULO","21/09/1960",10.5,0,NA,NA,"9032"
"4364","ULO   NULO","22/09/1960",0,0,NA,NA,"9032"
"4365","ULO   NULO","23/09/1960",0,0,NA,NA,"9032"
"4366","ULO   NULO","24/09/1960",0,0,NA,NA,"9032"
"4367","ULO   NULO","25/09/1960",0,0,NA,NA,"9032"
"4368","ULO   NULO","26/09/1960",7,0,NA,NA,"9032"
"4369","ULO   NULO","27/09/1960",0,0,NA,NA,"9032"
"4370","ULO   NULO","28/09/1960",3,0,NA,NA,"9032"
"4371","ULO   NULO","29/09/1960",0,0,NA,NA,"9032"
"4372","ULO   NULO","30/09/1960",0,0,NA,NA,"9032"
"4373","ULO   NULO","01/10/1960",0,0,NA,NA,"9032"
"4374","ULO   NULO","02/10/1960",0,0,NA,NA,"9032"
"4375","ULO   NULO","03/10/1960",0,0,NA,NA,"9032"
"4376","ULO   NULO","04/10/1960",1,0,NA,NA,"9032"
"4377","ULO   NULO","05/10/1960",0,0,NA,NA,"9032"
"4378","ULO   NULO","06/10/1960",12.5,0,NA,NA,"9032"
"4379","ULO   NULO","07/10/1960",0,0,NA,NA,"9032"
"4380","ULO   NULO","08/10/1960",0,0,NA,NA,"9032"
"4381","ULO   NULO","09/10/1960",0,0,NA,NA,"9032"
"4382","ULO   NULO","10/10/1960",0,0,NA,NA,"9032"
"4383","ULO   NULO","11/10/1960",4.5,0,NA,NA,"9032"
"4384","ULO   NULO","12/10/1960",0,0,NA,NA,"9032"
"4385","ULO   NULO","13/10/1960",0,0,NA,NA,"9032"
"4386","ULO   NULO","14/10/1960",0,0,NA,NA,"9032"
"4387","ULO   NULO","15/10/1960",1.5,0,NA,NA,"9032"
"4388","ULO   NULO","16/10/1960",0,0,NA,NA,"9032"
"4389","ULO   NULO","17/10/1960",0,0,NA,NA,"9032"
"4390","ULO   NULO","18/10/1960",0,0,NA,NA,"9032"
"4391","ULO   NULO","19/10/1960",0,0,NA,NA,"9032"
"4392","ULO   NULO","20/10/1960",5.5,0,NA,NA,"9032"
"4393","ULO   NULO","21/10/1960",2,0,NA,NA,"9032"
"4394","ULO   NULO","22/10/1960",2,0,NA,NA,"9032"
"4395","ULO   NULO","23/10/1960",0,0,NA,NA,"9032"
"4396","ULO   NULO","24/10/1960",0,0,NA,NA,"9032"
"4397","ULO   NULO","25/10/1960",0,0,NA,NA,"9032"
"4398","ULO   NULO","26/10/1960",2,0,NA,NA,"9032"
"4399","ULO   NULO","27/10/1960",26,0,NA,NA,"9032"
"4400","ULO   NULO","28/10/1960",12.5,0,NA,NA,"9032"
"4401","ULO   NULO","29/10/1960",3.5,0,NA,NA,"9032"
"4402","ULO   NULO","30/10/1960",0,0,NA,NA,"9032"
"4403","ULO   NULO","31/10/1960",0,0,NA,NA,"9032"
"4404","ULO   NULO","01/11/1960",0,0,NA,NA,"9032"
"4405","ULO   NULO","02/11/1960",0,0,NA,NA,"9032"
"4406","ULO   NULO","03/11/1960",0,0,NA,NA,"9032"
"4407","ULO   NULO","04/11/1960",0,0,NA,NA,"9032"
"4408","ULO   NULO","05/11/1960",0,0,NA,NA,"9032"
"4409","ULO   NULO","06/11/1960",0,0,NA,NA,"9032"
"4410","ULO   NULO","07/11/1960",0,0,NA,NA,"9032"
"4411","ULO   NULO","08/11/1960",0,0,NA,NA,"9032"
"4412","ULO   NULO","09/11/1960",0,0,NA,NA,"9032"
"4413","ULO   NULO","10/11/1960",0,0,NA,NA,"9032"
"4414","ULO   NULO","11/11/1960",0,0,NA,NA,"9032"
"4415","ULO   NULO","12/11/1960",0,0,NA,NA,"9032"
"4416","ULO   NULO","13/11/1960",0,0,NA,NA,"9032"
"4417","ULO   NULO","14/11/1960",0,0,NA,NA,"9032"
"4418","ULO   NULO","15/11/1960",0,0,NA,NA,"9032"
"4419","ULO   NULO","16/11/1960",0,0,NA,NA,"9032"
"4420","ULO   NULO","17/11/1960",0,0,NA,NA,"9032"
"4421","ULO   NULO","18/11/1960",0,0,NA,NA,"9032"
"4422","ULO   NULO","19/11/1960",0,0,NA,NA,"9032"
"4423","ULO   NULO","20/11/1960",0,0,NA,NA,"9032"
"4424","ULO   NULO","21/11/1960",0,0,NA,NA,"9032"
"4425","ULO   NULO","22/11/1960",0,0,NA,NA,"9032"
"4426","ULO   NULO","23/11/1960",0,0,NA,NA,"9032"
"4427","ULO   NULO","24/11/1960",0,0,NA,NA,"9032"
"4428","ULO   NULO","25/11/1960",0,0,NA,NA,"9032"
"4429","ULO   NULO","26/11/1960",0,0,NA,NA,"9032"
"4430","ULO   NULO","27/11/1960",0,0,NA,NA,"9032"
"4431","ULO   NULO","28/11/1960",0,0,NA,NA,"9032"
"4432","ULO   NULO","29/11/1960",0,0,NA,NA,"9032"
"4433","ULO   NULO","30/11/1960",0,0,NA,NA,"9032"
"4434","ULO   NULO","01/12/1960",0,0,NA,NA,"9032"
"4435","ULO   NULO","02/12/1960",0,0,NA,NA,"9032"
"4436","ULO   NULO","03/12/1960",0,0,NA,NA,"9032"
"4437","ULO   NULO","04/12/1960",0,0,NA,NA,"9032"
"4438","ULO   NULO","05/12/1960",0,0,NA,NA,"9032"
"4439","ULO   NULO","06/12/1960",0,0,NA,NA,"9032"
"4440","ULO   NULO","07/12/1960",0,0,NA,NA,"9032"
"4441","ULO   NULO","08/12/1960",0,0,NA,NA,"9032"
"4442","ULO   NULO","09/12/1960",0,0,NA,NA,"9032"
"4443","ULO   NULO","10/12/1960",0,0,NA,NA,"9032"
"4444","ULO   NULO","11/12/1960",0,0,NA,NA,"9032"
"4445","ULO   NULO","12/12/1960",0,0,NA,NA,"9032"
"4446","ULO   NULO","13/12/1960",0,0,NA,NA,"9032"
"4447","ULO   NULO","14/12/1960",0,0,NA,NA,"9032"
"4448","ULO   NULO","15/12/1960",0,0,NA,NA,"9032"
"4449","ULO   NULO","16/12/1960",0,0,NA,NA,"9032"
"4450","ULO   NULO","17/12/1960",0,0,NA,NA,"9032"
"4451","ULO   NULO","18/12/1960",0,0,NA,NA,"9032"
"4452","ULO   NULO","19/12/1960",0,0,NA,NA,"9032"
"4453","ULO   NULO","20/12/1960",0,0,NA,NA,"9032"
"4454","ULO   NULO","21/12/1960",0,0,NA,NA,"9032"
"4455","ULO   NULO","22/12/1960",1,0,NA,NA,"9032"
"4456","ULO   NULO","23/12/1960",0,0,NA,NA,"9032"
"4457","ULO   NULO","24/12/1960",0,0,NA,NA,"9032"
"4458","ULO   NULO","25/12/1960",4,0,NA,NA,"9032"
"4459","ULO   NULO","26/12/1960",0,0,NA,NA,"9032"
"4460","ULO   NULO","27/12/1960",0,0,NA,NA,"9032"
"4461","ULO   NULO","28/12/1960",0,0,NA,NA,"9032"
"4462","ULO   NULO","29/12/1960",0,0,NA,NA,"9032"
"4463","ULO   NULO","30/12/1960",0,0,NA,NA,"9032"
"4464","ULO   NULO","31/12/1960",0,0,NA,NA,"9032"
"4465","ULO   NULO","01/01/1961",0,0,NA,NA,"9032"
"4466","ULO   NULO","02/01/1961",0,0,NA,NA,"9032"
"4467","ULO   NULO","03/01/1961",0,0,NA,NA,"9032"
"4468","ULO   NULO","04/01/1961",0,0,NA,NA,"9032"
"4469","ULO   NULO","05/01/1961",0,0,NA,NA,"9032"
"4470","ULO   NULO","06/01/1961",0,0,NA,NA,"9032"
"4471","ULO   NULO","07/01/1961",0,0,NA,NA,"9032"
"4472","ULO   NULO","08/01/1961",0,0,NA,NA,"9032"
"4473","ULO   NULO","09/01/1961",0,0,NA,NA,"9032"
"4474","ULO   NULO","10/01/1961",0,0,NA,NA,"9032"
"4475","ULO   NULO","11/01/1961",0,0,NA,NA,"9032"
"4476","ULO   NULO","12/01/1961",7,0,NA,NA,"9032"
"4477","ULO   NULO","13/01/1961",0,0,NA,NA,"9032"
"4478","ULO   NULO","14/01/1961",0,0,NA,NA,"9032"
"4479","ULO   NULO","15/01/1961",0,0,NA,NA,"9032"
"4480","ULO   NULO","16/01/1961",0,0,NA,NA,"9032"
"4481","ULO   NULO","17/01/1961",0,0,NA,NA,"9032"
"4482","ULO   NULO","18/01/1961",0,0,NA,NA,"9032"
"4483","ULO   NULO","19/01/1961",0,0,NA,NA,"9032"
"4484","ULO   NULO","20/01/1961",3.5,0,NA,NA,"9032"
"4485","ULO   NULO","21/01/1961",1.5,0,NA,NA,"9032"
"4486","ULO   NULO","22/01/1961",0,0,NA,NA,"9032"
"4487","ULO   NULO","23/01/1961",0,0,NA,NA,"9032"
"4488","ULO   NULO","24/01/1961",0,0,NA,NA,"9032"
"4489","ULO   NULO","25/01/1961",0,0,NA,NA,"9032"
"4490","ULO   NULO","26/01/1961",0,0,NA,NA,"9032"
"4491","ULO   NULO","27/01/1961",0,0,NA,NA,"9032"
"4492","ULO   NULO","28/01/1961",0,0,NA,NA,"9032"
"4493","ULO   NULO","29/01/1961",0,0,NA,NA,"9032"
"4494","ULO   NULO","30/01/1961",0,0,NA,NA,"9032"
"4495","ULO   NULO","31/01/1961",0,0,NA,NA,"9032"
"4496","ULO   NULO","01/02/1961",0,0,NA,NA,"9032"
"4497","ULO   NULO","02/02/1961",0,0,NA,NA,"9032"
"4498","ULO   NULO","03/02/1961",0,0,NA,NA,"9032"
"4499","ULO   NULO","04/02/1961",0,0,NA,NA,"9032"
"4500","ULO   NULO","05/02/1961",1,0,NA,NA,"9032"
"4501","ULO   NULO","06/02/1961",0,0,NA,NA,"9032"
"4502","ULO   NULO","07/02/1961",0,0,NA,NA,"9032"
"4503","ULO   NULO","08/02/1961",0,0,NA,NA,"9032"
"4504","ULO   NULO","09/02/1961",0,0,NA,NA,"9032"
"4505","ULO   NULO","10/02/1961",0,0,NA,NA,"9032"
"4506","ULO   NULO","11/02/1961",0,0,NA,NA,"9032"
"4507","ULO   NULO","12/02/1961",0,0,NA,NA,"9032"
"4508","ULO   NULO","13/02/1961",0,0,NA,NA,"9032"
"4509","ULO   NULO","14/02/1961",0,0,NA,NA,"9032"
"4510","ULO   NULO","15/02/1961",0,0,NA,NA,"9032"
"4511","ULO   NULO","16/02/1961",0,0,NA,NA,"9032"
"4512","ULO   NULO","17/02/1961",0,0,NA,NA,"9032"
"4513","ULO   NULO","18/02/1961",0,0,NA,NA,"9032"
"4514","ULO   NULO","19/02/1961",0,0,NA,NA,"9032"
"4515","ULO   NULO","20/02/1961",0,0,NA,NA,"9032"
"4516","ULO   NULO","21/02/1961",0,0,NA,NA,"9032"
"4517","ULO   NULO","22/02/1961",0,0,NA,NA,"9032"
"4518","ULO   NULO","23/02/1961",0,0,NA,NA,"9032"
"4519","ULO   NULO","24/02/1961",0,0,NA,NA,"9032"
"4520","ULO   NULO","25/02/1961",0,0,NA,NA,"9032"
"4521","ULO   NULO","26/02/1961",0,0,NA,NA,"9032"
"4522","ULO   NULO","27/02/1961",0,0,NA,NA,"9032"
"4523","ULO   NULO","28/02/1961",0,0,NA,NA,"9032"
"4524","ULO   NULO","01/03/1961",0,0,NA,NA,"9032"
"4525","ULO   NULO","02/03/1961",0,0,NA,NA,"9032"
"4526","ULO   NULO","03/03/1961",0,0,NA,NA,"9032"
"4527","ULO   NULO","04/03/1961",0,0,NA,NA,"9032"
"4528","ULO   NULO","05/03/1961",0,0,NA,NA,"9032"
"4529","ULO   NULO","06/03/1961",0,0,NA,NA,"9032"
"4530","ULO   NULO","07/03/1961",0,0,NA,NA,"9032"
"4531","ULO   NULO","08/03/1961",0,0,NA,NA,"9032"
"4532","ULO   NULO","09/03/1961",0,0,NA,NA,"9032"
"4533","ULO   NULO","10/03/1961",0,0,NA,NA,"9032"
"4534","ULO   NULO","11/03/1961",1,0,NA,NA,"9032"
"4535","ULO   NULO","12/03/1961",0,0,NA,NA,"9032"
"4536","ULO   NULO","13/03/1961",0,0,NA,NA,"9032"
"4537","ULO   NULO","14/03/1961",0,0,NA,NA,"9032"
"4538","ULO   NULO","15/03/1961",0,0,NA,NA,"9032"
"4539","ULO   NULO","16/03/1961",0,0,NA,NA,"9032"
"4540","ULO   NULO","17/03/1961",0,0,NA,NA,"9032"
"4541","ULO   NULO","18/03/1961",0,0,NA,NA,"9032"
"4542","ULO   NULO","19/03/1961",0,0,NA,NA,"9032"
"4543","ULO   NULO","20/03/1961",0,0,NA,NA,"9032"
"4544","ULO   NULO","21/03/1961",0,0,NA,NA,"9032"
"4545","ULO   NULO","22/03/1961",0,0,NA,NA,"9032"
"4546","ULO   NULO","23/03/1961",0,0,NA,NA,"9032"
"4547","ULO   NULO","24/03/1961",0,0,NA,NA,"9032"
"4548","ULO   NULO","25/03/1961",0,0,NA,NA,"9032"
"4549","ULO   NULO","26/03/1961",0,0,NA,NA,"9032"
"4550","ULO   NULO","27/03/1961",0,0,NA,NA,"9032"
"4551","ULO   NULO","28/03/1961",0,0,NA,NA,"9032"
"4552","ULO   NULO","29/03/1961",0,0,NA,NA,"9032"
"4553","ULO   NULO","30/03/1961",0,0,NA,NA,"9032"
"4554","ULO   NULO","31/03/1961",0,0,NA,NA,"9032"
"4555","ULO   NULO","01/04/1961",0,0,NA,NA,"9032"
"4556","ULO   NULO","02/04/1961",0,0,NA,NA,"9032"
"4557","ULO   NULO","03/04/1961",0,0,NA,NA,"9032"
"4558","ULO   NULO","04/04/1961",0,0,NA,NA,"9032"
"4559","ULO   NULO","05/04/1961",0,0,NA,NA,"9032"
"4560","ULO   NULO","06/04/1961",0,0,NA,NA,"9032"
"4561","ULO   NULO","07/04/1961",0,0,NA,NA,"9032"
"4562","ULO   NULO","08/04/1961",0,0,NA,NA,"9032"
"4563","ULO   NULO","09/04/1961",0,0,NA,NA,"9032"
"4564","ULO   NULO","10/04/1961",0,0,NA,NA,"9032"
"4565","ULO   NULO","11/04/1961",0,0,NA,NA,"9032"
"4566","ULO   NULO","12/04/1961",0,0,NA,NA,"9032"
"4567","ULO   NULO","13/04/1961",0,0,NA,NA,"9032"
"4568","ULO   NULO","14/04/1961",0,0,NA,NA,"9032"
"4569","ULO   NULO","15/04/1961",0,0,NA,NA,"9032"
"4570","ULO   NULO","16/04/1961",0,0,NA,NA,"9032"
"4571","ULO   NULO","17/04/1961",0,0,NA,NA,"9032"
"4572","ULO   NULO","18/04/1961",0,0,NA,NA,"9032"
"4573","ULO   NULO","19/04/1961",1,0,NA,NA,"9032"
"4574","ULO   NULO","20/04/1961",0,0,NA,NA,"9032"
"4575","ULO   NULO","21/04/1961",0,0,NA,NA,"9032"
"4576","ULO   NULO","22/04/1961",0,0,NA,NA,"9032"
"4577","ULO   NULO","23/04/1961",0,0,NA,NA,"9032"
"4578","ULO   NULO","24/04/1961",0,0,NA,NA,"9032"
"4579","ULO   NULO","25/04/1961",3,0,NA,NA,"9032"
"4580","ULO   NULO","26/04/1961",2,0,NA,NA,"9032"
"4581","ULO   NULO","27/04/1961",0,0,NA,NA,"9032"
"4582","ULO   NULO","28/04/1961",0,0,NA,NA,"9032"
"4583","ULO   NULO","29/04/1961",0,0,NA,NA,"9032"
"4584","ULO   NULO","30/04/1961",0,0,NA,NA,"9032"
"4585","ULO   NULO","01/05/1961",0,0,NA,NA,"9032"
"4586","ULO   NULO","02/05/1961",0,0,NA,NA,"9032"
"4587","ULO   NULO","03/05/1961",0,0,NA,NA,"9032"
"4588","ULO   NULO","04/05/1961",0,0,NA,NA,"9032"
"4589","ULO   NULO","05/05/1961",5,0,NA,NA,"9032"
"4590","ULO   NULO","06/05/1961",0,0,NA,NA,"9032"
"4591","ULO   NULO","07/05/1961",0,0,NA,NA,"9032"
"4592","ULO   NULO","08/05/1961",0,0,NA,NA,"9032"
"4593","ULO   NULO","09/05/1961",0,0,NA,NA,"9032"
"4594","ULO   NULO","10/05/1961",0,0,NA,NA,"9032"
"4595","ULO   NULO","11/05/1961",0,0,NA,NA,"9032"
"4596","ULO   NULO","12/05/1961",0,0,NA,NA,"9032"
"4597","ULO   NULO","13/05/1961",0,0,NA,NA,"9032"
"4598","ULO   NULO","14/05/1961",0,0,NA,NA,"9032"
"4599","ULO   NULO","15/05/1961",3,0,NA,NA,"9032"
"4600","ULO   NULO","16/05/1961",0,0,NA,NA,"9032"
"4601","ULO   NULO","17/05/1961",0,0,NA,NA,"9032"
"4602","ULO   NULO","18/05/1961",0,0,NA,NA,"9032"
"4603","ULO   NULO","19/05/1961",0,0,NA,NA,"9032"
"4604","ULO   NULO","20/05/1961",0,0,NA,NA,"9032"
"4605","ULO   NULO","21/05/1961",0,0,NA,NA,"9032"
"4606","ULO   NULO","22/05/1961",0,0,NA,NA,"9032"
"4607","ULO   NULO","23/05/1961",0,0,NA,NA,"9032"
"4608","ULO   NULO","24/05/1961",1,0,NA,NA,"9032"
"4609","ULO   NULO","25/05/1961",1,0,NA,NA,"9032"
"4610","ULO   NULO","26/05/1961",9,0,NA,NA,"9032"
"4611","ULO   NULO","27/05/1961",13,0,NA,NA,"9032"
"4612","ULO   NULO","28/05/1961",0,0,NA,NA,"9032"
"4613","ULO   NULO","29/05/1961",0,0,NA,NA,"9032"
"4614","ULO   NULO","30/05/1961",0,0,NA,NA,"9032"
"4615","ULO   NULO","31/05/1961",0,0,NA,NA,"9032"
"4616","ULO   NULO","01/06/1961",7.5,0,NA,NA,"9032"
"4617","ULO   NULO","02/06/1961",0,0,NA,NA,"9032"
"4618","ULO   NULO","03/06/1961",0,0,NA,NA,"9032"
"4619","ULO   NULO","04/06/1961",0,0,NA,NA,"9032"
"4620","ULO   NULO","05/06/1961",2,0,NA,NA,"9032"
"4621","ULO   NULO","06/06/1961",4,0,NA,NA,"9032"
"4622","ULO   NULO","07/06/1961",0,0,NA,NA,"9032"
"4623","ULO   NULO","08/06/1961",3,0,NA,NA,"9032"
"4624","ULO   NULO","09/06/1961",22,0,NA,NA,"9032"
"4625","ULO   NULO","10/06/1961",3,0,NA,NA,"9032"
"4626","ULO   NULO","11/06/1961",1.5,0,NA,NA,"9032"
"4627","ULO   NULO","12/06/1961",23.5,0,NA,NA,"9032"
"4628","ULO   NULO","13/06/1961",1,0,NA,NA,"9032"
"4629","ULO   NULO","14/06/1961",7.5,0,NA,NA,"9032"
"4630","ULO   NULO","15/06/1961",2.5,0,NA,NA,"9032"
"4631","ULO   NULO","16/06/1961",1,0,NA,NA,"9032"
"4632","ULO   NULO","17/06/1961",3,0,NA,NA,"9032"
"4633","ULO   NULO","18/06/1961",0,0,NA,NA,"9032"
"4634","ULO   NULO","19/06/1961",6,0,NA,NA,"9032"
"4635","ULO   NULO","20/06/1961",32.5,0,NA,NA,"9032"
"4636","ULO   NULO","21/06/1961",1,0,NA,NA,"9032"
"4637","ULO   NULO","22/06/1961",1.5,0,NA,NA,"9032"
"4638","ULO   NULO","23/06/1961",1.5,0,NA,NA,"9032"
"4639","ULO   NULO","24/06/1961",2.5,0,NA,NA,"9032"
"4640","ULO   NULO","25/06/1961",11.5,0,NA,NA,"9032"
"4641","ULO   NULO","26/06/1961",8.5,0,NA,NA,"9032"
"4642","ULO   NULO","27/06/1961",6.5,0,NA,NA,"9032"
"4643","ULO   NULO","28/06/1961",15.5,0,NA,NA,"9032"
"4644","ULO   NULO","29/06/1961",11.5,0,NA,NA,"9032"
"4645","ULO   NULO","30/06/1961",30,0,NA,NA,"9032"
"4646","ULO   NULO","01/07/1961",0,0,NA,NA,"9032"
"4647","ULO   NULO","02/07/1961",12.5,0,NA,NA,"9032"
"4648","ULO   NULO","03/07/1961",31.5,0,NA,NA,"9032"
"4649","ULO   NULO","04/07/1961",3.5,0,NA,NA,"9032"
"4650","ULO   NULO","05/07/1961",7.5,0,NA,NA,"9032"
"4651","ULO   NULO","06/07/1961",14.5,0,NA,NA,"9032"
"4652","ULO   NULO","07/07/1961",27.5,0,NA,NA,"9032"
"4653","ULO   NULO","08/07/1961",15.5,0,NA,NA,"9032"
"4654","ULO   NULO","09/07/1961",1.5,0,NA,NA,"9032"
"4655","ULO   NULO","10/07/1961",13,0,NA,NA,"9032"
"4656","ULO   NULO","11/07/1961",6,0,NA,NA,"9032"
"4657","ULO   NULO","12/07/1961",18,0,NA,NA,"9032"
"4658","ULO   NULO","13/07/1961",3.5,0,NA,NA,"9032"
"4659","ULO   NULO","14/07/1961",3.5,0,NA,NA,"9032"
"4660","ULO   NULO","15/07/1961",0,0,NA,NA,"9032"
"4661","ULO   NULO","16/07/1961",0,0,NA,NA,"9032"
"4662","ULO   NULO","17/07/1961",20,0,NA,NA,"9032"
"4663","ULO   NULO","18/07/1961",0,0,NA,NA,"9032"
"4664","ULO   NULO","19/07/1961",0,0,NA,NA,"9032"
"4665","ULO   NULO","20/07/1961",1,0,NA,NA,"9032"
"4666","ULO   NULO","21/07/1961",10,0,NA,NA,"9032"
"4667","ULO   NULO","22/07/1961",0,0,NA,NA,"9032"
"4668","ULO   NULO","23/07/1961",6,0,NA,NA,"9032"
"4669","ULO   NULO","24/07/1961",1,0,NA,NA,"9032"
"4670","ULO   NULO","25/07/1961",2,0,NA,NA,"9032"
"4671","ULO   NULO","26/07/1961",18,0,NA,NA,"9032"
"4672","ULO   NULO","27/07/1961",30.5,0,NA,NA,"9032"
"4673","ULO   NULO","28/07/1961",12,0,NA,NA,"9032"
"4674","ULO   NULO","29/07/1961",3,0,NA,NA,"9032"
"4675","ULO   NULO","30/07/1961",0,0,NA,NA,"9032"
"4676","ULO   NULO","31/07/1961",2,0,NA,NA,"9032"
"4677","ULO   NULO","01/08/1961",12.5,0,NA,NA,"9032"
"4678","ULO   NULO","02/08/1961",5.5,0,NA,NA,"9032"
"4679","ULO   NULO","03/08/1961",0,0,NA,NA,"9032"
"4680","ULO   NULO","04/08/1961",50,0,NA,NA,"9032"
"4681","ULO   NULO","05/08/1961",8.5,0,NA,NA,"9032"
"4682","ULO   NULO","06/08/1961",0,0,NA,NA,"9032"
"4683","ULO   NULO","07/08/1961",0,0,NA,NA,"9032"
"4684","ULO   NULO","08/08/1961",0,0,NA,NA,"9032"
"4685","ULO   NULO","09/08/1961",0,0,NA,NA,"9032"
"4686","ULO   NULO","10/08/1961",0,0,NA,NA,"9032"
"4687","ULO   NULO","11/08/1961",8.5,0,NA,NA,"9032"
"4688","ULO   NULO","12/08/1961",0,0,NA,NA,"9032"
"4689","ULO   NULO","13/08/1961",2.5,0,NA,NA,"9032"
"4690","ULO   NULO","14/08/1961",0,0,NA,NA,"9032"
"4691","ULO   NULO","15/08/1961",0,0,NA,NA,"9032"
"4692","ULO   NULO","16/08/1961",1,0,NA,NA,"9032"
"4693","ULO   NULO","17/08/1961",23.5,0,NA,NA,"9032"
"4694","ULO   NULO","18/08/1961",11.5,0,NA,NA,"9032"
"4695","ULO   NULO","19/08/1961",0,0,NA,NA,"9032"
"4696","ULO   NULO","20/08/1961",0,0,NA,NA,"9032"
"4697","ULO   NULO","21/08/1961",2.5,0,NA,NA,"9032"
"4698","ULO   NULO","22/08/1961",0,0,NA,NA,"9032"
"4699","ULO   NULO","23/08/1961",0,0,NA,NA,"9032"
"4700","ULO   NULO","24/08/1961",0,0,NA,NA,"9032"
"4701","ULO   NULO","25/08/1961",0,0,NA,NA,"9032"
"4702","ULO   NULO","26/08/1961",0,0,NA,NA,"9032"
"4703","ULO   NULO","27/08/1961",0,0,NA,NA,"9032"
"4704","ULO   NULO","28/08/1961",8.5,0,NA,NA,"9032"
"4705","ULO   NULO","29/08/1961",6.5,0,NA,NA,"9032"
"4706","ULO   NULO","30/08/1961",3.5,0,NA,NA,"9032"
"4707","ULO   NULO","31/08/1961",0,0,NA,NA,"9032"
"4708","ULO   NULO","01/09/1961",3.5,0,NA,NA,"9032"
"4709","ULO   NULO","02/09/1961",13,0,NA,NA,"9032"
"4710","ULO   NULO","03/09/1961",0,0,NA,NA,"9032"
"4711","ULO   NULO","04/09/1961",0,0,NA,NA,"9032"
"4712","ULO   NULO","05/09/1961",0,0,NA,NA,"9032"
"4713","ULO   NULO","06/09/1961",0,0,NA,NA,"9032"
"4714","ULO   NULO","07/09/1961",0,0,NA,NA,"9032"
"4715","ULO   NULO","08/09/1961",0,0,NA,NA,"9032"
"4716","ULO   NULO","09/09/1961",7.5,0,NA,NA,"9032"
"4717","ULO   NULO","10/09/1961",7.5,0,NA,NA,"9032"
"4718","ULO   NULO","11/09/1961",5,0,NA,NA,"9032"
"4719","ULO   NULO","12/09/1961",8,0,NA,NA,"9032"
"4720","ULO   NULO","13/09/1961",8.5,0,NA,NA,"9032"
"4721","ULO   NULO","14/09/1961",0,0,NA,NA,"9032"
"4722","ULO   NULO","15/09/1961",4.5,0,NA,NA,"9032"
"4723","ULO   NULO","16/09/1961",9,0,NA,NA,"9032"
"4724","ULO   NULO","17/09/1961",7.5,0,NA,NA,"9032"
"4725","ULO   NULO","18/09/1961",0,0,NA,NA,"9032"
"4726","ULO   NULO","19/09/1961",0,0,NA,NA,"9032"
"4727","ULO   NULO","20/09/1961",1,0,NA,NA,"9032"
"4728","ULO   NULO","21/09/1961",0,0,NA,NA,"9032"
"4729","ULO   NULO","22/09/1961",21.5,0,NA,NA,"9032"
"4730","ULO   NULO","23/09/1961",7.5,0,NA,NA,"9032"
"4731","ULO   NULO","24/09/1961",0,0,NA,NA,"9032"
"4732","ULO   NULO","25/09/1961",0,0,NA,NA,"9032"
"4733","ULO   NULO","26/09/1961",0,0,NA,NA,"9032"
"4734","ULO   NULO","27/09/1961",0,0,NA,NA,"9032"
"4735","ULO   NULO","28/09/1961",0,0,NA,NA,"9032"
"4736","ULO   NULO","29/09/1961",0,0,NA,NA,"9032"
"4737","ULO   NULO","30/09/1961",0,0,NA,NA,"9032"
"4738","ULO   NULO","01/10/1961",0,0,NA,NA,"9032"
"4739","ULO   NULO","02/10/1961",0,0,NA,NA,"9032"
"4740","ULO   NULO","03/10/1961",0,0,NA,NA,"9032"
"4741","ULO   NULO","04/10/1961",0,0,NA,NA,"9032"
"4742","ULO   NULO","05/10/1961",0,0,NA,NA,"9032"
"4743","ULO   NULO","06/10/1961",4,0,NA,NA,"9032"
"4744","ULO   NULO","07/10/1961",1,0,NA,NA,"9032"
"4745","ULO   NULO","08/10/1961",0,0,NA,NA,"9032"
"4746","ULO   NULO","09/10/1961",0,0,NA,NA,"9032"
"4747","ULO   NULO","10/10/1961",0,0,NA,NA,"9032"
"4748","ULO   NULO","11/10/1961",0,0,NA,NA,"9032"
"4749","ULO   NULO","12/10/1961",0,0,NA,NA,"9032"
"4750","ULO   NULO","13/10/1961",3.5,0,NA,NA,"9032"
"4751","ULO   NULO","14/10/1961",2,0,NA,NA,"9032"
"4752","ULO   NULO","15/10/1961",0,0,NA,NA,"9032"
"4753","ULO   NULO","16/10/1961",0,0,NA,NA,"9032"
"4754","ULO   NULO","17/10/1961",0,0,NA,NA,"9032"
"4755","ULO   NULO","18/10/1961",0,0,NA,NA,"9032"
"4756","ULO   NULO","19/10/1961",0,0,NA,NA,"9032"
"4757","ULO   NULO","20/10/1961",0,0,NA,NA,"9032"
"4758","ULO   NULO","21/10/1961",0,0,NA,NA,"9032"
"4759","ULO   NULO","22/10/1961",0,0,NA,NA,"9032"
"4760","ULO   NULO","23/10/1961",0,0,NA,NA,"9032"
"4761","ULO   NULO","24/10/1961",0,0,NA,NA,"9032"
"4762","ULO   NULO","25/10/1961",0,0,NA,NA,"9032"
"4763","ULO   NULO","26/10/1961",0,0,NA,NA,"9032"
"4764","ULO   NULO","27/10/1961",0,0,NA,NA,"9032"
"4765","ULO   NULO","28/10/1961",0,0,NA,NA,"9032"
"4766","ULO   NULO","29/10/1961",0,0,NA,NA,"9032"
"4767","ULO   NULO","30/10/1961",0,0,NA,NA,"9032"
"4768","ULO   NULO","31/10/1961",0,0,NA,NA,"9032"
"4769","ULO   NULO","01/11/1961",0,0,NA,NA,"9032"
"4770","ULO   NULO","02/11/1961",0,0,NA,NA,"9032"
"4771","ULO   NULO","03/11/1961",0,0,NA,NA,"9032"
"4772","ULO   NULO","04/11/1961",0,0,NA,NA,"9032"
"4773","ULO   NULO","05/11/1961",2,0,NA,NA,"9032"
"4774","ULO   NULO","06/11/1961",0,0,NA,NA,"9032"
"4775","ULO   NULO","07/11/1961",0,0,NA,NA,"9032"
"4776","ULO   NULO","08/11/1961",0,0,NA,NA,"9032"
"4777","ULO   NULO","09/11/1961",0,0,NA,NA,"9032"
"4778","ULO   NULO","10/11/1961",0,0,NA,NA,"9032"
"4779","ULO   NULO","11/11/1961",0,0,NA,NA,"9032"
"4780","ULO   NULO","12/11/1961",3.5,0,NA,NA,"9032"
"4781","ULO   NULO","13/11/1961",0,0,NA,NA,"9032"
"4782","ULO   NULO","14/11/1961",1,0,NA,NA,"9032"
"4783","ULO   NULO","15/11/1961",0,0,NA,NA,"9032"
"4784","ULO   NULO","16/11/1961",0,0,NA,NA,"9032"
"4785","ULO   NULO","17/11/1961",0,0,NA,NA,"9032"
"4786","ULO   NULO","18/11/1961",0,0,NA,NA,"9032"
"4787","ULO   NULO","19/11/1961",0,0,NA,NA,"9032"
"4788","ULO   NULO","20/11/1961",0,0,NA,NA,"9032"
"4789","ULO   NULO","21/11/1961",0,0,NA,NA,"9032"
"4790","ULO   NULO","22/11/1961",0,0,NA,NA,"9032"
"4791","ULO   NULO","23/11/1961",0,0,NA,NA,"9032"
"4792","ULO   NULO","24/11/1961",0,0,NA,NA,"9032"
"4793","ULO   NULO","25/11/1961",0,0,NA,NA,"9032"
"4794","ULO   NULO","26/11/1961",0,0,NA,NA,"9032"
"4795","ULO   NULO","27/11/1961",0,0,NA,NA,"9032"
"4796","ULO   NULO","28/11/1961",0,0,NA,NA,"9032"
"4797","ULO   NULO","29/11/1961",0,0,NA,NA,"9032"
"4798","ULO   NULO","30/11/1961",0,0,NA,NA,"9032"
"4799","ULO   NULO","01/12/1961",0,0,NA,NA,"9032"
"4800","ULO   NULO","02/12/1961",0,0,NA,NA,"9032"
"4801","ULO   NULO","03/12/1961",0,0,NA,NA,"9032"
"4802","ULO   NULO","04/12/1961",0,0,NA,NA,"9032"
"4803","ULO   NULO","05/12/1961",0,0,NA,NA,"9032"
"4804","ULO   NULO","06/12/1961",0,0,NA,NA,"9032"
"4805","ULO   NULO","07/12/1961",0,0,NA,NA,"9032"
"4806","ULO   NULO","08/12/1961",0,0,NA,NA,"9032"
"4807","ULO   NULO","09/12/1961",0,0,NA,NA,"9032"
"4808","ULO   NULO","10/12/1961",0,0,NA,NA,"9032"
"4809","ULO   NULO","11/12/1961",0,0,NA,NA,"9032"
"4810","ULO   NULO","12/12/1961",0,0,NA,NA,"9032"
"4811","ULO   NULO","13/12/1961",0,0,NA,NA,"9032"
"4812","ULO   NULO","14/12/1961",0,0,NA,NA,"9032"
"4813","ULO   NULO","15/12/1961",0,0,NA,NA,"9032"
"4814","ULO   NULO","16/12/1961",0,0,NA,NA,"9032"
"4815","ULO   NULO","17/12/1961",0,0,NA,NA,"9032"
"4816","ULO   NULO","18/12/1961",0,0,NA,NA,"9032"
"4817","ULO   NULO","19/12/1961",0,0,NA,NA,"9032"
"4818","ULO   NULO","20/12/1961",3,0,NA,NA,"9032"
"4819","ULO   NULO","21/12/1961",0,0,NA,NA,"9032"
"4820","ULO   NULO","22/12/1961",0,0,NA,NA,"9032"
"4821","ULO   NULO","23/12/1961",0,0,NA,NA,"9032"
"4822","ULO   NULO","24/12/1961",0,0,NA,NA,"9032"
"4823","ULO   NULO","25/12/1961",0,0,NA,NA,"9032"
"4824","ULO   NULO","26/12/1961",0,0,NA,NA,"9032"
"4825","ULO   NULO","27/12/1961",0,0,NA,NA,"9032"
"4826","ULO   NULO","28/12/1961",0,0,NA,NA,"9032"
"4827","ULO   NULO","29/12/1961",0,0,NA,NA,"9032"
"4828","ULO   NULO","30/12/1961",0,0,NA,NA,"9032"
"4829","ULO   NULO","31/12/1961",0,0,NA,NA,"9032"
"4830","ULO   NULO","01/01/1962",0,0,NA,NA,"9032"
"4831","ULO   NULO","02/01/1962",0,0,NA,NA,"9032"
"4832","ULO   NULO","03/01/1962",0,0,NA,NA,"9032"
"4833","ULO   NULO","04/01/1962",0,0,NA,NA,"9032"
"4834","ULO   NULO","05/01/1962",0,0,NA,NA,"9032"
"4835","ULO   NULO","06/01/1962",0,0,NA,NA,"9032"
"4836","ULO   NULO","07/01/1962",0,0,NA,NA,"9032"
"4837","ULO   NULO","08/01/1962",0,0,NA,NA,"9032"
"4838","ULO   NULO","09/01/1962",0,0,NA,NA,"9032"
"4839","ULO   NULO","10/01/1962",0,0,NA,NA,"9032"
"4840","ULO   NULO","11/01/1962",0,0,NA,NA,"9032"
"4841","ULO   NULO","12/01/1962",0,0,NA,NA,"9032"
"4842","ULO   NULO","13/01/1962",0,0,NA,NA,"9032"
"4843","ULO   NULO","14/01/1962",0,0,NA,NA,"9032"
"4844","ULO   NULO","15/01/1962",0,0,NA,NA,"9032"
"4845","ULO   NULO","16/01/1962",0,0,NA,NA,"9032"
"4846","ULO   NULO","17/01/1962",0,0,NA,NA,"9032"
"4847","ULO   NULO","18/01/1962",0,0,NA,NA,"9032"
"4848","ULO   NULO","19/01/1962",0,0,NA,NA,"9032"
"4849","ULO   NULO","20/01/1962",0,0,NA,NA,"9032"
"4850","ULO   NULO","21/01/1962",0,0,NA,NA,"9032"
"4851","ULO   NULO","22/01/1962",0,0,NA,NA,"9032"
"4852","ULO   NULO","23/01/1962",0,0,NA,NA,"9032"
"4853","ULO   NULO","24/01/1962",0,0,NA,NA,"9032"
"4854","ULO   NULO","25/01/1962",0,0,NA,NA,"9032"
"4855","ULO   NULO","26/01/1962",0,0,NA,NA,"9032"
"4856","ULO   NULO","27/01/1962",0,0,NA,NA,"9032"
"4857","ULO   NULO","28/01/1962",0,0,NA,NA,"9032"
"4858","ULO   NULO","29/01/1962",0,0,NA,NA,"9032"
"4859","ULO   NULO","30/01/1962",0,0,NA,NA,"9032"
"4860","ULO   NULO","31/01/1962",0,0,NA,NA,"9032"
"4861","ULO   NULO","01/02/1962",0,0,NA,NA,"9032"
"4862","ULO   NULO","02/02/1962",0,0,NA,NA,"9032"
"4863","ULO   NULO","03/02/1962",0,0,NA,NA,"9032"
"4864","ULO   NULO","04/02/1962",0,0,NA,NA,"9032"
"4865","ULO   NULO","05/02/1962",0,0,NA,NA,"9032"
"4866","ULO   NULO","06/02/1962",0,0,NA,NA,"9032"
"4867","ULO   NULO","07/02/1962",0,0,NA,NA,"9032"
"4868","ULO   NULO","08/02/1962",0,0,NA,NA,"9032"
"4869","ULO   NULO","09/02/1962",0,0,NA,NA,"9032"
"4870","ULO   NULO","10/02/1962",0,0,NA,NA,"9032"
"4871","ULO   NULO","11/02/1962",0,0,NA,NA,"9032"
"4872","ULO   NULO","12/02/1962",0,0,NA,NA,"9032"
"4873","ULO   NULO","13/02/1962",0,0,NA,NA,"9032"
"4874","ULO   NULO","14/02/1962",0,0,NA,NA,"9032"
"4875","ULO   NULO","15/02/1962",0,0,NA,NA,"9032"
"4876","ULO   NULO","16/02/1962",0,0,NA,NA,"9032"
"4877","ULO   NULO","17/02/1962",0,0,NA,NA,"9032"
"4878","ULO   NULO","18/02/1962",0,0,NA,NA,"9032"
"4879","ULO   NULO","19/02/1962",0,0,NA,NA,"9032"
"4880","ULO   NULO","20/02/1962",0,0,NA,NA,"9032"
"4881","ULO   NULO","21/02/1962",0,0,NA,NA,"9032"
"4882","ULO   NULO","22/02/1962",0,0,NA,NA,"9032"
"4883","ULO   NULO","23/02/1962",0,0,NA,NA,"9032"
"4884","ULO   NULO","24/02/1962",0,0,NA,NA,"9032"
"4885","ULO   NULO","25/02/1962",0,0,NA,NA,"9032"
"4886","ULO   NULO","26/02/1962",0,0,NA,NA,"9032"
"4887","ULO   NULO","27/02/1962",0,0,NA,NA,"9032"
"4888","ULO   NULO","28/02/1962",0,0,NA,NA,"9032"
"4889","ULO   NULO","01/03/1962",0,0,NA,NA,"9032"
"4890","ULO   NULO","02/03/1962",0,0,NA,NA,"9032"
"4891","ULO   NULO","03/03/1962",0,0,NA,NA,"9032"
"4892","ULO   NULO","04/03/1962",0,0,NA,NA,"9032"
"4893","ULO   NULO","05/03/1962",0,0,NA,NA,"9032"
"4894","ULO   NULO","06/03/1962",0,0,NA,NA,"9032"
"4895","ULO   NULO","07/03/1962",0,0,NA,NA,"9032"
"4896","ULO   NULO","08/03/1962",0,0,NA,NA,"9032"
"4897","ULO   NULO","09/03/1962",0,0,NA,NA,"9032"
"4898","ULO   NULO","10/03/1962",0,0,NA,NA,"9032"
"4899","ULO   NULO","11/03/1962",0,0,NA,NA,"9032"
"4900","ULO   NULO","12/03/1962",0,0,NA,NA,"9032"
"4901","ULO   NULO","13/03/1962",0,0,NA,NA,"9032"
"4902","ULO   NULO","14/03/1962",0,0,NA,NA,"9032"
"4903","ULO   NULO","15/03/1962",0,0,NA,NA,"9032"
"4904","ULO   NULO","16/03/1962",0,0,NA,NA,"9032"
"4905","ULO   NULO","17/03/1962",0,0,NA,NA,"9032"
"4906","ULO   NULO","18/03/1962",0,0,NA,NA,"9032"
"4907","ULO   NULO","19/03/1962",0,0,NA,NA,"9032"
"4908","ULO   NULO","20/03/1962",0,0,NA,NA,"9032"
"4909","ULO   NULO","21/03/1962",0,0,NA,NA,"9032"
"4910","ULO   NULO","22/03/1962",0,0,NA,NA,"9032"
"4911","ULO   NULO","23/03/1962",0,0,NA,NA,"9032"
"4912","ULO   NULO","24/03/1962",0,0,NA,NA,"9032"
"4913","ULO   NULO","25/03/1962",0,0,NA,NA,"9032"
"4914","ULO   NULO","26/03/1962",0,0,NA,NA,"9032"
"4915","ULO   NULO","27/03/1962",0,0,NA,NA,"9032"
"4916","ULO   NULO","28/03/1962",0,0,NA,NA,"9032"
"4917","ULO   NULO","29/03/1962",0,0,NA,NA,"9032"
"4918","ULO   NULO","30/03/1962",2,0,NA,NA,"9032"
"4919","ULO   NULO","31/03/1962",0,0,NA,NA,"9032"
"4920","ULO   NULO","01/04/1962",0,0,NA,NA,"9032"
"4921","ULO   NULO","02/04/1962",0,0,NA,NA,"9032"
"4922","ULO   NULO","03/04/1962",0,0,NA,NA,"9032"
"4923","ULO   NULO","04/04/1962",0,0,NA,NA,"9032"
"4924","ULO   NULO","05/04/1962",0,0,NA,NA,"9032"
"4925","ULO   NULO","06/04/1962",0,0,NA,NA,"9032"
"4926","ULO   NULO","07/04/1962",0,0,NA,NA,"9032"
"4927","ULO   NULO","08/04/1962",0,0,NA,NA,"9032"
"4928","ULO   NULO","09/04/1962",0,0,NA,NA,"9032"
"4929","ULO   NULO","10/04/1962",0,0,NA,NA,"9032"
"4930","ULO   NULO","11/04/1962",0,0,NA,NA,"9032"
"4931","ULO   NULO","12/04/1962",21.5,0,NA,NA,"9032"
"4932","ULO   NULO","13/04/1962",25,0,NA,NA,"9032"
"4933","ULO   NULO","14/04/1962",3.5,0,NA,NA,"9032"
"4934","ULO   NULO","15/04/1962",0,0,NA,NA,"9032"
"4935","ULO   NULO","16/04/1962",7.5,0,NA,NA,"9032"
"4936","ULO   NULO","17/04/1962",12,0,NA,NA,"9032"
"4937","ULO   NULO","18/04/1962",0,0,NA,NA,"9032"
"4938","ULO   NULO","19/04/1962",0,0,NA,NA,"9032"
"4939","ULO   NULO","20/04/1962",0,0,NA,NA,"9032"
"4940","ULO   NULO","21/04/1962",0,0,NA,NA,"9032"
"4941","ULO   NULO","22/04/1962",0,0,NA,NA,"9032"
"4942","ULO   NULO","23/04/1962",5.5,0,NA,NA,"9032"
"4943","ULO   NULO","24/04/1962",0,0,NA,NA,"9032"
"4944","ULO   NULO","25/04/1962",0,0,NA,NA,"9032"
"4945","ULO   NULO","26/04/1962",0,0,NA,NA,"9032"
"4946","ULO   NULO","27/04/1962",0,0,NA,NA,"9032"
"4947","ULO   NULO","28/04/1962",0,0,NA,NA,"9032"
"4948","ULO   NULO","29/04/1962",0,0,NA,NA,"9032"
"4949","ULO   NULO","30/04/1962",0,0,NA,NA,"9032"
"4950","ULO   NULO","01/05/1962",0,0,NA,NA,"9032"
"4951","ULO   NULO","02/05/1962",6.5,0,NA,NA,"9032"
"4952","ULO   NULO","03/05/1962",3,0,NA,NA,"9032"
"4953","ULO   NULO","04/05/1962",0,0,NA,NA,"9032"
"4954","ULO   NULO","05/05/1962",0,0,NA,NA,"9032"
"4955","ULO   NULO","06/05/1962",0,0,NA,NA,"9032"
"4956","ULO   NULO","07/05/1962",0,0,NA,NA,"9032"
"4957","ULO   NULO","08/05/1962",0,0,NA,NA,"9032"
"4958","ULO   NULO","09/05/1962",0,0,NA,NA,"9032"
"4959","ULO   NULO","10/05/1962",0,0,NA,NA,"9032"
"4960","ULO   NULO","11/05/1962",0,0,NA,NA,"9032"
"4961","ULO   NULO","12/05/1962",0,0,NA,NA,"9032"
"4962","ULO   NULO","13/05/1962",0,0,NA,NA,"9032"
"4963","ULO   NULO","14/05/1962",0,0,NA,NA,"9032"
"4964","ULO   NULO","15/05/1962",0,0,NA,NA,"9032"
"4965","ULO   NULO","16/05/1962",0,0,NA,NA,"9032"
"4966","ULO   NULO","17/05/1962",1,0,NA,NA,"9032"
"4967","ULO   NULO","18/05/1962",0,0,NA,NA,"9032"
"4968","ULO   NULO","19/05/1962",0,0,NA,NA,"9032"
"4969","ULO   NULO","20/05/1962",0,0,NA,NA,"9032"
"4970","ULO   NULO","21/05/1962",0,0,NA,NA,"9032"
"4971","ULO   NULO","22/05/1962",1.5,0,NA,NA,"9032"
"4972","ULO   NULO","23/05/1962",0,0,NA,NA,"9032"
"4973","ULO   NULO","24/05/1962",0,0,NA,NA,"9032"
"4974","ULO   NULO","25/05/1962",5,0,NA,NA,"9032"
"4975","ULO   NULO","26/05/1962",0,0,NA,NA,"9032"
"4976","ULO   NULO","27/05/1962",0,0,NA,NA,"9032"
"4977","ULO   NULO","28/05/1962",0,0,NA,NA,"9032"
"4978","ULO   NULO","29/05/1962",5.5,0,NA,NA,"9032"
"4979","ULO   NULO","30/05/1962",1.5,0,NA,NA,"9032"
"4980","ULO   NULO","31/05/1962",0,0,NA,NA,"9032"
"4981","ULO   NULO","01/06/1962",7.5,0,NA,NA,"9032"
"4982","ULO   NULO","02/06/1962",0,0,NA,NA,"9032"
"4983","ULO   NULO","03/06/1962",0,0,NA,NA,"9032"
"4984","ULO   NULO","04/06/1962",0,0,NA,NA,"9032"
"4985","ULO   NULO","05/06/1962",0,0,NA,NA,"9032"
"4986","ULO   NULO","06/06/1962",0,0,NA,NA,"9032"
"4987","ULO   NULO","07/06/1962",0,0,NA,NA,"9032"
"4988","ULO   NULO","08/06/1962",0,0,NA,NA,"9032"
"4989","ULO   NULO","09/06/1962",13,0,NA,NA,"9032"
"4990","ULO   NULO","10/06/1962",0,0,NA,NA,"9032"
"4991","ULO   NULO","11/06/1962",0,0,NA,NA,"9032"
"4992","ULO   NULO","12/06/1962",0,0,NA,NA,"9032"
"4993","ULO   NULO","13/06/1962",0,0,NA,NA,"9032"
"4994","ULO   NULO","14/06/1962",0,0,NA,NA,"9032"
"4995","ULO   NULO","15/06/1962",0,0,NA,NA,"9032"
"4996","ULO   NULO","16/06/1962",0,0,NA,NA,"9032"
"4997","ULO   NULO","17/06/1962",8,0,NA,NA,"9032"
"4998","ULO   NULO","18/06/1962",0,0,NA,NA,"9032"
"4999","ULO   NULO","19/06/1962",21,0,NA,NA,"9032"
"5000","ULO   NULO","20/06/1962",5.5,0,NA,NA,"9032"
"5001","ULO   NULO","21/06/1962",0,0,NA,NA,"9032"
"5002","ULO   NULO","22/06/1962",0,0,NA,NA,"9032"
"5003","ULO   NULO","23/06/1962",4.5,0,NA,NA,"9032"
"5004","ULO   NULO","24/06/1962",11.5,0,NA,NA,"9032"
"5005","ULO   NULO","25/06/1962",4.5,0,NA,NA,"9032"
"5006","ULO   NULO","26/06/1962",4.5,0,NA,NA,"9032"
"5007","ULO   NULO","27/06/1962",0,0,NA,NA,"9032"
"5008","ULO   NULO","28/06/1962",0,0,NA,NA,"9032"
"5009","ULO   NULO","29/06/1962",0,0,NA,NA,"9032"
"5010","ULO   NULO","30/06/1962",1.5,0,NA,NA,"9032"
"5011","ULO   NULO","01/07/1962",8,0,NA,NA,"9032"
"5012","ULO   NULO","02/07/1962",2.5,0,NA,NA,"9032"
"5013","ULO   NULO","03/07/1962",0,0,NA,NA,"9032"
"5014","ULO   NULO","04/07/1962",1.5,0,NA,NA,"9032"
"5015","ULO   NULO","05/07/1962",0,0,NA,NA,"9032"
"5016","ULO   NULO","06/07/1962",0,0,NA,NA,"9032"
"5017","ULO   NULO","07/07/1962",1,0,NA,NA,"9032"
"5018","ULO   NULO","08/07/1962",3,0,NA,NA,"9032"
"5019","ULO   NULO","09/07/1962",0,0,NA,NA,"9032"
"5020","ULO   NULO","10/07/1962",0,0,NA,NA,"9032"
"5021","ULO   NULO","11/07/1962",1.5,0,NA,NA,"9032"
"5022","ULO   NULO","12/07/1962",0,0,NA,NA,"9032"
"5023","ULO   NULO","13/07/1962",0,0,NA,NA,"9032"
"5024","ULO   NULO","14/07/1962",0,0,NA,NA,"9032"
"5025","ULO   NULO","15/07/1962",1,0,NA,NA,"9032"
"5026","ULO   NULO","16/07/1962",10.5,0,NA,NA,"9032"
"5027","ULO   NULO","17/07/1962",0,0,NA,NA,"9032"
"5028","ULO   NULO","18/07/1962",1.5,0,NA,NA,"9032"
"5029","ULO   NULO","19/07/1962",0,0,NA,NA,"9032"
"5030","ULO   NULO","20/07/1962",5.5,0,NA,NA,"9032"
"5031","ULO   NULO","21/07/1962",31.5,0,NA,NA,"9032"
"5032","ULO   NULO","22/07/1962",0,0,NA,NA,"9032"
"5033","ULO   NULO","23/07/1962",3.5,0,NA,NA,"9032"
"5034","ULO   NULO","24/07/1962",2,0,NA,NA,"9032"
"5035","ULO   NULO","25/07/1962",0,0,NA,NA,"9032"
"5036","ULO   NULO","26/07/1962",0,0,NA,NA,"9032"
"5037","ULO   NULO","27/07/1962",0,0,NA,NA,"9032"
"5038","ULO   NULO","28/07/1962",0,0,NA,NA,"9032"
"5039","ULO   NULO","29/07/1962",7,0,NA,NA,"9032"
"5040","ULO   NULO","30/07/1962",0,0,NA,NA,"9032"
"5041","ULO   NULO","31/07/1962",0,0,NA,NA,"9032"
"5042","ULO   NULO","01/08/1962",3.5,0,NA,NA,"9032"
"5043","ULO   NULO","02/08/1962",0,0,NA,NA,"9032"
"5044","ULO   NULO","03/08/1962",0,0,NA,NA,"9032"
"5045","ULO   NULO","04/08/1962",1.5,0,NA,NA,"9032"
"5046","ULO   NULO","05/08/1962",1,0,NA,NA,"9032"
"5047","ULO   NULO","06/08/1962",0,0,NA,NA,"9032"
"5048","ULO   NULO","07/08/1962",4.5,0,NA,NA,"9032"
"5049","ULO   NULO","08/08/1962",0,0,NA,NA,"9032"
"5050","ULO   NULO","09/08/1962",0,0,NA,NA,"9032"
"5051","ULO   NULO","10/08/1962",2,0,NA,NA,"9032"
"5052","ULO   NULO","11/08/1962",3.5,0,NA,NA,"9032"
"5053","ULO   NULO","12/08/1962",8.5,0,NA,NA,"9032"
"5054","ULO   NULO","13/08/1962",2.5,0,NA,NA,"9032"
"5055","ULO   NULO","14/08/1962",0,0,NA,NA,"9032"
"5056","ULO   NULO","15/08/1962",1.5,0,NA,NA,"9032"
"5057","ULO   NULO","16/08/1962",1,0,NA,NA,"9032"
"5058","ULO   NULO","17/08/1962",0,0,NA,NA,"9032"
"5059","ULO   NULO","18/08/1962",0,0,NA,NA,"9032"
"5060","ULO   NULO","19/08/1962",0,0,NA,NA,"9032"
"5061","ULO   NULO","20/08/1962",0,0,NA,NA,"9032"
"5062","ULO   NULO","21/08/1962",2.5,0,NA,NA,"9032"
"5063","ULO   NULO","22/08/1962",34.5,0,NA,NA,"9032"
"5064","ULO   NULO","23/08/1962",16.5,0,NA,NA,"9032"
"5065","ULO   NULO","24/08/1962",0,0,NA,NA,"9032"
"5066","ULO   NULO","25/08/1962",0,0,NA,NA,"9032"
"5067","ULO   NULO","26/08/1962",1,0,NA,NA,"9032"
"5068","ULO   NULO","27/08/1962",5,0,NA,NA,"9032"
"5069","ULO   NULO","28/08/1962",1.5,0,NA,NA,"9032"
"5070","ULO   NULO","29/08/1962",1.5,0,NA,NA,"9032"
"5071","ULO   NULO","30/08/1962",4.5,0,NA,NA,"9032"
"5072","ULO   NULO","31/08/1962",3.5,0,NA,NA,"9032"
"5073","ULO   NULO","01/09/1962",22,0,NA,NA,"9032"
"5074","ULO   NULO","02/09/1962",23.5,0,NA,NA,"9032"
"5075","ULO   NULO","03/09/1962",2,0,NA,NA,"9032"
"5076","ULO   NULO","04/09/1962",0,0,NA,NA,"9032"
"5077","ULO   NULO","05/09/1962",8,0,NA,NA,"9032"
"5078","ULO   NULO","06/09/1962",7.5,0,NA,NA,"9032"
"5079","ULO   NULO","07/09/1962",0,0,NA,NA,"9032"
"5080","ULO   NULO","08/09/1962",0,0,NA,NA,"9032"
"5081","ULO   NULO","09/09/1962",1.5,0,NA,NA,"9032"
"5082","ULO   NULO","10/09/1962",2.5,0,NA,NA,"9032"
"5083","ULO   NULO","11/09/1962",0,0,NA,NA,"9032"
"5084","ULO   NULO","12/09/1962",2.5,0,NA,NA,"9032"
"5085","ULO   NULO","13/09/1962",1.5,0,NA,NA,"9032"
"5086","ULO   NULO","14/09/1962",5.5,0,NA,NA,"9032"
"5087","ULO   NULO","15/09/1962",9.5,0,NA,NA,"9032"
"5088","ULO   NULO","16/09/1962",2.5,0,NA,NA,"9032"
"5089","ULO   NULO","17/09/1962",1.5,0,NA,NA,"9032"
"5090","ULO   NULO","18/09/1962",20.5,0,NA,NA,"9032"
"5091","ULO   NULO","19/09/1962",26.5,0,NA,NA,"9032"
"5092","ULO   NULO","20/09/1962",5.5,0,NA,NA,"9032"
"5093","ULO   NULO","21/09/1962",6.5,0,NA,NA,"9032"
"5094","ULO   NULO","22/09/1962",1.5,0,NA,NA,"9032"
"5095","ULO   NULO","23/09/1962",6,0,NA,NA,"9032"
"5096","ULO   NULO","24/09/1962",8,0,NA,NA,"9032"
"5097","ULO   NULO","25/09/1962",0,0,NA,NA,"9032"
"5098","ULO   NULO","26/09/1962",0,0,NA,NA,"9032"
"5099","ULO   NULO","27/09/1962",0,0,NA,NA,"9032"
"5100","ULO   NULO","28/09/1962",0,0,NA,NA,"9032"
"5101","ULO   NULO","29/09/1962",0,0,NA,NA,"9032"
"5102","ULO   NULO","30/09/1962",0,0,NA,NA,"9032"
"5103","ULO   NULO","01/10/1962",18,0,NA,NA,"9032"
"5104","ULO   NULO","02/10/1962",0,0,NA,NA,"9032"
"5105","ULO   NULO","03/10/1962",0,0,NA,NA,"9032"
"5106","ULO   NULO","04/10/1962",0,0,NA,NA,"9032"
"5107","ULO   NULO","05/10/1962",0,0,NA,NA,"9032"
"5108","ULO   NULO","06/10/1962",0,0,NA,NA,"9032"
"5109","ULO   NULO","07/10/1962",0,0,NA,NA,"9032"
"5110","ULO   NULO","08/10/1962",0,0,NA,NA,"9032"
"5111","ULO   NULO","09/10/1962",0,0,NA,NA,"9032"
"5112","ULO   NULO","10/10/1962",0,0,NA,NA,"9032"
"5113","ULO   NULO","11/10/1962",0,0,NA,NA,"9032"
"5114","ULO   NULO","12/10/1962",0,0,NA,NA,"9032"
"5115","ULO   NULO","13/10/1962",4.5,0,NA,NA,"9032"
"5116","ULO   NULO","14/10/1962",6.5,0,NA,NA,"9032"
"5117","ULO   NULO","15/10/1962",19.5,0,NA,NA,"9032"
"5118","ULO   NULO","16/10/1962",1.5,0,NA,NA,"9032"
"5119","ULO   NULO","17/10/1962",0,0,NA,NA,"9032"
"5120","ULO   NULO","18/10/1962",0,0,NA,NA,"9032"
"5121","ULO   NULO","19/10/1962",0,0,NA,NA,"9032"
"5122","ULO   NULO","20/10/1962",0,0,NA,NA,"9032"
"5123","ULO   NULO","21/10/1962",0,0,NA,NA,"9032"
"5124","ULO   NULO","22/10/1962",12.5,0,NA,NA,"9032"
"5125","ULO   NULO","23/10/1962",0,0,NA,NA,"9032"
"5126","ULO   NULO","24/10/1962",0,0,NA,NA,"9032"
"5127","ULO   NULO","25/10/1962",0,0,NA,NA,"9032"
"5128","ULO   NULO","26/10/1962",0,0,NA,NA,"9032"
"5129","ULO   NULO","27/10/1962",0,0,NA,NA,"9032"
"5130","ULO   NULO","28/10/1962",0,0,NA,NA,"9032"
"5131","ULO   NULO","29/10/1962",0,0,NA,NA,"9032"
"5132","ULO   NULO","30/10/1962",0,0,NA,NA,"9032"
"5133","ULO   NULO","31/10/1962",0,0,NA,NA,"9032"
"5134","ULO   NULO","01/11/1962",0,0,NA,NA,"9032"
"5135","ULO   NULO","02/11/1962",0,0,NA,NA,"9032"
"5136","ULO   NULO","03/11/1962",0,0,NA,NA,"9032"
"5137","ULO   NULO","04/11/1962",0,0,NA,NA,"9032"
"5138","ULO   NULO","05/11/1962",0,0,NA,NA,"9032"
"5139","ULO   NULO","06/11/1962",0,0,NA,NA,"9032"
"5140","ULO   NULO","07/11/1962",0,0,NA,NA,"9032"
"5141","ULO   NULO","08/11/1962",0,0,NA,NA,"9032"
"5142","ULO   NULO","09/11/1962",0,0,NA,NA,"9032"
"5143","ULO   NULO","10/11/1962",0,0,NA,NA,"9032"
"5144","ULO   NULO","11/11/1962",0,0,NA,NA,"9032"
"5145","ULO   NULO","12/11/1962",0,0,NA,NA,"9032"
"5146","ULO   NULO","13/11/1962",0,0,NA,NA,"9032"
"5147","ULO   NULO","14/11/1962",0,0,NA,NA,"9032"
"5148","ULO   NULO","15/11/1962",0,0,NA,NA,"9032"
"5149","ULO   NULO","16/11/1962",0,0,NA,NA,"9032"
"5150","ULO   NULO","17/11/1962",0,0,NA,NA,"9032"
"5151","ULO   NULO","18/11/1962",0,0,NA,NA,"9032"
"5152","ULO   NULO","19/11/1962",0,0,NA,NA,"9032"
"5153","ULO   NULO","20/11/1962",0,0,NA,NA,"9032"
"5154","ULO   NULO","21/11/1962",0,0,NA,NA,"9032"
"5155","ULO   NULO","22/11/1962",0,0,NA,NA,"9032"
"5156","ULO   NULO","23/11/1962",0,0,NA,NA,"9032"
"5157","ULO   NULO","24/11/1962",0,0,NA,NA,"9032"
"5158","ULO   NULO","25/11/1962",0,0,NA,NA,"9032"
"5159","ULO   NULO","26/11/1962",0,0,NA,NA,"9032"
"5160","ULO   NULO","27/11/1962",0,0,NA,NA,"9032"
"5161","ULO   NULO","28/11/1962",0,0,NA,NA,"9032"
"5162","ULO   NULO","29/11/1962",0,0,NA,NA,"9032"
"5163","ULO   NULO","30/11/1962",0,0,NA,NA,"9032"
"5164","ULO   NULO","01/12/1962",0,0,NA,NA,"9032"
"5165","ULO   NULO","02/12/1962",0,0,NA,NA,"9032"
"5166","ULO   NULO","03/12/1962",0,0,NA,NA,"9032"
"5167","ULO   NULO","04/12/1962",0,0,NA,NA,"9032"
"5168","ULO   NULO","05/12/1962",0,0,NA,NA,"9032"
"5169","ULO   NULO","06/12/1962",0,0,NA,NA,"9032"
"5170","ULO   NULO","07/12/1962",0,0,NA,NA,"9032"
"5171","ULO   NULO","08/12/1962",0,0,NA,NA,"9032"
"5172","ULO   NULO","09/12/1962",6,0,NA,NA,"9032"
"5173","ULO   NULO","10/12/1962",0,0,NA,NA,"9032"
"5174","ULO   NULO","11/12/1962",0,0,NA,NA,"9032"
"5175","ULO   NULO","12/12/1962",0,0,NA,NA,"9032"
"5176","ULO   NULO","13/12/1962",0,0,NA,NA,"9032"
"5177","ULO   NULO","14/12/1962",0,0,NA,NA,"9032"
"5178","ULO   NULO","15/12/1962",0,0,NA,NA,"9032"
"5179","ULO   NULO","16/12/1962",0,0,NA,NA,"9032"
"5180","ULO   NULO","17/12/1962",0,0,NA,NA,"9032"
"5181","ULO   NULO","18/12/1962",0,0,NA,NA,"9032"
"5182","ULO   NULO","19/12/1962",0,0,NA,NA,"9032"
"5183","ULO   NULO","20/12/1962",0,0,NA,NA,"9032"
"5184","ULO   NULO","21/12/1962",0,0,NA,NA,"9032"
"5185","ULO   NULO","22/12/1962",0,0,NA,NA,"9032"
"5186","ULO   NULO","23/12/1962",2.5,0,NA,NA,"9032"
"5187","ULO   NULO","24/12/1962",0,0,NA,NA,"9032"
"5188","ULO   NULO","25/12/1962",0,0,NA,NA,"9032"
"5189","ULO   NULO","26/12/1962",0,0,NA,NA,"9032"
"5190","ULO   NULO","27/12/1962",0,0,NA,NA,"9032"
"5191","ULO   NULO","28/12/1962",0,0,NA,NA,"9032"
"5192","ULO   NULO","29/12/1962",0,0,NA,NA,"9032"
"5193","ULO   NULO","30/12/1962",0,0,NA,NA,"9032"
"5194","ULO   NULO","31/12/1962",0,0,NA,NA,"9032"
"5195","ULO   NULO","01/01/1963",0,0,NA,NA,"9032"
"5196","ULO   NULO","02/01/1963",0,0,NA,NA,"9032"
"5197","ULO   NULO","03/01/1963",0,0,NA,NA,"9032"
"5198","ULO   NULO","04/01/1963",0,0,NA,NA,"9032"
"5199","ULO   NULO","05/01/1963",0,0,NA,NA,"9032"
"5200","ULO   NULO","06/01/1963",0,0,NA,NA,"9032"
"5201","ULO   NULO","07/01/1963",0,0,NA,NA,"9032"
"5202","ULO   NULO","08/01/1963",0,0,NA,NA,"9032"
"5203","ULO   NULO","09/01/1963",0,0,NA,NA,"9032"
"5204","ULO   NULO","10/01/1963",0,0,NA,NA,"9032"
"5205","ULO   NULO","11/01/1963",0,0,NA,NA,"9032"
"5206","ULO   NULO","12/01/1963",0,0,NA,NA,"9032"
"5207","ULO   NULO","13/01/1963",0,0,NA,NA,"9032"
"5208","ULO   NULO","14/01/1963",0,0,NA,NA,"9032"
"5209","ULO   NULO","15/01/1963",0,0,NA,NA,"9032"
"5210","ULO   NULO","16/01/1963",0,0,NA,NA,"9032"
"5211","ULO   NULO","17/01/1963",0,0,NA,NA,"9032"
"5212","ULO   NULO","18/01/1963",0,0,NA,NA,"9032"
"5213","ULO   NULO","19/01/1963",0,0,NA,NA,"9032"
"5214","ULO   NULO","20/01/1963",0,0,NA,NA,"9032"
"5215","ULO   NULO","21/01/1963",0,0,NA,NA,"9032"
"5216","ULO   NULO","22/01/1963",0,0,NA,NA,"9032"
"5217","ULO   NULO","23/01/1963",0,0,NA,NA,"9032"
"5218","ULO   NULO","24/01/1963",0,0,NA,NA,"9032"
"5219","ULO   NULO","25/01/1963",0,0,NA,NA,"9032"
"5220","ULO   NULO","26/01/1963",0,0,NA,NA,"9032"
"5221","ULO   NULO","27/01/1963",0,0,NA,NA,"9032"
"5222","ULO   NULO","28/01/1963",0,0,NA,NA,"9032"
"5223","ULO   NULO","29/01/1963",0,0,NA,NA,"9032"
"5224","ULO   NULO","30/01/1963",0,0,NA,NA,"9032"
"5225","ULO   NULO","31/01/1963",0,0,NA,NA,"9032"
"5226","ULO   NULO","01/02/1963",0,0,NA,NA,"9032"
"5227","ULO   NULO","02/02/1963",0,0,NA,NA,"9032"
"5228","ULO   NULO","03/02/1963",0,0,NA,NA,"9032"
"5229","ULO   NULO","04/02/1963",0,0,NA,NA,"9032"
"5230","ULO   NULO","05/02/1963",0,0,NA,NA,"9032"
"5231","ULO   NULO","06/02/1963",0,0,NA,NA,"9032"
"5232","ULO   NULO","07/02/1963",0,0,NA,NA,"9032"
"5233","ULO   NULO","08/02/1963",0,0,NA,NA,"9032"
"5234","ULO   NULO","09/02/1963",0,0,NA,NA,"9032"
"5235","ULO   NULO","10/02/1963",0,0,NA,NA,"9032"
"5236","ULO   NULO","11/02/1963",0,0,NA,NA,"9032"
"5237","ULO   NULO","12/02/1963",0,0,NA,NA,"9032"
"5238","ULO   NULO","13/02/1963",0,0,NA,NA,"9032"
"5239","ULO   NULO","14/02/1963",0,0,NA,NA,"9032"
"5240","ULO   NULO","15/02/1963",0,0,NA,NA,"9032"
"5241","ULO   NULO","16/02/1963",0,0,NA,NA,"9032"
"5242","ULO   NULO","17/02/1963",0,0,NA,NA,"9032"
"5243","ULO   NULO","18/02/1963",0,0,NA,NA,"9032"
"5244","ULO   NULO","19/02/1963",0,0,NA,NA,"9032"
"5245","ULO   NULO","20/02/1963",0,0,NA,NA,"9032"
"5246","ULO   NULO","21/02/1963",0,0,NA,NA,"9032"
"5247","ULO   NULO","22/02/1963",0,0,NA,NA,"9032"
"5248","ULO   NULO","23/02/1963",0,0,NA,NA,"9032"
"5249","ULO   NULO","24/02/1963",0,0,NA,NA,"9032"
"5250","ULO   NULO","25/02/1963",0,0,NA,NA,"9032"
"5251","ULO   NULO","26/02/1963",0,0,NA,NA,"9032"
"5252","ULO   NULO","27/02/1963",0,0,NA,NA,"9032"
"5253","ULO   NULO","28/02/1963",0,0,NA,NA,"9032"
"5254","   9.9 ","01/03/1963",0,11.8,21.6,9.9,"9032"
"5255","   7.5 ","02/03/1963",0,7.7,23.5,7.5,"9032"
"5256","   8.9 ","03/03/1963",0,7.9,24.1,8.9,"9032"
"5257","   10.4 ","04/03/1963",0,6.9,25.1,10.4,"9032"
"5258","   10.9 ","05/03/1963",0,7.1,24.6,10.9,"9032"
"5259","   10.4 ","06/03/1963",0,8.4,22.1,10.4,"9032"
"5260","   10.4 ","07/03/1963",0,5.3,23.6,10.4,"9032"
"5261","   10.9 ","08/03/1963",0,6.1,23.6,10.9,"9032"
"5262","   10.4 ","09/03/1963",0,7.8,24.6,10.4,"9032"
"5263","   12.4 ","10/03/1963",0,8.6,24.6,12.4,"9032"
"5264","   12.4 ","11/03/1963",0,12,23.6,12.4,"9032"
"5265","   9.4 ","12/03/1963",0,8.1,26.1,9.4,"9032"
"5266","   9.4 ","13/03/1963",0,8.7,27.2,9.4,"9032"
"5267","   10.4 ","14/03/1963",0,8.7,26.1,10.4,"9032"
"5268","   10.4 ","15/03/1963",0,7.1,26.6,10.4,"9032"
"5269","   10.4 ","16/03/1963",0,8.2,25.1,10.4,"9032"
"5270","   11.9 ","17/03/1963",0,7.9,26.1,11.9,"9032"
"5271","   11.4 ","18/03/1963",0,8.9,26.6,11.4,"9032"
"5272","   11.4 ","19/03/1963",0.5,5.9,26.6,11.4,"9032"
"5273","   11.4 ","20/03/1963",0,1.6,21.6,11.4,"9032"
"5274","   9.4 ","21/03/1963",24,4.6,19.5,9.4,"9032"
"5275","    6.5 ","22/03/1963",0,3.6,19,6.5,"9032"
"5276","    6.6 ","23/03/1963",0.5,4.9,22,6.6,"9032"
"5277","   6.6 ","24/03/1963",0,6.9,23.1,6.6,"9032"
"5278","   8.4 ","25/03/1963",0,9.7,24.6,8.4,"9032"
"5279","   8.9 ","26/03/1963",0,10,23.6,8.9,"9032"
"5280","   7.4 ","27/03/1963",0,5.2,22.6,7.4,"9032"
"5281","   9.9 ","28/03/1963",0,5.8,22.6,9.9,"9032"
"5282","   8.4 ","29/03/1963",0,7.5,23.6,8.4,"9032"
"5283","   8.9 ","30/03/1963",0,6.9,23.1,8.9,"9032"
"5284","   8.4 ","31/03/1963",0.6,5.9,23.1,8.4,"9032"
"5285","   8.9 ","01/04/1963",0,7.6,25.6,8.9,"9032"
"5286","   8.9 ","02/04/1963",0,8.3,25.1,8.9,"9032"
"5287","   9.9 ","03/04/1963",0,8.3,26.1,9.9,"9032"
"5288","   7.9 ","04/04/1963",0,7.2,23.6,7.9,"9032"
"5289","   9.4 ","05/04/1963",0,6.4,24.1,9.4,"9032"
"5290","   11.9 ","06/04/1963",0,8.1,23.1,11.9,"9032"
"5291","   11.4 ","07/04/1963",0,6.4,23.6,11.4,"9032"
"5292","   10.4 ","08/04/1963",0,9.4,27.2,10.4,"9032"
"5293","   10.9 ","09/04/1963",0,7.4,25.1,10.9,"9032"
"5294","   11.4 ","10/04/1963",0,11.4,26.7,11.4,"9032"
"5295","   11.8 ","11/04/1963",0,11,27.7,11.8,"9032"
"5296","   12.8 ","12/04/1963",0,9.5,27.7,12.8,"9032"
"5297","   11.8 ","13/04/1963",0,7.3,24.6,11.8,"9032"
"5298","   9.9 ","14/04/1963",0,6.7,22.6,9.9,"9032"
"5299","   8.5 ","15/04/1963",0,7.6,24.1,8.5,"9032"
"5300","   9.9 ","16/04/1963",0,6.6,24.7,9.9,"9032"
"5301","   11.3 ","17/04/1963",0,1.5,26.2,11.3,"9032"
"5302","   11.8 ","18/04/1963",0,8.2,26.7,11.8,"9032"
"5303","    14.8 ","19/04/1963",0,7.2,27,14.8,"9032"
"5304","   12.8 ","20/04/1963",0,7.9,27.7,12.8,"9032"
"5305","   13.1 ","21/04/1963",0,8.1,28.2,13.1,"9032"
"5306","   13.8 ","22/04/1963",0,8.2,28.2,13.8,"9032"
"5307","   13.8 ","23/04/1963",7.3,9,28.2,13.8,"9032"
"5308","   12.3 ","24/04/1963",13,7.4,27.6,12.3,"9032"
"5309","   11.4 ","25/04/1963",0,6.9,28.1,11.4,"9032"
"5310","   11.4 ","26/04/1963",0,9.3,28.2,11.4,"9032"
"5311","   13.3 ","27/04/1963",0.2,7.7,28.4,13.3,"9032"
"5312","   13.6 ","28/04/1963",0,7.5,27.2,13.6,"9032"
"5313","   13.8 ","29/04/1963",0,7.1,27.4,13.8,"9032"
"5314","   12.4 ","30/04/1963",3,6.5,26.6,12.4,"9032"
"5315","   10.9 ","01/05/1963",0,4.4,22.7,10.9,"9032"
"5316","   12.8 ","02/05/1963",0,5.4,23.2,12.8,"9032"
"5317","   12.8 ","03/05/1963",12.4,6.1,24.7,12.8,"9032"
"5318","   11.1 ","04/05/1963",1.2,6.6,25.7,11.1,"9032"
"5319","   11.8 ","05/05/1963",1.5,5.7,25.7,11.8,"9032"
"5320","   12 ","06/05/1963",0,4.6,23.6,12,"9032"
"5321","   9.6 ","07/05/1963",14.5,3.5,19.6,9.6,"9032"
"5322","   9.9 ","08/05/1963",21,3.8,18.1,9.9,"9032"
"5323","   9.9 ","09/05/1963",0,1.6,17.1,9.9,"9032"
"5324","   10.4 ","10/05/1963",0.9,3.7,22.1,10.4,"9032"
"5325","   10.9 ","11/05/1963",1.4,4.3,23.1,10.9,"9032"
"5326","   10.4 ","12/05/1963",0,3.6,21.2,10.4,"9032"
"5327","   10.8 ","13/05/1963",4.9,4.9,24.6,10.8,"9032"
"5328","   11.4 ","14/05/1963",0,4.8,21.6,11.4,"9032"
"5329","   8.9 ","15/05/1963",0,6.8,22.3,8.9,"9032"
"5330","   11.5 ","16/05/1963",3.3,5.7,24.7,11.5,"9032"
"5331","   10.8 ","17/05/1963",0,7.6,24.8,10.8,"9032"
"5332","   9.1 ","18/05/1963",0,6.3,23.8,9.1,"9032"
"5333","   11.4 ","19/05/1963",3.4,3.1,21.6,11.4,"9032"
"5334","   8.9 ","20/05/1963",0,5.6,22.6,8.9,"9032"
"5335","   10.4 ","21/05/1963",0,5.7,23.1,10.4,"9032"
"5336","   11.4 ","22/05/1963",0,5.9,23.6,11.4,"9032"
"5337","   10.4 ","23/05/1963",0,4.4,22.6,10.4,"9032"
"5338","   11.7 ","24/05/1963",0,7.6,24.6,11.7,"9032"
"5339","   10.9 ","25/05/1963",0,2.1,25.2,10.9,"9032"
"5340","   12.4 ","26/05/1963",0,7,25.7,12.4,"9032"
"5341","   11.8 ","27/05/1963",0,8.8,26.7,11.8,"9032"
"5342","   13.3 ","28/05/1963",0,6.9,28.2,13.3,"9032"
"5343","   11.6 ","29/05/1963",0,8.3,25.5,11.6,"9032"
"5344","   10.8 ","30/05/1963",0,8.1,27.5,10.8,"9032"
"5345","   11.1 ","31/05/1963",0,7.4,25.9,11.1,"9032"
"5346","   12.8 ","01/06/1963",0,7.4,26.7,12.8,"9032"
"5347","   11.8 ","02/06/1963",0,6.4,25.7,11.8,"9032"
"5348","   12.8 ","03/06/1963",3.2,5.9,25.5,12.8,"9032"
"5349","   12.8 ","04/06/1963",0,6.2,25.7,12.8,"9032"
"5350","   13.6 ","05/06/1963",0,7.3,26.9,13.6,"9032"
"5351","   13.8 ","06/06/1963",2.9,8.4,27.2,13.8,"9032"
"5352","   12.8 ","07/06/1963",0,6.4,26.7,12.8,"9032"
"5353","   13.8 ","08/06/1963",0,5.9,25.7,13.8,"9032"
"5354","   14.8 ","09/06/1963",3,5.3,24.9,14.8,"9032"
"5355","   13.8 ","10/06/1963",2.1,5.7,25.2,13.8,"9032"
"5356","   13.6 ","11/06/1963",0,5.7,25.7,13.6,"9032"
"5357","   14.1 ","12/06/1963",3.3,3.6,25.2,14.1,"9032"
"5358","   12.8 ","13/06/1963",10.5,5,22.1,12.8,"9032"
"5359","   12.4 ","14/06/1963",0.4,1.1,23.7,12.4,"9032"
"5360","   12.8 ","15/06/1963",0,4.1,23.7,12.8,"9032"
"5361","   12.8 ","16/06/1963",0.5,5.4,24.9,12.8,"9032"
"5362","   12.8 ","17/06/1963",11.5,4.5,22.8,12.8,"9032"
"5363","   11.4 ","18/06/1963",3.5,1.8,22.9,11.4,"9032"
"5364","   11.8 ","19/06/1963",11,4.5,20.6,11.8,"9032"
"5365","   11.4 ","20/06/1963",0.5,4.6,22.2,11.4,"9032"
"5366","   11.3 ","21/06/1963",3.5,6.3,23.1,11.3,"9032"
"5367","   11.4 ","22/06/1963",0,4.8,22.7,11.4,"9032"
"5368","   13.8 ","23/06/1963",4.4,5.7,23.2,13.8,"9032"
"5369","   11.8 ","24/06/1963",20,4.5,18.6,11.8,"9032"
"5370","   11.9 ","25/06/1963",0,3.3,21.6,11.9,"9032"
"5371","   10.9 ","26/06/1963",0,3.6,21.1,10.9,"9032"
"5372","   11.4 ","27/06/1963",0,1,17.6,11.4,"9032"
"5373","   12.4 ","28/06/1963",5.3,3.9,22.1,12.4,"9032"
"5374","   11.2 ","29/06/1963",0.3,1.9,18.6,11.2,"9032"
"5375","   11.4 ","30/06/1963",17.4,1.7,18.6,11.4,"9032"
"5376","   11.4 ","01/07/1963",14,2.5,19.6,11.4,"9032"
"5377","   11.7 ","02/07/1963",12.3,1.1,15.6,11.7,"9032"
"5378","   11.9 ","03/07/1963",0,1.8,19.2,11.9,"9032"
"5379","   10 ","04/07/1963",1.5,3.6,21.6,10,"9032"
"5380","   10.4 ","05/07/1963",6,3.5,21.1,10.4,"9032"
"5381","   9 ","06/07/1963",3,3.7,21.6,9,"9032"
"5382","   9.4 ","07/07/1963",10.5,3.3,20.5,9.4,"9032"
"5383","   11.8 ","08/07/1963",16,3.6,19.6,11.8,"9032"
"5384","   11.9 ","09/07/1963",7.3,2,19.6,11.9,"9032"
"5385","   11.9 ","10/07/1963",0,4.2,22.6,11.9,"9032"
"5386","   10.4 ","11/07/1963",0,5.5,23.2,10.4,"9032"
"5387","   11.3 ","12/07/1963",6.7,3.6,20.7,11.3,"9032"
"5388","   12.1 ","13/07/1963",0,3.6,21.6,12.1,"9032"
"5389","   9.7 ","14/07/1963",0,4.5,22.7,9.7,"9032"
"5390","   10.8 ","15/07/1963",0,6.2,23.7,10.8,"9032"
"5391","   11.8 ","16/07/1963",1,2.9,20.7,11.8,"9032"
"5392","   9.8 ","17/07/1963",18.3,6.5,21.3,9.8,"9032"
"5393","   11.4 ","18/07/1963",0,3.2,20.1,11.4,"9032"
"5394","   10.9 ","19/07/1963",4.6,3.7,20.6,10.9,"9032"
"5395","   11.4 ","20/07/1963",0,2.4,19.6,11.4,"9032"
"5396","   11.6 ","21/07/1963",1,0.2,18.6,11.6,"9032"
"5397","   12.4 ","22/07/1963",17.5,4.1,20.4,12.4,"9032"
"5398","   11.7 ","23/07/1963",52.8,7.9,21.4,11.7,"9032"
"5399","   11.9 ","24/07/1963",0,4.4,21.2,11.9,"9032"
"5400","   12 ","25/07/1963",4.6,3.6,21.6,12,"9032"
"5401","   12.2 ","26/07/1963",10.8,3.5,20.6,12.2,"9032"
"5402","   11.4 ","27/07/1963",9.5,3.5,20.6,11.4,"9032"
"5403","   10.9 ","28/07/1963",0.6,1.5,17.1,10.9,"9032"
"5404","   9.8 ","29/07/1963",28.4,6.3,21.1,9.8,"9032"
"5405","   10.4 ","30/07/1963",17.5,5.5,20.6,10.4,"9032"
"5406","   9.9 ","31/07/1963",0,4.1,20.9,9.9,"9032"
"5407","   9.5 ","01/08/1963",9.5,4.2,21.1,9.5,"9032"
"5408","   10.9 ","02/08/1963",3.3,2.6,22.1,10.9,"9032"
"5409","   10.6 ","03/08/1963",0.6,4.4,20.6,10.6,"9032"
"5410","   11.9 ","04/08/1963",0.8,3.8,21.1,11.9,"9032"
"5411","   11.5 ","05/08/1963",1.7,3.2,22.6,11.5,"9032"
"5412","   12.2 ","06/08/1963",7.4,3.8,21.1,12.2,"9032"
"5413","   11.9 ","07/08/1963",1.3,3.8,22.9,11.9,"9032"
"5414","    11.8 ","08/08/1963",0,4.8,24,11.8,"9032"
"5415","   12 ","09/08/1963",2.5,2.5,19.5,12,"9032"
"5416","    12.5 ","10/08/1963",8,3.2,21,12.5,"9032"
"5417","   11 ","11/08/1963",0,2.6,19.5,11,"9032"
"5418","    13 ","12/08/1963",0.3,2.3,20,13,"9032"
"5419","   10.3 ","13/08/1963",0.3,4.7,22.5,10.3,"9032"
"5420","   10.5 ","14/08/1963",7.9,3.4,20.5,10.5,"9032"
"5421","    12 ","15/08/1963",2.8,4.9,20,12,"9032"
"5422","    11.2 ","16/08/1963",9.5,3.5,20,11.2,"9032"
"5423","    10.5 ","17/08/1963",0,4.2,21,10.5,"9032"
"5424","    11.3 ","18/08/1963",0,1.7,19,11.3,"9032"
"5425","    11.5 ","19/08/1963",0.5,5.3,18,11.5,"9032"
"5426","    11 ","20/08/1963",9.8,3.6,20,11,"9032"
"5427","    11 ","21/08/1963",4,4.9,23,11,"9032"
"5428","   9.3 ","22/08/1963",0,5.4,22.5,9.3,"9032"
"5429","    10.5 ","23/08/1963",1.4,4.7,22,10.5,"9032"
"5430","   12.5 ","24/08/1963",1.6,1.9,19.5,12.5,"9032"
"5431","   11.5 ","25/08/1963",1.3,1.3,19.5,11.5,"9032"
"5432","   11.5 ","26/08/1963",0.5,3.7,21.5,11.5,"9032"
"5433","   12 ","27/08/1963",21,7.2,22.5,12,"9032"
"5434","   10.3 ","28/08/1963",0,3.4,22.5,10.3,"9032"
"5435","   11.8 ","29/08/1963",1,2.2,19.5,11.8,"9032"
"5436","   12 ","30/08/1963",0,3.3,22.3,12,"9032"
"5437","   12 ","31/08/1963",0,4.9,23.2,12,"9032"
"5438","    10.8 ","01/09/1963",0,6.7,23,10.8,"9032"
"5439","   11.5 ","02/09/1963",18.5,4.4,21.5,11.5,"9032"
"5440","    11.5 ","03/09/1963",0,3.3,19,11.5,"9032"
"5441","    12 ","04/09/1963",3.7,4.2,21,12,"9032"
"5442","    12 ","05/09/1963",3.5,2.3,20,12,"9032"
"5443","    12 ","06/09/1963",0,4.9,21,12,"9032"
"5444","    11.3 ","07/09/1963",1.6,4.3,22,11.3,"9032"
"5445","    12 ","08/09/1963",0,4.3,22,12,"9032"
"5446","   12.5 ","09/09/1963",0.2,2.8,24.5,12.5,"9032"
"5447","   12.5 ","10/09/1963",0.3,2.4,19.5,12.5,"9032"
"5448","   11.5 ","11/09/1963",5.8,3.7,20.3,11.5,"9032"
"5449","    9 ","12/09/1963",0,3.5,22,9,"9032"
"5450","   10.3 ","13/09/1963",0,3.9,21.3,10.3,"9032"
"5451","   11 ","14/09/1963",0,4.2,20.5,11,"9032"
"5452","   11.5 ","15/09/1963",2.8,2.7,20.5,11.5,"9032"
"5453","    13 ","16/09/1963",24.5,3.4,20,13,"9032"
"5454","    13 ","17/09/1963",23.7,5.5,22,13,"9032"
"5455","   12 ","18/09/1963",0.5,3.7,22.5,12,"9032"
"5456","    11.5 ","19/09/1963",0,5.6,22,11.5,"9032"
"5457","    11 ","20/09/1963",4.5,3.7,22,11,"9032"
"5458","    12.5 ","21/09/1963",1.5,3.5,21,12.5,"9032"
"5459","   12 ","22/09/1963",0,2.9,20.3,12,"9032"
"5460","    9.8 ","23/09/1963",0.3,2.9,19,9.8,"9032"
"5461","   11 ","24/09/1963",22,1,15.5,11,"9032"
"5462","   11.5 ","25/09/1963",8.5,1.6,15.5,11.5,"9032"
"5463","    11 ","26/09/1963",0.2,0.6,14,11,"9032"
"5464","   10 ","27/09/1963",0.5,10.9,11.5,10,"9032"
"5465","    10 ","28/09/1963",0.5,4.9,22,10,"9032"
"5466","    10.5 ","29/09/1963",13,1.4,19,10.5,"9032"
"5467","    10.5 ","30/09/1963",7.6,1.6,16,10.5,"9032"
"5468","    11 ","01/11/1963",0,4.5,21,11,"9032"
"5469","    10 ","02/11/1963",0,3.1,19,10,"9032"
"5470","    8 ","03/11/1963",0,4.5,20,8,"9032"
"5471","    9.5 ","04/11/1963",0,3.2,22,9.5,"9032"
"5472","    10.5 ","05/11/1963",0,4.8,22,10.5,"9032"
"5473","    11 ","06/11/1963",0,2.1,21,11,"9032"
"5474","   10.5 ","07/11/1963",0,3.7,21.5,10.5,"9032"
"5475","   11 ","08/11/1963",0,4.6,21.5,11,"9032"
"5476","   8.3 ","09/11/1963",0,5.2,22.5,8.3,"9032"
"5477","   7 ","10/11/1963",0,4.4,18.5,7,"9032"
"5478","   4 ","11/11/1963",0,3.8,12.5,4,"9032"
"5479","   3 ","12/11/1963",0,3.7,15.5,3,"9032"
"5480","   5 ","13/11/1963",0,2.3,12.5,5,"9032"
"5481","   2.5 ","14/11/1963",0,2.4,18.5,2.5,"9032"
"5482","   5 ","15/11/1963",0,3.2,18.5,5,"9032"
"5483","    5.5 ","16/11/1963",0,4.1,21,5.5,"9032"
"5484","    5.5 ","17/11/1963",0,4.8,22,5.5,"9032"
"5485","    7 ","18/11/1963",0,4.7,22,7,"9032"
"5486","   6.8 ","19/11/1963",0,4.4,21.5,6.8,"9032"
"5487","   7 ","20/11/1963",0,3.5,21.5,7,"9032"
"5488","    8.5 ","21/11/1963",0,5.9,22,8.5,"9032"
"5489","    6.5 ","22/11/1963",0,4.7,22,6.5,"9032"
"5490","   7 ","23/11/1963",0,3,20.5,7,"9032"
"5491","   5.5 ","24/11/1963",0,2.2,21.5,5.5,"9032"
"5492","    7.5 ","25/11/1963",0,6.6,22,7.5,"9032"
"5493","    8 ","26/11/1963",0,3.4,21,8,"9032"
"5494","    10 ","27/11/1963",0,3.5,20,10,"9032"
"5495","   10 ","28/11/1963",2,2.3,20.5,10,"9032"
"5496","   6.5 ","29/11/1963",0,0.9,10.5,6.5,"9032"
"5497","   5.5 ","30/11/1963",0,1.8,11.5,5.5,"9032"
"5498","    4.5 ","01/12/1963",0,4.7,20,4.5,"9032"
"5499","   5 ","02/12/1963",0,3.3,19.5,5,"9032"
"5500","    9 ","03/12/1963",0,2.1,18,9,"9032"
"5501","   6.5 ","04/12/1963",0,2.7,18.5,6.5,"9032"
"5502","   7 ","05/12/1963",0,3.1,17.5,7,"9032"
"5503","   5 ","06/12/1963",0,2.8,18.8,5,"9032"
"5504","    6 ","07/12/1963",0,2.9,19,6,"9032"
"5505","   8 ","08/12/1963",0,3.4,20.5,8,"9032"
"5506","    7.5 ","09/12/1963",0,3.9,20,7.5,"9032"
"5507","   8 ","10/12/1963",0,3.7,20.5,8,"9032"
"5508","    9 ","11/12/1963",0,3.4,20,9,"9032"
"5509","   10 ","12/12/1963",0,5.3,21.5,10,"9032"
"5510","   9 ","13/12/1963",0,5.6,19.8,9,"9032"
"5511","    9 ","14/12/1963",0,4.6,22,9,"9032"
"5512","   6 ","15/12/1963",0,2.2,17.5,6,"9032"
"5513","   6.5 ","16/12/1963",0,1.9,17.5,6.5,"9032"
"5514","    6 ","17/12/1963",0,2.7,17,6,"9032"
"5515","   7 ","18/12/1963",0,1.7,18.5,7,"9032"
"5516","   6.5 ","19/12/1963",0,3.6,18.5,6.5,"9032"
"5517","    8 ","20/12/1963",0,3.5,19,8,"9032"
"5518","   9 ","21/12/1963",0,3.3,19.5,9,"9032"
"5519","    9.5 ","22/12/1963",0,4.9,20,9.5,"9032"
"5520","    8.5 ","23/12/1963",0,2.7,17,8.5,"9032"
"5521","   4 ","24/12/1963",0,3.2,17.2,4,"9032"
"5522","   1.5 ","25/12/1963",0,5.3,18.5,1.5,"9032"
"5523","    3.5 ","26/12/1963",0,4.7,20,3.5,"9032"
"5524","    4 ","27/12/1963",0,4.2,20,4,"9032"
"5525","    5 ","28/12/1963",0,4.6,19,5,"9032"
"5526","    6 ","29/12/1963",0,2.3,19,6,"9032"
"5527","   6.2 ","30/12/1963",0,5.6,19.5,6.2,"9032"
"5528","    0 ","31/12/1963",0,2.7,13,0,"9032"
"5529","    0.5 ","01/01/1964",0,3.8,18,0.5,"9032"
"5530","    4 ","02/01/1964",0.9,2.1,10,4,"9032"
"5531","    5 ","03/01/1964",12.7,2.6,11,5,"9032"
"5532","   7 ","04/01/1964",0.9,2.5,16.5,7,"9032"
"5533","   7 ","05/01/1964",0,3.4,18.5,7,"9032"
"5534","    7 ","06/01/1964",3.8,1.8,16,7,"9032"
"5535","    8.8 ","07/01/1964",7.5,4.4,18,8.8,"9032"
"5536","    7 ","08/01/1964",0,3.3,19,7,"9032"
"5537","    9.5 ","09/01/1964",0,1.8,15,9.5,"9032"
"5538","    6 ","10/01/1964",0,4.7,19,6,"9032"
"5539","    6 ","11/01/1964",0,3.5,19,6,"9032"
"5540","    5 ","12/01/1964",0,5.5,20,5,"9032"
"5541","   6 ","13/01/1964",0,4.5,17.5,6,"9032"
"5542","   7 ","14/01/1964",0,4.1,20.5,7,"9032"
"5543","    6.5 ","15/01/1964",0,6.1,19,6.5,"9032"
"5544","    7.5 ","16/01/1964",0,3.7,19,7.5,"9032"
"5545","    7 ","17/01/1964",0,3.6,19,7,"9032"
"5546","    6.8 ","18/01/1964",0,5.6,23,6.8,"9032"
"5547","    8.5 ","19/01/1964",0,5.1,23,8.5,"9032"
"5548","    9 ","20/01/1964",0,5.1,23,9,"9032"
"5549","   9 ","21/01/1964",0,5.4,23.5,9,"9032"
"5550","    10.5 ","22/01/1964",0,8,23,10.5,"9032"
"5551","    10 ","23/01/1964",0,2.4,24,10,"9032"
"5552","    10 ","24/01/1964",0,4.4,22,10,"9032"
"5553","   9 ","25/01/1964",0,3.2,19.5,9,"9032"
"5554","   8.2 ","26/01/1964",0,5.8,20.5,8.2,"9032"
"5555","   8.5 ","27/01/1964",0,3.2,13.5,8.5,"9032"
"5556","    7.2 ","28/01/1964",0,1.7,17,7.2,"9032"
"5557","   8 ","29/01/1964",0,4.3,19.5,8,"9032"
"5558","   6 ","30/01/1964",0,1.5,17.5,6,"9032"
"5559","   7 ","31/01/1964",0,3.5,20.5,7,"9032"
"5560","   7 ","01/02/1964",0,4.5,18.5,7,"9032"
"5561","   7.5 ","02/02/1964",0,4.5,21.5,7.5,"9032"
"5562","    10 ","03/02/1964",0,5.4,22,10,"9032"
"5563","   9 ","04/02/1964",0,5.7,22.5,9,"9032"
"5564","   9.5 ","05/02/1964",0,6.7,22.5,9.5,"9032"
"5565","    9.2 ","06/02/1964",0,6.9,23,9.2,"9032"
"5566","   10.5 ","07/02/1964",0,5.7,23.5,10.5,"9032"
"5567","    8 ","08/02/1964",0,7.6,22,8,"9032"
"5568","    9 ","09/02/1964",0,7.8,22,9,"9032"
"5569","    9 ","10/02/1964",0,6.2,22,9,"9032"
"5570","    8.2 ","11/02/1964",0,5.5,22,8.2,"9032"
"5571","    9 ","12/02/1964",0,5.7,23,9,"9032"
"5572","   11 ","13/02/1964",0,4.7,25.5,11,"9032"
"5573","   10.5 ","14/02/1964",0,7.9,23.5,10.5,"9032"
"5574","    10 ","15/02/1964",0,7.8,25,10,"9032"
"5575","   10.5 ","16/02/1964",0,7.2,22.5,10.5,"9032"
"5576","   9 ","17/02/1964",0,7.4,21.5,9,"9032"
"5577","   7.5 ","18/02/1964",0,7.8,22.5,7.5,"9032"
"5578","    8.5 ","19/02/1964",0,7,22,8.5,"9032"
"5579","    9 ","20/02/1964",0,8.3,21,9,"9032"
"5580","   8.7 ","21/02/1964",0,5.8,21.5,8.7,"9032"
"5581","    8.5 ","22/02/1964",0,8.4,23,8.5,"9032"
"5582","    7.5 ","23/02/1964",0,10,23,7.5,"9032"
"5583","    9 ","24/02/1964",0,7.3,22,9,"9032"
"5584","    8 ","25/02/1964",0,8,24,8,"9032"
"5585","   9 ","26/02/1964",0,6.9,25.5,9,"9032"
"5586","    11 ","27/02/1964",0,9.5,26,11,"9032"
"5587","   11.5 ","28/02/1964",0,5.5,25.5,11.5,"9032"
"5588","    7.5 ","29/02/1964",0,7.2,23,7.5,"9032"
"5589","   9 ","01/03/1964",0,6.9,21.5,9,"9032"
"5590","   9 ","02/03/1964",0,8.1,22.5,9,"9032"
"5591","    10 ","03/03/1964",0,6.3,22,10,"9032"
"5592","   12 ","04/03/1964",0,6.4,22.5,12,"9032"
"5593","    9.5 ","05/03/1964",0,6.9,23,9.5,"9032"
"5594","    10.5 ","06/03/1964",0,6.6,24,10.5,"9032"
"5595","    11 ","07/03/1964",0,6.4,23,11,"9032"
"5596","    11.5 ","08/03/1964",0,6.3,20,11.5,"9032"
"5597","   11.5 ","09/03/1964",0,8.2,26.5,11.5,"9032"
"5598","    13 ","10/03/1964",0,8.6,24,13,"9032"
"5599","    12 ","11/03/1964",0,7.1,25,12,"9032"
"5600","    10 ","12/03/1964",0,7.1,25,10,"9032"
"5601","   10.5 ","13/03/1964",0,7.3,24.7,10.5,"9032"
"5602","    10.4 ","14/03/1964",0,5.8,24,10.4,"9032"
"5603","    10.2 ","15/03/1964",1,1.6,15,10.2,"9032"
"5604","   7.5 ","16/03/1964",0,6.9,21.5,7.5,"9032"
"5605","    10 ","17/03/1964",0,7.9,23,10,"9032"
"5606","    10.5 ","18/03/1964",0,7.2,21,10.5,"9032"
"5607","   12.5 ","19/03/1964",0,8.3,23.5,12.5,"9032"
"5608","    13 ","20/03/1964",0,7.5,25,13,"9032"
"5609","    10 ","21/03/1964",0,7.9,25,10,"9032"
"5610","   12 ","22/03/1964",0,7.9,25.5,12,"9032"
"5611","   12 ","23/03/1964",0,8.3,25.5,12,"9032"
"5612","    12.5 ","24/03/1964",0,8.2,25,12.5,"9032"
"5613","    12.5 ","25/03/1964",0,9.8,24,12.5,"9032"
"5614","    12 ","26/03/1964",0,6.4,23,12,"9032"
"5615","    12 ","27/03/1964",0,8.6,21,12,"9032"
"5616","   12 ","28/03/1964",0,8.3,24.5,12,"9032"
"5617","   11 ","29/03/1964",0,5.2,23.5,11,"9032"
"5618","    9.5 ","30/03/1964",0.5,4.5,23,9.5,"9032"
"5619","    10.5 ","31/03/1964",0,4.6,22,10.5,"9032"
"5620","    11 ","01/04/1964",0,6.7,24,11,"9032"
"5621","   13 ","02/04/1964",9.6,5.6,22.5,13,"9032"
"5622","    12.5 ","03/04/1964",0,7.5,25,12.5,"9032"
"5623","   11.5 ","04/04/1964",0,9.3,25.1,11.5,"9032"
"5624","   11.5 ","05/04/1964",0,9.2,26.3,11.5,"9032"
"5625","    12 ","06/04/1964",0,11.3,27,12,"9032"
"5626","    13 ","07/04/1964",0,8.6,28,13,"9032"
"5627","    14 ","08/04/1964",0,6.7,26,14,"9032"
"5628","   10 ","09/04/1964",0,6.1,25.8,10,"9032"
"5629","    11.5 ","10/04/1964",1,6.4,25,11.5,"9032"
"5630","   12 ","11/04/1964",0,5.8,24.5,12,"9032"
"5631","    12.5 ","12/04/1964",0,6.7,25,12.5,"9032"
"5632","   13 ","13/04/1964",0,6.3,25.2,13,"9032"
"5633","   12.5 ","14/04/1964",7.5,5.5,24.5,12.5,"9032"
"5634","    10 ","15/04/1964",0,4.3,22,10,"9032"
"5635","    8 ","16/04/1964",0,5.5,23,8,"9032"
"5636","    10 ","17/04/1964",0,7.7,25,10,"9032"
"5637","    11 ","18/04/1964",0,7.5,25,11,"9032"
"5638","    11 ","19/04/1964",0,7,25,11,"9032"
"5639","   11.5 ","20/04/1964",0,9.1,25.5,11.5,"9032"
"5640","    13 ","21/04/1964",7.4,7.4,27,13,"9032"
"5641","    13 ","22/04/1964",2,4.9,25,13,"9032"
"5642","   10.5 ","23/04/1964",0,7.3,26.5,10.5,"9032"
"5643","   13 ","24/04/1964",1,8.6,26.5,13,"9032"
"5644","    13.5 ","25/04/1964",0,6.1,25,13.5,"9032"
"5645","    13 ","26/04/1964",0,10.3,26,13,"9032"
"5646","    13 ","27/04/1964",0,11.9,27,13,"9032"
"5647","   13.5 ","28/04/1964",0,9.9,28.5,13.5,"9032"
"5648","    15 ","29/04/1964",0,9.4,28,15,"9032"
"5649","   15.5 ","30/04/1964",0,9.3,27.5,15.5,"9032"
"5650","    14.5 ","01/05/1964",0,10.6,27,14.5,"9032"
"5651","   14.5 ","02/05/1964",0,9.5,29.5,14.5,"9032"
"5652","   15 ","03/05/1964",3.5,7.2,28.5,15,"9032"
"5653","    14 ","04/05/1964",0,7.9,28,14,"9032"
"5654","    14 ","05/05/1964",3,6.2,27,14,"9032"
"5655","    12 ","06/05/1964",0,7.9,27,12,"9032"
"5656","   12.5 ","07/05/1964",0,9.2,27.5,12.5,"9032"
"5657","    13.5 ","08/05/1964",0,8.2,27,13.5,"9032"
"5658","    14 ","09/05/1964",0,7.1,27,14,"9032"
"5659","   12 ","10/05/1964",0.4,5.2,24.5,12,"9032"
"5660","    12 ","11/05/1964",0,7.6,25,12,"9032"
"5661","    12.5 ","12/05/1964",0,5.7,25,12.5,"9032"
"5662","    12 ","13/05/1964",0,7.9,24,12,"9032"
"5663","   9 ","14/05/1964",0,7.3,23.5,9,"9032"
"5664","    7 ","15/05/1964",0,9.2,25,7,"9032"
"5665","   9 ","16/05/1964",0,8.5,24.5,9,"9032"
"5666","   10 ","17/05/1964",0,7.9,23.5,10,"9032"
"5667","    10 ","18/05/1964",0,6.2,23,10,"9032"
"5668","    11.5 ","19/05/1964",24.3,4.8,23,11.5,"9032"
"5669","   9.5 ","20/05/1964",7,3,20.5,9.5,"9032"
"5670","    10.5 ","21/05/1964",6.5,2.5,19,10.5,"9032"
"5671","    10.5 ","22/05/1964",20.6,3,20,10.5,"9032"
"5672","    10 ","23/05/1964",28,10.9,21,10,"9032"
"5673","   10 ","24/05/1964",29.9,5.9,21.5,10,"9032"
"5674","    11 ","25/05/1964",85.5,11.5,20,11,"9032"
"5675","    9 ","26/05/1964",0,3.8,18,9,"9032"
"5676","   12 ","27/05/1964",3.8,3.7,20.5,12,"9032"
"5677","   12 ","28/05/1964",3.4,4.9,21.5,12,"9032"
"5678","    11 ","29/05/1964",0,6.6,24,11,"9032"
"5679","    12 ","30/05/1964",0,4.1,25,12,"9032"
"5680","   12 ","31/05/1964",14.3,5.6,23.5,12,"9032"
"5681","    11 ","01/06/1964",3.3,3.8,22,11,"9032"
"5682","    11 ","02/06/1964",0.2,3.3,20,11,"9032"
"5683","   10.5 ","03/06/1964",0,4.4,21.5,10.5,"9032"
"5684","   10.5 ","04/06/1964",0,5.9,22.5,10.5,"9032"
"5685","   11.5 ","05/06/1964",0,6.4,22.5,11.5,"9032"
"5686","   10 ","06/06/1964",0,8.4,24.5,10,"9032"
"5687","   9 ","07/06/1964",0,7.3,24.5,9,"9032"
"5688","    13.5 ","08/06/1964",0,4.1,22,13.5,"9032"
"5689","    14 ","09/06/1964",27.5,3.6,22,14,"9032"
"5690","    11.5 ","10/06/1964",5,5.3,24,11.5,"9032"
"5691","   14 ","11/06/1964",6,2.8,21.5,14,"9032"
"5692","    13 ","12/06/1964",17.8,6.2,22,13,"9032"
"5693","   12 ","13/06/1964",6.9,2.4,21.5,12,"9032"
"5694","    11.5 ","14/06/1964",1.3,1.6,19,11.5,"9032"
"5695","    13 ","15/06/1964",11.4,3.8,22,13,"9032"
"5696","    11 ","16/06/1964",0,3.7,20,11,"9032"
"5697","    11.5 ","17/06/1964",0,5.1,23,11.5,"9032"
"5698","    11 ","18/06/1964",16.5,7.8,23,11,"9032"
"5699","    10 ","19/06/1964",1,3.7,21,10,"9032"
"5700","   11.5 ","20/06/1964",6.4,4.4,22.5,11.5,"9032"
"5701","   10 ","21/06/1964",0,4.6,22.5,10,"9032"
"5702","    13 ","22/06/1964",0,4.2,21,13,"9032"
"5703","    12.5 ","23/06/1964",0.4,3,22,12.5,"9032"
"5704","    12 ","24/06/1964",2.5,3,19,12,"9032"
"5705","    11.5 ","25/06/1964",0.7,3.6,19,11.5,"9032"
"5706","    11.5 ","26/06/1964",3.2,4.1,22,11.5,"9032"
"5707","   13 ","27/06/1964",3.1,3.9,22.8,13,"9032"
"5708","    12.5 ","28/06/1964",6,3.8,21,12.5,"9032"
"5709","   12.5 ","29/06/1964",1.4,3.1,21.5,12.5,"9032"
"5710","   12 ","30/06/1964",20,3.7,18.8,12,"9032"
"5711","    11.5 ","01/07/1964",7.5,3.4,21,11.5,"9032"
"5712","    10.5 ","02/07/1964",2,4.9,23,10.5,"9032"
"5713","    11.5 ","03/07/1964",0.9,3.6,22,11.5,"9032"
"5714","    12 ","04/07/1964",1.2,1.5,19,12,"9032"
"5715","    13 ","05/07/1964",0,4.4,23,13,"9032"
"5716","    11 ","06/07/1964",18.3,5.2,22,11,"9032"
"5717","    12.5 ","07/07/1964",1.4,4.4,23,12.5,"9032"
"5718","    12.5 ","08/07/1964",1.4,4.1,22,12.5,"9032"
"5719","   12 ","09/07/1964",0,3.9,21.5,12,"9032"
"5720","   11 ","10/07/1964",17,6.4,21.5,11,"9032"
"5721","   12 ","11/07/1964",8.5,4.2,21.5,12,"9032"
"5722","    11.5 ","12/07/1964",2,3.9,22,11.5,"9032"
"5723","   11 ","13/07/1964",6.5,3.5,21.5,11,"9032"
"5724","    12 ","14/07/1964",0.2,2.9,19,12,"9032"
"5725","    12 ","15/07/1964",4.4,2.8,20,12,"9032"
"5726","    10 ","16/07/1964",0,4.8,20,10,"9032"
"5727","    11 ","17/07/1964",2.9,4.5,22,11,"9032"
"5728","    13 ","18/07/1964",3.7,2.6,19,13,"9032"
"5729","   12 ","19/07/1964",0,3.8,21.5,12,"9032"
"5730","   11 ","20/07/1964",5.7,3.6,21.5,11,"9032"
"5731","    11.5 ","21/07/1964",1.5,3.5,20,11.5,"9032"
"5732","    11.5 ","22/07/1964",0.9,3.8,21,11.5,"9032"
"5733","    12 ","23/07/1964",0.8,3.3,21,12,"9032"
"5734","    11 ","24/07/1964",4.5,4.4,23,11,"9032"
"5735","   12 ","25/07/1964",0,5.4,22.5,12,"9032"
"5736","   11.5 ","26/07/1964",1.5,3.8,21.5,11.5,"9032"
"5737","   12.5 ","27/07/1964",0,5.5,21.5,12.5,"9032"
"5738","    13 ","28/07/1964",1,3.4,22,13,"9032"
"5739","    9.5 ","29/07/1964",3,4.8,23,9.5,"9032"
"5740","   9.8 ","30/07/1964",0.5,4.8,22.5,9.8,"9032"
"5741","    12 ","31/07/1964",1.2,2.6,22,12,"9032"
"5742","    11 ","01/08/1964",11.8,4.9,21,11,"9032"
"5743","    10.5 ","02/08/1964",0.4,3.8,21,10.5,"9032"
"5744","   10.5 ","03/08/1964",8.4,3.1,20.5,10.5,"9032"
"5745","   11.5 ","04/08/1964",4,2.1,19.5,11.5,"9032"
"5746","   8.5 ","05/08/1964",0,6.7,21.5,8.5,"9032"
"5747","   9.5 ","06/08/1964",3.2,5.2,22.5,9.5,"9032"
"5748","    10.5 ","07/08/1964",0.3,2.9,20,10.5,"9032"
"5749","    11 ","08/08/1964",1,3.6,21,11,"9032"
"5750","    11 ","09/08/1964",0,5.2,23,11,"9032"
"5751","    11 ","10/08/1964",7.4,5.8,24,11,"9032"
"5752","    11 ","11/08/1964",0,6.9,24,11,"9032"
"5753","    10.5 ","12/08/1964",0,6.7,25,10.5,"9032"
"5754","    13 ","13/08/1964",0,6.8,24,13,"9032"
"5755","   12 ","14/08/1964",0,5.4,23.5,12,"9032"
"5756","    11 ","15/08/1964",2.7,5.1,23,11,"9032"
"5757","    10 ","16/08/1964",0,4.4,24,10,"9032"
"5758","    6 ","17/08/1964",0,5.9,23,6,"9032"
"5759","    11.5 ","18/08/1964",0,6,22,11.5,"9032"
"5760","    10 ","19/08/1964",0,6.1,25,10,"9032"
"5761","    11 ","20/08/1964",0.3,4.5,23,11,"9032"
"5762","   12 ","21/08/1964",2,3.2,21.5,12,"9032"
"5763","    12.5 ","22/08/1964",0,5.1,23,12.5,"9032"
"5764","   10.5 ","23/08/1964",1.5,6.2,23.5,10.5,"9032"
"5765","   11 ","24/08/1964",0.3,3,21.5,11,"9032"
"5766","    11.5 ","25/08/1964",0,4.4,21,11.5,"9032"
"5767","    11 ","26/08/1964",0,6.8,24,11,"9032"
"5768","   11.5 ","27/08/1964",1.4,5.1,24.5,11.5,"9032"
"5769","    12 ","28/08/1964",1.5,6.1,25,12,"9032"
"5770","    13 ","29/08/1964",1,3,22,13,"9032"
"5771","    12 ","30/08/1964",1.4,4.3,24,12,"9032"
"5772","   10.5 ","31/08/1964",0,4,21.5,10.5,"9032"
"5773","    11 ","01/09/1964",0,2.8,19,11,"9032"
"5774","   11 ","02/09/1964",3.5,2.4,18.5,11,"9032"
"5775","   10 ","03/09/1964",0,4.1,22.5,10,"9032"
"5776","    11.5 ","04/09/1964",0.9,3.4,21,11.5,"9032"
"5777","    12 ","05/09/1964",8.5,3.3,21,12,"9032"
"5778","    13.5 ","06/09/1964",1.8,2,21,13.5,"9032"
"5779","    12.5 ","07/09/1964",11.5,3.4,21,12.5,"9032"
"5780","   10.5 ","08/09/1964",0,4.5,22.5,10.5,"9032"
"5781","    11.5 ","09/09/1964",0.4,4.6,22,11.5,"9032"
"5782","   10 ","10/09/1964",5.5,3.4,22.5,10,"9032"
"5783","    12.5 ","11/09/1964",1,4,22,12.5,"9032"
"5784","   12.5 ","12/09/1964",8,4.8,22.5,12.5,"9032"
"5785","    11.5 ","13/09/1964",0.2,3.2,22,11.5,"9032"
"5786","    11 ","14/09/1964",0.6,4.7,21,11,"9032"
"5787","   11.5 ","15/09/1964",28.2,6.3,22.5,11.5,"9032"
"5788","   12 ","16/09/1964",0,4,21.5,12,"9032"
"5789","    10.5 ","17/09/1964",0,4.3,23,10.5,"9032"
"5790","    11.5 ","18/09/1964",0,4.3,23,11.5,"9032"
"5791","    12 ","19/09/1964",0.3,3.6,23,12,"9032"
"5792","    12.5 ","20/09/1964",0.7,2.4,21,12.5,"9032"
"5793","    12 ","21/09/1964",4.5,3,21,12,"9032"
"5794","   13 ","22/09/1964",4.1,4.3,22.5,13,"9032"
"5795","   10 ","23/09/1964",0,4.5,21.5,10,"9032"
"5796","   12.5 ","24/09/1964",4,2.3,20.5,12.5,"9032"
"5797","   11.5 ","25/09/1964",0,4.2,22.5,11.5,"9032"
"5798","    12 ","26/09/1964",0,3.1,22,12,"9032"
"5799","   12 ","27/09/1964",1.4,4.7,23.5,12,"9032"
"5800","   13 ","28/09/1964",1,1,17.5,13,"9032"
"5801","    12 ","29/09/1964",0.4,4.1,22,12,"9032"
"5802","   11.5 ","30/09/1964",0,3.9,22.5,11.5,"9032"
"5803","   10.5 ","01/10/1964",1,4.2,21.5,10.5,"9032"
"5804","    13.5 ","02/10/1964",1.5,4.5,23,13.5,"9032"
"5805","   13.5 ","03/10/1964",0,3.6,21.5,13.5,"9032"
"5806","   13 ","04/10/1964",0,5.5,20.5,13,"9032"
"5807","    11.5 ","05/10/1964",0.1,1.8,16,11.5,"9032"
"5808","    7.5 ","06/10/1964",0,4.1,17,7.5,"9032"
"5809","   4 ","07/10/1964",0,3.1,17.5,4,"9032"
"5810","    5.5 ","08/10/1964",0,4.6,19,5.5,"9032"
"5811","    5.5 ","09/10/1964",0,5.1,20,5.5,"9032"
"5812","   6.5 ","10/10/1964",0,4.9,19.5,6.5,"9032"
"5813","    5 ","11/10/1964",0,4.3,16,5,"9032"
"5814","    8 ","12/10/1964",0,4.9,23,8,"9032"
"5815","   10.5 ","13/10/1964",8,3.9,22.5,10.5,"9032"
"5816","   11.5 ","14/10/1964",9.5,3.5,21.5,11.5,"9032"
"5817","    9 ","15/10/1964",6,4.3,23,9,"9032"
"5818","    11.5 ","16/10/1964",0.3,3.5,22,11.5,"9032"
"5819","    11.5 ","17/10/1964",0,5.6,23,11.5,"9032"
"5820","    9.5 ","18/10/1964",0,4.9,23,9.5,"9032"
"5821","    9 ","19/10/1964",0,3.7,18,9,"9032"
"5822","   9 ","20/10/1964",0,2.3,12.5,9,"9032"
"5823","   5 ","21/10/1964",0,4.1,19.5,5,"9032"
"5824","    6 ","22/10/1964",0,5,22,6,"9032"
"5825","    4.5 ","23/10/1964",0,4.1,21,4.5,"9032"
"5826","   8.5 ","24/10/1964",0,3.8,19.5,8.5,"9032"
"5827","    6.5 ","25/10/1964",0,6.6,20,6.5,"9032"
"5828","    7 ","26/10/1964",0,4.3,22,7,"9032"
"5829","   9 ","27/10/1964",0,4.2,21.5,9,"9032"
"5830","    8 ","28/10/1964",0,5.2,20,8,"9032"
"5831","    6 ","29/10/1964",0,4.9,20,6,"9032"
"5832","    6.5 ","30/10/1964",0,4.1,19,6.5,"9032"
"5833","   6.5 ","31/10/1964",0,4.8,21.5,6.5,"9032"
"5834","   7.5 ","01/11/1964",0,4.5,21.5,7.5,"9032"
"5835","    6 ","02/11/1964",0,5.7,22,6,"9032"
"5836","    7.5 ","03/11/1964",0,4.2,21,7.5,"9032"
"5837","    8 ","04/11/1964",23,3.6,20,8,"9032"
"5838","    8.5 ","05/11/1964",8.2,3.2,18,8.5,"9032"
"5839","    8.5 ","06/11/1964",0,3.8,19,8.5,"9032"
"5840","    8 ","07/11/1964",0,3.6,20,8,"9032"
"5841","   5.5 ","08/11/1964",0,2.8,19.5,5.5,"9032"
"5842","    8 ","09/11/1964",0,4.9,20,8,"9032"
"5843","    6 ","10/11/1964",0,4.1,21,6,"9032"
"5844","    9 ","11/11/1964",0,4.8,24,9,"9032"
"5845","   9 ","12/11/1964",0,4.6,24.5,9,"9032"
"5846","    9.5 ","13/11/1964",0,4.2,23,9.5,"9032"
"5847","    8.5 ","14/11/1964",0,3.4,20,8.5,"9032"
"5848","    9 ","15/11/1964",0,3.5,22,9,"9032"
"5849","    9 ","16/11/1964",0,3.5,21,9,"9032"
"5850","   7 ","17/11/1964",0,4.1,21.5,7,"9032"
"5851","    8.5 ","18/11/1964",0,6.1,23,8.5,"9032"
"5852","    10.5 ","19/11/1964",0.4,3.4,22,10.5,"9032"
"5853","    9.5 ","20/11/1964",0,3.7,22,9.5,"9032"
"5854","   7.5 ","21/11/1964",0.4,3.3,23.5,7.5,"9032"
"5855","    8.5 ","22/11/1964",0,1.2,23,8.5,"9032"
"5856","   7.5 ","23/11/1964",0,2.7,16.5,7.5,"9032"
"5857","    8 ","24/11/1964",1.5,2.2,19,8,"9032"
"5858","   9.5 ","25/11/1964",0.2,3.2,19.5,9.5,"9032"
"5859","    9 ","26/11/1964",0,2,19,9,"9032"
"5860","   9 ","27/11/1964",0,4.2,20.5,9,"9032"
"5861","   9.5 ","28/11/1964",0,3.8,20.5,9.5,"9032"
"5862","   7 ","29/11/1964",0,3.5,18.5,7,"9032"
"5863","    9.5 ","30/11/1964",1.7,0.7,14,9.5,"9032"
"5864","    5 ","01/12/1964",0,1.9,14,5,"9032"
"5865","    6 ","02/12/1964",0,3.5,17,6,"9032"
"5866","   8 ","03/12/1964",0,4.8,18.5,8,"9032"
"5867","    5.5 ","04/12/1964",0,4.7,20,5.5,"9032"
"5868","    5 ","05/12/1964",0,3.9,21,5,"9032"
"5869","    4.5 ","06/12/1964",0,3.3,18,4.5,"9032"
"5870","    5.5 ","07/12/1964",0,1.8,16,5.5,"9032"
"5871","   6.5 ","08/12/1964",0.5,4.5,18.5,6.5,"9032"
"5872","    9 ","09/12/1964",0.5,3.1,18,9,"9032"
"5873","    8 ","10/12/1964",0.1,3.1,17,8,"9032"
"5874","   6 ","11/12/1964",0.1,2.9,18.5,6,"9032"
"5875","    7 ","12/12/1964",0,4.3,21,7,"9032"
"5876","   7.5 ","13/12/1964",1.4,3.1,19.5,7.5,"9032"
"5877","    7 ","14/12/1964",0,3,20,7,"9032"
"5878","   4 ","15/12/1964",0,2.9,18.5,4,"9032"
"5879","    5 ","16/12/1964",0,3.6,21,5,"9032"
"5880","    8 ","17/12/1964",0,4.1,20,8,"9032"
"5881","   7.5 ","18/12/1964",0,3.3,19.5,7.5,"9032"
"5882","    6 ","19/12/1964",0,3.3,20,6,"9032"
"5883","    6 ","20/12/1964",0,3.4,20,6,"9032"
"5884","    5 ","21/12/1964",0,3.7,20,5,"9032"
"5885","   5.5 ","22/12/1964",0,4.1,19.5,5.5,"9032"
"5886","   7 ","23/12/1964",0,4.2,20.5,7,"9032"
"5887","    7 ","24/12/1964",0,3.7,21,7,"9032"
"5888","    7 ","25/12/1964",0,3.8,21,7,"9032"
"5889","   6.5 ","26/12/1964",0,3.9,21.5,6.5,"9032"
"5890","    6 ","27/12/1964",0,3.4,18,6,"9032"
"5891","    6 ","28/12/1964",0,4.1,20,6,"9032"
"5892","    6 ","29/12/1964",0,3.4,19,6,"9032"
"5893","    6.5 ","30/12/1964",0,3.2,20,6.5,"9032"
"5894","   4.5 ","31/12/1964",0,3.3,19.5,4.5,"9032"
"5895","   5.5 ","01/01/1965",0,3.4,20.5,5.5,"9032"
"5896","    6.5 ","02/01/1965",0,4.2,20,6.5,"9032"
"5897","   6 ","03/01/1965",0,3.2,20.5,6,"9032"
"5898","   4.5 ","04/01/1965",0,2.8,20.5,4.5,"9032"
"5899","   2 ","05/01/1965",0,3.8,18.5,2,"9032"
"5900","    3.5 ","06/01/1965",0,4.2,20,3.5,"9032"
"5901","    4 ","07/01/1965",0,5.3,21,4,"9032"
"5902","    4.5 ","08/01/1965",0,4.9,22,4.5,"9032"
"5903","   7 ","09/01/1965",0,4.3,22.5,7,"9032"
"5904","    7 ","10/01/1965",0,4.4,20,7,"9032"
"5905","   7 ","11/01/1965",0,4.1,19.5,7,"9032"
"5906","    8 ","12/01/1965",0,5.2,21,8,"9032"
"5907","    7 ","13/01/1965",0,3.9,19,7,"9032"
"5908","   5 ","14/01/1965",0,3.1,16.5,5,"9032"
"5909","    4 ","15/01/1965",0,3.7,18,4,"9032"
"5910","    5 ","16/01/1965",0,1.4,13,5,"9032"
"5911","   -1.5 ","17/01/1965",0,2.5,15,-1.5,"9032"
"5912","  -1 ","18/01/1965",0,4.9,15.5,-1,"9032"
"5913","    0.5 ","19/01/1965",0,2.9,18,0.5,"9032"
"5914","    2 ","20/01/1965",0,4.6,18,2,"9032"
"5915","    6.5 ","21/01/1965",17,4.9,18,6.5,"9032"
"5916","   5.5 ","22/01/1965",0.5,0.4,14.5,5.5,"9032"
"5917","   5 ","23/01/1965",0,3.1,15.5,5,"9032"
"5918","    2 ","24/01/1965",0,4.5,19,2,"9032"
"5919","    5 ","25/01/1965",0,6.1,21,5,"9032"
"5920","   6 ","26/01/1965",0,5.1,22.5,6,"9032"
"5921","    6 ","27/01/1965",0,5.8,22,6,"9032"
"5922","   4 ","28/01/1965",0,4.9,20.5,4,"9032"
"5923","    7 ","29/01/1965",0,4.9,21,7,"9032"
"5924","   7 ","30/01/1965",0,5.2,21.5,7,"9032"
"5925","    5.5 ","31/01/1965",0,5.6,20,5.5,"9032"
"5926","   6.5 ","01/02/1965",0,6.4,21.5,6.5,"9032"
"5927","   8 ","02/02/1965",0,4.9,21.5,8,"9032"
"5928","   8.5 ","03/02/1965",0,5.3,21.5,8.5,"9032"
"5929","    7.5 ","04/02/1965",0,4.4,21,7.5,"9032"
"5930","    7 ","05/02/1965",0,4.6,18,7,"9032"
"5931","    6.5 ","06/02/1965",0,6.2,18,6.5,"9032"
"5932","    7.5 ","07/02/1965",0,7.3,22,7.5,"9032"
"5933","    7 ","08/02/1965",0,6.5,21,7,"9032"
"5934","   7 ","09/02/1965",0,8.5,20.5,7,"9032"
"5935","   7 ","10/02/1965",0,7.2,21.5,7,"9032"
"5936","   7 ","11/02/1965",0,6.9,21.5,7,"9032"
"5937","    7.5 ","12/02/1965",0,6.9,22,7.5,"9032"
"5938","   7 ","13/02/1965",0,6.4,21.5,7,"9032"
"5939","    5.5 ","14/02/1965",0,6.2,19,5.5,"9032"
"5940","   7.5 ","15/02/1965",0,3.4,17.5,7.5,"9032"
"5941","    6.5 ","16/02/1965",0,5.4,20,6.5,"9032"
"5942","   9.5 ","17/02/1965",0,6.2,22.5,9.5,"9032"
"5943","    8 ","18/02/1965",0,6.9,21,8,"9032"
"5944","    6.5 ","19/02/1965",0,3.9,19,6.5,"9032"
"5945","    7.5 ","20/02/1965",2,1,18,7.5,"9032"
"5946","   7.5 ","21/02/1965",23.5,0.4,13.5,7.5,"9032"
"5947","    9 ","22/02/1965",0,3.9,17,9,"9032"
"5948","   6 ","23/02/1965",0,7.6,18.5,6,"9032"
"5949","    6.5 ","24/02/1965",0,5.9,22,6.5,"9032"
"5950","    3 ","25/02/1965",0,4.3,19,3,"9032"
"5951","   4 ","26/02/1965",0,5.6,21.5,4,"9032"
"5952","    5.5 ","27/02/1965",0,5.3,22,5.5,"9032"
"5953","   10 ","28/02/1965",0,7.6,21.5,10,"9032"
"5954","   9.5 ","01/03/1965",0,6.9,23.5,9.5,"9032"
"5955","   8.5 ","02/03/1965",0,7.9,19.5,8.5,"9032"
"5956","   5.5 ","03/03/1965",0,9.1,22.5,5.5,"9032"
"5957","   7.5 ","04/03/1965",0,7.7,21.5,7.5,"9032"
"5958","    8.5 ","05/03/1965",0,8.4,22,8.5,"9032"
"5959","    7 ","06/03/1965",0,6,22,7,"9032"
"5960","    5.5 ","07/03/1965",0,5.3,20,5.5,"9032"
"5961","   8.5 ","08/03/1965",0,6.4,23.5,8.5,"9032"
"5962","   8 ","09/03/1965",0,7.9,26.5,8,"9032"
"5963","   10.5 ","10/03/1965",0,7.6,25.5,10.5,"9032"
"5964","   11 ","11/03/1965",0,8.3,25.5,11,"9032"
"5965","   11.5 ","12/03/1965",0,8.9,25.5,11.5,"9032"
"5966","   11 ","13/03/1965",0,7.9,26.5,11,"9032"
"5967","   12 ","14/03/1965",0,7.8,25.5,12,"9032"
"5968","   12.5 ","15/03/1965",0,7.6,25.5,12.5,"9032"
"5969","    12.5 ","16/03/1965",0,8.6,26,12.5,"9032"
"5970","   12 ","17/03/1965",0,8.1,25.5,12,"9032"
"5971","   10.5 ","18/03/1965",0,9.6,21.5,10.5,"9032"
"5972","    11 ","19/03/1965",0,10.2,24,11,"9032"
"5973","    10.5 ","20/03/1965",0,7.9,23,10.5,"9032"
"5974","    8.5 ","21/03/1965",0,5.9,24,8.5,"9032"
"5975","    10 ","22/03/1965",0,7.7,25,10,"9032"
"5976","    10.5 ","23/03/1965",0,7.9,26,10.5,"9032"
"5977","   11.5 ","24/03/1965",0,7.7,25.5,11.5,"9032"
"5978","    11 ","25/03/1965",0,6.2,23,11,"9032"
"5979","    11.5 ","26/03/1965",0,6.9,24,11.5,"9032"
"5980","    8.5 ","27/03/1965",0,8.6,25,8.5,"9032"
"5981","    10.5 ","28/03/1965",0,8.6,25,10.5,"9032"
"5982","   10.5 ","29/03/1965",0,6.7,26.5,10.5,"9032"
"5983","    9.5 ","30/03/1965",0,5.6,24,9.5,"9032"
"5984","    10 ","31/03/1965",0,4,20,10,"9032"
"5985","    10 ","01/05/1965",5.5,3.5,19,10,"9032"
"5986","   11 ","02/05/1965",0.5,3.4,21.5,11,"9032"
"5987","   10.5 ","03/05/1965",0,3.6,22.5,10.5,"9032"
"5988","    11.5 ","04/05/1965",0.2,4.9,24,11.5,"9032"
"5989","   9.5 ","05/05/1965",0,6.7,24.5,9.5,"9032"
"5990","    12 ","06/05/1965",0,7.4,26,12,"9032"
"5991","    13.5 ","07/05/1965",0,7.4,26,13.5,"9032"
"5992","    13 ","08/05/1965",0,8.7,27,13,"9032"
"5993","    13 ","09/05/1965",0.1,8.2,27,13,"9032"
"5994","    13 ","10/05/1965",3.6,5.9,27,13,"9032"
"5995","    12 ","11/05/1965",0,7.4,28,12,"9032"
"5996","    10.5 ","12/05/1965",0,7.6,26,10.5,"9032"
"5997","   12 ","13/05/1965",0,6.7,25.5,12,"9032"
"5998","    12 ","14/05/1965",0.3,3.6,24,12,"9032"
"5999","    11.5 ","15/05/1965",11.5,7.2,24,11.5,"9032"
"6000","   11 ","16/05/1965",0,6.7,25.5,11,"9032"
"6001","    12 ","17/05/1965",0.2,2.5,20,12,"9032"
"6002","   10.5 ","18/05/1965",0,4.8,23.5,10.5,"9032"
"6003","   11 ","19/05/1965",0,5.9,23.5,11,"9032"
"6004","    11.5 ","20/05/1965",0,5.8,24,11.5,"9032"
"6005","   11 ","21/05/1965",0,8.2,24.5,11,"9032"
"6006","    11 ","22/05/1965",0,7.4,25,11,"9032"
"6007","   11.5 ","23/05/1965",0,6.5,25.5,11.5,"9032"
"6008","    13 ","24/05/1965",0,6.2,27,13,"9032"
"6009","   13 ","25/05/1965",0,11.3,26.5,13,"9032"
"6010","    12.5 ","26/05/1965",0,8.7,27,12.5,"9032"
"6011","    13 ","27/05/1965",0,7.8,27,13,"9032"
"6012","   12 ","28/05/1965",0,7.4,26.5,12,"9032"
"6013","   12.5 ","29/05/1965",0,8.4,26.5,12.5,"9032"
"6014","    13 ","30/05/1965",0,7.9,26,13,"9032"
"6015","    12 ","31/05/1965",0,6.5,26,12,"9032"
"6016","    12 ","01/06/1965",0,6.6,26,12,"9032"
"6017","    13.5 ","02/06/1965",0,8.2,27,13.5,"9032"
"6018","    12 ","03/06/1965",5.7,5.8,26,12,"9032"
"6019","    11.5 ","04/06/1965",0,8,27,11.5,"9032"
"6020","   13 ","05/06/1965",0,7.9,27.5,13,"9032"
"6021","    14.5 ","06/06/1965",2.7,8,26,14.5,"9032"
"6022","   13 ","07/06/1965",0,5,24.5,13,"9032"
"6023","   11.5 ","08/06/1965",0,8.4,26.5,11.5,"9032"
"6024","    10.5 ","09/06/1965",0,8.9,27,10.5,"9032"
"6025","   11.5 ","10/06/1965",0,5.7,27.5,11.5,"9032"
"6026","    14 ","11/06/1965",0,10.8,26,14,"9032"
"6027","    13 ","12/06/1965",0,7.1,26,13,"9032"
"6028","    13 ","13/06/1965",1.7,7.8,28,13,"9032"
"6029","    12 ","14/06/1965",0,6.6,27,12,"9032"
"6030","    11 ","15/06/1965",10.5,5.9,25,11,"9032"
"6031","   11.5 ","16/06/1965",0.1,3.8,21.5,11.5,"9032"
"6032","    13.5 ","17/06/1965",0.9,0.7,18,13.5,"9032"
"6033","   12.5 ","18/06/1965",6,2.2,19.5,12.5,"9032"
"6034","   12.5 ","19/06/1965",3.5,2.2,19.5,12.5,"9032"
"6035","    12 ","20/06/1965",14.5,3.2,19,12,"9032"
"6036","    13 ","21/06/1965",39,6.8,22,13,"9032"
"6037","    11.5 ","22/06/1965",7.5,3.9,22,11.5,"9032"
"6038","    13 ","23/06/1965",3.5,5.2,23,13,"9032"
"6039","   12 ","24/06/1965",3,1.9,17.5,12,"9032"
"6040","   11 ","25/06/1965",0,4.8,21.5,11,"9032"
"6041","   12 ","26/06/1965",0,4.4,22.5,12,"9032"
"6042","    12 ","27/06/1965",0,4.7,20,12,"9032"
"6043","    12 ","28/06/1965",0.5,4.1,20,12,"9032"
"6044","    10 ","29/06/1965",0,3.3,18,10,"9032"
"6045","   11 ","30/06/1965",1,2.1,16.5,11,"9032"
"6046","   10 ","01/07/1965",0.9,1.2,15.5,10,"9032"
"6047","    10.5 ","02/07/1965",0.5,1.4,18,10.5,"9032"
"6048","   12 ","03/07/1965",16.5,4.6,19.5,12,"9032"
"6049","    11 ","04/07/1965",0.1,5.9,23,11,"9032"
"6050","    12.5 ","05/07/1965",2.4,3.5,20,12.5,"9032"
"6051","   12 ","06/07/1965",1.4,1.3,19.5,12,"9032"
"6052","    12 ","07/07/1965",0.5,4.2,21,12,"9032"
"6053","    12 ","08/07/1965",5.2,3,21,12,"9032"
"6054","   10 ","09/07/1965",0.5,5.2,21.5,10,"9032"
"6055","    10.5 ","10/07/1965",3,3.9,21,10.5,"9032"
"6056","   10 ","11/07/1965",3.5,4.5,20.5,10,"9032"
"6057","   12.5 ","12/07/1965",0,4.4,21.5,12.5,"9032"
"6058","    12 ","13/07/1965",0.2,3.9,22,12,"9032"
"6059","    11.5 ","14/07/1965",3.5,3.5,20,11.5,"9032"
"6060","   10 ","15/07/1965",0,6.3,23.5,10,"9032"
"6061","   9.5 ","16/07/1965",0.2,3.4,22.5,9.5,"9032"
"6062","    12.5 ","17/07/1965",0,5.1,23,12.5,"9032"
"6063","    13 ","18/07/1965",0,7.2,25,13,"9032"
"6064","    11 ","19/07/1965",0,4.8,23,11,"9032"
"6065","    11.5 ","20/07/1965",7.5,3.7,21,11.5,"9032"
"6066","    10.5 ","21/07/1965",3.5,5.4,22,10.5,"9032"
"6067","    12 ","22/07/1965",3.1,4.2,21,12,"9032"
"6068","   11 ","23/07/1965",6.5,4.9,21.5,11,"9032"
"6069","   11 ","24/07/1965",1.1,3.9,20.5,11,"9032"
"6070","    11 ","25/07/1965",0.3,3,19,11,"9032"
"6071","    10.5 ","26/07/1965",2.1,2.4,19,10.5,"9032"
"6072","    11 ","27/07/1965",5,2.8,19,11,"9032"
"6073","    11.5 ","28/07/1965",2.3,4.7,22,11.5,"9032"
"6074","    11.5 ","29/07/1965",0,6.7,22,11.5,"9032"
"6075","   10 ","30/07/1965",0,4.3,20.5,10,"9032"
"6076","   10 ","31/07/1965",9.5,4.2,20.5,10,"9032"
"6077","    12.5 ","01/08/1965",11.6,4.5,20,12.5,"9032"
"6078","    11.5 ","02/08/1965",0,3.5,20,11.5,"9032"
"6079","    11 ","03/08/1965",0,5.2,23,11,"9032"
"6080","    10.5 ","04/08/1965",0.1,2.6,21,10.5,"9032"
"6081","    11 ","05/08/1965",0,4.6,21,11,"9032"
"6082","    11.5 ","06/08/1965",1.5,1.5,19,11.5,"9032"
"6083","   12 ","07/08/1965",0,3.5,19.5,12,"9032"
"6084","   11 ","08/08/1965",11.5,4.1,19.5,11,"9032"
"6085","    11 ","09/08/1965",1.9,1.4,19,11,"9032"
"6086","    11 ","10/08/1965",26.5,4.9,19,11,"9032"
"6087","    12 ","11/08/1965",4.6,2.8,20,12,"9032"
"6088","    12.5 ","12/08/1965",9,2.7,20,12.5,"9032"
"6089","    11.5 ","13/08/1965",4.8,2.9,19,11.5,"9032"
"6090","    12.5 ","14/08/1965",2.9,3.6,20,12.5,"9032"
"6091","    11.5 ","15/08/1965",1.5,2.5,21,11.5,"9032"
"6092","   11 ","16/08/1965",1.8,4.4,19.5,11,"9032"
"6093","    12.5 ","17/08/1965",27.5,8.8,20,12.5,"9032"
"6094","   10.5 ","18/08/1965",0,3.4,20.5,10.5,"9032"
"6095","    9 ","19/08/1965",0,5.6,22,9,"9032"
"6096","    12.5 ","20/08/1965",2,2.7,21,12.5,"9032"
"6097","   10 ","21/08/1965",0,5.6,22.5,10,"9032"
"6098","    10.5 ","22/08/1965",0,6.7,23,10.5,"9032"
"6099","    10 ","23/08/1965",19,6.6,22,10,"9032"
"6100","    10 ","24/08/1965",0,4.6,21,10,"9032"
"6101","    11.5 ","25/08/1965",2.5,4.4,22,11.5,"9032"
"6102","   12 ","26/08/1965",13.1,5.5,21.5,12,"9032"
"6103","    11.5 ","27/08/1965",6.8,4.9,21,11.5,"9032"
"6104","   11 ","28/08/1965",24,4.4,19.5,11,"9032"
"6105","    12 ","29/08/1965",11.5,3.6,19,12,"9032"
"6106","    12 ","30/08/1965",0.5,3,20,12,"9032"
"6107","    11.5 ","31/08/1965",0,3.7,21,11.5,"9032"
"6108","   12 ","01/09/1965",3.4,3.8,20.5,12,"9032"
"6109","    8.5 ","02/09/1965",0,4.1,20,8.5,"9032"
"6110","    10 ","03/09/1965",2,3.3,21,10,"9032"
"6111","    9.5 ","04/09/1965",0,3.5,21,9.5,"9032"
"6112","    11 ","05/09/1965",0.3,2.4,20,11,"9032"
"6113","    11 ","06/09/1965",0,0.5,21,11,"9032"
"6114","   11 ","07/09/1965",0.3,3.7,19.5,11,"9032"
"6115","   10.5 ","08/09/1965",18.3,4.9,20.5,10.5,"9032"
"6116","   10 ","09/09/1965",0.7,3.2,20.5,10,"9032"
"6117","    10 ","10/09/1965",3.7,2.6,21,10,"9032"
"6118","    12 ","11/09/1965",0,5.4,22,12,"9032"
"6119","    12 ","12/09/1965",0,4,20,12,"9032"
"6120","    11.5 ","13/09/1965",0,2.3,17,11.5,"9032"
"6121","   11 ","14/09/1965",0,5.2,22.5,11,"9032"
"6122","    10 ","15/09/1965",0,7.2,24,10,"9032"
"6123","   10 ","16/09/1965",0,7.1,23.5,10,"9032"
"6124","    11 ","17/09/1965",0,6.9,24,11,"9032"
"6125","   13 ","18/09/1965",2.7,4.2,23.5,13,"9032"
"6126","   12.5 ","19/09/1965",0,3.6,20.5,12.5,"9032"
"6127","    11 ","20/09/1965",5,4.2,23,11,"9032"
"6128","    12 ","21/09/1965",0,6.1,24,12,"9032"
"6129","   12.5 ","22/09/1965",19.5,7.9,23.5,12.5,"9032"
"6130","   14 ","23/09/1965",11,4.4,22.5,14,"9032"
"6131","    13 ","24/09/1965",0.6,2.7,21,13,"9032"
"6132","    11.5 ","25/09/1965",0,4.9,24,11.5,"9032"
"6133","    12 ","26/09/1965",8,6.2,25,12,"9032"
"6134","    12.5 ","27/09/1965",9.2,5,23,12.5,"9032"
"6135","   11 ","28/09/1965",0,4.3,21.5,11,"9032"
"6136","    11.5 ","29/09/1965",0,6.4,23,11.5,"9032"
"6137","    11.5 ","30/09/1965",0.5,3.6,23,11.5,"9032"
"6138","    12.5 ","01/10/1965",0,3.3,21,12.5,"9032"
"6139","    10.5 ","02/10/1965",6.6,1.5,18,10.5,"9032"
"6140","    11.5 ","03/10/1965",0.5,2.4,20,11.5,"9032"
"6141","    11 ","04/10/1965",4.5,2.9,21,11,"9032"
"6142","   11 ","05/10/1965",12.8,3.1,19.5,11,"9032"
"6143","    9 ","06/10/1965",7.2,3.2,20,9,"9032"
"6144","    11 ","07/10/1965",0,6.6,21,11,"9032"
"6145","    7.5 ","08/10/1965",0,5.9,22,7.5,"9032"
"6146","    8 ","09/10/1965",0,5.4,23,8,"9032"
"6147","    12 ","10/10/1965",0,5.8,22,12,"9032"
"6148","    7.5 ","11/10/1965",8.5,4.7,22,7.5,"9032"
"6149","    11 ","12/10/1965",0,5.7,22,11,"9032"
"6150","    10.5 ","13/10/1965",0,3.2,19,10.5,"9032"
"6151","   11 ","14/10/1965",0,3.7,19.5,11,"9032"
"6152","    9 ","15/10/1965",0,3.9,22,9,"9032"
"6153","   10.5 ","16/10/1965",0,6.2,23.5,10.5,"9032"
"6154","   13 ","17/10/1965",0,4.3,23.5,13,"9032"
"6155","    12 ","18/10/1965",0,6.6,24,12,"9032"
"6156","    12 ","19/10/1965",15,4.6,21,12,"9032"
"6157","    10 ","20/10/1965",1.7,0.6,17,10,"9032"
"6158","    10 ","21/10/1965",2,0.7,13,10,"9032"
"6159","   5 ","22/10/1965",0,3.7,15.5,5,"9032"
"6160","    4.5 ","23/10/1965",0,5.2,18,4.5,"9032"
"6161","    5 ","24/10/1965",0,5.8,18,5,"9032"
"6162","    3.5 ","25/10/1965",0,4.2,18,3.5,"9032"
"6163","    4 ","26/10/1965",0,4.2,18,4,"9032"
"6164","    6 ","27/10/1965",0,3.3,18,6,"9032"
"6165","   5.5 ","28/10/1965",0,2.4,15.5,5.5,"9032"
"6166","    7.5 ","29/10/1965",0,3.8,19,7.5,"9032"
"6167","    9 ","30/10/1965",0,2.5,17,9,"9032"
"6168","    10 ","31/10/1965",0,2.6,18,10,"9032"
"6169","    8 ","01/11/1965",0,3.3,18,8,"9032"
"6170","    8 ","02/11/1965",0,3.6,22,8,"9032"
"6171","    7.5 ","03/11/1965",0,4.4,22,7.5,"9032"
"6172","   8 ","04/11/1965",1.5,2.9,20.5,8,"9032"
"6173","    9.5 ","05/11/1965",0,3.1,18,9.5,"9032"
"6174","   9.5 ","06/11/1965",0,2.6,19.5,9.5,"9032"
"6175","    10 ","07/11/1965",0,5.1,21,10,"9032"
"6176","   7.5 ","08/11/1965",0,4.1,20.5,7.5,"9032"
"6177","    8 ","09/11/1965",0,4.6,21,8,"9032"
"6178","    8 ","10/11/1965",0,3.8,22,8,"9032"
"6179","    10 ","11/11/1965",0,3.9,22,10,"9032"
"6180","   9 ","12/11/1965",0,2.7,21.5,9,"9032"
"6181","    10 ","13/11/1965",0,2,17,10,"9032"
"6182","    9 ","14/11/1965",0,3.1,20,9,"9032"
"6183","   10.5 ","15/11/1965",0,4.4,20.5,10.5,"9032"
"6184","    8.5 ","16/11/1965",0,5,22,8.5,"9032"
"6185","    7.5 ","17/11/1965",0,5.2,22,7.5,"9032"
"6186","    6.5 ","18/11/1965",0,5.5,21,6.5,"9032"
"6187","   6.5 ","19/11/1965",0,5.5,21.5,6.5,"9032"
"6188","   7 ","20/11/1965",0,5.8,22.5,7,"9032"
"6189","   7.5 ","21/11/1965",0,5.1,21.5,7.5,"9032"
"6190","    8 ","22/11/1965",0,5.1,22,8,"9032"
"6191","    7.5 ","23/11/1965",0,5,23,7.5,"9032"
"6192","    7 ","24/11/1965",0,6.8,24,7,"9032"
"6193","   7.5 ","25/11/1965",0,5.4,23.5,7.5,"9032"
"6194","    8 ","26/11/1965",0,6.2,23,8,"9032"
"6195","    7 ","27/11/1965",0,5.7,18,7,"9032"
"6196","    6.5 ","28/11/1965",0,5.1,22,6.5,"9032"
"6197","    6.5 ","29/11/1965",0,4.7,21,6.5,"9032"
"6198","   5 ","30/11/1965",0,3.5,19.5,5,"9032"
"6199","    6 ","01/12/1965",0,2.2,19,6,"9032"
"6200","   7 ","02/12/1965",0,2.9,21.5,7,"9032"
"6201","   8.5 ","03/12/1965",0.3,1.9,15.5,8.5,"9032"
"6202","    7 ","04/12/1965",7,0.2,10,7,"9032"
"6203","    7 ","05/12/1965",1.5,0.5,12,7,"9032"
"6204","     7 ","06/12/1965",0.3,0.1,8,7,"9032"
"6205","    6 ","07/12/1965",0,1.8,14,6,"9032"
"6206","    5.5 ","08/12/1965",0,1.6,16,5.5,"9032"
"6207","    5.5 ","09/12/1965",0,2.7,19,5.5,"9032"
"6208","    8 ","10/12/1965",0,3.3,20,8,"9032"
"6209","   8.5 ","11/12/1965",0,3,21.5,8.5,"9032"
"6210","    8 ","12/12/1965",0,5.1,22,8,"9032"
"6211","   10.5 ","13/12/1965",0,5.8,22.5,10.5,"9032"
"6212","    5.5 ","14/12/1965",0,6,22,5.5,"9032"
"6213","    10 ","15/12/1965",0,3.3,19,10,"9032"
"6214","   9.5 ","16/12/1965",0,5.2,22.5,9.5,"9032"
"6215","    8 ","17/12/1965",0,4.7,24,8,"9032"
"6216","    10 ","18/12/1965",0,4.6,22,10,"9032"
"6217","    8 ","19/12/1965",0,4.6,22,8,"9032"
"6218","    4 ","20/12/1965",0,3.5,22,4,"9032"
"6219","    3.5 ","21/12/1965",0,5,21,3.5,"9032"
"6220","    7 ","22/12/1965",0,4,22,7,"9032"
"6221","   8 ","23/12/1965",0,4.9,22.5,8,"9032"
"6222","   8.5 ","24/12/1965",0,3.6,22.5,8.5,"9032"
"6223","    8 ","25/12/1965",0,3.5,20,8,"9032"
"6224","    7 ","26/12/1965",0,5.1,21,7,"9032"
"6225","    5.5 ","27/12/1965",0,4.3,21,5.5,"9032"
"6226","    4 ","28/12/1965",0,3.2,18,4,"9032"
"6227","    5 ","29/12/1965",0,3.1,20,5,"9032"
"6228","    5 ","30/12/1965",0,4.5,20,5,"9032"
"6229","    6 ","31/12/1965",0,5.1,20,6,"9032"
"6230","    6.5 ","01/01/1966",0,4.6,22,6.5,"9032"
"6231","   7.5 ","02/01/1966",0,3.4,19.5,7.5,"9032"
"6232","    5.5 ","03/01/1966",0,4.9,19,5.5,"9032"
"6233","    6.5 ","04/01/1966",0,4.2,19,6.5,"9032"
"6234","    5.5 ","05/01/1966",0,5.4,19,5.5,"9032"
"6235","    6.5 ","06/01/1966",0,2.5,18,6.5,"9032"
"6236","    5 ","07/01/1966",13,0.8,14,5,"9032"
"6237","    4.5 ","08/01/1966",2,1.1,12,4.5,"9032"
"6238","    4 ","09/01/1966",0,4.2,15,4,"9032"
"6239","    4.5 ","10/01/1966",0,3.3,16,4.5,"9032"
"6240","   6 ","11/01/1966",0,3.2,15.5,6,"9032"
"6241","    3.5 ","12/01/1966",0,3.6,18,3.5,"9032"
"6242","    7 ","13/01/1966",0,5.1,20,7,"9032"
"6243","    7 ","14/01/1966",0,4.2,17,7,"9032"
"6244","    4 ","15/01/1966",0,5.9,21,4,"9032"
"6245","    5.5 ","16/01/1966",0,5.4,21,5.5,"9032"
"6246","    7 ","17/01/1966",0,4.4,21,7,"9032"
"6247","   6 ","18/01/1966",0,4.3,21.5,6,"9032"
"6248","    7.5 ","19/01/1966",0,3.6,22,7.5,"9032"
"6249","    8.5 ","20/01/1966",0,3.9,20,8.5,"9032"
"6250","    11 ","21/01/1966",0,4.9,20,11,"9032"
"6251","    8 ","22/01/1966",0,4.4,20,8,"9032"
"6252","    10 ","23/01/1966",0,4.6,20,10,"9032"
"6253","    10.5 ","24/01/1966",0,3.9,19,10.5,"9032"
"6254","    10 ","25/01/1966",0.5,3.7,19,10,"9032"
"6255","   7 ","26/01/1966",0,4.9,19.5,7,"9032"
"6256","    4.5 ","27/01/1966",0,4.5,19,4.5,"9032"
"6257","   6 ","28/01/1966",0,5.1,17.5,6,"9032"
"6258","   6 ","29/01/1966",0,4.4,17.5,6,"9032"
"6259","   -1 ","30/01/1966",0,4.2,18,-1,"9032"
"6260","   -1 ","31/01/1966",0,7.2,24,-1,"9032"
"6261","   1 ","01/02/1966",0,3.7,18.5,1,"9032"
"6262","    7 ","02/02/1966",0,2.6,17,7,"9032"
"6263","    7.5 ","03/02/1966",0,3.1,18,7.5,"9032"
"6264","   6 ","04/02/1966",0,1.9,16.5,6,"9032"
"6265","   5.5 ","05/02/1966",0.2,2.3,16.5,5.5,"9032"
"6266","    5.5 ","06/02/1966",0,3.9,20,5.5,"9032"
"6267","    6.5 ","07/02/1966",0,5.3,19,6.5,"9032"
"6268","    8 ","08/02/1966",0,4.7,19,8,"9032"
"6269","    8 ","09/02/1966",0,4.7,19,8,"9032"
"6270","    11 ","10/02/1966",1,2.5,18,11,"9032"
"6271","    12 ","11/02/1966",0,3.9,19,12,"9032"
"6272","    10.5 ","12/02/1966",0,6,20,10.5,"9032"
"6273","   8.5 ","13/02/1966",0,5.5,20.5,8.5,"9032"
"6274","   10 ","14/02/1966",0,7.1,24.5,10,"9032"
"6275","   9 ","15/02/1966",0,6.8,21.5,9,"9032"
"6276","   8.5 ","16/02/1966",0,6.8,23.5,8.5,"9032"
"6277","    8.5 ","17/02/1966",0,5.8,20,8.5,"9032"
"6278","   8 ","18/02/1966",0,6.4,21.5,8,"9032"
"6279","    5.5 ","19/02/1966",0,4,19,5.5,"9032"
"6280","    6.5 ","20/02/1966",0,4.2,19,6.5,"9032"
"6281","    7 ","21/02/1966",0.9,4,19,7,"9032"
"6282","   5.5 ","22/02/1966",0.7,3.3,17.5,5.5,"9032"
"6283","    4.5 ","23/02/1966",0,5.6,18,4.5,"9032"
"6284","    5 ","24/02/1966",0,5.2,18,5,"9032"
"6285","    7 ","25/02/1966",0,7.4,22,7,"9032"
"6286","    9 ","26/02/1966",0,7.9,21,9,"9032"
"6287","    11 ","27/02/1966",0,8.1,25,11,"9032"
"6288","    10 ","28/02/1966",0,7.8,25,10,"9032"
"6289","    5.5 ","01/03/1966",0,7.7,24,5.5,"9032"
"6290","    7 ","02/03/1966",0,8.8,24,7,"9032"
"6291","    8.5 ","03/03/1966",0,8.1,25,8.5,"9032"
"6292","    9 ","04/03/1966",0,8.7,26,9,"9032"
"6293","    7 ","05/03/1966",0,5.2,24,7,"9032"
"6294","   3 ","06/03/1966",0,6.3,22.5,3,"9032"
"6295","    6 ","07/03/1966",0,6.2,23,6,"9032"
"6296","    8.5 ","08/03/1966",13,4.1,20,8.5,"9032"
"6297","    7.5 ","09/03/1966",21,4.6,16,7.5,"9032"
"6298","    4 ","10/03/1966",7.4,2.8,14,4,"9032"
"6299","    6 ","11/03/1966",0.7,3.3,14,6,"9032"
"6300","    6 ","12/03/1966",0,4.2,19,6,"9032"
"6301","    7 ","13/03/1966",0,2.9,15,7,"9032"
"6302","    3 ","14/03/1966",0,5.3,18,3,"9032"
"6303","    7 ","15/03/1966",0,4.6,18,7,"9032"
"6304","    9 ","16/03/1966",0.8,2.5,16,9,"9032"
"6305","   7.5 ","17/03/1966",0.3,2.8,19.5,7.5,"9032"
"6306","   9 ","18/03/1966",0,4.8,20.5,9,"9032"
"6307","    7 ","19/03/1966",0,5,21,7,"9032"
"6308","    6 ","20/03/1966",0,6.6,21,6,"9032"
"6309","   6.5 ","21/03/1966",0,7.6,22.5,6.5,"9032"
"6310","    9.5 ","22/03/1966",0,6.1,22,9.5,"9032"
"6311","    11 ","23/03/1966",16,5.6,23,11,"9032"
"6312","    10 ","24/03/1966",0,3.1,19,10,"9032"
"6313","    10 ","25/03/1966",0,5,21,10,"9032"
"6314","    10.5 ","26/03/1966",0,6.1,23,10.5,"9032"
"6315","    10.5 ","27/03/1966",0,7.1,23,10.5,"9032"
"6316","    12 ","28/03/1966",0,8.8,25,12,"9032"
"6317","    14 ","29/03/1966",0,8,24,14,"9032"
"6318","   10 ","30/03/1966",0,4.7,21.5,10,"9032"
"6319","    9 ","31/03/1966",0,5,22,9,"9032"
"6320","    10 ","01/04/1966",0.1,6.4,24,10,"9032"
"6321","    10 ","02/04/1966",11.5,5.9,22,10,"9032"
"6322","    11 ","03/04/1966",11.5,1.9,16,11,"9032"
"6323","    9 ","04/04/1966",0,6.2,21,9,"9032"
"6324","   9 ","05/04/1966",0,7.6,21.5,9,"9032"
"6325","    7.5 ","06/04/1966",0,7.6,22,7.5,"9032"
"6326","   10 ","07/04/1966",0,7.4,22.5,10,"9032"
"6327","    11 ","08/04/1966",0,7.4,24,11,"9032"
"6328","    10.5 ","09/04/1966",0,6.3,23,10.5,"9032"
"6329","    10 ","10/04/1966",0,5.4,22,10,"9032"
"6330","    11 ","11/04/1966",0,9.3,24,11,"9032"
"6331","    11.5 ","12/04/1966",0,8.8,25,11.5,"9032"
"6332","    11 ","13/04/1966",0,10.4,26,11,"9032"
"6333","    13 ","14/04/1966",0,8.2,26,13,"9032"
"6334","    11.5 ","15/04/1966",1.7,2.9,22,11.5,"9032"
"6335","   9 ","16/04/1966",0,3.9,22.5,9,"9032"
"6336","    10 ","17/04/1966",0,7.2,22,10,"9032"
"6337","    11 ","18/04/1966",0,6.3,22,11,"9032"
"6338","    11.5 ","19/04/1966",0,7,24,11.5,"9032"
"6339","   12 ","20/04/1966",0,8.4,24.5,12,"9032"
"6340","    11.5 ","21/04/1966",0,7.1,25,11.5,"9032"
"6341","    11 ","22/04/1966",0,6,23,11,"9032"
"6342","   11.5 ","23/04/1966",3.6,4.7,24.5,11.5,"9032"
"6343","    11 ","24/04/1966",0,4.7,25,11,"9032"
"6344","    11.5 ","25/04/1966",5.5,4,25,11.5,"9032"
"6345","    11 ","26/04/1966",15.5,6.4,23,11,"9032"
"6346","    11.5 ","27/04/1966",0,6.7,25,11.5,"9032"
"6347","    13 ","28/04/1966",0,6.2,25,13,"9032"
"6348","    12.5 ","29/04/1966",0,8.4,26,12.5,"9032"
"6349","    11 ","30/04/1966",0,3.4,25,11,"9032"
"6350","   11.5 ","01/05/1966",0,7.3,23.5,11.5,"9032"
"6351","    12.5 ","02/05/1966",1.5,2.5,18,12.5,"9032"
"6352","    9.5 ","03/05/1966",15.9,4.1,18,9.5,"9032"
"6353","    7.5 ","04/05/1966",0,4.8,18,7.5,"9032"
"6354","   7.5 ","05/05/1966",0,3.9,19.5,7.5,"9032"
"6355","    8 ","06/05/1966",4.1,4.4,22,8,"9032"
"6356","    10.5 ","07/05/1966",0,5.6,21,10.5,"9032"
"6357","   9.5 ","08/05/1966",0,6.9,23.5,9.5,"9032"
"6358","    11 ","09/05/1966",0,8.3,25,11,"9032"
"6359","    11.5 ","10/05/1966",0,8.9,26,11.5,"9032"
"6360","   12 ","11/05/1966",0,7.4,26.5,12,"9032"
"6361","    14 ","12/05/1966",1.6,7.3,28,14,"9032"
"6362","    15 ","13/05/1966",0,8.4,27,15,"9032"
"6363","   13.5 ","14/05/1966",0,8,27.5,13.5,"9032"
"6364","   14 ","15/05/1966",0,8.6,27.5,14,"9032"
"6365","    14 ","16/05/1966",0,8.8,28,14,"9032"
"6366","    13 ","17/05/1966",0,9.9,29,13,"9032"
"6367","    14.5 ","18/05/1966",0,8.9,27,14.5,"9032"
"6368","    14 ","19/05/1966",0.3,6.3,26,14,"9032"
"6369","    13.5 ","20/05/1966",0.2,4.9,26,13.5,"9032"
"6370","    12 ","21/05/1966",6.5,7.4,26,12,"9032"
"6371","    11 ","22/05/1966",0,7.6,27,11,"9032"
"6372","    12.5 ","23/05/1966",0,10.5,27,12.5,"9032"
"6373","   12 ","24/05/1966",0,9.2,26.5,12,"9032"
"6374","    12 ","25/05/1966",0,7.9,27,12,"9032"
"6375","   12.5 ","26/05/1966",1.8,4.4,26.5,12.5,"9032"
"6376","    12 ","27/05/1966",0,3.6,21,12,"9032"
"6377","    11.5 ","28/05/1966",0.8,6.9,24,11.5,"9032"
"6378","    13 ","29/05/1966",0,6.8,26,13,"9032"
"6379","    12.5 ","30/05/1966",0,10.6,26,12.5,"9032"
"6380","    8.5 ","31/05/1966",0,0,26,8.5,"9032"
"6381","    9.5 ","01/06/1966",0,7.8,23,9.5,"9032"
"6382","   9 ","02/06/1966",0,9,25.5,9,"9032"
"6383","    8.5 ","03/06/1966",0,7.6,26,8.5,"9032"
"6384","    10 ","04/06/1966",0,9.4,27,10,"9032"
"6385","    10.5 ","05/06/1966",0,9.5,27,10.5,"9032"
"6386","    11 ","06/06/1966",0,10.4,27,11,"9032"
"6387","    10 ","07/06/1966",0,8.7,26,10,"9032"
"6388","    12 ","08/06/1966",0,8.4,26,12,"9032"
"6389","    13 ","09/06/1966",0,9.2,27,13,"9032"
"6390","    14 ","10/06/1966",4.5,5.4,25,14,"9032"
"6391","    13.5 ","11/06/1966",1.6,4.2,23,13.5,"9032"
"6392","    11.5 ","12/06/1966",0,5.5,24,11.5,"9032"
"6393","    12.5 ","13/06/1966",0,6.3,24,12.5,"9032"
"6394","   12 ","14/06/1966",3.6,4.4,24.5,12,"9032"
"6395","    11 ","15/06/1966",0,5.9,23,11,"9032"
"6396","    12 ","16/06/1966",4.5,3.7,24,12,"9032"
"6397","    13.5 ","17/06/1966",9.2,4.8,24,13.5,"9032"
"6398","    13 ","18/06/1966",6.5,5.4,23,13,"9032"
"6399","    12 ","19/06/1966",0.4,4.4,23,12,"9032"
"6400","    13 ","20/06/1966",2.4,3.2,21,13,"9032"
"6401","    13.5 ","21/06/1966",17.2,4.5,23,13.5,"9032"
"6402","    13 ","22/06/1966",2.1,3.2,22,13,"9032"
"6403","    13 ","23/06/1966",0,2.9,24,13,"9032"
"6404","    13 ","24/06/1966",0,6.9,22,13,"9032"
"6405","   12.5 ","25/06/1966",0,7.3,24.5,12.5,"9032"
"6406","    13 ","26/06/1966",1.9,2,20,13,"9032"
"6407","    13.5 ","27/06/1966",0,3.2,22,13.5,"9032"
"6408","   12 ","28/06/1966",0,6.4,22.5,12,"9032"
"6409","    12.5 ","29/06/1966",0,5.8,23,12.5,"9032"
"6410","    11 ","30/06/1966",0,6.1,24,11,"9032"
"6411","    13 ","01/07/1966",0,5.6,24,13,"9032"
"6412","    13 ","02/07/1966",22,7,25,13,"9032"
"6413","    13.5 ","03/07/1966",4.8,2.4,20,13.5,"9032"
"6414","    11.5 ","04/07/1966",11,7.1,24,11.5,"9032"
"6415","    11.5 ","05/07/1966",13,2.6,19,11.5,"9032"
"6416","    11 ","06/07/1966",0.5,5.8,24,11,"9032"
"6417","    12 ","07/07/1966",5.5,5.6,23,12,"9032"
"6418","    10.5 ","08/07/1966",0,4.9,23,10.5,"9032"
"6419","   12.5 ","09/07/1966",2,5.1,23.5,12.5,"9032"
"6420","    10.5 ","10/07/1966",0,5.6,21,10.5,"9032"
"6421","   11.5 ","11/07/1966",1.3,3,19.5,11.5,"9032"
"6422","    13 ","12/07/1966",0.2,5.6,22,13,"9032"
"6423","    13 ","13/07/1966",4.2,3.2,23,13,"9032"
"6424","   13 ","14/07/1966",0.6,5.2,21.5,13,"9032"
"6425","    12.5 ","15/07/1966",0,5.8,24,12.5,"9032"
"6426","    11 ","16/07/1966",10.7,0.9,23,11,"9032"
"6427","    11 ","17/07/1966",0,5.8,19,11,"9032"
"6428","    10 ","18/07/1966",17,7.1,24,10,"9032"
"6429","    13 ","19/07/1966",1.8,4.3,23,13,"9032"
"6430","    12 ","20/07/1966",15.4,5.3,22,12,"9032"
"6431","   10 ","21/07/1966",9.8,3.6,20.5,10,"9032"
"6432","    12 ","22/07/1966",11.3,2.8,20,12,"9032"
"6433","   9.5 ","23/07/1966",6.6,4.6,21.5,9.5,"9032"
"6434","    12 ","24/07/1966",7.7,2.4,21,12,"9032"
"6435","   10 ","25/07/1966",4.8,4.7,19.5,10,"9032"
"6436","   10.5 ","26/07/1966",0,3.2,20.5,10.5,"9032"
"6437","    10.5 ","27/07/1966",0,6.7,23,10.5,"9032"
"6438","    11.5 ","28/07/1966",13.8,3.2,22,11.5,"9032"
"6439","    11 ","29/07/1966",10.6,5.9,23,11,"9032"
"6440","    11.5 ","30/07/1966",5,4,22,11.5,"9032"
"6441","    11.5 ","31/07/1966",0,6.9,23,11.5,"9032"
"6442","    10.5 ","01/08/1966",7.5,5.2,23,10.5,"9032"
"6443","    10 ","02/08/1966",1.6,5.5,23,10,"9032"
"6444","    10.5 ","03/08/1966",1.7,4.6,22,10.5,"9032"
"6445","    12 ","04/08/1966",0,3.6,21,12,"9032"
"6446","    10 ","05/08/1966",0.8,4.2,24,10,"9032"
"6447","    12 ","06/08/1966",4.7,4.9,24,12,"9032"
"6448","   13 ","07/08/1966",5.8,5.4,21.5,13,"9032"
"6449","    11.5 ","08/08/1966",29,8.2,23,11.5,"9032"
"6450","    12.5 ","09/08/1966",2.8,3.5,22,12.5,"9032"
"6451","    12.5 ","10/08/1966",0,5.8,23,12.5,"9032"
"6452","   12.5 ","11/08/1966",0,4.5,22.5,12.5,"9032"
"6453","    10.5 ","12/08/1966",38.2,8.9,23,10.5,"9032"
"6454","    11 ","13/08/1966",6.4,3.4,23,11,"9032"
"6455","   12.5 ","14/08/1966",0,5.5,21.5,12.5,"9032"
"6456","    11 ","15/08/1966",0,5.7,21,11,"9032"
"6457","    11 ","16/08/1966",0,6.7,21,11,"9032"
"6458","    9.5 ","17/08/1966",0,6.2,23,9.5,"9032"
"6459","   10 ","18/08/1966",2.6,4.2,22.5,10,"9032"
"6460","    11 ","19/08/1966",1.2,5.2,23,11,"9032"
"6461","    12 ","20/08/1966",5.2,5.5,21,12,"9032"
"6462","    11.5 ","21/08/1966",4.8,4.2,21,11.5,"9032"
"6463","   10.5 ","22/08/1966",0.5,4.1,21.5,10.5,"9032"
"6464","    12.5 ","23/08/1966",4.3,2.3,19,12.5,"9032"
"6465","    11.5 ","24/08/1966",1.6,1.6,19,11.5,"9032"
"6466","    12.5 ","25/08/1966",0,1.7,20,12.5,"9032"
"6467","    12 ","26/08/1966",1.4,3.6,21,12,"9032"
"6468","    12 ","27/08/1966",2,3.3,22,12,"9032"
"6469","    13 ","28/08/1966",6.3,5.2,22,13,"9032"
"6470","    13 ","29/08/1966",3.2,4.6,22,13,"9032"
"6471","    11 ","30/08/1966",0,4.4,21,11,"9032"
"6472","    10.5 ","31/08/1966",0,5.4,23,10.5,"9032"
"6473","    11 ","01/09/1966",1.6,4.4,22,11,"9032"
"6474","    11 ","02/09/1966",0,4.4,21,11,"9032"
"6475","    13.5 ","03/09/1966",0.8,3,21,13.5,"9032"
"6476","    13 ","04/09/1966",4.6,6.6,23,13,"9032"
"6477","    12.5 ","05/09/1966",0,3.5,23,12.5,"9032"
"6478","    12.5 ","06/09/1966",1.3,4.2,23,12.5,"9032"
"6479","    12.5 ","07/09/1966",5,3.4,22,12.5,"9032"
"6480","    12.5 ","08/09/1966",0,1.4,20,12.5,"9032"
"6481","    11 ","09/09/1966",0,5.1,21,11,"9032"
"6482","    11 ","10/09/1966",1.5,3.9,22,11,"9032"
"6483","    12 ","11/09/1966",0,3.4,22,12,"9032"
"6484","    12.5 ","12/09/1966",0,3.9,23,12.5,"9032"
"6485","    12.5 ","13/09/1966",0,5.3,23,12.5,"9032"
"6486","    12.5 ","14/09/1966",0,5.8,23,12.5,"9032"
"6487","    10.5 ","15/09/1966",0,5.9,23,10.5,"9032"
"6488","    10.5 ","16/09/1966",7.3,5.3,24,10.5,"9032"
"6489","    12.5 ","17/09/1966",8,5,23,12.5,"9032"
"6490","    12.5 ","18/09/1966",7.7,3.1,21,12.5,"9032"
"6491","    11.5 ","19/09/1966",14.7,3.5,20,11.5,"9032"
"6492","    12 ","20/09/1966",1.6,1.9,17,12,"9032"
"6493","    10.5 ","21/09/1966",12,0.3,17,10.5,"9032"
"6494","    8 ","22/09/1966",1,1.9,13,8,"9032"
"6495","   8 ","23/09/1966",0,1.9,17.5,8,"9032"
"6496","    10 ","24/09/1966",0,2.7,18,10,"9032"
"6497","   11 ","25/09/1966",0,4.5,21.5,11,"9032"
"6498","    11.5 ","26/09/1966",0,6.3,23,11.5,"9032"
"6499","    10 ","27/09/1966",0,6.4,23,10,"9032"
"6500","   11 ","28/09/1966",0,7.4,23.5,11,"9032"
"6501","    10 ","29/09/1966",0,7.4,24,10,"9032"
"6502","    10 ","30/09/1966",0,6.3,24,10,"9032"
"6503","   10 ","01/10/1966",1.6,5.6,23.5,10,"9032"
"6504","   10.5 ","02/10/1966",0.7,3.8,22.5,10.5,"9032"
"6505","   11 ","03/10/1966",0,5.6,22.5,11,"9032"
"6506","    13 ","04/10/1966",0.4,6.6,23,13,"9032"
"6507","   11.5 ","05/10/1966",0,5.3,23.5,11.5,"9032"
"6508","    10.5 ","06/10/1966",0,3.7,21,10.5,"9032"
"6509","    10 ","07/10/1966",0,4.2,22,10,"9032"
"6510","   13 ","08/10/1966",0,6.3,22.5,13,"9032"
"6511","   9 ","09/10/1966",0,5.5,21.5,9,"9032"
"6512","    12 ","10/10/1966",8.5,3,22,12,"9032"
"6513","    10.5 ","11/10/1966",1,4.3,23,10.5,"9032"
"6514","    12.5 ","12/10/1966",1.8,3.5,22,12.5,"9032"
"6515","    11.5 ","13/10/1966",0,4.6,23,11.5,"9032"
"6516","    11.5 ","14/10/1966",0,5.4,25,11.5,"9032"
"6517","    13.5 ","15/10/1966",0,4.6,21,13.5,"9032"
"6518","   11 ","16/10/1966",0.6,1.9,21.5,11,"9032"
"6519","    10.5 ","17/10/1966",3.3,5.6,25,10.5,"9032"
"6520","    10 ","18/10/1966",10.4,4.7,22,10,"9032"
"6521","    12 ","19/10/1966",0,1.7,14,12,"9032"
"6522","    12 ","20/10/1966",5,0.8,14,12,"9032"
"6523","    8.5 ","21/10/1966",0,3.1,19,8.5,"9032"
"6524","    8 ","22/10/1966",0,5.3,21,8,"9032"
"6525","   7 ","23/10/1966",0,5.6,21.5,7,"9032"
"6526","    8 ","24/10/1966",7,4.1,21,8,"9032"
"6527","    8 ","25/10/1966",0,2.2,14,8,"9032"
"6528","    8.5 ","26/10/1966",0,1.9,14,8.5,"9032"
"6529","    4.5 ","27/10/1966",0,2.7,18,4.5,"9032"
"6530","    5 ","28/10/1966",0,3.3,19,5,"9032"
"6531","    7 ","29/10/1966",0,4.8,19,7,"9032"
"6532","    8 ","30/10/1966",0,3.6,19,8,"9032"
"6533","   7.5 ","31/10/1966",0,3.4,18.5,7.5,"9032"
"6534","    7 ","01/11/1966",0,4.6,19,7,"9032"
"6535","    0.6 ","02/11/1966",0,3.5,17,0.6,"9032"
"6536","    3 ","03/11/1966",0,5.2,19,3,"9032"
"6537","    3 ","04/11/1966",0,5.6,21,3,"9032"
"6538","    4.5 ","05/11/1966",0,5.2,22,4.5,"9032"
"6539","   4.5 ","06/11/1966",0,5.3,20.5,4.5,"9032"
"6540","    6 ","07/11/1966",0,5.9,21,6,"9032"
"6541","    6 ","08/11/1966",0,5.1,23,6,"9032"
"6542","   8.5 ","09/11/1966",0,6.5,23.5,8.5,"9032"
"6543","    10 ","10/11/1966",0,4.2,23,10,"9032"
"6544","    11.5 ","11/11/1966",0,2.2,20,11.5,"9032"
"6545","    10 ","12/11/1966",0,4.4,21,10,"9032"
"6546","   10 ","13/11/1966",0,4.4,21.5,10,"9032"
"6547","    9 ","14/11/1966",0,5,21,9,"9032"
"6548","    8 ","15/11/1966",0,3.3,21,8,"9032"
"6549","    7.5 ","16/11/1966",0,3.4,18,7.5,"9032"
"6550","    3 ","17/11/1966",0,3.4,19,3,"9032"
"6551","    7 ","18/11/1966",0,3.7,19,7,"9032"
"6552","    8.5 ","19/11/1966",0,2.6,15,8.5,"9032"
"6553","    5 ","20/11/1966",0,3.4,17,5,"9032"
"6554","    4.5 ","21/11/1966",0,3.7,19,4.5,"9032"
"6555","    6.5 ","22/11/1966",0,4.2,19,6.5,"9032"
"6556","    5.5 ","23/11/1966",0,4.2,19,5.5,"9032"
"6557","    3 ","24/11/1966",0,2.6,18,3,"9032"
"6558","    6 ","25/11/1966",0,4,16,6,"9032"
"6559","    4 ","26/11/1966",0,4.8,22,4,"9032"
"6560","   5 ","27/11/1966",0,4.8,19.5,5,"9032"
"6561","    5 ","28/11/1966",0,3.4,16,5,"9032"
"6562","    1 ","29/11/1966",0,4.7,19,1,"9032"
"6563","    2 ","30/11/1966",0,5.4,19,2,"9032"
"6564","   1 ","01/12/1966",0,3.8,18.7,1,"9032"
"6565","   0.5 ","02/12/1966",0,3.9,19.7,0.5,"9032"
"6566","   2 ","03/12/1966",0,4,19.2,2,"9032"
"6567","   0 ","04/12/1966",0,4.1,20.2,0,"9032"
"6568","   4.1 ","05/12/1966",0,4.1,21.2,4.1,"9032"
"6569","   4.1 ","06/12/1966",0,4,21.7,4.1,"9032"
"6570","   5.1 ","07/12/1966",0,4.1,22.7,5.1,"9032"
"6571","   6.1 ","08/12/1966",0,4.2,22.2,6.1,"9032"
"6572","   5.1 ","09/12/1966",0,4.3,23.2,5.1,"9032"
"6573","   6.1 ","10/12/1966",0,3.5,20.7,6.1,"9032"
"6574","   1.5 ","11/12/1966",0,3.5,20.2,1.5,"9032"
"6575","   2.5 ","12/12/1966",0,3.6,17.7,2.5,"9032"
"6576","   2 ","13/12/1966",0,3.9,19.7,2,"9032"
"6577","   3 ","14/12/1966",0,4.1,19.7,3,"9032"
"6578","   5.1 ","15/12/1966",0,3.2,18.7,5.1,"9032"
"6579","   6.1 ","16/12/1966",2.6,0.5,12.6,6.1,"9032"
"6580","   4.1 ","17/12/1966",0,1.3,15.7,4.1,"9032"
"6581","   3 ","18/12/1966",0,3.5,17.7,3,"9032"
"6582","   2 ","19/12/1966",0,4.2,18.7,2,"9032"
"6583","   1.5 ","20/12/1966",0,3.7,20.2,1.5,"9032"
"6584","   5.1 ","21/12/1966",0,3.8,21.7,5.1,"9032"
"6585","   6.6 ","22/12/1966",0,3.4,22.7,6.6,"9032"
"6586","   7.1 ","23/12/1966",0,1.8,18.7,7.1,"9032"
"6587","   4.6 ","24/12/1966",0.2,3.9,20.2,4.6,"9032"
"6588","   7.6 ","25/12/1966",0,2.5,20.7,7.6,"9032"
"6589","   6.6 ","26/12/1966",0,3.8,21.7,6.6,"9032"
"6590","   6.1 ","27/12/1966",0,5.4,22.7,6.1,"9032"
"6591","   7.1 ","28/12/1966",0,3.4,23.2,7.1,"9032"
"6592","   6.1 ","29/12/1966",0,3.5,22.2,6.1,"9032"
"6593","   7.6 ","30/12/1966",0,5.5,21.2,7.6,"9032"
"6594","   6.1 ","31/12/1966",0,5.4,24.2,6.1,"9032"
"6595","    7 ","01/01/1967",0,5.6,22,7,"9032"
"6596","    9 ","02/01/1967",0,6.4,23,9,"9032"
"6597","    5 ","03/01/1967",0,5.6,23,5,"9032"
"6598","    3.5 ","04/01/1967",0,5.3,19,3.5,"9032"
"6599","    3 ","05/01/1967",0,5.4,19,3,"9032"
"6600","    4 ","06/01/1967",0,7.5,20,4,"9032"
"6601","   3 ","07/01/1967",0,4.8,20.5,3,"9032"
"6602","    6.5 ","08/01/1967",0,4.3,21,6.5,"9032"
"6603","    6.5 ","09/01/1967",19,5.4,16,6.5,"9032"
"6604","     5 ","10/01/1967",64,1.2,6,5,"9032"
"6605","    2 ","11/01/1967",14,0.2,8.5,2,"9032"
"6606","    2 ","12/01/1967",0,3.6,14,2,"9032"
"6607","    2.5 ","13/01/1967",0,1.1,12,2.5,"9032"
"6608","    7 ","14/01/1967",0,4.2,18,7,"9032"
"6609","   4 ","15/01/1967",0,3.9,16.5,4,"9032"
"6610","    4 ","16/01/1967",0,4.1,20,4,"9032"
"6611","    5 ","17/01/1967",0,4.5,18,5,"9032"
"6612","    3 ","18/01/1967",0,3.7,18,3,"9032"
"6613","    5 ","19/01/1967",0,3.4,19,5,"9032"
"6614","    3.5 ","20/01/1967",0,3.2,19,3.5,"9032"
"6615","    5 ","21/01/1967",0,4.7,19,5,"9032"
"6616","    7 ","22/01/1967",0,4.7,20,7,"9032"
"6617","    7 ","23/01/1967",0,4,20,7,"9032"
"6618","   8 ","24/01/1967",0,4.5,20.5,8,"9032"
"6619","    8 ","25/01/1967",0,5.1,21,8,"9032"
"6620","    8.5 ","26/01/1967",0,5,20,8.5,"9032"
"6621","   9 ","27/01/1967",0,5.3,19.5,9,"9032"
"6622","    5.5 ","28/01/1967",0,4.2,20,5.5,"9032"
"6623","    4 ","29/01/1967",0,5.3,20,4,"9032"
"6624","    6 ","30/01/1967",0,4.8,20,6,"9032"
"6625","    6.5 ","31/01/1967",0,5.2,22,6.5,"9032"
"6626","   8 ","01/02/1967",0,5.9,22.5,8,"9032"
"6627","    8 ","02/02/1967",0,4.4,23,8,"9032"
"6628","   8.5 ","03/02/1967",0,4.9,21.5,8.5,"9032"
"6629","   8 ","04/02/1967",0,4.8,21.5,8,"9032"
"6630","   9 ","05/02/1967",0,5.5,22.5,9,"9032"
"6631","   9 ","06/02/1967",0,5.9,21.5,9,"9032"
"6632","    8 ","07/02/1967",0,5.3,18,8,"9032"
"6633","    8 ","08/02/1967",0,5.9,19,8,"9032"
"6634","    2 ","09/02/1967",0,6.4,19,2,"9032"
"6635","    3 ","10/02/1967",0,6.7,20,3,"9032"
"6636","    5 ","11/02/1967",0,6.2,21,5,"9032"
"6637","    4 ","12/02/1967",0,4.7,20,4,"9032"
"6638","   2 ","13/02/1967",0,5.6,18.5,2,"9032"
"6639","   3 ","14/02/1967",0,7.2,21.5,3,"9032"
"6640","    5 ","15/02/1967",0,7,18,5,"9032"
"6641","    3 ","16/02/1967",0,8.3,25,3,"9032"
"6642","    6 ","17/02/1967",0,6.5,24,6,"9032"
"6643","    8 ","18/02/1967",0,6.4,23,8,"9032"
"6644","    8.5 ","19/02/1967",0,5.6,21,8.5,"9032"
"6645","    8.5 ","20/02/1967",0,4.7,20,8.5,"9032"
"6646","    8 ","21/02/1967",0,6.4,21,8,"9032"
"6647","   9 ","22/02/1967",0,6.3,21.5,9,"9032"
"6648","    5 ","23/02/1967",0,7,22,5,"9032"
"6649","    6.5 ","24/02/1967",0,5.3,22,6.5,"9032"
"6650","    7.5 ","25/02/1967",0,3.3,18,7.5,"9032"
"6651","    6 ","26/02/1967",0,5.5,20,6,"9032"
"6652","    5.5 ","27/02/1967",0,6.1,22,5.5,"9032"
"6653","    8 ","28/02/1967",0,4.7,21,8,"9032"
"6654","    6 ","01/03/1967",0,5,20,6,"9032"
"6655","    6.5 ","02/03/1967",0,4.3,21,6.5,"9032"
"6656","    9 ","03/03/1967",0,4.3,21,9,"9032"
"6657","    10.5 ","04/03/1967",0,5.9,23,10.5,"9032"
"6658","    9 ","05/03/1967",0,7.8,23,9,"9032"
"6659","    9.5 ","06/03/1967",0,7.1,24,9.5,"9032"
"6660","   10 ","07/03/1967",0,7,23.5,10,"9032"
"6661","    10.5 ","08/03/1967",0,7.9,25,10.5,"9032"
"6662","    9.5 ","09/03/1967",3.4,6.3,24,9.5,"9032"
"6663","    9 ","10/03/1967",0,6.8,25,9,"9032"
"6664","    8 ","11/03/1967",0,6.7,23,8,"9032"
"6665","   8 ","12/03/1967",0,9.3,25.5,8,"9032"
"6666","   8.5 ","13/03/1967",0,8.1,25.5,8.5,"9032"
"6667","    10 ","14/03/1967",0,8.3,25,10,"9032"
"6668","    10 ","15/03/1967",0,7.8,26,10,"9032"
"6669","    8 ","16/03/1967",0,6.3,22,8,"9032"
"6670","   5.5 ","17/03/1967",0,7.5,22.5,5.5,"9032"
"6671","    6.5 ","18/03/1967",0,7,22,6.5,"9032"
"6672","    7 ","19/03/1967",0,6.4,22,7,"9032"
"6673","    7 ","20/03/1967",13.6,4.4,22,7,"9032"
"6674","    7 ","21/03/1967",2.5,3.7,18,7,"9032"
"6675","    9 ","22/03/1967",0.6,4.6,20,9,"9032"
"6676","    10 ","23/03/1967",0.5,2.4,18,10,"9032"
"6677","    8.5 ","24/03/1967",0.3,4.5,19,8.5,"9032"
"6678","   8.5 ","25/03/1967",0,7.5,19.5,8.5,"9032"
"6679","   8 ","26/03/1967",0,7.4,22.5,8,"9032"
"6680","    8.5 ","27/03/1967",0,6.5,24,8.5,"9032"
"6681","    8.5 ","28/03/1967",0,9.8,24,8.5,"9032"
"6682","   8 ","29/03/1967",0,8.5,23.5,8,"9032"
"6683","    9 ","30/03/1967",0,9.2,25,9,"9032"
"6684","    11 ","31/03/1967",0,8.3,25,11,"9032"
"6685","    9.5 ","01/04/1967",0,8.6,24,9.5,"9032"
"6686","   9 ","02/04/1967",0,6.7,21.5,9,"9032"
"6687","    7.5 ","03/04/1967",0,7.8,21,7.5,"9032"
"6688","    7 ","04/04/1967",0,5.9,21,7,"9032"
"6689","   7.5 ","05/04/1967",0,6.8,22.5,7.5,"9032"
"6690","    7 ","06/04/1967",0,8.6,24,7,"9032"
"6691","    10 ","07/04/1967",0,7.5,23,10,"9032"
"6692","   9 ","08/04/1967",0,6.4,23.5,9,"9032"
"6693","    10.5 ","09/04/1967",0,7.4,23,10.5,"9032"
"6694","    11 ","10/04/1967",0,5.3,22,11,"9032"
"6695","   10 ","11/04/1967",0,5.1,21.5,10,"9032"
"6696","    10 ","12/04/1967",0,6.6,23,10,"9032"
"6697","    10 ","13/04/1967",0,9,24,10,"9032"
"6698","    11.5 ","14/04/1967",1.6,6.1,24,11.5,"9032"
"6699","    10 ","15/04/1967",7.2,4.9,23,10,"9032"
"6700","   9 ","16/04/1967",0.3,4.8,22.5,9,"9032"
"6701","   11 ","17/04/1967",0.3,6.7,21.5,11,"9032"
"6702","    9.5 ","18/04/1967",2.6,3.4,22,9.5,"9032"
"6703","    9.5 ","19/04/1967",0,6.6,24,9.5,"9032"
"6704","    10.5 ","20/04/1967",0,7.6,25,10.5,"9032"
"6705","    11 ","21/04/1967",0,9.2,26,11,"9032"
"6706","    13 ","22/04/1967",0,9.5,28,13,"9032"
"6707","    13.5 ","23/04/1967",0,9.3,29,13.5,"9032"
"6708","    11.5 ","24/04/1967",0,9.7,27,11.5,"9032"
"6709","   13.5 ","25/04/1967",0,10.2,27.5,13.5,"9032"
"6710","    13 ","26/04/1967",0,9,28,13,"9032"
"6711","    12 ","27/04/1967",0,5.4,25,12,"9032"
"6712","    11 ","28/04/1967",0,5.2,24,11,"9032"
"6713","    11 ","29/04/1967",0,7.5,25,11,"9032"
"6714","   13.5 ","30/04/1967",9,5.6,25.5,13.5,"9032"
"6715","    10.5 ","01/05/1967",0,7.4,25,10.5,"9032"
"6716","    12 ","02/05/1967",0,6.5,25,12,"9032"
"6717","    12 ","03/05/1967",11.3,7.1,25,12,"9032"
"6718","    11 ","04/05/1967",23,8.1,25,11,"9032"
"6719","    10.5 ","05/05/1967",0,8.2,25,10.5,"9032"
"6720","    13 ","06/05/1967",0,8.5,27,13,"9032"
"6721","   12.5 ","07/05/1967",0,10.3,28.5,12.5,"9032"
"6722","    13 ","08/05/1967",0,10.6,29,13,"9032"
"6723","    13 ","09/05/1967",3.2,8.5,29,13,"9032"
"6724","    13 ","10/05/1967",0,10.2,28,13,"9032"
"6725","    14 ","11/05/1967",0,11.4,29,14,"9032"
"6726","    14 ","12/05/1967",0.2,9,28,14,"9032"
"6727","    13.5 ","13/05/1967",0,8.2,28,13.5,"9032"
"6728","   13 ","14/05/1967",1.3,5.3,26.5,13,"9032"
"6729","   12.5 ","15/05/1967",0,4.5,20.5,12.5,"9032"
"6730","    12 ","16/05/1967",0,3.6,19,12,"9032"
"6731","    11 ","17/05/1967",0,5.8,22,11,"9032"
"6732","    12 ","18/05/1967",1.4,3.2,21,12,"9032"
"6733","    11.5 ","19/05/1967",3.5,3.3,23,11.5,"9032"
"6734","    12.5 ","20/05/1967",17.5,6.8,23,12.5,"9032"
"6735","   11 ","21/05/1967",5.5,2.8,20.5,11,"9032"
"6736","    11 ","22/05/1967",56,3.7,20,11,"9032"
"6737","    11 ","23/05/1967",0,4.1,20,11,"9032"
"6738","    8 ","24/05/1967",0,7.5,23,8,"9032"
"6739","    11 ","25/05/1967",0,5.9,23,11,"9032"
"6740","    10 ","26/05/1967",0,3.3,23,10,"9032"
"6741","    9.5 ","27/05/1967",3.3,5.8,23,9.5,"9032"
"6742","    9.5 ","28/05/1967",0,5.6,23,9.5,"9032"
"6743","    13 ","29/05/1967",0,5.8,24,13,"9032"
"6744","    12 ","30/05/1967",0,6.8,24,12,"9032"
"6745","    12.5 ","31/05/1967",0,9.3,26,12.5,"9032"
"6746","    12.5 ","01/06/1967",0.5,4.7,25,12.5,"9032"
"6747","    11 ","02/06/1967",4.5,6.2,24,11,"9032"
"6748","    10.5 ","03/06/1967",0,4.5,21,10.5,"9032"
"6749","    12 ","04/06/1967",0.5,5,23,12,"9032"
"6750","    13 ","05/06/1967",1.5,5.2,22,13,"9032"
"6751","    9 ","06/06/1967",0,8.7,24,9,"9032"
"6752","    11 ","07/06/1967",0,8.8,25,11,"9032"
"6753","    11 ","08/06/1967",0,7.6,27,11,"9032"
"6754","    13 ","09/06/1967",6.6,6.2,24,13,"9032"
"6755","    15 ","10/06/1967",0,7.1,25,15,"9032"
"6756","    13.5 ","11/06/1967",5.3,7.5,26,13.5,"9032"
"6757","    12.5 ","12/06/1967",0,6.5,25,12.5,"9032"
"6758","    13 ","13/06/1967",2.3,5.6,25,13,"9032"
"6759","    13 ","14/06/1967",11.5,6.8,22,13,"9032"
"6760","    13 ","15/06/1967",15,7.9,24,13,"9032"
"6761","    13 ","16/06/1967",4.2,6.4,24,13,"9032"
"6762","    13 ","17/06/1967",0.5,6.1,23,13,"9032"
"6763","    13 ","18/06/1967",5.3,4.5,23,13,"9032"
"6764","    11 ","19/06/1967",0,6.2,23,11,"9032"
"6765","    11 ","20/06/1967",0,6.4,24,11,"9032"
"6766","    12.5 ","21/06/1967",24.5,11,22,12.5,"9032"
"6767","    13 ","22/06/1967",3.8,1.9,20,13,"9032"
"6768","    13 ","23/06/1967",6.1,1.8,19,13,"9032"
"6769","    11 ","24/06/1967",0,5.6,21,11,"9032"
"6770","    10.5 ","25/06/1967",0.9,7.2,23,10.5,"9032"
"6771","    11 ","26/06/1967",0.3,4.5,22,11,"9032"
"6772","    11 ","27/06/1967",0.5,6,23,11,"9032"
"6773","    12 ","28/06/1967",0,4.3,22,12,"9032"
"6774","    11 ","29/06/1967",0,4.5,21,11,"9032"
"6775","    12 ","30/06/1967",2,2,20,12,"9032"
"6776","    12 ","01/07/1967",1.2,2.5,21,12,"9032"
"6777","    11.5 ","02/07/1967",0,6,23,11.5,"9032"
"6778","    13 ","03/07/1967",22,8.6,23,13,"9032"
"6779","   12 ","04/07/1967",0,3.9,21.5,12,"9032"
"6780","    12 ","05/07/1967",0,7,23,12,"9032"
"6781","    10.5 ","06/07/1967",0,5.4,24,10.5,"9032"
"6782","    11 ","07/07/1967",7.4,4.2,21,11,"9032"
"6783","    10 ","08/07/1967",4.5,3.9,22,10,"9032"
"6784","    13 ","09/07/1967",0,3.5,21,13,"9032"
"6785","    10 ","10/07/1967",0.5,4.6,24,10,"9032"
"6786","    10.5 ","11/07/1967",7.8,2.1,22,10.5,"9032"
"6787","    10.5 ","12/07/1967",29.6,6,21,10.5,"9032"
"6788","   11 ","13/07/1967",12.8,3.7,20.5,11,"9032"
"6789","    9.5 ","14/07/1967",0,5,21,9.5,"9032"
"6790","    10 ","15/07/1967",16.3,5.3,21,10,"9032"
"6791","    9.5 ","16/07/1967",0,6.6,22,9.5,"9032"
"6792","    11.5 ","17/07/1967",0.5,4.5,22,11.5,"9032"
"6793","    12 ","18/07/1967",4.8,3.2,20,12,"9032"
"6794","   9.5 ","19/07/1967",0,4.4,22.5,9.5,"9032"
"6795","   10 ","20/07/1967",3.5,4.6,21.5,10,"9032"
"6796","   11 ","21/07/1967",0,4.3,20.5,11,"9032"
"6797","    11.5 ","22/07/1967",11.2,4.9,22,11.5,"9032"
"6798","    11 ","23/07/1967",0,4.1,21,11,"9032"
"6799","    10.5 ","24/07/1967",0.3,3.9,20,10.5,"9032"
"6800","    10 ","25/07/1967",0,4.8,23,10,"9032"
"6801","    10 ","26/07/1967",7.4,5.7,24,10,"9032"
"6802","    10 ","27/07/1967",0,5.6,23,10,"9032"
"6803","    11 ","28/07/1967",0,4.8,23,11,"9032"
"6804","    10.5 ","29/07/1967",0.5,6.6,24,10.5,"9032"
"6805","    10 ","30/07/1967",5.2,5.4,23,10,"9032"
"6806","    12 ","31/07/1967",6.5,4.1,21,12,"9032"
"6807","    10 ","01/08/1967",2.3,5.4,24,10,"9032"
"6808","    10 ","02/08/1967",0,5.1,23,10,"9032"
"6809","   10.5 ","03/08/1967",6.4,6.3,23.5,10.5,"9032"
"6810","    10 ","04/08/1967",0,6.7,23,10,"9032"
"6811","    10.5 ","05/08/1967",0,5.5,24,10.5,"9032"
"6812","    10.5 ","06/08/1967",0.3,5.7,24,10.5,"9032"
"6813","    9.5 ","07/08/1967",2.5,4.8,23,9.5,"9032"
"6814","    11.5 ","08/08/1967",6.4,4.7,23,11.5,"9032"
"6815","    12 ","09/08/1967",8.5,4.5,22,12,"9032"
"6816","    9 ","10/08/1967",7.7,5.7,22,9,"9032"
"6817","    11 ","11/08/1967",3.9,5.3,23,11,"9032"
"6818","    10 ","12/08/1967",0,5,22,10,"9032"
"6819","    13 ","13/08/1967",0.5,1,19,13,"9032"
"6820","    12 ","14/08/1967",0.9,4.5,22,12,"9032"
"6821","    11 ","15/08/1967",0,3.4,22,11,"9032"
"6822","    10 ","16/08/1967",0.9,2.2,20,10,"9032"
"6823","    11.5 ","17/08/1967",5.6,4.1,21,11.5,"9032"
"6824","    11.5 ","18/08/1967",3.4,4.5,20,11.5,"9032"
"6825","    12 ","19/08/1967",0.9,2.4,20,12,"9032"
"6826","    13 ","20/08/1967",6.3,1.8,19,13,"9032"
"6827","   12 ","21/08/1967",0.4,6.6,21.5,12,"9032"
"6828","    12 ","22/08/1967",0,4.2,22,12,"9032"
"6829","    10.5 ","23/08/1967",27.8,4.2,22,10.5,"9032"
"6830","    12 ","24/08/1967",0,3.2,20,12,"9032"
"6831","    13 ","25/08/1967",14.5,4.3,22,13,"9032"
"6832","    12.5 ","26/08/1967",0.3,3.7,21,12.5,"9032"
"6833","    13 ","27/08/1967",1.4,0.9,18,13,"9032"
"6834","    12.5 ","28/08/1967",9,1.7,18,12.5,"9032"
"6835","    10 ","29/08/1967",0.7,3.4,20,10,"9032"
"6836","    12 ","30/08/1967",7.2,3.1,19,12,"9032"
"6837","    12 ","31/08/1967",7.3,1.6,18,12,"9032"
"6838","   11 ","01/09/1967",0,3.8,19.5,11,"9032"
"6839","   11 ","02/09/1967",3.8,4.3,20.5,11,"9032"
"6840","    10 ","03/09/1967",8.5,6,22,10,"9032"
"6841","    11 ","04/09/1967",3.1,1.6,19,11,"9032"
"6842","    10.5 ","05/09/1967",1.7,3.2,21,10.5,"9032"
"6843","    12.5 ","06/09/1967",8.2,3.1,21,12.5,"9032"
"6844","    12 ","07/09/1967",7.5,3.2,20,12,"9032"
"6845","    11 ","08/09/1967",12.4,3.9,21,11,"9032"
"6846","   11 ","09/09/1967",4.5,3.3,20.5,11,"9032"
"6847","    11 ","10/09/1967",2.8,1.5,21,11,"9032"
"6848","    11 ","11/09/1967",9.5,3.9,20,11,"9032"
"6849","   12 ","12/09/1967",0.3,4.2,22.5,12,"9032"
"6850","    9.5 ","13/09/1967",0.2,3.5,19,9.5,"9032"
"6851","    10.5 ","14/09/1967",2.7,2,18,10.5,"9032"
"6852","   12 ","15/09/1967",5.3,2.2,19.5,12,"9032"
"6853","   12 ","16/09/1967",28.8,6.2,19.5,12,"9032"
"6854","    13 ","17/09/1967",0.6,3.5,20,13,"9032"
"6855","    8.5 ","18/09/1967",0,6.3,20,8.5,"9032"
"6856","    9 ","19/09/1967",0.2,5.1,21,9,"9032"
"6857","    11 ","20/09/1967",3,2.9,21,11,"9032"
"6858","    11 ","21/09/1967",8.6,3.7,22,11,"9032"
"6859","    12.5 ","22/09/1967",5.5,2,19,12.5,"9032"
"6860","    12.5 ","23/09/1967",11.4,1.2,18,12.5,"9032"
"6861","    12 ","24/09/1967",3.3,1.2,15,12,"9032"
"6862","    10.5 ","25/09/1967",7.2,0.9,16,10.5,"9032"
"6863","   11 ","26/09/1967",4.9,0.9,15.5,11,"9032"
"6864","    11 ","27/09/1967",40,3.8,16,11,"9032"
"6865","    10.5 ","28/09/1967",0,1.9,16,10.5,"9032"
"6866","    9 ","29/09/1967",0,4.3,19,9,"9032"
"6867","   6 ","30/09/1967",0,4.7,20.5,6,"9032"
"6868","    7 ","01/10/1967",0,4.3,22,7,"9032"
"6869","    10 ","02/10/1967",0,4.6,21,10,"9032"
"6870","    8 ","03/10/1967",1.7,4.8,22,8,"9032"
"6871","    9.5 ","04/10/1967",0.6,2.2,20,9.5,"9032"
"6872","    12 ","05/10/1967",5.1,3.3,20,12,"9032"
"6873","    12 ","06/10/1967",0,4.1,20,12,"9032"
"6874","    9 ","07/10/1967",0,5.8,22,9,"9032"
"6875","    12 ","08/10/1967",30.5,4.9,21,12,"9032"
"6876","    10.5 ","09/10/1967",4.9,2.1,18,10.5,"9032"
"6877","    8 ","10/10/1967",3,1.1,16,8,"9032"
"6878","    9 ","11/10/1967",0,3.1,19,9,"9032"
"6879","    9 ","12/10/1967",0,4.3,21,9,"9032"
"6880","    11 ","13/10/1967",2.5,2.7,20,11,"9032"
"6881","    10.5 ","14/10/1967",0,4,22,10.5,"9032"
"6882","   10 ","15/10/1967",2.5,2.9,20.5,10,"9032"
"6883","    11 ","16/10/1967",4,2.6,18,11,"9032"
"6884","    9.5 ","17/10/1967",0.5,2.4,18,9.5,"9032"
"6885","    7.5 ","18/10/1967",0,5.2,17,7.5,"9032"
"6886","    3 ","19/10/1967",0,4.4,18,3,"9032"
"6887","    4.5 ","20/10/1967",0,4.8,21,4.5,"9032"
"6888","    4 ","21/10/1967",0,3.9,20,4,"9032"
"6889","    5 ","22/10/1967",0,4.3,21,5,"9032"
"6890","    7 ","23/10/1967",0,5,21,7,"9032"
"6891","    7.5 ","24/10/1967",0,6,21,7.5,"9032"
"6892","    8 ","25/10/1967",0,4.5,19,8,"9032"
"6893","    6 ","26/10/1967",0,4.1,20,6,"9032"
"6894","    8.5 ","27/10/1967",0,5.4,21,8.5,"9032"
"6895","   9 ","28/10/1967",13.5,4,19.5,9,"9032"
"6896","   9 ","29/10/1967",0.7,1.5,16.5,9,"9032"
"6897","    9.5 ","30/10/1967",0,3.2,21,9.5,"9032"
"6898","    11 ","31/10/1967",0,4.5,17,11,"9032"
"6899","    8 ","01/11/1967",0,5.1,21,8,"9032"
"6900","    6.5 ","02/11/1967",0,4.8,22,6.5,"9032"
"6901","    8 ","03/11/1967",0,4.6,22,8,"9032"
"6902","   7 ","04/11/1967",0,5,22.5,7,"9032"
"6903","    9.5 ","05/11/1967",0,6.9,21,9.5,"9032"
"6904","    9 ","06/11/1967",0,3,20,9,"9032"
"6905","    7 ","07/11/1967",0,1.2,15,7,"9032"
"6906","    9 ","08/11/1967",0,4.2,19,9,"9032"
"6907","    10 ","09/11/1967",0,3.2,18,10,"9032"
"6908","    6 ","10/11/1967",0,2.3,19,6,"9032"
"6909","    5 ","11/11/1967",0,3.4,18,5,"9032"
"6910","    6 ","12/11/1967",0,3.3,16,6,"9032"
"6911","    7.5 ","13/11/1967",0,2.4,16,7.5,"9032"
"6912","    7.5 ","14/11/1967",0,3.8,19,7.5,"9032"
"6913","    7 ","15/11/1967",0,2.6,20,7,"9032"
"6914","    7 ","16/11/1967",0,4,21,7,"9032"
"6915","    9 ","17/11/1967",0,4.9,21,9,"9032"
"6916","   7 ","18/11/1967",0,5.1,21.5,7,"9032"
"6917","    5 ","19/11/1967",0,4.3,20,5,"9032"
"6918","   5 ","20/11/1967",0,5.5,20.5,5,"9032"
"6919","    6 ","21/11/1967",0,6.9,22,6,"9032"
"6920","    8 ","22/11/1967",0,6.7,22,8,"9032"
"6921","    8 ","23/11/1967",0,6.3,23,8,"9032"
"6922","    7.5 ","24/11/1967",0,6.1,22,7.5,"9032"
"6923","    7 ","25/11/1967",0,5.7,22,7,"9032"
"6924","    7.5 ","26/11/1967",0,5.3,23,7.5,"9032"
"6925","    7 ","27/11/1967",0,5.5,23,7,"9032"
"6926","    4 ","28/11/1967",0,4.2,20,4,"9032"
"6927","    6 ","29/11/1967",0,2.4,22,6,"9032"
"6928","   8 ","30/11/1967",20,3.1,21.5,8,"9032"
"6929","    9 ","01/12/1967",0,3.7,20,9,"9032"
"6930","    8 ","02/12/1967",0.2,3.9,21,8,"9032"
"6931","    10 ","03/12/1967",0,2.3,16,10,"9032"
"6932","    5 ","04/12/1967",0,3.7,20,5,"9032"
"6933","    7 ","05/12/1967",0,3.7,22,7,"9032"
"6934","    8 ","06/12/1967",0,3.2,21,8,"9032"
"6935","    9 ","07/12/1967",0,2.9,18,9,"9032"
"6936","   7.5 ","08/12/1967",0,4.2,20.5,7.5,"9032"
"6937","   8.5 ","09/12/1967",0,5.6,19.5,8.5,"9032"
"6938","    8 ","10/12/1967",0,6.3,17,8,"9032"
"6939","    7 ","11/12/1967",0,5.8,20,7,"9032"
"6940","    5 ","12/12/1967",0,6.2,20,5,"9032"
"6941","   8 ","13/12/1967",0,4.6,20.5,8,"9032"
"6942","    9 ","14/12/1967",0,6.9,22,9,"9032"
"6943","    7 ","15/12/1967",0,5.4,23,7,"9032"
"6944","    8 ","16/12/1967",0,4.7,22,8,"9032"
"6945","    11 ","17/12/1967",0,4,17,11,"9032"
"6946","   7 ","18/12/1967",0,5.2,20.5,7,"9032"
"6947","    7 ","19/12/1967",0,3.7,20,7,"9032"
"6948","    8 ","20/12/1967",0,4.7,21,8,"9032"
"6949","    8 ","21/12/1967",0,3.5,21,8,"9032"
"6950","    8.5 ","22/12/1967",0,3,14,8.5,"9032"
"6951","    6 ","23/12/1967",0,1.7,11,6,"9032"
"6952","    0 ","24/12/1967",0,3.2,19,0,"9032"
"6953","    3 ","25/12/1967",0,4.2,18,3,"9032"
"6954","    6 ","26/12/1967",0,5.1,20,6,"9032"
"6955","    8 ","27/12/1967",0,4.2,20,8,"9032"
"6956","    7 ","28/12/1967",0,5.1,19,7,"9032"
"6957","   6 ","29/12/1967",0,5.3,22.5,6,"9032"
"6958","    7 ","30/12/1967",0,4.9,22,7,"9032"
"6959","    7 ","31/12/1967",0,5.7,22,7,"9032"
"6960","    6.5 ","01/01/1968",0,4.7,22,6.5,"9032"
"6961","    8 ","02/01/1968",0,4.6,22,8,"9032"
"6962","    6 ","03/01/1968",0,5.6,24,6,"9032"
"6963","   6.5 ","04/01/1968",0,4.7,22.5,6.5,"9032"
"6964","    4 ","05/01/1968",0,4.3,21,4,"9032"
"6965","    6 ","06/01/1968",0,4.8,21,6,"9032"
"6966","    6.5 ","07/01/1968",0,3.3,19,6.5,"9032"
"6967","    3.5 ","08/01/1968",0,4.8,18,3.5,"9032"
"6968","    5 ","09/01/1968",0,3.9,20,5,"9032"
"6969","    6 ","10/01/1968",0,4.2,19,6,"9032"
"6970","    6.5 ","11/01/1968",0,4.8,21,6.5,"9032"
"6971","    7 ","12/01/1968",0,4.3,19,7,"9032"
"6972","    6 ","13/01/1968",0,3.8,17,6,"9032"
"6973","    2 ","14/01/1968",0,4.3,18,2,"9032"
"6974","    6 ","15/01/1968",3.3,1.2,17,6,"9032"
"6975","    4 ","16/01/1968",0,3.4,17,4,"9032"
"6976","    4 ","17/01/1968",0,3.2,17,4,"9032"
"6977","    5 ","18/01/1968",0,4.7,20,5,"9032"
"6978","    5.5 ","19/01/1968",0,5.4,21,5.5,"9032"
"6979","    7 ","20/01/1968",0,6.3,20,7,"9032"
"6980","    6 ","21/01/1968",0,5,20,6,"9032"
"6981","   7 ","22/01/1968",0,2.8,18.5,7,"9032"
"6982","    5.5 ","23/01/1968",0,2.6,17,5.5,"9032"
"6983","    7 ","24/01/1968",0,3,14,7,"9032"
"6984","    4 ","25/01/1968",0,4.3,18,4,"9032"
"6985","    6 ","26/01/1968",0,4.3,20,6,"9032"
"6986","    6 ","27/01/1968",0,4.4,19,6,"9032"
"6987","    6.5 ","28/01/1968",0,3.8,21,6.5,"9032"
"6988","   5.5 ","29/01/1968",0,5.6,21.5,5.5,"9032"
"6989","    4.5 ","30/01/1968",0,5.1,21,4.5,"9032"
"6990","    3 ","31/01/1968",0,4.7,21,3,"9032"
"6991","    5 ","01/02/1968",0,4.3,20,5,"9032"
"6992","   7 ","02/02/1968",0,2.1,15.5,7,"9032"
"6993","    3.5 ","03/02/1968",2,2.8,19,3.5,"9032"
"6994","    5.5 ","04/02/1968",4,1.8,11,5.5,"9032"
"6995","    5 ","05/02/1968",0,3.2,15,5,"9032"
"6996","    5 ","06/02/1968",0,4.2,14,5,"9032"
"6997","    1 ","07/02/1968",0,3.3,13,1,"9032"
"6998","   -1 ","08/02/1968",0,3.6,13,-1,"9032"
"6999","    0 ","09/02/1968",0,5.8,19,0,"9032"
"7000","    4 ","10/02/1968",0,3.7,18,4,"9032"
"7001","    9 ","11/02/1968",0,3.6,17,9,"9032"
"7002","    5.5 ","12/02/1968",0,6.5,20,5.5,"9032"
"7003","    4 ","13/02/1968",0,6.1,22,4,"9032"
"7004","   5 ","14/02/1968",0,6.6,20.5,5,"9032"
"7005","    6 ","15/02/1968",0,5.1,20,6,"9032"
"7006","    8 ","16/02/1968",0,4.2,19,8,"9032"
"7007","    8 ","17/02/1968",6.6,1.5,17,8,"9032"
"7008","    6 ","18/02/1968",0,3.8,15,6,"9032"
"7009","   7 ","19/02/1968",0,4.9,18.5,7,"9032"
"7010","   2.5 ","20/02/1968",0,6.9,20.5,2.5,"9032"
"7011","   2.5 ","21/02/1968",0,6.4,21.5,2.5,"9032"
"7012","   7 ","22/02/1968",0,8,22.5,7,"9032"
"7013","    7 ","23/02/1968",0,6.4,22,7,"9032"
"7014","    6 ","24/02/1968",0,6.2,22,6,"9032"
"7015","    7 ","25/02/1968",0,6.5,23,7,"9032"
"7016","    6 ","26/02/1968",0,6.5,22,6,"9032"
"7017","    4 ","27/02/1968",0,7,23,4,"9032"
"7018","    7 ","28/02/1968",0,6.2,24,7,"9032"
"7019","    8 ","29/02/1968",0,6.3,22,8,"9032"
"7020","   5.5 ","01/03/1968",0,4.3,20.5,5.5,"9032"
"7021","    9 ","02/03/1968",0,5.9,19,9,"9032"
"7022","   7.5 ","03/03/1968",0.5,5.8,21.5,7.5,"9032"
"7023","    8 ","04/03/1968",0,5.2,18,8,"9032"
"7024","    8 ","05/03/1968",1.8,2.5,16,8,"9032"
"7025","    9 ","06/03/1968",0,6.7,21,9,"9032"
"7026","    6.5 ","07/03/1968",0,7.1,21,6.5,"9032"
"7027","    9 ","08/03/1968",0,7.7,22,9,"9032"
"7028","    10 ","09/03/1968",0,6.6,23,10,"9032"
"7029","    9 ","10/03/1968",0,9.7,23,9,"9032"
"7030","    6.5 ","11/03/1968",0,9.3,21,6.5,"9032"
"7031","    7 ","12/03/1968",0,9.5,24,7,"9032"
"7032","    2.5 ","13/03/1968",0,5.3,24,2.5,"9032"
"7033","   5.5 ","14/03/1968",0,7.6,22.5,5.5,"9032"
"7034","    8 ","15/03/1968",0,2.3,24,8,"9032"
"7035","    7 ","16/03/1968",0,6.1,23,7,"9032"
"7036","    6 ","17/03/1968",0,7.3,24,6,"9032"
"7037","    8 ","18/03/1968",0,6.8,24,8,"9032"
"7038","    10 ","19/03/1968",0,7.9,25,10,"9032"
"7039","    10 ","20/03/1968",0,8.3,23,10,"9032"
"7040","    10 ","21/03/1968",0,9.2,21,10,"9032"
"7041","    9 ","22/03/1968",0,5.3,24,9,"9032"
"7042","    3 ","23/03/1968",0,5.6,20,3,"9032"
"7043","    3 ","24/03/1968",0,7.4,22,3,"9032"
"7044","    7 ","25/03/1968",0,8.7,23,7,"9032"
"7045","    7 ","26/03/1968",0,5.6,23,7,"9032"
"7046","   9.5 ","27/03/1968",0,9.7,24.5,9.5,"9032"
"7047","    8 ","28/03/1968",0,8,25,8,"9032"
"7048","    6.5 ","29/03/1968",0,7.2,25,6.5,"9032"
"7049","    7 ","30/03/1968",0,6.8,25,7,"9032"
"7050","    11 ","31/03/1968",0,7.5,25,11,"9032"
"7051","    10.5 ","01/04/1968",0,7.8,25,10.5,"9032"
"7052","    11 ","02/04/1968",0.6,5.3,24,11,"9032"
"7053","    10 ","03/04/1968",5.6,5,22,10,"9032"
"7054","    9.5 ","04/04/1968",0,6.2,25,9.5,"9032"
"7055","    10.5 ","05/04/1968",0,4.5,25,10.5,"9032"
"7056","    10 ","06/04/1968",9.2,4.2,23,10,"9032"
"7057","    8 ","07/04/1968",0,3.9,22,8,"9032"
"7058","    8 ","08/04/1968",0.5,4.3,23,8,"9032"
"7059","    9.5 ","09/04/1968",0,5.1,21,9.5,"9032"
"7060","   8.5 ","10/04/1968",12.2,5.2,21.5,8.5,"9032"
"7061","    9 ","11/04/1968",0,4.2,20,9,"9032"
"7062","   9 ","12/04/1968",0.5,3.7,20.5,9,"9032"
"7063","    9.5 ","13/04/1968",0,6.2,23,9.5,"9032"
"7064","   12 ","14/04/1968",0,8.3,24.5,12,"9032"
"7065","    10.5 ","15/04/1968",0,6.8,25,10.5,"9032"
"7066","   12 ","16/04/1968",0,8.3,25.5,12,"9032"
"7067","    12 ","17/04/1968",0,7.8,26,12,"9032"
"7068","    11.5 ","18/04/1968",0,8.9,26,11.5,"9032"
"7069","    13 ","19/04/1968",0,7.5,21,13,"9032"
"7070","    10 ","20/04/1968",0,5,24,10,"9032"
"7071","    10 ","21/04/1968",0,6.7,21,10,"9032"
"7072","    10.5 ","22/04/1968",2.4,6.7,25,10.5,"9032"
"7073","    11 ","23/04/1968",0,7.1,25,11,"9032"
"7074","    11 ","24/04/1968",23.2,6,23,11,"9032"
"7075","    11 ","25/04/1968",2,3.6,23,11,"9032"
"7076","    10.5 ","26/04/1968",0,4.3,21,10.5,"9032"
"7077","    10 ","27/04/1968",0,5.4,22,10,"9032"
"7078","    9.5 ","28/04/1968",1,5.3,24,9.5,"9032"
"7079","    10.5 ","29/04/1968",35,8.4,23,10.5,"9032"
"7080","    10.5 ","30/04/1968",3.5,4.2,20,10.5,"9032"
"7081","   10 ","01/05/1968",8.5,4.1,20.5,10,"9032"
"7082","    9 ","02/05/1968",0,5.1,23,9,"9032"
"7083","   10 ","03/05/1968",0,5.7,24.5,10,"9032"
"7084","    13 ","04/05/1968",0,6.3,25,13,"9032"
"7085","    12 ","05/05/1968",2.6,6.4,25,12,"9032"
"7086","    12 ","06/05/1968",2.2,5,25,12,"9032"
"7087","    12 ","07/05/1968",7.9,6.6,26,12,"9032"
"7088","    10.5 ","08/05/1968",1,5.5,23,10.5,"9032"
"7089","    11 ","09/05/1968",1,5.2,25,11,"9032"
"7090","    11 ","10/05/1968",0,5.3,23,11,"9032"
"7091","   11 ","11/05/1968",0,5.4,23.5,11,"9032"
"7092","    10.5 ","12/05/1968",16.1,5.4,22,10.5,"9032"
"7093","    10 ","13/05/1968",0,5.7,25,10,"9032"
"7094","    12 ","14/05/1968",0,6.5,25,12,"9032"
"7095","    12 ","15/05/1968",0,6.7,25,12,"9032"
"7096","    13 ","16/05/1968",0,6.4,26,13,"9032"
"7097","    13 ","17/05/1968",14.5,6.9,25,13,"9032"
"7098","    10.5 ","18/05/1968",5.6,2.5,22,10.5,"9032"
"7099","    12 ","19/05/1968",3,3.5,26,12,"9032"
"7100","    12 ","20/05/1968",0,2.6,24,12,"9032"
"7101","    13 ","21/05/1968",0.7,4.1,26,13,"9032"
"7102","    12 ","22/05/1968",0,3.9,21,12,"9032"
"7103","    11 ","23/05/1968",0,5.4,23,11,"9032"
"7104","    11.5 ","24/05/1968",9.8,5.7,23,11.5,"9032"
"7105","    10.5 ","25/05/1968",0,7.1,24,10.5,"9032"
"7106","   11 ","26/05/1968",0,10,24.5,11,"9032"
"7107","    10 ","27/05/1968",0,10.5,27,10,"9032"
"7108","    10 ","28/05/1968",0,10.2,26,10,"9032"
"7109","   9 ","29/05/1968",0,8.7,24.5,9,"9032"
"7110","    10 ","30/05/1968",0,8.2,25,10,"9032"
"7111","    11 ","31/05/1968",0,10.1,26,11,"9032"
"7112","    10.5 ","01/06/1968",0,9.5,26,10.5,"9032"
"7113","    10 ","02/06/1968",0,7.9,25,10,"9032"
"7114","    12 ","03/06/1968",0,5.4,24,12,"9032"
"7115","    12 ","04/06/1968",8.5,5.9,20,12,"9032"
"7116","    12 ","05/06/1968",0.4,4.7,23,12,"9032"
"7117","   13 ","06/06/1968",5,6.3,25.5,13,"9032"
"7118","   11.5 ","07/06/1968",1.3,5.5,24.5,11.5,"9032"
"7119","   11.5 ","08/06/1968",1.2,7.3,26.5,11.5,"9032"
"7120","   13.5 ","09/06/1968",0,6.4,25.5,13.5,"9032"
"7121","    10 ","10/06/1968",0,7.2,25,10,"9032"
"7122","    13.5 ","11/06/1968",0.5,5.7,21,13.5,"9032"
"7123","    12.5 ","12/06/1968",1.2,3.9,23,12.5,"9032"
"7124","    12 ","13/06/1968",1.4,5.4,23,12,"9032"
"7125","    11 ","14/06/1968",0,7.3,24,11,"9032"
"7126","    13 ","15/06/1968",0,6.8,25,13,"9032"
"7127","   13 ","16/06/1968",0,6.6,24.5,13,"9032"
"7128","    13 ","17/06/1968",0,6.2,24,13,"9032"
"7129","    13.5 ","18/06/1968",2.9,2.8,23,13.5,"9032"
"7130","    12.5 ","19/06/1968",26.7,4.5,22,12.5,"9032"
"7131","    12 ","20/06/1968",11.4,3.5,21,12,"9032"
"7132","   12 ","21/06/1968",15.5,2.9,18.5,12,"9032"
"7133","    10.5 ","22/06/1968",5.1,1.7,18,10.5,"9032"
"7134","    12 ","23/06/1968",21,1.8,17,12,"9032"
"7135","    11.5 ","24/06/1968",17.8,4.9,22,11.5,"9032"
"7136","    11 ","25/06/1968",0,2.3,18,11,"9032"
"7137","    11.5 ","26/06/1968",7,2.9,20,11.5,"9032"
"7138","    12 ","27/06/1968",1,3.5,20,12,"9032"
"7139","    12 ","28/06/1968",0.8,2.9,22,12,"9032"
"7140","    11 ","29/06/1968",33.4,6.8,21,11,"9032"
"7141","    12 ","30/06/1968",20,5.5,23,12,"9032"
"7142","    12.5 ","01/07/1968",0.4,3.9,20,12.5,"9032"
"7143","    11.5 ","02/07/1968",5,4.4,21,11.5,"9032"
"7144","    11 ","03/07/1968",2,4.6,20,11,"9032"
"7145","   11 ","04/07/1968",5,2.4,18.5,11,"9032"
"7146","    11.5 ","05/07/1968",0,2.9,19,11.5,"9032"
"7147","    12.5 ","06/07/1968",0,2.9,19,12.5,"9032"
"7148","    12.5 ","07/07/1968",0.5,4.9,23,12.5,"9032"
"7149","    13 ","08/07/1968",0,4.8,23,13,"9032"
"7150","   12 ","09/07/1968",0,5.4,23.5,12,"9032"
"7151","    10.5 ","10/07/1968",1.4,5.4,22,10.5,"9032"
"7152","    10.5 ","11/07/1968",7.3,5.1,22,10.5,"9032"
"7153","   10.5 ","12/07/1968",0,5.3,21.5,10.5,"9032"
"7154","    11 ","13/07/1968",3.4,3.8,22,11,"9032"
"7155","    13 ","14/07/1968",0,3.4,20,13,"9032"
"7156","   11 ","15/07/1968",6.8,3.8,20.5,11,"9032"
"7157","    10 ","16/07/1968",10.6,3.9,20,10,"9032"
"7158","    9 ","17/07/1968",7,3.8,21,9,"9032"
"7159","    11 ","18/07/1968",12.2,6.1,22,11,"9032"
"7160","   9 ","19/07/1968",17.7,6.2,21.5,9,"9032"
"7161","    10.5 ","20/07/1968",0,5.1,22,10.5,"9032"
"7162","    9.5 ","21/07/1968",3.2,4.2,21,9.5,"9032"
"7163","   11.5 ","22/07/1968",0,5.3,22.5,11.5,"9032"
"7164","    9 ","23/07/1968",4,5.8,22,9,"9032"
"7165","   10.5 ","24/07/1968",10.2,3.6,20.5,10.5,"9032"
"7166","    10.5 ","25/07/1968",9.8,4.9,21,10.5,"9032"
"7167","    10 ","26/07/1968",2.7,2.7,19,10,"9032"
"7168","    11 ","27/07/1968",2.5,5.8,19,11,"9032"
"7169","    11 ","28/07/1968",9.8,4.9,21,11,"9032"
"7170","   10.5 ","29/07/1968",0.9,4.2,21.5,10.5,"9032"
"7171","    10.5 ","30/07/1968",0,4.5,20,10.5,"9032"
"7172","    11 ","31/07/1968",0.5,3.6,20,11,"9032"
"7173","   9 ","01/08/1968",0,3.3,20.5,9,"9032"
"7174","    12 ","02/08/1968",7.3,3.2,21,12,"9032"
"7175","   12 ","03/08/1968",3,4.3,21.5,12,"9032"
"7176","    11 ","04/08/1968",0.9,4.4,21,11,"9032"
"7177","    11.5 ","05/08/1968",2.1,4.9,21,11.5,"9032"
"7178","    10 ","06/08/1968",0.4,3.4,21,10,"9032"
"7179","    11.5 ","07/08/1968",0,4.8,22,11.5,"9032"
"7180","    11 ","08/08/1968",17.7,7.2,21,11,"9032"
"7181","    8.5 ","09/08/1968",5.1,4.6,21,8.5,"9032"
"7182","    11 ","10/08/1968",0,4.2,22,11,"9032"
"7183","    11 ","11/08/1968",0,6.2,24,11,"9032"
"7184","    13 ","12/08/1968",0,6.9,24,13,"9032"
"7185","    11 ","13/08/1968",0,7.1,25,11,"9032"
"7186","    13 ","14/08/1968",6,3.9,23,13,"9032"
"7187","   13 ","15/08/1968",0,4,19.5,13,"9032"
"7188","    12.5 ","16/08/1968",11,4.2,22,12.5,"9032"
"7189","   11.5 ","17/08/1968",0,4.7,21.5,11.5,"9032"
"7190","    9 ","18/08/1968",0,5.4,22,9,"9032"
"7191","    11.5 ","19/08/1968",6.3,2.2,21,11.5,"9032"
"7192","    11 ","20/08/1968",1,2.6,20,11,"9032"
"7193","    10.5 ","21/08/1968",0,2.5,18,10.5,"9032"
"7194","    11.5 ","22/08/1968",0,2.4,19,11.5,"9032"
"7195","    10 ","23/08/1968",8.1,3.9,20,10,"9032"
"7196","   11.5 ","24/08/1968",17.2,6.7,21.5,11.5,"9032"
"7197","    11.5 ","25/08/1968",0,4.5,22,11.5,"9032"
"7198","    12 ","26/08/1968",1,6.5,23,12,"9032"
"7199","   12 ","27/08/1968",0,4.5,21.5,12,"9032"
"7200","    11.5 ","28/08/1968",5.8,5.9,22,11.5,"9032"
"7201","   11.5 ","29/08/1968",2.9,2.3,20.5,11.5,"9032"
"7202","    10.5 ","30/08/1968",0.4,4.3,20,10.5,"9032"
"7203","    11 ","31/08/1968",1.2,3.7,20,11,"9032"
"7204","    10.5 ","01/09/1968",3.6,2.6,20,10.5,"9032"
"7205","    9.5 ","02/09/1968",2,3.3,21,9.5,"9032"
"7206","    11.5 ","03/09/1968",0.6,3.2,20,11.5,"9032"
"7207","    12 ","04/09/1968",1,1.9,20,12,"9032"
"7208","   10 ","05/09/1968",2.8,3.2,20.5,10,"9032"
"7209","    11 ","06/09/1968",0,2.8,20,11,"9032"
"7210","    11 ","07/09/1968",0,4.3,20,11,"9032"
"7211","    11 ","08/09/1968",1.8,2.9,21,11,"9032"
"7212","    11.5 ","09/09/1968",3.1,3.1,21,11.5,"9032"
"7213","    12 ","10/09/1968",0.8,2.9,20,12,"9032"
"7214","    12.5 ","11/09/1968",3.5,3.2,20,12.5,"9032"
"7215","    12 ","12/09/1968",2,3.9,23,12,"9032"
"7216","    12.5 ","13/09/1968",0.5,2.4,20,12.5,"9032"
"7217","   13 ","14/09/1968",10.2,4.8,22.5,13,"9032"
"7218","    12 ","15/09/1968",0,3.9,23,12,"9032"
"7219","    12 ","16/09/1968",2.3,3.5,24,12,"9032"
"7220","   11.5 ","17/09/1968",2.5,5.3,18.5,11.5,"9032"
"7221","    13 ","18/09/1968",4.2,3.3,20,13,"9032"
"7222","    11.5 ","19/09/1968",1.4,2.9,22,11.5,"9032"
"7223","    12.5 ","20/09/1968",4.3,4.5,22,12.5,"9032"
"7224","    11.5 ","21/09/1968",0,3.3,21,11.5,"9032"
"7225","    12 ","22/09/1968",0,4.4,21,12,"9032"
"7226","    11.5 ","23/09/1968",0,3.8,20,11.5,"9032"
"7227","    10 ","24/09/1968",1.3,2.3,19,10,"9032"
"7228","    12 ","25/09/1968",0,5.4,21,12,"9032"
"7229","    13 ","26/09/1968",0,2.6,20,13,"9032"
"7230","    10 ","27/09/1968",0,3.7,21,10,"9032"
"7231","    10 ","28/09/1968",0.5,2.1,21,10,"9032"
"7232","   12 ","29/09/1968",0.4,3.5,20.5,12,"9032"
"7233","    11.5 ","30/09/1968",0,4.6,22,11.5,"9032"
"7234","   12 ","01/10/1968",0,4.4,22.5,12,"9032"
"7235","   10 ","02/10/1968",8.5,4,21.5,10,"9032"
"7236","    10.5 ","03/10/1968",6.1,4.8,23,10.5,"9032"
"7237","    12 ","04/10/1968",0,4.9,22,12,"9032"
"7238","    11 ","05/10/1968",0,4.1,22,11,"9032"
"7239","    11 ","06/10/1968",21.8,4.1,22,11,"9032"
"7240","   9 ","07/10/1968",0,2.3,21.5,9,"9032"
"7241","    11 ","08/10/1968",0,4.8,22,11,"9032"
"7242","    10 ","09/10/1968",4,3.8,23,10,"9032"
"7243","    11 ","10/10/1968",0.8,2.4,18,11,"9032"
"7244","    12 ","11/10/1968",0,3.6,21,12,"9032"
"7245","    11 ","12/10/1968",0,4,20,11,"9032"
"7246","   11 ","13/10/1968",0,4.2,20.5,11,"9032"
"7247","    11 ","14/10/1968",0,4.9,21,11,"9032"
"7248","    11 ","15/10/1968",5.5,2.5,20,11,"9032"
"7249","    8.5 ","16/10/1968",0,6,19,8.5,"9032"
"7250","    9 ","17/10/1968",0,4.5,23,9,"9032"
"7251","    11.5 ","18/10/1968",0,3.5,20,11.5,"9032"
"7252","    11 ","19/10/1968",3.2,3.2,22,11,"9032"
"7253","    12 ","20/10/1968",0,4.3,21,12,"9032"
"7254","    11 ","21/10/1968",0.1,2.5,22,11,"9032"
"7255","    11 ","22/10/1968",0,5.3,22,11,"9032"
"7256","    9 ","23/10/1968",0.5,4.7,22,9,"9032"
"7257","    10.5 ","24/10/1968",0,4.5,19,10.5,"9032"
"7258","    8.5 ","25/10/1968",0,2.5,17,8.5,"9032"
"7259","    6.5 ","26/10/1968",0,4,19,6.5,"9032"
"7260","    5 ","27/10/1968",0,5.8,21,5,"9032"
"7261","    5 ","28/10/1968",0,4.9,20,5,"9032"
"7262","    4.5 ","29/10/1968",0,4.4,20,4.5,"9032"
"7263","    6 ","30/10/1968",0,4.3,20,6,"9032"
"7264","    8.5 ","31/10/1968",0,4.2,21,8.5,"9032"
"7265","   8 ","01/11/1968",0,4.9,21.5,8,"9032"
"7266","    6 ","02/11/1968",0,3.7,22,6,"9032"
"7267","    8 ","03/11/1968",0,5.4,22,8,"9032"
"7268","    7 ","04/11/1968",0,4.8,21,7,"9032"
"7269","    9.5 ","05/11/1968",0,3.3,21,9.5,"9032"
"7270","    8 ","06/11/1968",0,6.6,23,8,"9032"
"7271","   9 ","07/11/1968",0,3.9,22.5,9,"9032"
"7272","    8.5 ","08/11/1968",0,4.7,22,8.5,"9032"
"7273","    9 ","09/11/1968",0,4.6,21,9,"9032"
"7274","    6 ","10/11/1968",0,5.2,23,6,"9032"
"7275","   8 ","11/11/1968",0,4.1,21.5,8,"9032"
"7276","   4.5 ","12/11/1968",0,4.7,19.5,4.5,"9032"
"7277","    5.5 ","13/11/1968",0,6,23,5.5,"9032"
"7278","    6 ","14/11/1968",0,5.1,21,6,"9032"
"7279","    9 ","15/11/1968",0,5.1,22,9,"9032"
"7280","    8.5 ","16/11/1968",0,5.4,22,8.5,"9032"
"7281","    9 ","17/11/1968",0,3.6,23,9,"9032"
"7282","    9 ","18/11/1968",0,4.5,22,9,"9032"
"7283","    8 ","19/11/1968",0,2.3,19,8,"9032"
"7284","    7.5 ","20/11/1968",2.2,2.3,18,7.5,"9032"
"7285","   9 ","21/11/1968",0,3.1,17.5,9,"9032"
"7286","    4.5 ","22/11/1968",0,4.7,19,4.5,"9032"
"7287","    6 ","23/11/1968",0,4.3,19,6,"9032"
"7288","   7 ","24/11/1968",0.5,2.8,18.5,7,"9032"
"7289","   4.5 ","25/11/1968",0,4.2,20.5,4.5,"9032"
"7290","    7.5 ","26/11/1968",0,5,21,7.5,"9032"
"7291","    8 ","27/11/1968",0,5,23,8,"9032"
"7292","    8 ","28/11/1968",0,4.8,22,8,"9032"
"7293","    7 ","29/11/1968",0.4,4.4,21,7,"9032"
"7294","    9.5 ","30/11/1968",0,2.9,21,9.5,"9032"
"7295","    9 ","01/12/1968",0,4.7,23,9,"9032"
"7296","    10 ","02/12/1968",0,3.7,23,10,"9032"
"7297","    11 ","03/12/1968",7.3,2.5,20,11,"9032"
"7298","   8 ","04/12/1968",0.3,1.6,17.5,8,"9032"
"7299","   9 ","05/12/1968",0,2.3,19.5,9,"9032"
"7300","    10 ","06/12/1968",2.8,2.5,20,10,"9032"
"7301","   10 ","07/12/1968",0,2.2,18.5,10,"9032"
"7302","   8.5 ","08/12/1968",9.5,1.5,13.5,8.5,"9032"
"7303","    6 ","09/12/1968",0,2.9,17,6,"9032"
"7304","    5.5 ","10/12/1968",0,3.7,18,5.5,"9032"
"7305","    7.5 ","11/12/1968",0,3,18,7.5,"9032"
"7306","    7 ","12/12/1968",0,4.2,20,7,"9032"
"7307","    6 ","13/12/1968",0,4,20,6,"9032"
"7308","    7 ","14/12/1968",0,2,16,7,"9032"
"7309","    4 ","15/12/1968",0,2.5,18,4,"9032"
"7310","    3.5 ","16/12/1968",0,4.8,18,3.5,"9032"
"7311","    5 ","17/12/1968",0,3.2,19,5,"9032"
"7312","    7 ","18/12/1968",0,2.9,19,7,"9032"
"7313","    6.5 ","19/12/1968",0,5,21,6.5,"9032"
"7314","    9 ","20/12/1968",0,4.1,22,9,"9032"
"7315","    7 ","21/12/1968",0,4.4,19,7,"9032"
"7316","   8 ","22/12/1968",0,3.3,19.5,8,"9032"
"7317","    7.5 ","23/12/1968",3.5,3.2,20,7.5,"9032"
"7318","    7 ","24/12/1968",0,2.4,18,7,"9032"
"7319","    5.5 ","25/12/1968",0,4.1,20,5.5,"9032"
"7320","    8 ","26/12/1968",0,3.8,19,8,"9032"
"7321","    9 ","27/12/1968",0,4.5,20,9,"9032"
"7322","    7 ","28/12/1968",0,4.9,22,7,"9032"
"7323","    6.5 ","29/12/1968",0,4.6,23,6.5,"9032"
"7324","   6 ","30/12/1968",0,3.9,21.5,6,"9032"
"7325","    7 ","31/12/1968",2.6,3.3,20,7,"9032"
"7326","    9 ","01/01/1969",1.6,1.8,16,9,"9032"
"7327","    4 ","02/01/1969",0,2.2,18,4,"9032"
"7328","    5 ","03/01/1969",0.4,2.9,19,5,"9032"
"7329","    6.5 ","04/01/1969",8.2,2.7,18,6.5,"9032"
"7330","    5 ","05/01/1969",0,2,14,5,"9032"
"7331","    4 ","06/01/1969",0,2.9,15,4,"9032"
"7332","    3 ","07/01/1969",0,2.8,19,3,"9032"
"7333","    5.5 ","08/01/1969",0,4.8,23,5.5,"9032"
"7334","    6.5 ","09/01/1969",0,5.9,23,6.5,"9032"
"7335","   6 ","10/01/1969",0,4.8,22.5,6,"9032"
"7336","   7.5 ","11/01/1969",0,5,20.5,7.5,"9032"
"7337","    7.5 ","12/01/1969",0,3.7,21,7.5,"9032"
"7338","    7.5 ","13/01/1969",0,5.4,21,7.5,"9032"
"7339","    6 ","14/01/1969",0,4,20,6,"9032"
"7340","    8 ","15/01/1969",4.4,3.2,20,8,"9032"
"7341","   6 ","16/01/1969",0,4.7,20.5,6,"9032"
"7342","    6 ","17/01/1969",0,3.7,20,6,"9032"
"7343","    6 ","18/01/1969",0,2.3,15,6,"9032"
"7344","    3.5 ","19/01/1969",0,4,18,3.5,"9032"
"7345","    5 ","20/01/1969",0,4.5,19,5,"9032"
"7346","   6 ","21/01/1969",0,4.8,18.5,6,"9032"
"7347","    4.5 ","22/01/1969",0,4.9,21,4.5,"9032"
"7348","    6 ","23/01/1969",0,5.4,23,6,"9032"
"7349","    6 ","24/01/1969",0,6,22,6,"9032"
"7350","    6 ","25/01/1969",0,4.5,22,6,"9032"
"7351","    6 ","26/01/1969",0,5.1,21,6,"9032"
"7352","   6 ","27/01/1969",0,4.9,21.5,6,"9032"
"7353","    7 ","28/01/1969",0,4.4,22,7,"9032"
"7354","    8 ","29/01/1969",0,5.3,23,8,"9032"
"7355","    9 ","30/01/1969",0,5.6,25,9,"9032"
"7356","    5 ","31/01/1969",0,5.2,21,5,"9032"
"7357","    6.5 ","01/02/1969",0,6.4,25,6.5,"9032"
"7358","    7.5 ","02/02/1969",0,6.9,24,7.5,"9032"
"7359","    7.5 ","03/02/1969",0,3.9,19,7.5,"9032"
"7360","    3 ","04/02/1969",0,4.4,20,3,"9032"
"7361","    4 ","05/02/1969",0,5.7,22,4,"9032"
"7362","   6.5 ","06/02/1969",0,5.7,22.5,6.5,"9032"
"7363","    9 ","07/02/1969",0,7.1,23,9,"9032"
"7364","    8 ","08/02/1969",0,5.2,23,8,"9032"
"7365","    6 ","09/02/1969",0,6.4,23,6,"9032"
"7366","   7 ","10/02/1969",0,5.1,22.5,7,"9032"
"7367","   9 ","11/02/1969",0,5.4,22.5,9,"9032"
"7368","    10 ","12/02/1969",0,5.2,22,10,"9032"
"7369","    10.5 ","13/02/1969",0,5.7,20,10.5,"9032"
"7370","    8.5 ","14/02/1969",0,7,20,8.5,"9032"
"7371","    5 ","15/02/1969",0,7.4,23,5,"9032"
"7372","    7 ","16/02/1969",0,6.9,24,7,"9032"
"7373","    8 ","17/02/1969",0,6.6,23,8,"9032"
"7374","    5.5 ","18/02/1969",0,4.4,20,5.5,"9032"
"7375","    6.5 ","19/02/1969",0,6.7,22,6.5,"9032"
"7376","   7.5 ","20/02/1969",0,5.1,20.5,7.5,"9032"
"7377","    8 ","21/02/1969",0,7.7,23,8,"9032"
"7378","   9 ","22/02/1969",0,4.2,22.5,9,"9032"
"7379","    9 ","23/02/1969",0,6.6,24,9,"9032"
"7380","    9 ","24/02/1969",0,7.3,26,9,"9032"
"7381","    7.5 ","25/02/1969",2.5,4.5,22,7.5,"9032"
"7382","   9 ","26/02/1969",0,6.9,23.5,9,"9032"
"7383","   9 ","27/02/1969",0,6.1,24.5,9,"9032"
"7384","    8.5 ","28/02/1969",0,4.6,23,8.5,"9032"
"7385","    10 ","01/03/1969",0,6,24,10,"9032"
"7386","    11 ","02/03/1969",0,8,26,11,"9032"
"7387","   11 ","03/03/1969",0,8.1,23.5,11,"9032"
"7388","    12 ","04/03/1969",0,6.8,24,12,"9032"
"7389","    10 ","05/03/1969",0,8.7,23,10,"9032"
"7390","    12 ","06/03/1969",0,8.5,23,12,"9032"
"7391","    10.5 ","07/03/1969",0,9.1,23,10.5,"9032"
"7392","    12 ","08/03/1969",0,8.8,24,12,"9032"
"7393","   12.5 ","09/03/1969",0,4.8,25.5,12.5,"9032"
"7394","    11 ","10/03/1969",0,6.9,26,11,"9032"
"7395","    12 ","11/03/1969",0,8.8,26,12,"9032"
"7396","    13.5 ","12/03/1969",0,8.6,26,13.5,"9032"
"7397","    12.5 ","13/03/1969",0,9.2,26,12.5,"9032"
"7398","    11 ","14/03/1969",0,8.1,25,11,"9032"
"7399","    11 ","15/03/1969",0,7.6,26,11,"9032"
"7400","    10.5 ","16/03/1969",0,6.4,23,10.5,"9032"
"7401","    11.5 ","17/03/1969",0.4,3.8,20,11.5,"9032"
"7402","    10 ","18/03/1969",0.5,3.2,20,10,"9032"
"7403","    9 ","19/03/1969",0,3.6,21,9,"9032"
"7404","    10 ","20/03/1969",0,5.1,23,10,"9032"
"7405","    11 ","21/03/1969",0,5.7,25,11,"9032"
"7406","   12 ","22/03/1969",0,9.9,25.5,12,"9032"
"7407","    12 ","23/03/1969",0,10,27,12,"9032"
"7408","    11 ","24/03/1969",0,1.2,25,11,"9032"
"7409","    10 ","25/03/1969",0,4.9,20,10,"9032"
"7410","    12 ","26/03/1969",0,5.4,22,12,"9032"
"7411","    10 ","27/03/1969",2.5,7.4,22,10,"9032"
"7412","   9 ","28/03/1969",0,8,22.5,9,"9032"
"7413","   8 ","29/03/1969",0,5.7,21.5,8,"9032"
"7414","   7 ","30/03/1969",17,6,20.5,7,"9032"
"7415","    7 ","31/03/1969",5,4,18,7,"9032"
"7416","   4 ","01/04/1969",0,6.2,20.5,4,"9032"
"7417","    6.5 ","02/04/1969",0,8.1,24,6.5,"9032"
"7418","    10 ","03/04/1969",0,8.1,26,10,"9032"
"7419","    12 ","04/04/1969",0,6.8,26,12,"9032"
"7420","    11 ","05/04/1969",0,9.4,25,11,"9032"
"7421","   10 ","06/04/1969",0.6,7.1,25.5,10,"9032"
"7422","    10 ","07/04/1969",2.3,3.7,22,10,"9032"
"7423","    9.5 ","08/04/1969",5,6.1,25,9.5,"9032"
"7424","    10.5 ","09/04/1969",0,7.3,25,10.5,"9032"
"7425","   12.5 ","10/04/1969",0,6.1,19.5,12.5,"9032"
"7426","   12 ","11/04/1969",0,9.3,26.5,12,"9032"
"7427","    12 ","12/04/1969",0,8.5,26,12,"9032"
"7428","   12 ","13/04/1969",0,10.6,26.5,12,"9032"
"7429","    11.5 ","14/04/1969",0,10.6,25,11.5,"9032"
"7430","    11 ","15/04/1969",0,11.2,25,11,"9032"
"7431","   13 ","16/04/1969",0,11.4,25.5,13,"9032"
"7432","    12 ","17/04/1969",0,10.1,27,12,"9032"
"7433","    11.5 ","18/04/1969",0,9.9,27,11.5,"9032"
"7434","    11 ","19/04/1969",0,8.1,27,11,"9032"
"7435","    13 ","20/04/1969",0,10.4,28,13,"9032"
"7436","    10.5 ","21/04/1969",0,6.4,26,10.5,"9032"
"7437","    10 ","22/04/1969",0,7.5,25,10,"9032"
"7438","    10 ","23/04/1969",0,8.8,26,10,"9032"
"7439","    12 ","24/04/1969",1.3,3,26,12,"9032"
"7440","    9 ","25/04/1969",0.4,6.2,25,9,"9032"
"7441","    10 ","26/04/1969",0,7.5,25,10,"9032"
"7442","    10 ","27/04/1969",0,8.7,24,10,"9032"
"7443","    10 ","28/04/1969",0,6.9,24,10,"9032"
"7444","    10.5 ","29/04/1969",0,9.8,25,10.5,"9032"
"7445","    12 ","30/04/1969",0,10.8,25,12,"9032"
"7446","    14 ","01/05/1969",0,9.7,24,14,"9032"
"7447","    11.5 ","02/05/1969",0,10.1,26,11.5,"9032"
"7448","    13 ","03/05/1969",0,10.1,25,13,"9032"
"7449","    11.5 ","04/05/1969",0,10.8,21,11.5,"9032"
"7450","    13 ","05/05/1969",0,11,25,13,"9032"
"7451","   12 ","06/05/1969",0,10.6,25.5,12,"9032"
"7452","    12 ","07/05/1969",0,9.9,29,12,"9032"
"7453","    13 ","08/05/1969",0,9.2,28,13,"9032"
"7454","   12.5 ","09/05/1969",0,5.6,25.5,12.5,"9032"
"7455","    10 ","10/05/1969",0,6,25,10,"9032"
"7456","    8.5 ","11/05/1969",0,3.7,24,8.5,"9032"
"7457","    10 ","12/05/1969",3.1,3.5,22,10,"9032"
"7458","    11 ","13/05/1969",7.6,4.2,22,11,"9032"
"7459","    9 ","14/05/1969",2.2,4.2,22,9,"9032"
"7460","    10 ","15/05/1969",0,13.5,22,10,"9032"
"7461","    10 ","16/05/1969",0,11.4,26,10,"9032"
"7462","    11.5 ","17/05/1969",0,4.8,27,11.5,"9032"
"7463","    11 ","18/05/1969",0,5.6,25,11,"9032"
"7464","    10 ","19/05/1969",0,6.8,24,10,"9032"
"7465","    11 ","20/05/1969",0,10.7,23,11,"9032"
"7466","    13 ","21/05/1969",0,8.6,25,13,"9032"
"7467","   10 ","22/05/1969",0,8.2,25.5,10,"9032"
"7468","   9 ","23/05/1969",0,7.1,25.5,9,"9032"
"7469","   9 ","24/05/1969",0,7.9,25.5,9,"9032"
"7470","    11.5 ","25/05/1969",1,6.3,25,11.5,"9032"
"7471","    9.5 ","26/05/1969",0,9.3,25,9.5,"9032"
"7472","    8 ","27/05/1969",0,7.9,25,8,"9032"
"7473","    9.5 ","28/05/1969",0,9.4,25,9.5,"9032"
"7474","    8 ","29/05/1969",0,6.3,25,8,"9032"
"7475","    12 ","30/05/1969",2.8,5.4,23,12,"9032"
"7476","   12 ","31/05/1969",0,6.1,24.5,12,"9032"
"7477","    12 ","01/06/1969",0,7.7,25,12,"9032"
"7478","   12 ","02/06/1969",0,8.9,27.5,12,"9032"
"7479","    12.5 ","03/06/1969",0,6.3,26,12.5,"9032"
"7480","    14.5 ","04/06/1969",2.7,4.7,27,14.5,"9032"
"7481","    14 ","05/06/1969",1.6,3.8,25,14,"9032"
"7482","    13 ","06/06/1969",0,7.2,28,13,"9032"
"7483","   14 ","07/06/1969",4.8,6.6,28.5,14,"9032"
"7484","   14 ","08/06/1969",0.1,8.7,28.5,14,"9032"
"7485","   14 ","09/06/1969",0,7.3,26.5,14,"9032"
"7486","    11.5 ","10/06/1969",0,7.8,28,11.5,"9032"
"7487","   13 ","11/06/1969",0,8.9,28.5,13,"9032"
"7488","    15 ","12/06/1969",0,9.6,28,15,"9032"
"7489","   14 ","13/06/1969",0,9.3,28.5,14,"9032"
"7490","    12.5 ","14/06/1969",0,11.2,28,12.5,"9032"
"7491","    12.5 ","15/06/1969",0,7.7,26,12.5,"9032"
"7492","   11 ","16/06/1969",0,7.8,25.5,11,"9032"
"7493","    10.5 ","17/06/1969",0,9.4,28,10.5,"9032"
"7494","    12 ","18/06/1969",0,9.4,29,12,"9032"
"7495","    13 ","19/06/1969",7,6.2,26,13,"9032"
"7496","   15 ","20/06/1969",8.9,3.7,21.5,15,"9032"
"7497","    14 ","21/06/1969",0.6,2.1,24,14,"9032"
"7498","    12 ","22/06/1969",0.3,6.2,26,12,"9032"
"7499","    13.5 ","23/06/1969",0,5.6,24,13.5,"9032"
"7500","    15 ","24/06/1969",13,6,26,15,"9032"
"7501","    14 ","25/06/1969",24.1,5.8,23,14,"9032"
"7502","    14 ","26/06/1969",0,7.5,21,14,"9032"
"7503","    14 ","27/06/1969",29.1,3.6,24,14,"9032"
"7504","    13 ","28/06/1969",3.9,3.9,22,13,"9032"
"7505","   13 ","29/06/1969",4,1.5,18.5,13,"9032"
"7506","    11.5 ","30/06/1969",0,5.6,23,11.5,"9032"
"7507","    11 ","01/07/1969",1.4,4.1,20,11,"9032"
"7508","    12.5 ","02/07/1969",2.3,2,21,12.5,"9032"
"7509","    13 ","03/07/1969",6.7,3.1,24,13,"9032"
"7510","   14 ","04/07/1969",0.5,4.3,24.5,14,"9032"
"7511","   12.5 ","05/07/1969",13.4,4.4,23.5,12.5,"9032"
"7512","    11 ","06/07/1969",16.5,4.4,23,11,"9032"
"7513","    11.5 ","07/07/1969",8.4,2.7,21,11.5,"9032"
"7514","   12 ","08/07/1969",0,4,21.5,12,"9032"
"7515","    12 ","09/07/1969",0.3,3.7,21,12,"9032"
"7516","    12 ","10/07/1969",0.5,4.3,23,12,"9032"
"7517","    12 ","11/07/1969",0.6,4.6,23,12,"9032"
"7518","   13.5 ","12/07/1969",55.7,2,22.5,13.5,"9032"
"7519","   11.5 ","13/07/1969",6.7,2.4,21.5,11.5,"9032"
"7520","    14 ","14/07/1969",0,5.3,22,14,"9032"
"7521","    12.5 ","15/07/1969",2.1,5.4,24,12.5,"9032"
"7522","    10 ","16/07/1969",0.7,4.3,22,10,"9032"
"7523","    11 ","17/07/1969",0.5,4.3,24,11,"9032"
"7524","   11 ","18/07/1969",2.6,5.2,24.5,11,"9032"
"7525","   12 ","19/07/1969",0,5.5,23.5,12,"9032"
"7526","    12 ","20/07/1969",17.4,5.5,23,12,"9032"
"7527","    12.5 ","21/07/1969",3.8,3.5,23,12.5,"9032"
"7528","    14 ","22/07/1969",9.9,3.5,23,14,"9032"
"7529","    12 ","23/07/1969",2.4,5.8,23,12,"9032"
"7530","    12 ","24/07/1969",3.1,9.5,22,12,"9032"
"7531","    12.5 ","25/07/1969",0,5.5,25,12.5,"9032"
"7532","    11.5 ","26/07/1969",11,2.6,24,11.5,"9032"
"7533","    10.5 ","27/07/1969",5.3,2.4,24,10.5,"9032"
"7534","   11 ","28/07/1969",0,1.4,25.5,11,"9032"
"7535","    10.5 ","29/07/1969",0,3.3,25,10.5,"9032"
"7536","    11 ","30/07/1969",8.8,4.7,24,11,"9032"
"7537","    11.5 ","31/07/1969",1.6,2,24,11.5,"9032"
"7538","    11 ","01/08/1969",1.8,3.1,23,11,"9032"
"7539","   13 ","02/08/1969",4.6,5.2,21.5,13,"9032"
"7540","   13 ","03/08/1969",9.4,3.4,18.5,13,"9032"
"7541","    11 ","04/08/1969",21,0.4,19,11,"9032"
"7542","   12.5 ","05/08/1969",0.4,1.5,18.5,12.5,"9032"
"7543","    12.5 ","06/08/1969",20,1.8,17,12.5,"9032"
"7544","    10.5 ","07/08/1969",15.1,1.1,20,10.5,"9032"
"7545","   11 ","08/08/1969",0,3.7,21.5,11,"9032"
"7546","    12 ","09/08/1969",3.2,4.3,22,12,"9032"
"7547","    12.5 ","10/08/1969",0,2.5,20,12.5,"9032"
"7548","    11 ","11/08/1969",4.1,3.9,21,11,"9032"
"7549","    11 ","12/08/1969",2.1,2.3,19,11,"9032"
"7550","   12 ","13/08/1969",16.4,2.4,19.5,12,"9032"
"7551","    12 ","14/08/1969",16.4,1,20,12,"9032"
"7552","    11.5 ","15/08/1969",1,5.1,22,11.5,"9032"
"7553","   12.5 ","16/08/1969",1.8,2.4,19.5,12.5,"9032"
"7554","    12 ","17/08/1969",0,6.4,23,12,"9032"
"7555","   13 ","18/08/1969",1.1,6.7,23.5,13,"9032"
"7556","   11.5 ","19/08/1969",1.2,4.4,22.5,11.5,"9032"
"7557","   13.5 ","20/08/1969",0.5,1.2,17.5,13.5,"9032"
"7558","   13.5 ","21/08/1969",10.2,2.2,20.5,13.5,"9032"
"7559","    13 ","22/08/1969",31.5,3.5,20,13,"9032"
"7560","    13 ","23/08/1969",9.3,1.6,20,13,"9032"
"7561","    11 ","24/08/1969",2.9,3.8,21,11,"9032"
"7562","   12 ","25/08/1969",5.7,2.3,19.5,12,"9032"
"7563","    13 ","26/08/1969",0.3,4.1,22,13,"9032"
"7564","   13 ","27/08/1969",20.8,4.7,21.5,13,"9032"
"7565","   13 ","28/08/1969",1.7,2.1,20.5,13,"9032"
"7566","    13 ","29/08/1969",2.8,1.3,20,13,"9032"
"7567","    11 ","30/08/1969",13.3,4.3,21,11,"9032"
"7568","   13 ","31/08/1969",11.2,2,19.5,13,"9032"
"7569","    12.5 ","01/09/1969",20,3,20,12.5,"9032"
"7570","    13 ","02/09/1969",8.7,1.7,19,13,"9032"
"7571","    12 ","03/09/1969",0.3,4.1,18,12,"9032"
"7572","   11.5 ","04/09/1969",1.3,1.3,21.5,11.5,"9032"
"7573","    11.5 ","05/09/1969",0,2.5,19,11.5,"9032"
"7574","    12.5 ","06/09/1969",7.6,1.1,17,12.5,"9032"
"7575","    12.5 ","07/09/1969",8.1,0.9,18,12.5,"9032"
"7576","    13 ","08/09/1969",3.3,1.7,19,13,"9032"
"7577","    13 ","09/09/1969",0.3,2.8,21,13,"9032"
"7578","    13 ","10/09/1969",0,4.5,22,13,"9032"
"7579","    13 ","11/09/1969",1.3,1.3,18,13,"9032"
"7580","    12 ","12/09/1969",13,3.3,20,12,"9032"
"7581","    12.5 ","13/09/1969",3.1,3.4,21,12.5,"9032"
"7582","    12 ","14/09/1969",0.5,4.6,22,12,"9032"
"7583","    11 ","15/09/1969",0,5.1,23,11,"9032"
"7584","    11 ","16/09/1969",0,5.1,23,11,"9032"
"7585","    10 ","17/09/1969",0,6.5,23,10,"9032"
"7586","   13 ","18/09/1969",5.8,4.9,22.5,13,"9032"
"7587","    10 ","19/09/1969",0.4,3.3,23,10,"9032"
"7588","    12.5 ","20/09/1969",0,3,22,12.5,"9032"
"7589","    12 ","21/09/1969",5.6,4.7,22,12,"9032"
"7590","    12.5 ","22/09/1969",2.7,2.9,23,12.5,"9032"
"7591","    13.5 ","23/09/1969",0,3.9,23,13.5,"9032"
"7592","    12 ","24/09/1969",0,4.6,22,12,"9032"
"7593","    13 ","25/09/1969",0.7,3.9,22,13,"9032"
"7594","    12.5 ","26/09/1969",0,4.5,21,12.5,"9032"
"7595","   13 ","27/09/1969",0.6,1.1,18.5,13,"9032"
"7596","   10.5 ","28/09/1969",0,3.2,18.5,10.5,"9032"
"7597","    9 ","29/09/1969",0,4.8,19,9,"9032"
"7598","    9.5 ","30/09/1969",0,6.8,20,9.5,"9032"
"7599","    6 ","01/10/1969",0,2.9,23,6,"9032"
"7600","    10.5 ","02/10/1969",0.8,2.9,22,10.5,"9032"
"7601","   12 ","03/10/1969",0,6.5,25.5,12,"9032"
"7602","   11.5 ","04/10/1969",1.1,4.4,24.5,11.5,"9032"
"7603","    12 ","05/10/1969",1.2,4,24,12,"9032"
"7604","    13 ","06/10/1969",0,3.9,23,13,"9032"
"7605","    10 ","07/10/1969",0,4.6,20,10,"9032"
"7606","    11 ","08/10/1969",0,4,21,11,"9032"
"7607","   10 ","09/10/1969",0,4.1,22.5,10,"9032"
"7608","    11 ","10/10/1969",0,5.5,24,11,"9032"
"7609","    11.5 ","11/10/1969",0,5.5,25,11.5,"9032"
"7610","    11 ","12/10/1969",0,3.8,25,11,"9032"
"7611","    13 ","13/10/1969",0,5,25,13,"9032"
"7612","   11 ","14/10/1969",3.8,8.7,22.5,11,"9032"
"7613","    9 ","15/10/1969",0,4.5,22,9,"9032"
"7614","   10.5 ","16/10/1969",0,4.5,22.5,10.5,"9032"
"7615","    10 ","17/10/1969",0,4.7,23,10,"9032"
"7616","    9 ","18/10/1969",0,5.3,22,9,"9032"
"7617","   9 ","19/10/1969",0,4.6,23.5,9,"9032"
"7618","    11 ","20/10/1969",0,6.1,25,11,"9032"
"7619","    11 ","21/10/1969",0,6.5,25,11,"9032"
"7620","    9 ","22/10/1969",0,5.1,23,9,"9032"
"7621","    10 ","23/10/1969",2.2,3.6,23,10,"9032"
"7622","    8 ","24/10/1969",0,4.5,22,8,"9032"
"7623","   8 ","25/10/1969",0,5.6,22.5,8,"9032"
"7624","    7 ","26/10/1969",0,4.7,22,7,"9032"
"7625","    9 ","27/10/1969",0,3,19,9,"9032"
"7626","   11 ","28/10/1969",0,4.8,20.5,11,"9032"
"7627","    9 ","29/10/1969",0,4.7,22,9,"9032"
"7628","    9 ","30/10/1969",0,4.1,22,9,"9032"
"7629","    9 ","31/10/1969",0,3.8,22,9,"9032"
"7630","    5.5 ","01/12/1969",0,2.6,21,5.5,"9032"
"7631","    8 ","02/12/1969",0,4.1,22,8,"9032"
"7632","    5 ","03/12/1969",0,4.7,21,5,"9032"
"7633","    8 ","04/12/1969",0,4,24,8,"9032"
"7634","    10 ","05/12/1969",0.5,3.7,21,10,"9032"
"7635","    11 ","06/12/1969",0,3.8,19,11,"9032"
"7636","    9.5 ","07/12/1969",0,6,20,9.5,"9032"
"7637","   9 ","08/12/1969",0,2.6,20.5,9,"9032"
"7638","   6.5 ","09/12/1969",0,5.6,21.5,6.5,"9032"
"7639","    5 ","10/12/1969",0,4.8,23,5,"9032"
"7640","   6.5 ","11/12/1969",0,3.4,21.5,6.5,"9032"
"7641","    7.5 ","12/12/1969",0,1.5,15,7.5,"9032"
"7642","    6 ","13/12/1969",0,3.6,17,6,"9032"
"7643","    5.5 ","14/12/1969",0,3.3,20,5.5,"9032"
"7644","   2 ","15/12/1969",0,3.4,18.5,2,"9032"
"7645","    5.5 ","16/12/1969",0,3.7,21,5.5,"9032"
"7646","    5 ","17/12/1969",0,3.5,19,5,"9032"
"7647","    5.5 ","18/12/1969",0,3.6,20,5.5,"9032"
"7648","    8 ","19/12/1969",0,2.4,18,8,"9032"
"7649","    5.5 ","20/12/1969",0,4,20,5.5,"9032"
"7650","    6.5 ","21/12/1969",0,5.1,20,6.5,"9032"
"7651","    7 ","22/12/1969",0,4.9,20,7,"9032"
"7652","    5.5 ","23/12/1969",0,3.4,21,5.5,"9032"
"7653","   7 ","24/12/1969",0,6.3,21.5,7,"9032"
"7654","    6.5 ","25/12/1969",0,4.5,21,6.5,"9032"
"7655","   5 ","26/12/1969",0,5.1,23.5,5,"9032"
"7656","    7 ","27/12/1969",0,5.3,21,7,"9032"
"7657","   7.5 ","28/12/1969",0,3,18.5,7.5,"9032"
"7658","    8.5 ","29/12/1969",0,4.6,18,8.5,"9032"
"7659","    10 ","30/12/1969",0,3.8,21,10,"9032"
"7660","    10.5 ","31/12/1969",0,5.2,21,10.5,"9032"
"7661","    9.5 ","01/01/1970",0,5,21,9.5,"9032"
"7662","    9 ","02/01/1970",0,5.1,22,9,"9032"
"7663","   7 ","03/01/1970",0,2.5,21.5,7,"9032"
"7664","   8 ","04/01/1970",0,6,22.5,8,"9032"
"7665","    9.5 ","05/01/1970",1.1,2.5,20,9.5,"9032"
"7666","    6 ","06/01/1970",0,4.6,20,6,"9032"
"7667","    2 ","07/01/1970",0,3.6,19,2,"9032"
"7668","    4 ","08/01/1970",0,4.5,18,4,"9032"
"7669","    5 ","09/01/1970",0,3.8,16,5,"9032"
"7670","   4.5 ","10/01/1970",0,4.2,20.5,4.5,"9032"
"7671","    4.5 ","11/01/1970",0,5.8,21,4.5,"9032"
"7672","   4 ","12/01/1970",0,4.7,21.5,4,"9032"
"7673","   5 ","13/01/1970",0,4.8,19.5,5,"9032"
"7674","    4 ","14/01/1970",0,6.4,20,4,"9032"
"7675","    4 ","15/01/1970",0,6.4,21,4,"9032"
"7676","   5 ","16/01/1970",0,6.6,22.5,5,"9032"
"7677","    3 ","17/01/1970",0,5,24,3,"9032"
"7678","    6 ","18/01/1970",0,4.2,20,6,"9032"
"7679","    4.5 ","19/01/1970",0,5.7,20,4.5,"9032"
"7680","    4.5 ","20/01/1970",0,5.1,21,4.5,"9032"
"7681","    4 ","21/01/1970",0,4.8,20,4,"9032"
"7682","    4 ","22/01/1970",0,4.9,20,4,"9032"
"7683","    4 ","23/01/1970",0,3.7,19,4,"9032"
"7684","    3 ","24/01/1970",0,4.8,19,3,"9032"
"7685","    3 ","25/01/1970",0,5.2,20,3,"9032"
"7686","    3 ","26/01/1970",0,5.6,20,3,"9032"
"7687","    3 ","27/01/1970",0,3.5,21,3,"9032"
"7688","   7 ","28/01/1970",0,5.3,22.5,7,"9032"
"7689","    7 ","29/01/1970",0,5.4,22,7,"9032"
"7690","   7.5 ","30/01/1970",0,3.2,20.5,7.5,"9032"
"7691","    5.5 ","31/01/1970",0,5.3,22,5.5,"9032"
"7692","   5.5 ","01/02/1970",0,6.5,23.5,5.5,"9032"
"7693","    5.5 ","02/02/1970",0,6.1,23,5.5,"9032"
"7694","   5.5 ","03/02/1970",0,4.1,18.5,5.5,"9032"
"7695","    2 ","04/02/1970",0,5.8,23,2,"9032"
"7696","    2 ","05/02/1970",0,5.5,23,2,"9032"
"7697","   2 ","06/02/1970",0,4.8,22.5,2,"9032"
"7698","    2 ","07/02/1970",1.5,3.5,21,2,"9032"
"7699","    3.5 ","08/02/1970",0.9,3.2,20,3.5,"9032"
"7700","    3.5 ","09/02/1970",0,3,16,3.5,"9032"
"7701","    4.5 ","10/02/1970",0.8,3.1,17,4.5,"9032"
"7702","    4 ","11/02/1970",1.9,2.2,16,4,"9032"
"7703","   4 ","12/02/1970",0,3.8,17.5,4,"9032"
"7704","    4 ","13/02/1970",0,5.3,22,4,"9032"
"7705","   4 ","14/02/1970",0,6.4,21.5,4,"9032"
"7706","    4 ","15/02/1970",0,6.5,23,4,"9032"
"7707","   4.5 ","16/02/1970",0,6.2,21.5,4.5,"9032"
"7708","   4 ","17/02/1970",0,4.6,20.5,4,"9032"
"7709","   5.5 ","18/02/1970",0,5.1,19.5,5.5,"9032"
"7710","    8.5 ","19/02/1970",0,4.7,22,8.5,"9032"
"7711","   8 ","20/02/1970",0,3.5,20.5,8,"9032"
"7712","    8 ","21/02/1970",0,3.1,18,8,"9032"
"7713","    8 ","22/02/1970",0,4.9,20,8,"9032"
"7714","    8 ","23/02/1970",0,5.7,21,8,"9032"
"7715","    8 ","24/02/1970",0,5.9,22,8,"9032"
"7716","   7 ","25/02/1970",0,5.8,21.5,7,"9032"
"7717","    6 ","26/02/1970",0,6.7,22,6,"9032"
"7718","    8 ","27/02/1970",0,5.2,21,8,"9032"
"7719","    9 ","28/02/1970",0,4,24,9,"9032"
"7720","    9.5 ","01/03/1970",0,7.3,24,9.5,"9032"
"7721","    10 ","02/03/1970",0,4.7,23,10,"9032"
"7722","    10 ","03/03/1970",0,5.1,22,10,"9032"
"7723","    9.5 ","04/03/1970",0,7.1,23,9.5,"9032"
"7724","    9 ","05/03/1970",0,8.8,22,9,"9032"
"7725","   8 ","06/03/1970",0,7.9,21.5,8,"9032"
"7726","    9.5 ","07/03/1970",0,6.5,23,9.5,"9032"
"7727","   9 ","08/03/1970",0,8,22.5,9,"9032"
"7728","    7.5 ","09/03/1970",0,7.8,24,7.5,"9032"
"7729","   8 ","10/03/1970",0,6.3,23.5,8,"9032"
"7730","   7 ","11/03/1970",0,10.3,23.5,7,"9032"
"7731","   7 ","12/03/1970",0,7.3,23.5,7,"9032"
"7732","    6.5 ","13/03/1970",0,4.7,21,6.5,"9032"
"7733","    7 ","14/03/1970",0,6.3,23,7,"9032"
"7734","    7 ","15/03/1970",0,8.1,25,7,"9032"
"7735","   10.5 ","16/03/1970",0,7.5,24.5,10.5,"9032"
"7736","    11 ","17/03/1970",0,6.8,25,11,"9032"
"7737","    12 ","18/03/1970",0,8.2,25,12,"9032"
"7738","    11.5 ","19/03/1970",0,9.7,21,11.5,"9032"
"7739","   10 ","20/03/1970",0,8.7,25.5,10,"9032"
"7740","    11 ","21/03/1970",0,7.6,26,11,"9032"
"7741","    11.5 ","22/03/1970",0,6.7,26,11.5,"9032"
"7742","   10 ","23/03/1970",0,8.1,27.5,10,"9032"
"7743","    10 ","24/03/1970",0,7.7,27,10,"9032"
"7744","    13 ","25/03/1970",0,10.2,27,13,"9032"
"7745","    12 ","26/03/1970",0,10.8,27,12,"9032"
"7746","    13.5 ","27/03/1970",0,9.1,27,13.5,"9032"
"7747","    11.5 ","28/03/1970",0,9.5,28,11.5,"9032"
"7748","   12 ","29/03/1970",0,10.3,25.5,12,"9032"
"7749","    11 ","30/03/1970",0,9.6,28,11,"9032"
"7750","    12 ","31/03/1970",0,9.2,29,12,"9032"
"7751","    12.5 ","01/04/1970",0,10.2,29,12.5,"9032"
"7752","   12.5 ","02/04/1970",0,8.6,27.5,12.5,"9032"
"7753","    13 ","03/04/1970",0,9.2,28,13,"9032"
"7754","    13 ","04/04/1970",0,9,28,13,"9032"
"7755","   12 ","05/04/1970",0,6.2,26.5,12,"9032"
"7756","    11 ","06/04/1970",0,6.2,25,11,"9032"
"7757","   12 ","07/04/1970",9.8,7.8,24.5,12,"9032"
"7758","    12 ","08/04/1970",0,1,27,12,"9032"
"7759","    12 ","09/04/1970",0,10.6,26,12,"9032"
"7760","    11.5 ","10/04/1970",0,11.3,25,11.5,"9032"
"7761","    13.5 ","11/04/1970",0,6.2,25,13.5,"9032"
"7762","   9.5 ","12/04/1970",0,10,25.5,9.5,"9032"
"7763","   10 ","13/04/1970",0,9.7,26.5,10,"9032"
"7764","    13 ","14/04/1970",0,10.2,27,13,"9032"
"7765","    13 ","15/04/1970",0,8.8,27,13,"9032"
"7766","    13 ","16/04/1970",0,11,28,13,"9032"
"7767","    13 ","17/04/1970",0,10.6,28,13,"9032"
"7768","    15 ","18/04/1970",0,10.5,26,15,"9032"
"7769","    13 ","19/04/1970",0,12.4,28,13,"9032"
"7770","   13 ","20/04/1970",0,8.8,27.5,13,"9032"
"7771","   15 ","21/04/1970",0,7,27.5,15,"9032"
"7772","   14 ","22/04/1970",0,8.6,27.5,14,"9032"
"7773","   14 ","23/04/1970",0,9.1,29.5,14,"9032"
"7774","    14 ","24/04/1970",0,8.4,29,14,"9032"
"7775","    14 ","25/04/1970",0,7.4,28,14,"9032"
"7776","    13 ","26/04/1970",0,8.8,29,13,"9032"
"7777","    14 ","27/04/1970",0,9.1,29,14,"9032"
"7778","    15 ","28/04/1970",0,10.1,30,15,"9032"
"7779","   13.5 ","29/04/1970",0,10,29.5,13.5,"9032"
"7780","    14 ","30/04/1970",0,10.6,28,14,"9032"
"7781","    14 ","01/05/1970",0,9.2,29,14,"9032"
"7782","    12.5 ","02/05/1970",0,4.4,29,12.5,"9032"
"7783","    11 ","03/05/1970",0,3.4,23,11,"9032"
"7784","    8 ","04/05/1970",1.9,4.6,23,8,"9032"
"7785","   8 ","05/05/1970",0,11.5,26.5,8,"9032"
"7786","    7 ","06/05/1970",0,10.6,26,7,"9032"
"7787","    8 ","07/05/1970",0,9.2,27,8,"9032"
"7788","    13 ","08/05/1970",0,7.1,27,13,"9032"
"7789","   13.5 ","09/05/1970",0,8.6,27.5,13.5,"9032"
"7790","    13.5 ","10/05/1970",0,4.6,26,13.5,"9032"
"7791","   14 ","11/05/1970",1.2,5.5,25.5,14,"9032"
"7792","   13 ","12/05/1970",1.9,7.3,26.5,13,"9032"
"7793","   12 ","13/05/1970",2.8,3.9,23.5,12,"9032"
"7794","    12 ","14/05/1970",0.7,8.9,21,12,"9032"
"7795","    13 ","15/05/1970",22.3,4.4,24,13,"9032"
"7796","    10.5 ","16/05/1970",8.8,3.8,19,10.5,"9032"
"7797","    10 ","17/05/1970",0,5.3,21,10,"9032"
"7798","    7 ","18/05/1970",0,7.8,23,7,"9032"
"7799","   9 ","19/05/1970",0,6.6,23.5,9,"9032"
"7800","    9 ","20/05/1970",0,7.1,24,9,"9032"
"7801","   10 ","21/05/1970",1.2,4.9,23.5,10,"9032"
"7802","    11.5 ","22/05/1970",5.6,4.9,22,11.5,"9032"
"7803","    10.5 ","23/05/1970",0,5.9,23,10.5,"9032"
"7804","    12 ","24/05/1970",0,5.7,23,12,"9032"
"7805","   13 ","25/05/1970",0,7.2,25.5,13,"9032"
"7806","   13.5 ","26/05/1970",0.4,7,22.5,13.5,"9032"
"7807","   14 ","27/05/1970",0.6,4.9,26.5,14,"9032"
"7808","    12.5 ","28/05/1970",0,7.6,26,12.5,"9032"
"7809","    13 ","29/05/1970",1.3,5.9,26,13,"9032"
"7810","   13 ","30/05/1970",0,4.2,25.5,13,"9032"
"7811","    12 ","31/05/1970",29.4,10,26,12,"9032"
"7812","   11.5 ","01/06/1970",4.1,4.7,24.5,11.5,"9032"
"7813","   11.5 ","02/06/1970",0,4.4,19.5,11.5,"9032"
"7814","    11 ","03/06/1970",0,5.8,21,11,"9032"
"7815","   11.5 ","04/06/1970",0,7.8,22.5,11.5,"9032"
"7816","    12 ","05/06/1970",0,2.5,23,12,"9032"
"7817","    10 ","06/06/1970",0,8.7,26,10,"9032"
"7818","    11 ","07/06/1970",16.4,6.5,21,11,"9032"
"7819","   11 ","08/06/1970",10.9,4,21.5,11,"9032"
"7820","    11 ","09/06/1970",0,4.8,20,11,"9032"
"7821","    13.5 ","10/06/1970",0,3.5,22,13.5,"9032"
"7822","    13.5 ","11/06/1970",0,5,24,13.5,"9032"
"7823","    12 ","12/06/1970",1.8,4.4,26,12,"9032"
"7824","    12 ","13/06/1970",7.8,6.6,27,12,"9032"
"7825","    11 ","14/06/1970",0,6.1,25,11,"9032"
"7826","   13 ","15/06/1970",0,9.5,25.5,13,"9032"
"7827","   11 ","16/06/1970",0,9.5,25.5,11,"9032"
"7828","    11.5 ","17/06/1970",5.1,6.4,23,11.5,"9032"
"7829","    11 ","18/06/1970",13.6,6.4,22,11,"9032"
"7830","   12 ","19/06/1970",7.7,3.8,22.5,12,"9032"
"7831","   12 ","20/06/1970",29.4,3.8,19.5,12,"9032"
"7832","   13 ","21/06/1970",61,1.8,18.5,13,"9032"
"7833","   13 ","22/06/1970",7,3.8,17.5,13,"9032"
"7834","    13 ","23/06/1970",3.9,7.2,20,13,"9032"
"7835","   13 ","24/06/1970",0,6.2,24.5,13,"9032"
"7836","    13 ","25/06/1970",20.3,3.6,21,13,"9032"
"7837","    13 ","26/06/1970",2.9,3.5,18,13,"9032"
"7838","    11.5 ","27/06/1970",2.9,3.6,20,11.5,"9032"
"7839","   13 ","28/06/1970",3.3,4.7,21.5,13,"9032"
"7840","   13 ","29/06/1970",0,4.3,22.5,13,"9032"
"7841","   12 ","30/06/1970",8.4,3.8,21.5,12,"9032"
"7842","    9 ","01/07/1970",0.6,4.5,21,9,"9032"
"7843","    11.5 ","02/07/1970",5.8,12.4,20,11.5,"9032"
"7844","    11.5 ","03/07/1970",0.7,4.2,21,11.5,"9032"
"7845","   12 ","04/07/1970",3.8,6.7,21.5,12,"9032"
"7846","    12 ","05/07/1970",12.3,4.3,23,12,"9032"
"7847","   12 ","06/07/1970",3.1,3.4,20.5,12,"9032"
"7848","    13 ","07/07/1970",12.3,5.4,23,13,"9032"
"7849","   11.5 ","08/07/1970",2.3,3.6,22.5,11.5,"9032"
"7850","   12 ","09/07/1970",14.8,4.8,22.5,12,"9032"
"7851","    10 ","10/07/1970",10.1,5.1,22,10,"9032"
"7852","   11 ","11/07/1970",0.6,6,23.5,11,"9032"
"7853","    11.5 ","12/07/1970",0.3,5.7,24,11.5,"9032"
"7854","    11 ","13/07/1970",0.1,8.3,25,11,"9032"
"7855","    11.5 ","14/07/1970",4.8,3.3,21,11.5,"9032"
"7856","    13 ","15/07/1970",0,2.3,19,13,"9032"
"7857","   13 ","16/07/1970",1.7,7,23.5,13,"9032"
"7858","   13.5 ","17/07/1970",0,3.3,20.5,13.5,"9032"
"7859","    12.5 ","18/07/1970",0,5.7,22,12.5,"9032"
"7860","    12.5 ","19/07/1970",0,3.5,22,12.5,"9032"
"7861","    10.5 ","20/07/1970",4.9,4.1,22,10.5,"9032"
"7862","    10.5 ","21/07/1970",5.3,2.5,21,10.5,"9032"
"7863","    10.5 ","22/07/1970",18.1,5.7,20,10.5,"9032"
"7864","   11.5 ","23/07/1970",1.8,0.7,17.5,11.5,"9032"
"7865","   13 ","24/07/1970",2.1,3.4,22.5,13,"9032"
"7866","   12.5 ","25/07/1970",2.7,4.3,21.5,12.5,"9032"
"7867","    12 ","26/07/1970",6.2,2.5,20,12,"9032"
"7868","   11.5 ","27/07/1970",0.3,3.7,21.5,11.5,"9032"
"7869","    11.5 ","28/07/1970",23.8,5.9,20,11.5,"9032"
"7870","   12 ","29/07/1970",4.5,3.2,21.5,12,"9032"
"7871","    12.5 ","30/07/1970",1.4,2.7,19,12.5,"9032"
"7872","    12.5 ","31/07/1970",6.7,3,21,12.5,"9032"
"7873","   12 ","01/08/1970",13.7,8.7,22.5,12,"9032"
"7874","    12 ","02/08/1970",2.8,6.9,22,12,"9032"
"7875","   12.5 ","03/08/1970",4.1,3.4,22.5,12.5,"9032"
"7876","   13 ","04/08/1970",11.9,4.7,19.5,13,"9032"
"7877","    13.5 ","05/08/1970",5.7,0.9,19,13.5,"9032"
"7878","    13 ","06/08/1970",23,2,17,13,"9032"
"7879","   12.5 ","07/08/1970",22,4.6,21.5,12.5,"9032"
"7880","    11 ","08/08/1970",0,8,22,11,"9032"
"7881","    11 ","09/08/1970",13.5,7.3,23,11,"9032"
"7882","   12 ","10/08/1970",4.8,3.8,22.5,12,"9032"
"7883","    13 ","11/08/1970",0.2,3.9,21,13,"9032"
"7884","    11.5 ","12/08/1970",2.6,3.3,23,11.5,"9032"
"7885","   12.5 ","13/08/1970",0,6.4,23.5,12.5,"9032"
"7886","   10 ","14/08/1970",1.3,8.6,23.5,10,"9032"
"7887","    9 ","15/08/1970",4,7,23,9,"9032"
"7888","    10.5 ","16/08/1970",0,3.2,19,10.5,"9032"
"7889","   12 ","17/08/1970",0,4.4,22.5,12,"9032"
"7890","   12 ","18/08/1970",3.4,5.7,21.5,12,"9032"
"7891","   9 ","19/08/1970",0,3.8,22.5,9,"9032"
"7892","   11 ","20/08/1970",0.9,3,21.5,11,"9032"
"7893","   11 ","21/08/1970",41.6,6.6,22.5,11,"9032"
"7894","    12 ","22/08/1970",1.5,4,23,12,"9032"
"7895","    12 ","23/08/1970",5.3,6.1,23,12,"9032"
"7896","    12 ","24/08/1970",0,6.9,23,12,"9032"
"7897","   11 ","25/08/1970",2.8,6.5,23.5,11,"9032"
"7898","    10 ","26/08/1970",0,7.1,25,10,"9032"
"7899","    12 ","27/08/1970",0,7.5,23,12,"9032"
"7900","    12 ","28/08/1970",0.8,4.3,18,12,"9032"
"7901","    12 ","29/08/1970",5.1,3.8,21,12,"9032"
"7902","    12.5 ","30/08/1970",3.5,2.1,19,12.5,"9032"
"7903","    12 ","31/08/1970",20.4,3.2,20,12,"9032"
"7904","    13 ","01/09/1970",2,1.3,20,13,"9032"
"7905","    13 ","02/09/1970",1.8,4.8,23,13,"9032"
"7906","    12.5 ","03/09/1970",0,4.6,23,12.5,"9032"
"7907","    12 ","04/09/1970",16.1,5.6,21,12,"9032"
"7908","    11.5 ","05/09/1970",0,4.7,22,11.5,"9032"
"7909","    12 ","06/09/1970",12,5.9,24,12,"9032"
"7910","    12 ","07/09/1970",1.4,4.5,21,12,"9032"
"7911","   11.5 ","08/09/1970",0.6,5.4,22.5,11.5,"9032"
"7912","    11 ","09/09/1970",18.5,4.8,22,11,"9032"
"7913","    11.5 ","10/09/1970",0,5.1,21,11.5,"9032"
"7914","    11 ","11/09/1970",0,3.6,21,11,"9032"
"7915","    11.5 ","12/09/1970",1,1.2,20,11.5,"9032"
"7916","   11.5 ","13/09/1970",1,3.1,22.5,11.5,"9032"
"7917","    11.5 ","14/09/1970",1.3,4.7,23,11.5,"9032"
"7918","    11.5 ","15/09/1970",0,1.7,22,11.5,"9032"
"7919","    11 ","16/09/1970",0,6,23,11,"9032"
"7920","   12 ","17/09/1970",0,5.7,22.5,12,"9032"
"7921","    12.5 ","18/09/1970",1,2.3,19,12.5,"9032"
"7922","   11 ","19/09/1970",5.1,3,20.5,11,"9032"
"7923","   12 ","20/09/1970",5,3,21.5,12,"9032"
"7924","    10.5 ","21/09/1970",9.1,3.5,21,10.5,"9032"
"7925","    10 ","22/09/1970",0.9,4.5,21,10,"9032"
"7926","   13 ","23/09/1970",1.5,2.9,21.5,13,"9032"
"7927","    13 ","24/09/1970",23.6,5.5,20,13,"9032"
"7928","   13 ","25/09/1970",0.7,2.8,19.5,13,"9032"
"7929","    13 ","26/09/1970",3.6,1.9,20,13,"9032"
"7930","   12.5 ","27/09/1970",1.3,2.8,20.5,12.5,"9032"
"7931","   12.5 ","28/09/1970",8,2,19.5,12.5,"9032"
"7932","   11.5 ","29/09/1970",0,2.6,17.5,11.5,"9032"
"7933","    11 ","30/09/1970",0.5,1.2,18,11,"9032"
"7934","    10 ","01/10/1970",0,2.8,20,10,"9032"
"7935","    9.5 ","02/10/1970",0,5.7,22,9.5,"9032"
"7936","    8 ","03/10/1970",0,4.5,22,8,"9032"
"7937","    11.5 ","04/10/1970",0,3.7,21,11.5,"9032"
"7938","   11.5 ","05/10/1970",3.7,2.2,20.5,11.5,"9032"
"7939","    10 ","06/10/1970",0,6.3,23,10,"9032"
"7940","    11 ","07/10/1970",0,7.5,23,11,"9032"
"7941","    9 ","08/10/1970",0,6.6,24,9,"9032"
"7942","   10 ","09/10/1970",0,6.4,24.5,10,"9032"
"7943","    11 ","10/10/1970",0,5.7,23,11,"9032"
"7944","   10.5 ","11/10/1970",0,5.3,24.5,10.5,"9032"
"7945","   11 ","12/10/1970",0,4.6,23.5,11,"9032"
"7946","   12 ","13/10/1970",3.2,2.5,22.5,12,"9032"
"7947","   11 ","14/10/1970",0.4,3.6,22.5,11,"9032"
"7948","    12.5 ","15/10/1970",0,3.2,20,12.5,"9032"
"7949","    10 ","16/10/1970",0,3.7,17,10,"9032"
"7950","   10 ","17/10/1970",0,4.8,20.5,10,"9032"
"7951","    8 ","18/10/1970",0,3.6,21,8,"9032"
"7952","    7.5 ","19/10/1970",0,4.7,23,7.5,"9032"
"7953","    8 ","20/10/1970",0,4.6,23,8,"9032"
"7954","    9.5 ","21/10/1970",0,6.7,23,9.5,"9032"
"7955","    9 ","22/10/1970",0,4.3,23,9,"9032"
"7956","    9.5 ","23/10/1970",0,6,25,9.5,"9032"
"7957","   11 ","24/10/1970",0,10.5,24.5,11,"9032"
"7958","    11.5 ","25/10/1970",0,5,25,11.5,"9032"
"7959","    11 ","26/10/1970",0,5.5,24,11,"9032"
"7960","    11 ","27/10/1970",0,5.6,24,11,"9032"
"7961","    12 ","28/10/1970",2.6,5.2,22,12,"9032"
"7962","    9 ","29/10/1970",4.1,0.4,20,9,"9032"
"7963","    8 ","30/10/1970",0,2.8,20,8,"9032"
"7964","    9 ","31/10/1970",0,1.3,22,9,"9032"
"7965","   8 ","01/11/1970",0,4,21.5,8,"9032"
"7966","    8 ","02/11/1970",0,5.5,22,8,"9032"
"7967","    8.5 ","03/11/1970",0,3.3,20,8.5,"9032"
"7968","    10 ","04/11/1970",0,1.8,16,10,"9032"
"7969","   6 ","05/11/1970",0,2.8,16.5,6,"9032"
"7970","   7 ","06/11/1970",0,2.9,18.5,7,"9032"
"7971","   7 ","07/11/1970",0,5.4,21.5,7,"9032"
"7972","    8 ","08/11/1970",0,5.7,22,8,"9032"
"7973","    9.5 ","09/11/1970",0,6,22,9.5,"9032"
"7974","    8 ","10/11/1970",0,4.8,19,8,"9032"
"7975","    6 ","11/11/1970",0,3.8,21,6,"9032"
"7976","    6 ","12/11/1970",0,5.6,22,6,"9032"
"7977","   8.5 ","13/11/1970",0,5.2,22.5,8.5,"9032"
"7978","    10.5 ","14/11/1970",0,5.7,23,10.5,"9032"
"7979","   6 ","15/11/1970",0,2.1,16.5,6,"9032"
"7980","    4 ","16/11/1970",0,2.2,15,4,"9032"
"7981","   2 ","17/11/1970",0,4.8,20.5,2,"9032"
"7982","   4 ","18/11/1970",0,5.5,21.5,4,"9032"
"7983","    6 ","19/11/1970",0,6.4,22,6,"9032"
"7984","    6.5 ","20/11/1970",0,5,24,6.5,"9032"
"7985","   4.5 ","21/11/1970",0,5.3,23.5,4.5,"9032"
"7986","   6 ","22/11/1970",0,2.4,23.5,6,"9032"
"7987","   7 ","23/11/1970",0,1.7,20.5,7,"9032"
"7988","    6 ","24/11/1970",0,2.9,19,6,"9032"
"7989","   4 ","25/11/1970",0,5.3,20.5,4,"9032"
"7990","    6 ","26/11/1970",0,4.9,22,6,"9032"
"7991","    7 ","27/11/1970",0,4.4,22,7,"9032"
"7992","    6 ","28/11/1970",0,6.4,22,6,"9032"
"7993","    4 ","29/11/1970",0,5,20,4,"9032"
"7994","    5.5 ","30/11/1970",0,5.9,22,5.5,"9032"
"7995","   3 ","01/12/1970",0,5.2,22.5,3,"9032"
"7996","    5 ","02/12/1970",0,5.6,21,5,"9032"
"7997","    4 ","03/12/1970",0,4.4,22,4,"9032"
"7998","   4.5 ","04/12/1970",0,4.2,21.5,4.5,"9032"
"7999","    3.5 ","05/12/1970",0,3.8,21,3.5,"9032"
"8000","    3.5 ","06/12/1970",0,3.2,16,3.5,"9032"
"8001","    1.5 ","07/12/1970",0,3,16,1.5,"9032"
"8002","    3.5 ","08/12/1970",0,3.6,20,3.5,"9032"
"8003","    3.5 ","09/12/1970",0,3.8,20,3.5,"9032"
"8004","   4 ","10/12/1970",0,4.4,21.5,4,"9032"
"8005","   6 ","11/12/1970",0,4.2,20.5,6,"9032"
"8006","    6 ","12/12/1970",0,5,21,6,"9032"
"8007","    6 ","13/12/1970",0,5,21,6,"9032"
"8008","    6.5 ","14/12/1970",0,5.3,22,6.5,"9032"
"8009","    7.5 ","15/12/1970",0,4.4,22,7.5,"9032"
"8010","   7 ","16/12/1970",0,5.2,23.5,7,"9032"
"8011","   7 ","17/12/1970",0,5.6,24.5,7,"9032"
"8012","    8 ","18/12/1970",0,5.6,23,8,"9032"
"8013","    8 ","19/12/1970",0,3.6,23,8,"9032"
"8014","    9.5 ","20/12/1970",0,4.6,22,9.5,"9032"
"8015","    9 ","21/12/1970",0,4.3,23,9,"9032"
"8016","    9 ","22/12/1970",0,4.7,22,9,"9032"
"8017","   9 ","23/12/1970",0,5.7,22.5,9,"9032"
"8018","   6 ","24/12/1970",0,4.1,19.5,6,"9032"
"8019","    6.5 ","25/12/1970",0,5.2,21,6.5,"9032"
"8020","    6 ","26/12/1970",0,4.9,21,6,"9032"
"8021","   6 ","27/12/1970",0,4.8,21.5,6,"9032"
"8022","    6.5 ","28/12/1970",0,5.3,23,6.5,"9032"
"8023","    6 ","29/12/1970",0,5.4,22,6,"9032"
"8024","   7 ","30/12/1970",0,5.1,21.5,7,"9032"
"8025","    6 ","31/12/1970",0,2.7,19,6,"9032"
"8026","    5 ","01/01/1971",0,4.3,22,5,"9032"
"8027","    7 ","02/01/1971",0,4.1,20,7,"9032"
"8028","    7 ","03/01/1971",0,4.3,23,7,"9032"
"8029","    5 ","04/01/1971",0,5.1,24,5,"9032"
"8030","   5 ","05/01/1971",0,4.3,21.5,5,"9032"
"8031","    9 ","06/01/1971",0,4.8,21,9,"9032"
"8032","   8.5 ","07/01/1971",0,4.9,20.5,8.5,"9032"
"8033","   8.5 ","08/01/1971",0,3.5,20.5,8.5,"9032"
"8034","    7 ","09/01/1971",0,3.2,22,7,"9032"
"8035","    8.5 ","10/01/1971",0,4.3,21,8.5,"9032"
"8036","    7 ","11/01/1971",0,4.2,22,7,"9032"
"8037","   6.5 ","12/01/1971",0,5.3,21.5,6.5,"9032"
"8038","    8 ","13/01/1971",0,5.2,22,8,"9032"
"8039","    8 ","14/01/1971",0,4.6,21,8,"9032"
"8040","    8.5 ","15/01/1971",0,3.7,21,8.5,"9032"
"8041","    7 ","16/01/1971",0,4.5,21,7,"9032"
"8042","    4.5 ","17/01/1971",0,5.1,20,4.5,"9032"
"8043","   8 ","18/01/1971",0,3.6,21.5,8,"9032"
"8044","   9 ","19/01/1971",0,4.4,18.5,9,"9032"
"8045","    5 ","20/01/1971",0,5.1,19,5,"9032"
"8046","    5 ","21/01/1971",0,6.3,20,5,"9032"
"8047","    6 ","22/01/1971",0,6.3,22,6,"9032"
"8048","    7 ","23/01/1971",0,5.8,23,7,"9032"
"8049","    7.5 ","24/01/1971",0,6,25,7.5,"9032"
"8050","    8.5 ","25/01/1971",0,6.7,24,8.5,"9032"
"8051","   8.5 ","26/01/1971",0,4.9,20.5,8.5,"9032"
"8052","    5 ","27/01/1971",0,4.6,21,5,"9032"
"8053","    5 ","28/01/1971",0,5.9,22,5,"9032"
"8054","    6 ","29/01/1971",0,6.3,23,6,"9032"
"8055","    7 ","30/01/1971",0,6.6,22,7,"9032"
"8056","   7.5 ","31/01/1971",0,5.9,22.5,7.5,"9032"
"8057","    7 ","01/02/1971",0,4.7,23,7,"9032"
"8058","   5 ","02/02/1971",0,4.3,21.5,5,"9032"
"8059","    7 ","03/02/1971",0,6.2,22,7,"9032"
"8060","    7.5 ","04/02/1971",0,4,21,7.5,"9032"
"8061","    8 ","05/02/1971",0,5.7,20,8,"9032"
"8062","    7.5 ","06/02/1971",0,6.8,21,7.5,"9032"
"8063","    8 ","07/02/1971",0,7.8,23,8,"9032"
"8064","    6 ","08/02/1971",0,7.6,23,6,"9032"
"8065","    7 ","09/02/1971",0,5.8,22,7,"9032"
"8066","   2 ","10/02/1971",0,5.2,21.5,2,"9032"
"8067","   6.5 ","11/02/1971",0,5.1,20.5,6.5,"9032"
"8068","   7 ","12/02/1971",0,6.2,19.5,7,"9032"
"8069","   4 ","13/02/1971",0,6.6,18.5,4,"9032"
"8070","    5 ","14/02/1971",0,6.1,20,5,"9032"
"8071","   4.5 ","15/02/1971",0,5.7,20.5,4.5,"9032"
"8072","   8 ","16/02/1971",0.4,2.8,13.5,8,"9032"
"8073","   5.5 ","17/02/1971",0,5.8,21.5,5.5,"9032"
"8074","   8 ","18/02/1971",0,6.6,23.5,8,"9032"
"8075","    10 ","19/02/1971",0,6.5,24,10,"9032"
"8076","    10 ","20/02/1971",0,5.6,24,10,"9032"
"8077","   9 ","21/02/1971",0,10.8,21.5,9,"9032"
"8078","    7 ","22/02/1971",0,5.3,23,7,"9032"
"8079","   8 ","23/02/1971",0,8.2,24.5,8,"9032"
"8080","    7.5 ","24/02/1971",0,7.4,24,7.5,"9032"
"8081","    7 ","25/02/1971",0,8.3,22,7,"9032"
"8082","    9 ","26/02/1971",0,7.5,23,9,"9032"
"8083","    7 ","27/02/1971",0,6.5,24,7,"9032"
"8084","    9 ","28/02/1971",0,6.1,26,9,"9032"
"8085","   9 ","01/03/1971",0,8.1,24.5,9,"9032"
"8086","   9 ","02/03/1971",0,7.1,27.5,9,"9032"
"8087","    7 ","03/03/1971",0,7.1,28,7,"9032"
"8088","   4 ","04/03/1971",0,6.1,28.5,4,"9032"
"8089","   9 ","05/03/1971",0,7.7,26.5,9,"9032"
"8090","    10.5 ","06/03/1971",0,6.2,27,10.5,"9032"
"8091","    7.5 ","07/03/1971",0,4.8,24,7.5,"9032"
"8092","    6.5 ","08/03/1971",0,6.9,21,6.5,"9032"
"8093","   9.5 ","09/03/1971",0,8.6,25.5,9.5,"9032"
"8094","    10.5 ","10/03/1971",0,7.6,25,10.5,"9032"
"8095","   11.5 ","11/03/1971",0,8.4,24.5,11.5,"9032"
"8096","    10.5 ","12/03/1971",0,8.9,25,10.5,"9032"
"8097","    9.5 ","13/03/1971",0,8.3,26,9.5,"9032"
"8098","   10 ","14/03/1971",0,8.7,26.5,10,"9032"
"8099","    10.5 ","15/03/1971",0,6.1,28,10.5,"9032"
"8100","   9 ","16/03/1971",0,8,24.5,9,"9032"
"8101","    11 ","17/03/1971",0,8.7,22,11,"9032"
"8102","    10 ","18/03/1971",1.3,5.4,23,10,"9032"
"8103","    9.5 ","19/03/1971",8,4.2,22,9.5,"9032"
"8104","   9 ","20/03/1971",0.2,5.9,24.5,9,"9032"
"8105","    8 ","21/03/1971",0,5.9,22,8,"9032"
"8106","   10 ","22/03/1971",1.5,4.5,22.5,10,"9032"
"8107","   8 ","23/03/1971",0,5.8,22.5,8,"9032"
"8108","    9.5 ","24/03/1971",0,5.8,24,9.5,"9032"
"8109","    10 ","25/03/1971",0,4.8,21,10,"9032"
"8110","   10 ","26/03/1971",5,2.5,22.5,10,"9032"
"8111","   8.5 ","27/03/1971",0,5.1,23.5,8.5,"9032"
"8112","   9.5 ","28/03/1971",0,7,25.5,9.5,"9032"
"8113","   12.5 ","29/03/1971",0,8.2,25.5,12.5,"9032"
"8114","    10.5 ","30/03/1971",0,4.9,22,10.5,"9032"
"8115","    9.5 ","31/03/1971",0,5.7,24,9.5,"9032"
"8116","   11 ","01/04/1971",0,6.5,24.5,11,"9032"
"8117","    11 ","02/04/1971",0,5.1,20,11,"9032"
"8118","    7 ","03/04/1971",0,4.2,21,7,"9032"
"8119","    10 ","04/04/1971",1.5,3.5,21,10,"9032"
"8120","    9 ","05/04/1971",6.2,3.4,18,9,"9032"
"8121","    6 ","06/04/1971",2.8,2.8,17,6,"9032"
"8122","   6 ","07/04/1971",0,2.8,16.5,6,"9032"
"8123","    4.5 ","08/04/1971",0,8,22,4.5,"9032"
"8124","    7 ","09/04/1971",0,9.8,23,7,"9032"
"8125","   7 ","10/04/1971",0,7.4,22.5,7,"9032"
"8126","    5 ","11/04/1971",0,7.2,22,5,"9032"
"8127","    3.5 ","12/04/1971",0,6.9,22,3.5,"9032"
"8128","   4.5 ","13/04/1971",0,8.8,22.5,4.5,"9032"
"8129","    6 ","14/04/1971",0,7.1,23,6,"9032"
"8130","   7.5 ","15/04/1971",0,6.2,21.5,7.5,"9032"
"8131","   9 ","16/04/1971",0,9.2,21.5,9,"9032"
"8132","   7.5 ","17/04/1971",0,9,22.5,7.5,"9032"
"8133","    8 ","18/04/1971",0,10,25,8,"9032"
"8134","    4.5 ","19/04/1971",0,7.7,27,4.5,"9032"
"8135","    10 ","20/04/1971",0,9.8,28,10,"9032"
"8136","    6 ","21/04/1971",0,9.7,26,6,"9032"
"8137","   11 ","22/04/1971",0,9.8,23.5,11,"9032"
"8138","    12 ","23/04/1971",0,9.5,28,12,"9032"
"8139","    13.5 ","24/04/1971",0,8.4,29,13.5,"9032"
"8140","    10 ","25/04/1971",0,9.2,30,10,"9032"
"8141","    13.5 ","26/04/1971",0,8.8,30,13.5,"9032"
"8142","    14 ","27/04/1971",0,3,30,14,"9032"
"8143","    14 ","28/04/1971",0,7.7,30,14,"9032"
"8144","    13.5 ","29/04/1971",0,4.7,30,13.5,"9032"
"8145","    14 ","30/04/1971",0,8.2,28,14,"9032"
"8146","   11.5 ","01/05/1971",0,7.5,27.5,11.5,"9032"
"8147","   10.5 ","02/05/1971",0,7.9,27.5,10.5,"9032"
"8148","   10.5 ","03/05/1971",0,6.4,27.5,10.5,"9032"
"8149","   11.5 ","04/05/1971",0,6.6,25.5,11.5,"9032"
"8150","    13 ","05/05/1971",0,5.2,24,13,"9032"
"8151","    11.5 ","06/05/1971",0,6.4,24,11.5,"9032"
"8152","   11.5 ","07/05/1971",0,8.3,27.5,11.5,"9032"
"8153","    13 ","08/05/1971",0,9.2,28,13,"9032"
"8154","   13.5 ","09/05/1971",0,8.2,27.5,13.5,"9032"
"8155","    12 ","10/05/1971",0.1,6.6,26,12,"9032"
"8156","   12.5 ","11/05/1971",0,6.7,26.5,12.5,"9032"
"8157","   12.5 ","12/05/1971",0,6.4,24.5,12.5,"9032"
"8158","   13 ","13/05/1971",0,8.7,25.5,13,"9032"
"8159","   12 ","14/05/1971",0,8.5,24.5,12,"9032"
"8160","    9 ","15/05/1971",0,6,22,9,"9032"
"8161","   10 ","16/05/1971",0,8.8,25.5,10,"9032"
"8162","   10.5 ","17/05/1971",0,8.2,26.5,10.5,"9032"
"8163","   12.5 ","18/05/1971",0,7.6,27.5,12.5,"9032"
"8164","    13.5 ","19/05/1971",0,8.6,30,13.5,"9032"
"8165","    13 ","20/05/1971",0,6.4,29,13,"9032"
"8166","    12 ","21/05/1971",0,6.3,27,12,"9032"
"8167","   12 ","22/05/1971",0,7.3,27.5,12,"9032"
"8168","   13.5 ","23/05/1971",0,5.4,25.5,13.5,"9032"
"8169","    12.5 ","24/05/1971",0,5.3,25,12.5,"9032"
"8170","    12 ","25/05/1971",0,4.6,27,12,"9032"
"8171","    11.5 ","26/05/1971",30.4,2.6,22,11.5,"9032"
"8172","    10.5 ","27/05/1971",4.3,5.8,25,10.5,"9032"
"8173","    11.5 ","28/05/1971",0,7.1,25,11.5,"9032"
"8174","    14 ","29/05/1971",0,4.8,24,14,"9032"
"8175","   12 ","30/05/1971",2.2,3,22.5,12,"9032"
"8176","   11.5 ","31/05/1971",0,5.1,23.5,11.5,"9032"
"8177","    11.5 ","01/06/1971",0,7.5,26,11.5,"9032"
"8178","    12.5 ","02/06/1971",0,7.8,26,12.5,"9032"
"8179","   12 ","03/06/1971",0,7.3,19.5,12,"9032"
"8180","    11 ","04/06/1971",0,6.6,24,11,"9032"
"8181","    10.5 ","05/06/1971",0,8.1,24,10.5,"9032"
"8182","   9 ","06/06/1971",0,8.3,24.5,9,"9032"
"8183","    11 ","07/06/1971",0,6.8,25,11,"9032"
"8184","    11 ","08/06/1971",0,7.8,26,11,"9032"
"8185","   11.5 ","09/06/1971",0,8,25.5,11.5,"9032"
"8186","    13 ","10/06/1971",1,5.3,25,13,"9032"
"8187","   13.5 ","11/06/1971",1.6,3.9,24.5,13.5,"9032"
"8188","   12.5 ","12/06/1971",17,3.7,20.5,12.5,"9032"
"8189","   13 ","13/06/1971",11.2,4.4,22.5,13,"9032"
"8190","    12 ","14/06/1971",1.2,4.2,23,12,"9032"
"8191","    12 ","15/06/1971",2.9,5.6,24,12,"9032"
"8192","   12 ","16/06/1971",0,4,21.5,12,"9032"
"8193","    13 ","17/06/1971",0.3,2.9,20,13,"9032"
"8194","    12.5 ","18/06/1971",2.5,2.5,21,12.5,"9032"
"8195","   12.5 ","19/06/1971",2.3,1.2,19.5,12.5,"9032"
"8196","    11 ","20/06/1971",5.1,1.9,18,11,"9032"
"8197","    10 ","21/06/1971",3.3,3.2,21,10,"9032"
"8198","    11 ","22/06/1971",6.6,2.5,20,11,"9032"
"8199","    11 ","23/06/1971",15.7,5.2,21,11,"9032"
"8200","   11 ","24/06/1971",2.9,1.1,18.5,11,"9032"
"8201","   11.5 ","25/06/1971",0.1,1.6,19.5,11.5,"9032"
"8202","   10.5 ","26/06/1971",9.4,2.7,21.5,10.5,"9032"
"8203","    11 ","27/06/1971",19.6,6.1,21,11,"9032"
"8204","    10.5 ","28/06/1971",9.5,12.5,19,10.5,"9032"
"8205","   11 ","29/06/1971",0,3.3,21.5,11,"9032"
"8206","    11 ","30/06/1971",18.1,3.7,21,11,"9032"
"8207","   9 ","01/07/1971",3,3.8,21.5,9,"9032"
"8208","    10 ","02/07/1971",1.5,2.3,20,10,"9032"
"8209","   10 ","03/07/1971",0.3,4.5,22.5,10,"9032"
"8210","   10 ","04/07/1971",0,5.2,22.5,10,"9032"
"8211","    11 ","05/07/1971",4.5,6.2,24,11,"9032"
"8212","    11 ","06/07/1971",0,6.4,23,11,"9032"
"8213","    12 ","07/07/1971",10,4.2,22,12,"9032"
"8214","    10 ","08/07/1971",0,5.1,22,10,"9032"
"8215","    12 ","09/07/1971",10.9,5,22,12,"9032"
"8216","    9.5 ","10/07/1971",6,4.6,22,9.5,"9032"
"8217","    10.5 ","11/07/1971",6.9,3.2,22,10.5,"9032"
"8218","    10.5 ","12/07/1971",9.8,2.5,18,10.5,"9032"
"8219","    11 ","13/07/1971",12.4,2,18,11,"9032"
"8220","   11.5 ","14/07/1971",0.1,0.3,19.5,11.5,"9032"
"8221","    11 ","15/07/1971",0,5.5,22,11,"9032"
"8222","    12 ","16/07/1971",3.5,14.2,22,12,"9032"
"8223","    11.5 ","17/07/1971",25.7,8.6,23,11.5,"9032"
"8224","    10 ","18/07/1971",4.3,4.1,23,10,"9032"
"8225","    10 ","19/07/1971",1.8,2.2,20,10,"9032"
"8226","   9.5 ","20/07/1971",3.9,4.4,21.5,9.5,"9032"
"8227","    11 ","21/07/1971",0.9,4.2,22,11,"9032"
"8228","   11 ","22/07/1971",12.7,5.3,19.5,11,"9032"
"8229","    11 ","23/07/1971",14.1,3.8,21,11,"9032"
"8230","    10.5 ","24/07/1971",4,4.7,22,10.5,"9032"
"8231","   10 ","25/07/1971",0,4.7,23.5,10,"9032"
"8232","    12.5 ","26/07/1971",16.3,5,21,12.5,"9032"
"8233","    10.5 ","27/07/1971",1.7,3.3,21,10.5,"9032"
"8234","   12 ","28/07/1971",1.7,4,20.5,12,"9032"
"8235","    11 ","29/07/1971",0,4.1,22,11,"9032"
"8236","    12 ","30/07/1971",0,4.9,22,12,"9032"
"8237","    10 ","31/07/1971",0.2,3.1,20,10,"9032"
"8238","    11 ","01/08/1971",7.2,3.7,22,11,"9032"
"8239","    11 ","02/08/1971",0,3.3,20,11,"9032"
"8240","   11.5 ","03/08/1971",10.8,3.4,22.5,11.5,"9032"
"8241","   9.5 ","04/08/1971",22.2,5.1,21.5,9.5,"9032"
"8242","    11 ","05/08/1971",4.1,3.4,21,11,"9032"
"8243","   12 ","06/08/1971",0,6.3,22.5,12,"9032"
"8244","    10 ","07/08/1971",2.8,4.8,21,10,"9032"
"8245","   9 ","08/08/1971",8.8,4.8,22.5,9,"9032"
"8246","   10.5 ","09/08/1971",3.3,3.2,21.5,10.5,"9032"
"8247","   11.5 ","10/08/1971",23,4.9,21.5,11.5,"9032"
"8248","    11 ","11/08/1971",0,2.2,19,11,"9032"
"8249","   10.5 ","12/08/1971",0.5,3.8,22.5,10.5,"9032"
"8250","    10.5 ","13/08/1971",1,4,22,10.5,"9032"
"8251","   10.5 ","14/08/1971",1.8,6.7,23.5,10.5,"9032"
"8252","   10.5 ","15/08/1971",1.5,6,21.5,10.5,"9032"
"8253","   11 ","16/08/1971",0,4.9,21.5,11,"9032"
"8254","   9.5 ","17/08/1971",0.8,4.4,21.5,9.5,"9032"
"8255","   11 ","18/08/1971",20.2,4.9,18.5,11,"9032"
"8256","    10.5 ","19/08/1971",0.5,3,20,10.5,"9032"
"8257","    11.5 ","20/08/1971",2.5,3.6,21,11.5,"9032"
"8258","    11.5 ","21/08/1971",19.4,6.9,22,11.5,"9032"
"8259","    11.5 ","22/08/1971",0,4.5,23,11.5,"9032"
"8260","    10.5 ","23/08/1971",17.6,5.7,23,10.5,"9032"
"8261","    11.5 ","24/08/1971",0.1,4.8,22,11.5,"9032"
"8262","    11.5 ","25/08/1971",0.8,4.8,20,11.5,"9032"
"8263","   11.5 ","26/08/1971",0,3.1,20.5,11.5,"9032"
"8264","   9.5 ","27/08/1971",0,6.7,22.5,9.5,"9032"
"8265","   10 ","28/08/1971",1.8,5.3,22.5,10,"9032"
"8266","   11.5 ","29/08/1971",2.8,3.1,20.5,11.5,"9032"
"8267","    12 ","30/08/1971",2.2,2.7,18,12,"9032"
"8268","    11 ","31/08/1971",2.2,2.3,20,11,"9032"
"8269","   11.5 ","01/09/1971",0.2,3.2,21.5,11.5,"9032"
"8270","   12 ","02/09/1971",0,2.3,21.5,12,"9032"
"8271","   10.5 ","03/09/1971",1,3,22.5,10.5,"9032"
"8272","    11.5 ","04/09/1971",0,4.4,22,11.5,"9032"
"8273","    12.5 ","05/09/1971",0.5,3.6,21,12.5,"9032"
"8274","   10.5 ","06/09/1971",0,6.9,23.5,10.5,"9032"
"8275","   11.5 ","07/09/1971",5.7,2.8,21.5,11.5,"9032"
"8276","    11 ","08/09/1971",0.3,4.2,21,11,"9032"
"8277","    10 ","09/09/1971",0,2.9,20,10,"9032"
"8278","   12 ","10/09/1971",0.4,4.1,22.5,12,"9032"
"8279","    12.5 ","11/09/1971",7.7,5.1,23,12.5,"9032"
"8280","    12 ","12/09/1971",0,3.8,24,12,"9032"
"8281","   12 ","13/09/1971",2.8,1.8,20.5,12,"9032"
"8282","    12.5 ","14/09/1971",6.6,3.9,22,12.5,"9032"
"8283","    12 ","15/09/1971",4.1,2.5,20,12,"9032"
"8284","    12 ","16/09/1971",0,4.7,19,12,"9032"
"8285","    11.5 ","17/09/1971",4.2,5.4,25,11.5,"9032"
"8286","   10 ","18/09/1971",0,4.6,22.5,10,"9032"
"8287","   11.5 ","19/09/1971",0.2,4.9,22.5,11.5,"9032"
"8288","   11.5 ","20/09/1971",0.3,4.1,23.5,11.5,"9032"
"8289","    11.5 ","21/09/1971",0,3.9,23,11.5,"9032"
"8290","   11 ","22/09/1971",2,6.1,23.5,11,"9032"
"8291","   11.5 ","23/09/1971",8.5,3.3,20.5,11.5,"9032"
"8292","    11.5 ","24/09/1971",0,2.5,19,11.5,"9032"
"8293","    12 ","25/09/1971",13,3.7,21,12,"9032"
"8294","    11.5 ","26/09/1971",7.1,4.3,22,11.5,"9032"
"8295","    11.5 ","27/09/1971",1,1.5,20,11.5,"9032"
"8296","    12 ","28/09/1971",15.4,3.4,20,12,"9032"
"8297","    11.5 ","29/09/1971",1,2.1,20,11.5,"9032"
"8298","   12 ","30/09/1971",5.4,1.5,19.5,12,"9032"
"8299","    11 ","01/10/1971",6.6,2.7,22,11,"9032"
"8300","    11.5 ","02/10/1971",0,3.7,22,11.5,"9032"
"8301","    10 ","03/10/1971",10.4,4.8,22,10,"9032"
"8302","    11.5 ","04/10/1971",29.5,8.2,23,11.5,"9032"
"8303","    12 ","05/10/1971",12.5,4.8,22,12,"9032"
"8304","    12 ","06/10/1971",0,3.2,21,12,"9032"
"8305","    11 ","07/10/1971",0,3.5,19,11,"9032"
"8306","    11.5 ","08/10/1971",19.1,6.2,22,11.5,"9032"
"8307","   12 ","09/10/1971",0,4,22.5,12,"9032"
"8308","    12.5 ","10/10/1971",9.5,1.4,17,12.5,"9032"
"8309","   10.5 ","11/10/1971",0,4.7,21.5,10.5,"9032"
"8310","    11 ","12/10/1971",0.4,4.4,24,11,"9032"
"8311","    10.5 ","13/10/1971",16.4,2.3,19,10.5,"9032"
"8312","    10 ","14/10/1971",0,4,21,10,"9032"
"8313","   9 ","15/10/1971",0.3,3.4,23.6,9,"9032"
"8314","    10 ","16/10/1971",0,5.5,22,10,"9032"
"8315","   10 ","17/10/1971",0,3.9,23.5,10,"9032"
"8316","    10.5 ","18/10/1971",1.4,3.7,23,10.5,"9032"
"8317","   10.5 ","19/10/1971",0,3.5,22.5,10.5,"9032"
"8318","   10.5 ","20/10/1971",0,4.6,21.5,10.5,"9032"
"8319","   10 ","21/10/1971",0,3.3,19.5,10,"9032"
"8320","   10.5 ","22/10/1971",0,2.1,20.5,10.5,"9032"
"8321","   11 ","23/10/1971",0,5.7,21.5,11,"9032"
"8322","   7 ","24/10/1971",0,4.7,21.5,7,"9032"
"8323","   8 ","25/10/1971",0,5.9,24.5,8,"9032"
"8324","    9 ","26/10/1971",0,5.3,24,9,"9032"
"8325","    10 ","27/10/1971",0,4.1,24,10,"9032"
"8326","    8 ","28/10/1971",0,5.5,24,8,"9032"
"8327","   8 ","29/10/1971",0,5.8,23.5,8,"9032"
"8328","    7 ","30/10/1971",0,6.3,23,7,"9032"
"8329","    4.5 ","31/10/1971",0,4.9,23,4.5,"9032"
"8330","   6 ","01/11/1971",0,5,22.5,6,"9032"
"8331","    6.5 ","02/11/1971",0,5.5,22,6.5,"9032"
"8332","    6.5 ","03/11/1971",0,4.8,21,6.5,"9032"
"8333","    7.5 ","04/11/1971",0,1.5,13,7.5,"9032"
"8334","    4 ","05/11/1971",0,4.8,22,4,"9032"
"8335","   5.5 ","06/11/1971",0,4.5,21.5,5.5,"9032"
"8336","   6 ","07/11/1971",0,4.3,20.5,6,"9032"
"8337","    7 ","08/11/1971",1.1,1.6,22,7,"9032"
"8338","    10 ","09/11/1971",1.2,3.1,20,10,"9032"
"8339","    10 ","10/11/1971",0,2,15,10,"9032"
"8340","    8.5 ","11/11/1971",0,2.8,18,8.5,"9032"
"8341","    3.5 ","12/11/1971",0,4.1,20,3.5,"9032"
"8342","   4 ","13/11/1971",0,4.2,20.5,4,"9032"
"8343","   6 ","14/11/1971",0,4.7,22.5,6,"9032"
"8344","    6.5 ","15/11/1971",0,5.6,24,6.5,"9032"
"8345","   7.5 ","16/11/1971",0,6.3,25.5,7.5,"9032"
"8346","   8 ","17/11/1971",0,8.8,25.5,8,"9032"
"8347","    8 ","18/11/1971",0,5.4,25,8,"9032"
"8348","    7.5 ","19/11/1971",0,3.9,23,7.5,"9032"
"8349","   8 ","20/11/1971",0,5,23.5,8,"9032"
"8350","   7 ","21/11/1971",0,5.9,23.5,7,"9032"
"8351","    8.5 ","22/11/1971",0,4.6,23,8.5,"9032"
"8352","   8 ","23/11/1971",0,4.1,21.5,8,"9032"
"8353","   7 ","24/11/1971",0,3.9,19.5,7,"9032"
"8354","    7.5 ","25/11/1971",0,2.7,23,7.5,"9032"
"8355","   8.5 ","26/11/1971",0,3.3,21.5,8.5,"9032"
"8356","    8 ","27/11/1971",0,3.5,21,8,"9032"
"8357","    7.5 ","28/11/1971",0,3.9,24,7.5,"9032"
"8358","    5.5 ","29/11/1971",0,4.7,24,5.5,"9032"
"8359","   8 ","30/11/1971",0,6.9,23.5,8,"9032"
"8360","    8.5 ","01/12/1971",15.6,3.7,23,8.5,"9032"
"8361","    4 ","02/12/1971",0,1.9,18,4,"9032"
"8362","   7 ","03/12/1971",0,5.3,21.5,7,"9032"
"8363","    8 ","04/12/1971",0,3.5,21,8,"9032"
"8364","   7.5 ","05/12/1971",0,4.4,19.5,7.5,"9032"
"8365","    7.5 ","06/12/1971",0,4.4,22,7.5,"9032"
"8366","   6.5 ","07/12/1971",0,5.2,21.5,6.5,"9032"
"8367","   7 ","08/12/1971",0,4.7,22.5,7,"9032"
"8368","    8 ","09/12/1971",0,4.9,21,8,"9032"
"8369","   6.5 ","10/12/1971",0,4.4,22.5,6.5,"9032"
"8370","    7 ","11/12/1971",0,4.9,22,7,"9032"
"8371","   7 ","12/12/1971",0,4.5,22.5,7,"9032"
"8372","    7.5 ","13/12/1971",0,5.4,22,7.5,"9032"
"8373","   7 ","14/12/1971",0,4.7,21.5,7,"9032"
"8374","    6.5 ","15/12/1971",0,2.8,21,6.5,"9032"
"8375","   7 ","16/12/1971",0,5.7,23.5,7,"9032"
"8376","    8 ","17/12/1971",0,4.9,23,8,"9032"
"8377","   8.5 ","18/12/1971",0,2.4,16.5,8.5,"9032"
"8378","    6.5 ","19/12/1971",0,4.8,22,6.5,"9032"
"8379","   6.5 ","20/12/1971",0,4.2,21.5,6.5,"9032"
"8380","    7 ","21/12/1971",0,5.3,22,7,"9032"
"8381","   7.5 ","22/12/1971",0,2.9,19.5,7.5,"9032"
"8382","    8 ","23/12/1971",0,5.4,18,8,"9032"
"8383","   2 ","24/12/1971",0,4.4,20.5,2,"9032"
"8384","    3 ","25/12/1971",0,1.2,15,3,"9032"
"8385","   5 ","26/12/1971",0,2.6,15.5,5,"9032"
"8386","   5 ","27/12/1971",5.6,2.9,19.5,5,"9032"
"8387","    5 ","28/12/1971",0,3,22,5,"9032"
"8388","    5 ","29/12/1971",0,6.6,18,5,"9032"
"8389","    5.5 ","30/12/1971",0,3.9,21,5.5,"9032"
"8390","   5.1 ","31/12/1971",0,3.5,19.5,5.1,"9032"
"8391","    5.5 ","01/01/1972",0,5.9,21,5.5,"9032"
"8392","    7.5 ","02/01/1972",0,4.7,21,7.5,"9032"
"8393","   8 ","03/01/1972",0,5,20.5,8,"9032"
"8394","    7.5 ","04/01/1972",0,4.3,21,7.5,"9032"
"8395","   7 ","05/01/1972",0,4.2,22.5,7,"9032"
"8396","    8 ","06/01/1972",0,5.1,21,8,"9032"
"8397","   0.5 ","07/01/1972",0,4,20.5,0.5,"9032"
"8398","    5 ","08/01/1972",0,4.4,19,5,"9032"
"8399","    5.5 ","09/01/1972",0,4.8,22,5.5,"9032"
"8400","    7 ","10/01/1972",0,4.5,22,7,"9032"
"8401","    7 ","11/01/1972",0,4.2,22,7,"9032"
"8402","    7.5 ","12/01/1972",0,5.3,23,7.5,"9032"
"8403","    8 ","13/01/1972",0,5,21,8,"9032"
"8404","   6 ","14/01/1972",0,6.8,20.5,6,"9032"
"8405","    6 ","15/01/1972",0,1.4,14,6,"9032"
"8406","    5 ","16/01/1972",0,1.9,15,5,"9032"
"8407","    2 ","17/01/1972",0,5.3,20,2,"9032"
"8408","   5.5 ","18/01/1972",0,4.5,20.5,5.5,"9032"
"8409","   6.5 ","19/01/1972",0,3.8,17.5,6.5,"9032"
"8410","   7 ","20/01/1972",0,4.1,20.5,7,"9032"
"8411","   7.5 ","21/01/1972",0,5.7,20.5,7.5,"9032"
"8412","   7.5 ","22/01/1972",0,5.7,22.5,7.5,"9032"
"8413","    6.5 ","23/01/1972",0,4.6,22,6.5,"9032"
"8414","    7 ","24/01/1972",13,5.3,23,7,"9032"
"8415","    8.5 ","25/01/1972",0,6,22,8.5,"9032"
"8416","    8.5 ","26/01/1972",0,5.1,21,8.5,"9032"
"8417","    5 ","27/01/1972",0,4.8,21,5,"9032"
"8418","    5 ","28/01/1972",0,3.6,22,5,"9032"
"8419","   6.5 ","29/01/1972",0,6.6,21.5,6.5,"9032"
"8420","   7 ","30/01/1972",0,4.1,20.5,7,"9032"
"8421","   7.5 ","31/01/1972",0,2.8,18.5,7.5,"9032"
"8422","   8 ","01/02/1972",0,5.6,21.5,8,"9032"
"8423","    7 ","02/02/1972",0,5.9,23,7,"9032"
"8424","    7.5 ","03/02/1972",0,3.4,21,7.5,"9032"
"8425","  -0.5 ","04/02/1972",0,6.2,21.5,-0.5,"9032"
"8426","   -0.5 ","05/02/1972",0,4.8,20,-0.5,"9032"
"8427","    3 ","06/02/1972",2,4.5,22,3,"9032"
"8428","    6.5 ","07/02/1972",0,4.6,22,6.5,"9032"
"8429","    7.5 ","08/02/1972",0,5.6,19,7.5,"9032"
"8430","    5 ","09/02/1972",0,5.6,22,5,"9032"
"8431","    6.5 ","10/02/1972",0,6.2,22,6.5,"9032"
"8432","    6.5 ","11/02/1972",0,6.6,23,6.5,"9032"
"8433","   6.5 ","12/02/1972",0,6.3,23.5,6.5,"9032"
"8434","    8 ","13/02/1972",0,6.5,23,8,"9032"
"8435","    8 ","14/02/1972",0,8.1,23,8,"9032"
"8436","   7 ","15/02/1972",0,8,23.5,7,"9032"
"8437","   8 ","16/02/1972",0,7.2,21.5,8,"9032"
"8438","    6.5 ","17/02/1972",0,4.5,18,6.5,"9032"
"8439","    3 ","18/02/1972",0,6.3,19,3,"9032"
"8440","    1.5 ","19/02/1972",0,5.4,19,1.5,"9032"
"8441","    0.5 ","20/02/1972",0,5.9,21,0.5,"9032"
"8442","    3 ","21/02/1972",0,5.5,22,3,"9032"
"8443","    4.5 ","22/02/1972",0,8.3,23,4.5,"9032"
"8444","   3.5 ","23/02/1972",0,2.1,23.5,3.5,"9032"
"8445","   6.5 ","24/02/1972",0,7.4,23.5,6.5,"9032"
"8446","   2.5 ","25/02/1972",0,6.4,24.5,2.5,"9032"
"8447","    8 ","26/02/1972",0,6.3,26,8,"9032"
"8448","    8 ","27/02/1972",0,6,26,8,"9032"
"8449","    7.5 ","28/02/1972",0,5.2,23,7.5,"9032"
"8450","    9 ","29/02/1972",0,5.2,22,9,"9032"
"8451","    7 ","01/03/1972",0,7.3,24,7,"9032"
"8452","   8 ","02/03/1972",0,6.5,22.5,8,"9032"
"8453","    7.5 ","03/03/1972",0,6.2,24,7.5,"9032"
"8454","    9.5 ","04/03/1972",0,5.7,23,9.5,"9032"
"8455","    9.5 ","05/03/1972",0,5.7,24,9.5,"9032"
"8456","    8 ","06/03/1972",0.4,5.8,23,8,"9032"
"8457","    7 ","07/03/1972",0,7,23,7,"9032"
"8458","   8 ","08/03/1972",0,6.5,23.5,8,"9032"
"8459","    8.5 ","09/03/1972",0.4,4.5,20,8.5,"9032"
"8460","    7 ","10/03/1972",0,3.5,19,7,"9032"
"8461","   7 ","11/03/1972",1,3.9,20.5,7,"9032"
"8462","    6.5 ","12/03/1972",1.6,3.2,23,6.5,"9032"
"8463","    5 ","13/03/1972",0.6,4.3,20,5,"9032"
"8464","   7 ","14/03/1972",2,1.6,17.5,7,"9032"
"8465","   6.5 ","15/03/1972",0,5.8,20.5,6.5,"9032"
"8466","    7.5 ","16/03/1972",0,5.9,22,7.5,"9032"
"8467","    8 ","17/03/1972",0,6.6,22,8,"9032"
"8468","   8.5 ","18/03/1972",0,5.7,22.5,8.5,"9032"
"8469","   7 ","19/03/1972",0,7.8,24.5,7,"9032"
"8470","    8 ","20/03/1972",0,8.2,22,8,"9032"
"8471","   9 ","21/03/1972",0,3,22.5,9,"9032"
"8472","    9 ","22/03/1972",0,7.5,21,9,"9032"
"8473","    9 ","23/03/1972",3.2,4.8,22,9,"9032"
"8474","    8 ","24/03/1972",0,3.4,21,8,"9032"
"8475","   8.5 ","25/03/1972",0,6.9,23.5,8.5,"9032"
"8476","    9.5 ","26/03/1972",0.2,2.9,21,9.5,"9032"
"8477","   9 ","27/03/1972",0,7.6,25.5,9,"9032"
"8478","    10 ","28/03/1972",0,1.2,26,10,"9032"
"8479","    10 ","29/03/1972",0,5.6,27,10,"9032"
"8480","    12 ","30/03/1972",0,3.1,24,12,"9032"
"8481","    12 ","31/03/1972",0,3.8,23,12,"9032"
"8482","   8.5 ","01/04/1972",0,8.3,26.5,8.5,"9032"
"8483","    6.5 ","02/04/1972",0,9.7,25,6.5,"9032"
"8484","    8.5 ","03/04/1972",0,9.7,26,8.5,"9032"
"8485","   11 ","04/04/1972",0,7.9,26.5,11,"9032"
"8486","   10 ","05/04/1972",0,9.7,26.5,10,"9032"
"8487","    9 ","06/04/1972",0,11.2,27,9,"9032"
"8488","   12 ","07/04/1972",0,4.2,27.5,12,"9032"
"8489","    12.5 ","08/04/1972",0,8.1,27,12.5,"9032"
"8490","    11 ","09/04/1972",0,7.7,27,11,"9032"
"8491","   12 ","10/04/1972",0,7.5,26.5,12,"9032"
"8492","   12.5 ","11/04/1972",0,8.9,27.5,12.5,"9032"
"8493","   12 ","12/04/1972",0,8.6,27.5,12,"9032"
"8494","   13 ","13/04/1972",0,7.7,27.5,13,"9032"
"8495","   13 ","14/04/1972",1.2,7.2,26.5,13,"9032"
"8496","    11.5 ","15/04/1972",1.5,6.3,26,11.5,"9032"
"8497","    10 ","16/04/1972",0,5.7,25,10,"9032"
"8498","   11 ","17/04/1972",1.4,4.2,22.5,11,"9032"
"8499","   11 ","18/04/1972",1,4.2,27.5,11,"9032"
"8500","    11 ","19/04/1972",0,6.7,24,11,"9032"
"8501","    11.5 ","20/04/1972",0,7.3,26,11.5,"9032"
"8502","   12.5 ","21/04/1972",5.7,5.8,27.5,12.5,"9032"
"8503","   12.5 ","22/04/1972",4.7,6.6,24.5,12.5,"9032"
"8504","   12 ","23/04/1972",0.5,5.5,25.5,12,"9032"
"8505","   11 ","24/04/1972",0,5.4,26.5,11,"9032"
"8506","    12 ","25/04/1972",0.2,6.3,25,12,"9032"
"8507","   12 ","26/04/1972",3.7,5.8,25.5,12,"9032"
"8508","   12.5 ","27/04/1972",0,4,22.5,12.5,"9032"
"8509","    11.5 ","28/04/1972",0.4,6,25,11.5,"9032"
"8510","    11.5 ","29/04/1972",0,7.9,27,11.5,"9032"
"8511","    14 ","30/04/1972",0,7.5,25,14,"9032"
"8512","   10.5 ","01/05/1972",0,7.5,26.5,10.5,"9032"
"8513","   12 ","02/05/1972",0,7.3,26.5,12,"9032"
"8514","    13.5 ","03/05/1972",18.2,8,26,13.5,"9032"
"8515","   10 ","04/05/1972",0,3.1,21.5,10,"9032"
"8516","    12 ","05/05/1972",1,4.7,24,12,"9032"
"8517","    12 ","06/05/1972",0,6.1,26,12,"9032"
"8518","    14 ","07/05/1972",2,4.4,24,14,"9032"
"8519","    11 ","08/05/1972",3.1,4.4,25,11,"9032"
"8520","   10 ","09/05/1972",0.1,4.9,24.5,10,"9032"
"8521","    11.5 ","10/05/1972",0,6,25,11.5,"9032"
"8522","   12 ","11/05/1972",3,6.3,26.5,12,"9032"
"8523","    13 ","12/05/1972",0,6.8,26,13,"9032"
"8524","    13 ","13/05/1972",0,7.1,26,13,"9032"
"8525","    14 ","14/05/1972",0,6.9,27,14,"9032"
"8526","    14 ","15/05/1972",0,3.5,27,14,"9032"
"8527","    12 ","16/05/1972",0,7.6,26,12,"9032"
"8528","    13.5 ","17/05/1972",0,6.2,21,13.5,"9032"
"8529","   13 ","18/05/1972",0,5.4,24.5,13,"9032"
"8530","    13 ","19/05/1972",0.2,8.6,27,13,"9032"
"8531","    10.5 ","20/05/1972",0,9.7,27,10.5,"9032"
"8532","   10 ","21/05/1972",0,8.4,28.5,10,"9032"
"8533","    12.5 ","22/05/1972",0,5.4,28,12.5,"9032"
"8534","   15 ","23/05/1972",27.2,2,27.5,15,"9032"
"8535","    11 ","24/05/1972",35.1,1.7,26,11,"9032"
"8536","    11 ","25/05/1972",0,3.8,22,11,"9032"
"8537","    10.5 ","26/05/1972",0,7,23,10.5,"9032"
"8538","    11 ","27/05/1972",0.5,9.1,24,11,"9032"
"8539","    11 ","28/05/1972",0,3.5,22,11,"9032"
"8540","    12.5 ","29/05/1972",28.5,4.1,21,12.5,"9032"
"8541","   10.5 ","30/05/1972",0,3.4,21.5,10.5,"9032"
"8542","    11 ","31/05/1972",40.8,7.4,19,11,"9032"
"8543","   11 ","01/06/1972",5.7,2.2,19.5,11,"9032"
"8544","   12 ","02/06/1972",0,3.6,21.5,12,"9032"
"8545","    12 ","03/06/1972",5,5.2,23,12,"9032"
"8546","    11 ","04/06/1972",2,4.4,23,11,"9032"
"8547","   11 ","05/06/1972",1.5,1.5,19.5,11,"9032"
"8548","    12 ","06/06/1972",11,2.3,19,12,"9032"
"8549","    12 ","07/06/1972",0,5.2,23,12,"9032"
"8550","    12 ","08/06/1972",1,2.6,22,12,"9032"
"8551","    12.5 ","09/06/1972",8.1,2.9,22,12.5,"9032"
"8552","    11.5 ","10/06/1972",1,4.6,22,11.5,"9032"
"8553","   14 ","11/06/1972",0.1,2.3,20.5,14,"9032"
"8554","    13.5 ","12/06/1972",26.7,3.6,19,13.5,"9032"
"8555","   13 ","13/06/1972",29,4.6,21.5,13,"9032"
"8556","    13 ","14/06/1972",3.5,3.5,23,13,"9032"
"8557","    13 ","15/06/1972",0.2,3.5,21,13,"9032"
"8558","   13 ","16/06/1972",0.4,3.8,21.5,13,"9032"
"8559","    12.5 ","17/06/1972",0,4.7,22,12.5,"9032"
"8560","   12 ","18/06/1972",0,6.2,23.5,12,"9032"
"8561","   10.5 ","19/06/1972",0,6.2,24.5,10.5,"9032"
"8562","    12.5 ","20/06/1972",0,6.2,25,12.5,"9032"
"8563","    14 ","21/06/1972",0,5.7,25,14,"9032"
"8564","   13 ","22/06/1972",5.5,6.3,25.5,13,"9032"
"8565","   12 ","23/06/1972",3.8,1.1,24.5,12,"9032"
"8566","    12 ","24/06/1972",0,6.4,25,12,"9032"
"8567","    13 ","25/06/1972",0,8.1,25,13,"9032"
"8568","   12 ","26/06/1972",5.3,7,23.5,12,"9032"
"8569","    10.5 ","27/06/1972",0,7.4,24,10.5,"9032"
"8570","   12 ","28/06/1972",1,4,25.5,12,"9032"
"8571","    10.9 ","29/06/1972",0,5.3,23,10.9,"9032"
"8572","    10 ","30/06/1972",0.5,5,23,10,"9032"
"8573","   10.5 ","01/07/1972",0,5.4,23.5,10.5,"9032"
"8574","    12.5 ","02/07/1972",6,4.7,24,12.5,"9032"
"8575","   11.5 ","03/07/1972",6.8,5.1,22.5,11.5,"9032"
"8576","   11 ","04/07/1972",0,4.2,20.5,11,"9032"
"8577","    10 ","05/07/1972",6.5,6.3,23,10,"9032"
"8578","    10 ","06/07/1972",3,5.3,23,10,"9032"
"8579","    11.5 ","07/07/1972",0,5.6,22,11.5,"9032"
"8580","    12 ","08/07/1972",6.4,4.8,23,12,"9032"
"8581","    12 ","09/07/1972",15.1,5.1,22,12,"9032"
"8582","    10.5 ","10/07/1972",0,4.4,22,10.5,"9032"
"8583","    11 ","11/07/1972",10.9,3.3,21,11,"9032"
"8584","   11.5 ","12/07/1972",16.3,5.1,21.5,11.5,"9032"
"8585","   11 ","13/07/1972",40,4.1,20.5,11,"9032"
"8586","    12.5 ","14/07/1972",1.9,2.4,20,12.5,"9032"
"8587","    12.5 ","15/07/1972",10.5,2.9,20,12.5,"9032"
"8588","   11.5 ","16/07/1972",0,2.6,20.5,11.5,"9032"
"8589","    11 ","17/07/1972",1.6,2.7,21,11,"9032"
"8590","    13 ","18/07/1972",2.1,3.8,23,13,"9032"
"8591","    11 ","19/07/1972",19.7,5.1,21,11,"9032"
"8592","    10 ","20/07/1972",0,3.2,20,10,"9032"
"8593","    11 ","21/07/1972",1.5,3.3,20,11,"9032"
"8594","    13 ","22/07/1972",0.2,2.5,22,13,"9032"
"8595","   12 ","23/07/1972",3.6,2.9,20.5,12,"9032"
"8596","    12 ","24/07/1972",0,3.2,20,12,"9032"
"8597","   11 ","25/07/1972",2.5,2.4,19.5,11,"9032"
"8598","    12 ","26/07/1972",0.2,3,20,12,"9032"
"8599","    12.5 ","27/07/1972",4.3,4.7,23,12.5,"9032"
"8600","   12.5 ","28/07/1972",0.3,3.8,19.5,12.5,"9032"
"8601","    11.5 ","29/07/1972",0,0.9,19,11.5,"9032"
"8602","    11.5 ","30/07/1972",1.6,2.1,21,11.5,"9032"
"8603","   11 ","31/07/1972",1.6,3.3,19.5,11,"9032"
"8604","   11.5 ","01/08/1972",3.7,1.1,16.5,11.5,"9032"
"8605","    11.5 ","02/08/1972",10.7,3.1,20,11.5,"9032"
"8606","    12.5 ","03/08/1972",28.5,3.6,20,12.5,"9032"
"8607","    11 ","04/08/1972",0,5.3,23,11,"9032"
"8608","   10.5 ","05/08/1972",0,4.3,20.5,10.5,"9032"
"8609","   10.5 ","06/08/1972",0,3.1,20.5,10.5,"9032"
"8610","    11 ","07/08/1972",4.8,4.8,22,11,"9032"
"8611","   11 ","08/08/1972",11,3.8,20.5,11,"9032"
"8612","   8 ","09/08/1972",0,4.9,23.5,8,"9032"
"8613","    10.5 ","10/08/1972",4.1,3.3,22,10.5,"9032"
"8614","    11 ","11/08/1972",0.7,3.3,21,11,"9032"
"8615","    11.5 ","12/08/1972",0,1.5,21,11.5,"9032"
"8616","   12 ","13/08/1972",0,7.6,21.5,12,"9032"
"8617","    12 ","14/08/1972",0,3.9,21,12,"9032"
"8618","    11.5 ","15/08/1972",1,3.3,21,11.5,"9032"
"8619","   11.5 ","16/08/1972",2.3,4.3,21.5,11.5,"9032"
"8620","   10 ","17/08/1972",3.2,5.3,21.5,10,"9032"
"8621","   11.5 ","18/08/1972",20.5,5.9,22.5,11.5,"9032"
"8622","    11 ","19/08/1972",17.4,5,21,11,"9032"
"8623","   10.5 ","20/08/1972",0,3.9,20.5,10.5,"9032"
"8624","   11 ","21/08/1972",0,4.3,21.5,11,"9032"
"8625","    12 ","22/08/1972",9.9,6.5,24,12,"9032"
"8626","   10 ","23/08/1972",0,5.1,23.5,10,"9032"
"8627","    10 ","24/08/1972",0,6.6,23,10,"9032"
"8628","    13 ","25/08/1972",6.1,5.6,24,13,"9032"
"8629","    12 ","26/08/1972",0.2,2.1,20,12,"9032"
"8630","   12 ","27/08/1972",0,4.2,21.5,12,"9032"
"8631","    11.5 ","28/08/1972",20.2,7,22,11.5,"9032"
"8632","    11.5 ","29/08/1972",3,3.3,22,11.5,"9032"
"8633","    11.5 ","30/08/1972",0,3.4,22,11.5,"9032"
"8634","    12.5 ","31/08/1972",0,3.2,22,12.5,"9032"
"8635","    12.5 ","01/09/1972",16.5,4.2,23,12.5,"9032"
"8636","    10.5 ","02/09/1972",0,6.1,24,10.5,"9032"
"8637","   10.5 ","03/09/1972",0,6.1,24.5,10.5,"9032"
"8638","   11 ","04/09/1972",0,5.7,24.5,11,"9032"
"8639","   11.5 ","05/09/1972",0,5.4,24.5,11.5,"9032"
"8640","    10 ","06/09/1972",0,5.1,23,10,"9032"
"8641","   11 ","07/09/1972",1.7,2.6,21.5,11,"9032"
"8642","    12 ","08/09/1972",11,3.6,22,12,"9032"
"8643","   12 ","09/09/1972",2.1,3.3,21.5,12,"9032"
"8644","    11 ","10/09/1972",1.5,3.8,23,11,"9032"
"8645","    11.5 ","11/09/1972",5.2,4,22,11.5,"9032"
"8646","   11.5 ","12/09/1972",6.3,3.2,21.5,11.5,"9032"
"8647","    10.5 ","13/09/1972",15.5,4.2,19,10.5,"9032"
"8648","    11 ","14/09/1972",4,1.7,20,11,"9032"
"8649","    12 ","15/09/1972",5.1,4.1,22,12,"9032"
"8650","   12.5 ","16/09/1972",0,3,21.5,12.5,"9032"
"8651","   12 ","17/09/1972",0,2.3,21.5,12,"9032"
"8652","    12.5 ","18/09/1972",11.2,4.5,21,12.5,"9032"
"8653","    11.5 ","19/09/1972",8.2,3.8,20,11.5,"9032"
"8654","    11 ","20/09/1972",0.7,3.8,20,11,"9032"
"8655","    12 ","21/09/1972",22,4.2,20,12,"9032"
"8656","   11.5 ","22/09/1972",0,2.4,19.5,11.5,"9032"
"8657","    10.5 ","23/09/1972",0.2,2.2,20,10.5,"9032"
"8658","    10 ","24/09/1972",0,3,20,10,"9032"
"8659","   9.5 ","25/09/1972",0.6,3.4,22.5,9.5,"9032"
"8660","   11.5 ","26/09/1972",0.7,3.5,22.5,11.5,"9032"
"8661","    12 ","27/09/1972",0.9,3.7,22,12,"9032"
"8662","    11.5 ","28/09/1972",0.9,4.6,22,11.5,"9032"
"8663","   10.5 ","29/09/1972",0,4.1,21.5,10.5,"9032"
"8664","    11 ","30/09/1972",0,4.9,24,11,"9032"
"8665","    9 ","01/10/1972",0,5.5,22,9,"9032"
"8666","    10 ","02/10/1972",0,6.2,23,10,"9032"
"8667","   7.5 ","03/10/1972",0,5.4,22.5,7.5,"9032"
"8668","   9 ","04/10/1972",0,3.4,19.5,9,"9032"
"8669","    9.5 ","05/10/1972",0,4.4,22,9.5,"9032"
"8670","    10 ","06/10/1972",0.9,4.9,21,10,"9032"
"8671","    12 ","07/10/1972",7.1,1.4,22,12,"9032"
"8672","   11 ","08/10/1972",3,2.4,21.5,11,"9032"
"8673","   12.5 ","09/10/1972",0,4,22.5,12.5,"9032"
"8674","    12.5 ","10/10/1972",0,5,24,12.5,"9032"
"8675","    12 ","11/10/1972",0.6,2.4,21,12,"9032"
"8676","   9.5 ","12/10/1972",0,4.3,18.5,9.5,"9032"
"8677","    10 ","13/10/1972",0.7,1.7,16,10,"9032"
"8678","    9 ","14/10/1972",1.4,1,16,9,"9032"
"8679","    9.5 ","15/10/1972",11,3.5,21,9.5,"9032"
"8680","   11 ","16/10/1972",0,2,20.5,11,"9032"
"8681","    10.5 ","17/10/1972",0,4.8,22,10.5,"9032"
"8682","   10.5 ","18/10/1972",0,4.8,23.5,10.5,"9032"
"8683","   9 ","19/10/1972",0,2.7,22.5,9,"9032"
"8684","    10 ","20/10/1972",0,4.1,23,10,"9032"
"8685","    9 ","21/10/1972",0,4.5,24,9,"9032"
"8686","   9.5 ","22/10/1972",2.1,3.1,23.5,9.5,"9032"
"8687","    10.5 ","23/10/1972",0.6,2.7,20,10.5,"9032"
"8688","    7.5 ","24/10/1972",0,3.3,22,7.5,"9032"
"8689","    8.5 ","25/10/1972",0,3.2,22,8.5,"9032"
"8690","   11 ","26/10/1972",0,4.3,25.5,11,"9032"
"8691","    12.5 ","27/10/1972",0,4,25,12.5,"9032"
"8692","    12 ","28/10/1972",0,4.3,24,12,"9032"
"8693","    12 ","29/10/1972",0,4.8,25,12,"9032"
"8694","    11 ","30/10/1972",0,5.1,26,11,"9032"
"8695","    12 ","31/10/1972",0,3.7,24,12,"9032"
"8696","   12 ","01/11/1972",0,4.8,25.5,12,"9032"
"8697","    10.5 ","02/11/1972",0,4.4,24,10.5,"9032"
"8698","   11 ","03/11/1972",3.1,2.5,22.5,11,"9032"
"8699","   11.5 ","04/11/1972",0,3,20.5,11.5,"9032"
"8700","    8.5 ","05/11/1972",0,4,23,8.5,"9032"
"8701","    10 ","06/11/1972",0,4.8,24,10,"9032"
"8702","    9.5 ","07/11/1972",0,4.8,21,9.5,"9032"
"8703","    10 ","08/11/1972",0,5.5,22,10,"9032"
"8704","    10.5 ","09/11/1972",0,4.2,23,10.5,"9032"
"8705","   11 ","10/11/1972",0,4.4,23.5,11,"9032"
"8706","   11 ","11/11/1972",0,3.7,22.5,11,"9032"
"8707","   12 ","12/11/1972",0,3.7,23.5,12,"9032"
"8708","    9.5 ","13/11/1972",0,4.1,24,9.5,"9032"
"8709","    10 ","14/11/1972",0,4.1,24,10,"9032"
"8710","    10.5 ","15/11/1972",0,3.1,23,10.5,"9032"
"8711","   10 ","16/11/1972",0,3.6,22.5,10,"9032"
"8712","    10.5 ","17/11/1972",0,4.2,25,10.5,"9032"
"8713","    11.5 ","18/11/1972",0,4.4,24,11.5,"9032"
"8714","    10.5 ","19/11/1972",1.7,3,23,10.5,"9032"
"8715","   11.5 ","20/11/1972",0,2.6,22.5,11.5,"9032"
"8716","    11 ","21/11/1972",0,3.7,22,11,"9032"
"8717","   10 ","22/11/1972",0,2.5,20.5,10,"9032"
"8718","    10 ","23/11/1972",0,5,22,10,"9032"
"8719","   11 ","24/11/1972",0,3.9,21.5,11,"9032"
"8720","   10.5 ","25/11/1972",0,2.5,22.5,10.5,"9032"
"8721","    11.5 ","26/11/1972",1.6,1,18,11.5,"9032"
"8722","   9 ","27/11/1972",1.7,3.2,22.5,9,"9032"
"8723","    11 ","28/11/1972",0,2.1,21,11,"9032"
"8724","    9 ","29/11/1972",0,4,23,9,"9032"
"8725","    10 ","30/11/1972",4,1.9,19,10,"9032"
"8726","    10.5 ","01/12/1972",0,1.9,19,10.5,"9032"
"8727","    7.5 ","02/12/1972",0,2.3,20,7.5,"9032"
"8728","   9 ","03/12/1972",0,3.7,21.5,9,"9032"
"8729","   10 ","04/12/1972",0,3.7,22.5,10,"9032"
"8730","   9.5 ","05/12/1972",0,3.8,23.5,9.5,"9032"
"8731","    10 ","06/12/1972",0,3.9,23,10,"9032"
"8732","    8 ","07/12/1972",0,4.6,24,8,"9032"
"8733","    10 ","08/12/1972",0,3.5,23,10,"9032"
"8734","   9 ","09/12/1972",0,4.4,24.5,9,"9032"
"8735","    8.5 ","10/12/1972",0,4.1,24,8.5,"9032"
"8736","   7.5 ","11/12/1972",0,3.4,21.5,7.5,"9032"
"8737","   7.5 ","12/12/1972",0,4,21.5,7.5,"9032"
"8738","    7.5 ","13/12/1972",0,4.4,23,7.5,"9032"
"8739","    8 ","14/12/1972",0,4,22,8,"9032"
"8740","    9 ","15/12/1972",2.7,2.3,19,9,"9032"
"8741","    2 ","16/12/1972",0,1.6,10,2,"9032"
"8742","   3 ","17/12/1972",0,1,14.5,3,"9032"
"8743","   4.5 ","18/12/1972",0,2.8,18.5,4.5,"9032"
"8744","   6 ","19/12/1972",0,2.9,20.5,6,"9032"
"8745","    8 ","20/12/1972",0,5.3,20,8,"9032"
"8746","   9.5 ","21/12/1972",0,5.4,20.5,9.5,"9032"
"8747","    2.5 ","22/12/1972",0,4.1,21,2.5,"9032"
"8748","    5 ","23/12/1972",0,5.8,23,5,"9032"
"8749","   6.5 ","24/12/1972",0,4.6,20.5,6.5,"9032"
"8750","   2.5 ","25/12/1972",0,3,22.5,2.5,"9032"
"8751","    6.5 ","26/12/1972",0,4.9,18,6.5,"9032"
"8752","    3.5 ","27/12/1972",0,3.3,20,3.5,"9032"
"8753","    3.5 ","28/12/1972",0,4.4,24,3.5,"9032"
"8754","   5 ","29/12/1972",0,5.5,23.5,5,"9032"
"8755","   6.5 ","30/12/1972",0,3.6,22.5,6.5,"9032"
"8756","    10 ","31/12/1972",0,3.9,24,10,"9032"
"8757","    9 ","01/01/1973",0,3.8,26,9,"9032"
"8758","    7.5 ","02/01/1973",0,4.8,25,7.5,"9032"
"8759","    7.5 ","03/01/1973",0,6.2,25,7.5,"9032"
"8760","    8 ","04/01/1973",0,5.5,26,8,"9032"
"8761","    7 ","05/01/1973",0,5,25,7,"9032"
"8762","    9 ","06/01/1973",0,4.9,26,9,"9032"
"8763","    8.5 ","07/01/1973",0,4.8,23,8.5,"9032"
"8764","    10 ","08/01/1973",0,5.1,26,10,"9032"
"8765","    10 ","09/01/1973",0,4.2,21,10,"9032"
"8766","    9 ","10/01/1973",0,4.5,22,9,"9032"
"8767","    9.5 ","11/01/1973",0,6.1,21,9.5,"9032"
"8768","   2 ","12/01/1973",0,4.1,18.5,2,"9032"
"8769","    2.5 ","13/01/1973",0,4.2,20,2.5,"9032"
"8770","    6.5 ","14/01/1973",0,3.7,17,6.5,"9032"
"8771","    4.5 ","15/01/1973",0,4.4,19,4.5,"9032"
"8772","    2.5 ","16/01/1973",0,5.6,20,2.5,"9032"
"8773","    5 ","17/01/1973",0,5,20,5,"9032"
"8774","   5 ","18/01/1973",0,4.5,21.5,5,"9032"
"8775","   5 ","19/01/1973",0,4.7,23.5,5,"9032"
"8776","    8.5 ","20/01/1973",0,6.3,21,8.5,"9032"
"8777","   6.5 ","21/01/1973",0,6.1,22.5,6.5,"9032"
"8778","    5.5 ","22/01/1973",0,5.9,22,5.5,"9032"
"8779","    6 ","23/01/1973",0,6.2,25,6,"9032"
"8780","    8 ","24/01/1973",0,6.1,22,8,"9032"
"8781","    8.3 ","25/01/1973",0,6.1,25,8.3,"9032"
"8782","    8 ","26/01/1973",0,5.3,27,8,"9032"
"8783","   10 ","27/01/1973",0,6.7,26.5,10,"9032"
"8784","   6.5 ","28/01/1973",0,5.8,24.5,6.5,"9032"
"8785","    2 ","29/01/1973",0,4.6,18,2,"9032"
"8786","    1.5 ","30/01/1973",0,4.7,24,1.5,"9032"
"8787","    3 ","31/01/1973",0,6.8,25,3,"9032"
"8788","    8 ","01/02/1973",0,5.3,24,8,"9032"
"8789","    8.5 ","02/02/1973",0,4.8,24,8.5,"9032"
"8790","    4 ","03/02/1973",0,4.9,22,4,"9032"
"8791","   7 ","04/02/1973",0,6.2,23.5,7,"9032"
"8792","   7.5 ","05/02/1973",0,6,25.5,7.5,"9032"
"8793","    9 ","06/02/1973",0,6.8,26,9,"9032"
"8794","    10.5 ","07/02/1973",0,6.9,26,10.5,"9032"
"8795","    9 ","08/02/1973",0,6.5,24,9,"9032"
"8796","    9 ","09/02/1973",0,6.5,22,9,"9032"
"8797","    5 ","10/02/1973",0,5.5,23,5,"9032"
"8798","    6.5 ","11/02/1973",0,5.3,23,6.5,"9032"
"8799","    7 ","12/02/1973",0,6.4,23,7,"9032"
"8800","   7.5 ","13/02/1973",0,7.2,24.5,7.5,"9032"
"8801","   7.5 ","14/02/1973",0,5.3,24.5,7.5,"9032"
"8802","    7.5 ","15/02/1973",0,6.8,24,7.5,"9032"
"8803","    7.5 ","16/02/1973",0,4.2,23,7.5,"9032"
"8804","   8 ","17/02/1973",0,6.5,22.5,8,"9032"
"8805","   11 ","18/02/1973",0,3.7,21.5,11,"9032"
"8806","    12 ","19/02/1973",0,4.3,25,12,"9032"
"8807","   7 ","20/02/1973",0,4.9,23.5,7,"9032"
"8808","    7.5 ","21/02/1973",0,4,22,7.5,"9032"
"8809","   9 ","22/02/1973",0,5.5,21.5,9,"9032"
"8810","    10 ","23/02/1973",0,6.4,25,10,"9032"
"8811","    10 ","24/02/1973",0,6.4,25,10,"9032"
"8812","    10 ","25/02/1973",0,6.3,26,10,"9032"
"8813","    9.5 ","26/02/1973",0,5.7,24,9.5,"9032"
"8814","    11 ","27/02/1973",3,2.3,19,11,"9032"
"8815","   7.5 ","28/02/1973",3,4.2,21.5,7.5,"9032"
"8816","   9.5 ","01/03/1973",0.5,4.9,22.5,9.5,"9032"
"8817","    10 ","02/03/1973",0,5,24,10,"9032"
"8818","   10 ","03/03/1973",0,6.8,25.5,10,"9032"
"8819","    10.5 ","04/03/1973",0,7.1,26,10.5,"9032"
"8820","    13 ","05/03/1973",0,2.8,25,13,"9032"
"8821","    11 ","06/03/1973",0,5.7,25,11,"9032"
"8822","    11 ","07/03/1973",0,9.5,28,11,"9032"
"8823","   12.5 ","08/03/1973",0,7.6,26.5,12.5,"9032"
"8824","    11.5 ","09/03/1973",0,7.8,26,11.5,"9032"
"8825","   10 ","10/03/1973",0,8.5,26.5,10,"9032"
"8826","    10 ","11/03/1973",0,7.6,28,10,"9032"
"8827","   11 ","12/03/1973",0,9.7,28.5,11,"9032"
"8828","    11.5 ","13/03/1973",0,7.3,29,11.5,"9032"
"8829","   11 ","14/03/1973",0,9.7,28.5,11,"9032"
"8830","    10.5 ","15/03/1973",0,8.6,28,10.5,"9032"
"8831","   11.5 ","16/03/1973",0,7.7,27.5,11.5,"9032"
"8832","   10 ","17/03/1973",0,5.9,24.5,10,"9032"
"8833","    10.5 ","18/03/1973",0,8.1,27,10.5,"9032"
"8834","    12 ","19/03/1973",0,8.3,26,12,"9032"
"8835","    12 ","20/03/1973",0,7.9,26,12,"9032"
"8836","    13.5 ","21/03/1973",0,4.4,27,13.5,"9032"
"8837","   12 ","22/03/1973",0,7.8,26.5,12,"9032"
"8838","   13.5 ","23/03/1973",0,7.7,24.5,13.5,"9032"
"8839","    12 ","24/03/1973",0,8.9,27,12,"9032"
"8840","   13 ","25/03/1973",0,8.7,27.5,13,"9032"
"8841","    11 ","26/03/1973",0,9.1,29,11,"9032"
"8842","    12 ","27/03/1973",0,9.5,29,12,"9032"
"8843","    12 ","28/03/1973",0,9,27,12,"9032"
"8844","   12 ","29/03/1973",0,9.3,27.5,12,"9032"
"8845","   13.5 ","30/03/1973",0,9.7,26.5,13.5,"9032"
"8846","    13 ","31/03/1973",0,7,25,13,"9032"
"8847","    12 ","01/04/1973",0,7.7,28,12,"9032"
"8848","    13 ","02/04/1973",0,8.8,25,13,"9032"
"8849","    12 ","03/04/1973",0,9,25,12,"9032"
"8850","    12 ","04/04/1973",0,7,25,12,"9032"
"8851","    11 ","05/04/1973",13.1,3.6,20,11,"9032"
"8852","    12 ","06/04/1973",2.3,1.6,16,12,"9032"
"8853","    7.5 ","07/04/1973",0,7.6,22,7.5,"9032"
"8854","    9 ","08/04/1973",0,8.5,23,9,"9032"
"8855","   7 ","09/04/1973",0,8,23.5,7,"9032"
"8856","    8 ","10/04/1973",0,8.3,24,8,"9032"
"8857","    8.5 ","11/04/1973",0,8.4,27,8.5,"9032"
"8858","    11 ","12/04/1973",0.5,7.7,24,11,"9032"
"8859","    11 ","13/04/1973",0,4.6,24,11,"9032"
"8860","    12 ","14/04/1973",14.2,4.4,23,12,"9032"
"8861","   12 ","15/04/1973",1.5,3.3,22.5,12,"9032"
"8862","    10.5 ","16/04/1973",0,4.6,23,10.5,"9032"
"8863","    10.5 ","17/04/1973",0.2,3.9,24,10.5,"9032"
"8864","   12 ","18/04/1973",0,8.7,26.5,12,"9032"
"8865","   12 ","19/04/1973",0,8.1,26.5,12,"9032"
"8866","    13 ","20/04/1973",0,9.1,28,13,"9032"
"8867","    13 ","21/04/1973",0,8.5,28,13,"9032"
"8868","    14 ","22/04/1973",0,7.1,27,14,"9032"
"8869","   15 ","23/04/1973",0,6.1,27.5,15,"9032"
"8870","    14 ","24/04/1973",0,6.4,26,14,"9032"
"8871","    15 ","25/04/1973",0,8.7,28,15,"9032"
"8872","    13 ","26/04/1973",0,7.7,28,13,"9032"
"8873","    12 ","27/04/1973",0,6.7,26,12,"9032"
"8874","    13 ","28/04/1973",0,7.1,26,13,"9032"
"8875","    13 ","29/04/1973",0,8.2,28,13,"9032"
"8876","    15 ","30/04/1973",2.7,4.6,26,15,"9032"
"8877","    11.5 ","01/05/1973",0,7.6,27,11.5,"9032"
"8878","   12.5 ","02/05/1973",2,4.8,25.5,12.5,"9032"
"8879","    11 ","03/05/1973",2.5,3.9,23,11,"9032"
"8880","    13 ","04/05/1973",2,5.1,24,13,"9032"
"8881","    12.5 ","05/05/1973",0,3.8,26,12.5,"9032"
"8882","   13.5 ","06/05/1973",2,5,24.5,13.5,"9032"
"8883","    13.5 ","07/05/1973",0,5.7,27,13.5,"9032"
"8884","   13 ","08/05/1973",0,4.9,24.5,13,"9032"
"8885","    12 ","09/05/1973",10.3,5.3,26,12,"9032"
"8886","   11.5 ","10/05/1973",0.2,4.7,24.5,11.5,"9032"
"8887","    11.5 ","11/05/1973",0,5.7,26,11.5,"9032"
"8888","    13 ","12/05/1973",4.8,7,26,13,"9032"
"8889","   11.5 ","13/05/1973",3.2,4.1,22.5,11.5,"9032"
"8890","    12 ","14/05/1973",0,4,22,12,"9032"
"8891","   11.5 ","15/05/1973",3.5,3,20.5,11.5,"9032"
"8892","    10 ","16/05/1973",0,5.7,24,10,"9032"
"8893","    10 ","17/05/1973",4.4,3.4,22,10,"9032"
"8894","    12 ","18/05/1973",17.7,3.3,18,12,"9032"
"8895","   10.5 ","19/05/1973",5.9,4.1,20.5,10.5,"9032"
"8896","    10 ","20/05/1973",0,5.2,22,10,"9032"
"8897","   10.5 ","21/05/1973",0,7.7,24.5,10.5,"9032"
"8898","    11 ","22/05/1973",0,8.2,27,11,"9032"
"8899","    12.5 ","23/05/1973",0,8.9,28,12.5,"9032"
"8900","    13.5 ","24/05/1973",0,8.5,30,13.5,"9032"
"8901","    15 ","25/05/1973",0,7.7,30,15,"9032"
"8902","    15 ","26/05/1973",0,5.5,30,15,"9032"
"8903","    16 ","27/05/1973",0,9.4,30,16,"9032"
"8904","    13.5 ","28/05/1973",0,6.5,28,13.5,"9032"
"8905","    11.5 ","29/05/1973",0,4.2,22,11.5,"9032"
"8906","    12 ","30/05/1973",7.2,4.2,23,12,"9032"
"8907","    12 ","31/05/1973",0,4.6,22,12,"9032"
"8908","    11 ","01/06/1973",0,5.2,24,11,"9032"
"8909","    10.5 ","02/06/1973",0,6.2,26,10.5,"9032"
"8910","   11.5 ","03/06/1973",0,9.6,28.5,11.5,"9032"
"8911","    12.5 ","04/06/1973",0,7.4,27,12.5,"9032"
"8912","    12.5 ","05/06/1973",0,8,28,12.5,"9032"
"8913","    12 ","06/06/1973",0,7.3,24,12,"9032"
"8914","    12 ","07/06/1973",0,7.9,24,12,"9032"
"8915","    11 ","08/06/1973",21.5,5,20,11,"9032"
"8916","    10 ","09/06/1973",1.3,4.9,20,10,"9032"
"8917","    9.5 ","10/06/1973",0,4.5,22,9.5,"9032"
"8918","    10.5 ","11/06/1973",6.8,4.1,21,10.5,"9032"
"8919","    11.5 ","12/06/1973",0,4.8,24,11.5,"9032"
"8920","    11 ","13/06/1973",0,5.7,26,11,"9032"
"8921","   10 ","14/06/1973",0,3.7,25.5,10,"9032"
"8922","    13.5 ","15/06/1973",7,5.6,22,13.5,"9032"
"8923","   11 ","16/06/1973",0,2,25.5,11,"9032"
"8924","    12.5 ","17/06/1973",1.4,7.3,25,12.5,"9032"
"8925","    13 ","18/06/1973",0,5.9,25,13,"9032"
"8926","   13 ","19/06/1973",0,6.2,25.5,13,"9032"
"8927","    14 ","20/06/1973",8.3,3.8,24,14,"9032"
"8928","   13 ","21/06/1973",2.6,2.6,18.5,13,"9032"
"8929","   12.5 ","22/06/1973",39,2.5,16.5,12.5,"9032"
"8930","   11.5 ","23/06/1973",0,2.8,19.5,11.5,"9032"
"8931","    12 ","24/06/1973",0,5.4,23,12,"9032"
"8932","    13 ","25/06/1973",0,3.7,22,13,"9032"
"8933","    12 ","26/06/1973",13,2.7,20,12,"9032"
"8934","    11 ","27/06/1973",9,3.9,19,11,"9032"
"8935","    10.5 ","28/06/1973",10,4,21,10.5,"9032"
"8936","    10 ","29/06/1973",0,1.5,22,10,"9032"
"8937","    11.5 ","30/06/1973",1.8,6,22,11.5,"9032"
"8938","    12.5 ","01/07/1973",1.2,2.8,22,12.5,"9032"
"8939","    12 ","02/07/1973",2,2.6,21,12,"9032"
"8940","    13 ","03/07/1973",5,2.2,20,13,"9032"
"8941","    12 ","04/07/1973",0,3.5,21,12,"9032"
"8942","    12 ","05/07/1973",5.3,2.4,19,12,"9032"
"8943","    12 ","06/07/1973",26,4.3,21,12,"9032"
"8944","    11 ","07/07/1973",6.2,2,21,11,"9032"
"8945","    11 ","08/07/1973",0,2.9,21,11,"9032"
"8946","    11 ","09/07/1973",0,4.1,22,11,"9032"
"8947","   12 ","10/07/1973",0,5.2,21.5,12,"9032"
"8948","   11 ","11/07/1973",0,5.7,21.5,11,"9032"
"8949","   10 ","12/07/1973",0,4.5,22.5,10,"9032"
"8950","   10.5 ","13/07/1973",0.7,2.4,21.5,10.5,"9032"
"8951","    11 ","14/07/1973",0.3,3.4,21,11,"9032"
"8952","    11.5 ","15/07/1973",3.7,3.4,21,11.5,"9032"
"8953","    10 ","16/07/1973",0,3.8,23,10,"9032"
"8954","    11 ","17/07/1973",7.1,6.1,23,11,"9032"
"8955","    11.5 ","18/07/1973",20,8.9,22,11.5,"9032"
"8956","    11.5 ","19/07/1973",1.2,4.6,24,11.5,"9032"
"8957","    11 ","20/07/1973",1.5,4.8,23,11,"9032"
"8958","    12 ","21/07/1973",0,5.3,22,12,"9032"
"8959","    13 ","22/07/1973",0,3.3,21,13,"9032"
"8960","    12.5 ","23/07/1973",15.3,3.5,21,12.5,"9032"
"8961","    11.5 ","24/07/1973",6.3,3.9,20,11.5,"9032"
"8962","    11.5 ","25/07/1973",0.8,1.7,18,11.5,"9032"
"8963","    11.5 ","26/07/1973",2,1.1,19,11.5,"9032"
"8964","   12 ","27/07/1973",2.5,5.5,22.5,12,"9032"
"8965","   11 ","28/07/1973",0,2,23.5,11,"9032"
"8966","   11 ","29/07/1973",18.2,9.7,22.5,11,"9032"
"8967","    10 ","30/07/1973",0.4,5,24,10,"9032"
"8968","   11 ","31/07/1973",8.6,4.6,23.5,11,"9032"
"8969","    12 ","01/08/1973",0.5,7.3,23,12,"9032"
"8970","    12.5 ","02/08/1973",4.6,3,22,12.5,"9032"
"8971","    11 ","03/08/1973",0,2.3,22,11,"9032"
"8972","    11 ","04/08/1973",1,5.9,22,11,"9032"
"8973","    11.5 ","05/08/1973",1,3.8,22,11.5,"9032"
"8974","   12 ","06/08/1973",0,3.2,18.5,12,"9032"
"8975","    10.5 ","07/08/1973",1.3,2.9,20,10.5,"9032"
"8976","    10 ","08/08/1973",8,4.4,22,10,"9032"
"8977","   12 ","09/08/1973",4,3.6,21.5,12,"9032"
"8978","    12.5 ","10/08/1973",0.5,3.1,21,12.5,"9032"
"8979","    12.5 ","11/08/1973",12.5,2.3,19,12.5,"9032"
"8980","    12 ","12/08/1973",0.6,1.7,19,12,"9032"
"8981","    11.5 ","13/08/1973",15.5,4.9,22,11.5,"9032"
"8982","    11 ","14/08/1973",1.9,2.1,20,11,"9032"
"8983","    10 ","15/08/1973",2.2,2.8,20,10,"9032"
"8984","    10 ","16/08/1973",3,1.4,20,10,"9032"
"8985","    10 ","17/08/1973",5,5,22,10,"9032"
"8986","   11 ","18/08/1973",0,4.3,22.5,11,"9032"
"8987","    12 ","19/08/1973",0,6.2,23,12,"9032"
"8988","    11.5 ","20/08/1973",0.6,2.8,18,11.5,"9032"
"8989","   10 ","21/08/1973",0,4.8,18.5,10,"9032"
"8990","   11 ","22/08/1973",0,3.3,18.5,11,"9032"
"8991","    10.5 ","23/08/1973",0,3.2,19,10.5,"9032"
"8992","    11 ","24/08/1973",10,2.4,20,11,"9032"
"8993","   12 ","25/08/1973",12.6,3.4,21.5,12,"9032"
"8994","    12.5 ","26/08/1973",14,12.4,20,12.5,"9032"
"8995","    12 ","27/08/1973",4.6,0.7,18,12,"9032"
"8996","    13 ","28/08/1973",5.7,1.5,20,13,"9032"
"8997","   12.5 ","29/08/1973",2.5,2,19.5,12.5,"9032"
"8998","    13 ","30/08/1973",16.5,7.3,23,13,"9032"
"8999","    12.5 ","31/08/1973",0,5.2,23,12.5,"9032"
"9000","   12.5 ","01/09/1973",3.9,4.1,22.5,12.5,"9032"
"9001","   12 ","02/09/1973",0.2,4.7,22.5,12,"9032"
"9002","    12 ","03/09/1973",2,1.5,18,12,"9032"
"9003","    12.5 ","04/09/1973",7.6,2.5,19,12.5,"9032"
"9004","    13 ","05/09/1973",0,3.3,20,13,"9032"
"9005","   10 ","06/09/1973",8.6,3.5,23.5,10,"9032"
"9006","    11.5 ","07/09/1973",0.8,2.7,21,11.5,"9032"
"9007","   13 ","08/09/1973",4.5,3.2,23.5,13,"9032"
"9008","    12 ","09/09/1973",1.2,1.7,20,12,"9032"
"9009","    12.5 ","10/09/1973",15.1,4,22,12.5,"9032"
"9010","    12 ","11/09/1973",0,6.3,24,12,"9032"
"9011","    11 ","12/09/1973",0,7.3,24,11,"9032"
"9012","    10 ","13/09/1973",0,6,25,10,"9032"
"9013","   11 ","14/09/1973",0,3.8,22.5,11,"9032"
"9014","   11 ","15/09/1973",4.1,2.7,23.5,11,"9032"
"9015","    12 ","16/09/1973",2,2.6,21,12,"9032"
"9016","    11 ","17/09/1973",0,5.4,23,11,"9032"
"9017","   12 ","18/09/1973",6.1,4.2,22.5,12,"9032"
"9018","    11.5 ","19/09/1973",0,4.6,22,11.5,"9032"
"9019","   12 ","20/09/1973",0,5.6,23.5,12,"9032"
"9020","    10 ","21/09/1973",0,5.3,24,10,"9032"
"9021","    11 ","22/09/1973",5,4.6,23,11,"9032"
"9022","   11.5 ","23/09/1973",0,4,23.5,11.5,"9032"
"9023","    12 ","24/09/1973",3.8,6.2,25,12,"9032"
"9024","   10 ","25/09/1973",0,6.7,26.5,10,"9032"
"9025","    11 ","26/09/1973",11.2,2.4,23,11,"9032"
"9026","   11 ","27/09/1973",0,3,21.5,11,"9032"
"9027","   12 ","28/09/1973",14.8,3.5,19.5,12,"9032"
"9028","   10.5 ","29/09/1973",5.5,2.9,22.5,10.5,"9032"
"9029","   11.5 ","30/09/1973",0.3,2.5,22.5,11.5,"9032"
"9030","    12.5 ","01/10/1973",0,3,21,12.5,"9032"
"9031","    12.5 ","02/10/1973",0,5.1,24,12.5,"9032"
"9032","   11 ","03/10/1973",0,4.8,23.5,11,"9032"
"9033","    8.5 ","04/10/1973",0,5.9,24,8.5,"9032"
"9034","    10 ","05/10/1973",0,5.6,24,10,"9032"
"9035","   12 ","06/10/1973",0,4.6,21.5,12,"9032"
"9036","    10 ","07/10/1973",0,3.5,21,10,"9032"
"9037","    11 ","08/10/1973",3.6,3.9,24,11,"9032"
"9038","   12.5 ","09/10/1973",1.9,3.4,22.5,12.5,"9032"
"9039","   12.5 ","10/10/1973",11,1.7,19.5,12.5,"9032"
"9040","    10 ","11/10/1973",3.1,0.6,22,10,"9032"
"9041","    11 ","12/10/1973",0.4,2.7,22,11,"9032"
"9042","    11.5 ","13/10/1973",0,3.1,21,11.5,"9032"
"9043","   12 ","14/10/1973",0,1.9,20.5,12,"9032"
"9044","   11 ","15/10/1973",0,6.3,22.5,11,"9032"
"9045","   11.5 ","16/10/1973",0,4.5,21.5,11.5,"9032"
"9046","   10 ","17/10/1973",0,3.5,20.5,10,"9032"
"9047","    10.5 ","18/10/1973",0,3.3,20,10.5,"9032"
"9048","    9 ","19/10/1973",1.6,4.1,19,9,"9032"
"9049","   9 ","20/10/1973",2.4,2.2,19.5,9,"9032"
"9050","   9 ","21/10/1973",18.6,7.7,15.5,9,"9032"
"9051","    9.5 ","22/10/1973",0,1.7,16,9.5,"9032"
"9052","    9.5 ","23/10/1973",0,3.4,21,9.5,"9032"
"9053","    7.5 ","24/10/1973",7.5,3.7,23,7.5,"9032"
"9054","   8 ","25/10/1973",2.1,3.9,23.5,8,"9032"
"9055","   10 ","26/10/1973",0.3,2.6,21.5,10,"9032"
"9056","   10 ","27/10/1973",0,2.9,20.5,10,"9032"
"9057","    10 ","28/10/1973",0,3,20,10,"9032"
"9058","    10 ","29/10/1973",0,3.6,20,10,"9032"
"9059","    8.5 ","30/10/1973",0,4.9,24,8.5,"9032"
"9060","    9 ","31/10/1973",0.1,3.2,22,9,"9032"
"9061","    10 ","01/11/1973",0,5,24,10,"9032"
"9062","    9 ","02/11/1973",0,4.5,24,9,"9032"
"9063","    10 ","03/11/1973",0,4.2,24,10,"9032"
"9064","   10 ","04/11/1973",0,4.7,24.5,10,"9032"
"9065","   9.5 ","05/11/1973",0,5.4,24.5,9.5,"9032"
"9066","    10 ","06/11/1973",0,4.7,23,10,"9032"
"9067","    7.5 ","07/11/1973",0,4.9,23,7.5,"9032"
"9068","    7.5 ","08/11/1973",0,5.7,24,7.5,"9032"
"9069","   7 ","09/11/1973",0,7,22.5,7,"9032"
"9070","    6.5 ","10/11/1973",0,3.8,19,6.5,"9032"
"9071","   7.5 ","11/11/1973",0,2.5,16.5,7.5,"9032"
"9072","    9 ","12/11/1973",9.1,1.8,16,9,"9032"
"9073","   8 ","13/11/1973",0.1,2.6,21.5,8,"9032"
"9074","    8 ","14/11/1973",0,3.9,20,8,"9032"
"9075","    7.5 ","15/11/1973",0,5,21,7.5,"9032"
"9076","   6 ","16/11/1973",0,4.5,21.5,6,"9032"
"9077","    6 ","17/11/1973",0,3.9,21,6,"9032"
"9078","    7 ","18/11/1973",0,4.7,21,7,"9032"
"9079","    8.5 ","19/11/1973",0,5.3,23,8.5,"9032"
"9080","    6 ","20/11/1973",0,6,24,6,"9032"
"9081","   6.5 ","21/11/1973",0,6,25.5,6.5,"9032"
"9082","   8 ","22/11/1973",0,4.8,24.5,8,"9032"
"9083","    8.5 ","23/11/1973",0,5.1,25,8.5,"9032"
"9084","   9.5 ","24/11/1973",0,2.9,20.5,9.5,"9032"
"9085","   8.5 ","25/11/1973",0,4.7,23.5,8.5,"9032"
"9086","    9 ","26/11/1973",0,3.2,19,9,"9032"
"9087","   10.5 ","27/11/1973",0,3.9,22.5,10.5,"9032"
"9088","   10 ","28/11/1973",0,3,17.5,10,"9032"
"9089","    4 ","29/11/1973",0,3.1,16,4,"9032"
"9090","   1 ","30/11/1973",0,1.5,16.5,1,"9032"
"9091","    6 ","01/12/1973",0,2.8,18,6,"9032"
"9092","   8 ","02/12/1973",0,4.4,20.5,8,"9032"
"9093","    7 ","03/12/1973",0,4,24,7,"9032"
"9094","    7 ","04/12/1973",0,4,22,7,"9032"
"9095","    7 ","05/12/1973",0,4.4,20,7,"9032"
"9096","    6 ","06/12/1973",0,2.4,19,6,"9032"
"9097","    7 ","07/12/1973",0,1.6,18,7,"9032"
"9098","    7 ","08/12/1973",0,3.8,19,7,"9032"
"9099","    4 ","09/12/1973",0,1,18,4,"9032"
"9100","    5 ","10/12/1973",0,2.6,13,5,"9032"
"9101","    3 ","11/12/1973",0,3.7,18,3,"9032"
"9102","    4 ","12/12/1973",0,3.5,18,4,"9032"
"9103","    5.5 ","13/12/1973",0,4.2,20,5.5,"9032"
"9104","    6 ","14/12/1973",0,4.9,22,6,"9032"
"9105","    6 ","15/12/1973",0,4.4,20,6,"9032"
"9106","    6 ","16/12/1973",0,2.7,19,6,"9032"
"9107","    2.5 ","17/12/1973",0,5.2,19,2.5,"9032"
"9108","   4 ","18/12/1973",0,3.4,19.5,4,"9032"
"9109","    5 ","19/12/1973",0,3.8,19,5,"9032"
"9110","    4 ","20/12/1973",0,3.7,19,4,"9032"
"9111","    2 ","21/12/1973",0,3.7,19,2,"9032"
"9112","    2 ","22/12/1973",0,3.5,19,2,"9032"
"9113","    4 ","23/12/1973",0,4.8,20,4,"9032"
"9114","    4 ","24/12/1973",0,4.3,20,4,"9032"
"9115","    5 ","25/12/1973",0,4.3,19,5,"9032"
"9116","    7 ","26/12/1973",0,4,21,7,"9032"
"9117","    5 ","27/12/1973",0,2.6,21,5,"9032"
"9118","    5 ","28/12/1973",0,3.6,18,5,"9032"
"9119","    6 ","29/12/1973",0,3.2,20,6,"9032"
"9120","    6 ","30/12/1973",0.3,1.8,16,6,"9032"
"9121","    6.5 ","31/12/1973",0,3.6,20,6.5,"9032"
"9122","    7 ","01/01/1974",0,4,21,7,"9032"
"9123","    7 ","02/01/1974",0,5.7,22,7,"9032"
"9124","    6 ","03/01/1974",0,3.6,21,6,"9032"
"9125","    7 ","04/01/1974",0,3.9,21,7,"9032"
"9126","    7 ","05/01/1974",0,3.8,21,7,"9032"
"9127","    7 ","06/01/1974",0.2,3.9,21,7,"9032"
"9128","    6.5 ","07/01/1974",0,3.5,23,6.5,"9032"
"9129","    7 ","08/01/1974",0,5.4,23,7,"9032"
"9130","    7 ","09/01/1974",0,2.6,22,7,"9032"
"9131","    8 ","10/01/1974",0,5.2,23,8,"9032"
"9132","    8 ","11/01/1974",0,3.4,20,8,"9032"
"9133","    8 ","12/01/1974",0,3.5,21,8,"9032"
"9134","    9 ","13/01/1974",0,3.1,20,9,"9032"
"9135","   7 ","14/01/1974",0,2.6,20.5,7,"9032"
"9136","    7 ","15/01/1974",0,4.9,20,7,"9032"
"9137","    5 ","16/01/1974",0,4.1,20,5,"9032"
"9138","    5 ","17/01/1974",0,4.3,21,5,"9032"
"9139","    7 ","18/01/1974",0,2.5,21,7,"9032"
"9140","    7 ","19/01/1974",0,5.6,23,7,"9032"
"9141","    6.5 ","20/01/1974",0,7.3,22,6.5,"9032"
"9142","    6.5 ","21/01/1974",0,4.6,22,6.5,"9032"
"9143","    7 ","22/01/1974",0,5,22,7,"9032"
"9144","    7 ","23/01/1974",0,4.1,22,7,"9032"
"9145","    8 ","24/01/1974",0,4,20,8,"9032"
"9146","    7 ","25/01/1974",0,4.2,21,7,"9032"
"9147","    7 ","26/01/1974",0,4.1,21,7,"9032"
"9148","    7 ","27/01/1974",0,4.9,24,7,"9032"
"9149","    8 ","28/01/1974",0,4.4,23,8,"9032"
"9150","    7.5 ","29/01/1974",0,5.5,22,7.5,"9032"
"9151","    7 ","30/01/1974",0,5.2,23,7,"9032"
"9152","    7.5 ","31/01/1974",0,4.4,23,7.5,"9032"
"9153","    8 ","01/02/1974",0,3.6,21,8,"9032"
"9154","   8 ","02/02/1974",0,4.8,22.5,8,"9032"
"9155","    9 ","03/02/1974",0,4.8,23,9,"9032"
"9156","    8 ","04/02/1974",0.9,2.3,20,8,"9032"
"9157","    5.5 ","05/02/1974",0,3.4,22,5.5,"9032"
"9158","    6.5 ","06/02/1974",0,6.2,23,6.5,"9032"
"9159","   8 ","07/02/1974",0,4.8,23.5,8,"9032"
"9160","    8 ","08/02/1974",0,5.4,23,8,"9032"
"9161","    7 ","09/02/1974",6.6,2.9,19,7,"9032"
"9162","    5 ","10/02/1974",0,3.5,21,5,"9032"
"9163","    5 ","11/02/1974",0,6.1,21,5,"9032"
"9164","   6 ","12/02/1974",0,6.9,21.5,6,"9032"
"9165","   7 ","13/02/1974",0,5.6,22.5,7,"9032"
"9166","    8 ","14/02/1974",0,4.6,23,8,"9032"
"9167","    9.5 ","15/02/1974",0,5.6,26,9.5,"9032"
"9168","    8.5 ","16/02/1974",0,4,24,8.5,"9032"
"9169","    9 ","17/02/1974",0,3.8,23,9,"9032"
"9170","    9.5 ","18/02/1974",0,6.1,24,9.5,"9032"
"9171","    9 ","19/02/1974",0,7.1,23,9,"9032"
"9172","    8 ","20/02/1974",0,5.8,21,8,"9032"
"9173","    8.5 ","21/02/1974",0,7.8,26,8.5,"9032"
"9174","    7 ","22/02/1974",0,5,24,7,"9032"
"9175","   7 ","23/02/1974",0,5.4,24.5,7,"9032"
"9176","    9 ","24/02/1974",0.3,2.3,21,9,"9032"
"9177","   5.5 ","25/02/1974",0,4.5,18.5,5.5,"9032"
"9178","    2 ","26/02/1974",0,4.6,19,2,"9032"
"9179","    3 ","27/02/1974",0,5.7,21,3,"9032"
"9180","    5 ","28/02/1974",0,6.6,21,5,"9032"
"9181","    5 ","01/03/1974",0,6.8,22,5,"9032"
"9182","   4 ","02/03/1974",0,8.8,23.5,4,"9032"
"9183","    5.5 ","03/03/1974",0,7.3,26,5.5,"9032"
"9184","   8 ","04/03/1974",0,6.8,25.5,8,"9032"
"9185","    9 ","05/03/1974",0,6.6,25,9,"9032"
"9186","   9.5 ","06/03/1974",0,4.8,25.5,9.5,"9032"
"9187","    9.5 ","07/03/1974",0,5,25,9.5,"9032"
"9188","    10 ","08/03/1974",0,5.1,23,10,"9032"
"9189","    10 ","09/03/1974",0,5.7,23,10,"9032"
"9190","    10.5 ","10/03/1974",0,4.3,21,10.5,"9032"
"9191","    8.5 ","11/03/1974",0,3.3,20,8.5,"9032"
"9192","    8 ","12/03/1974",0.2,2.5,19,8,"9032"
"9193","   6 ","13/03/1974",0.2,4.2,20.5,6,"9032"
"9194","    7 ","14/03/1974",0,3.3,21,7,"9032"
"9195","    8 ","15/03/1974",4.6,5.2,23,8,"9032"
"9196","    6 ","16/03/1974",6.5,3.7,20,6,"9032"
"9197","    6 ","17/03/1974",0,2.9,20,6,"9032"
"9198","    7 ","18/03/1974",0,4.6,22,7,"9032"
"9199","    9.5 ","19/03/1974",0,6.8,23,9.5,"9032"
"9200","    10.5 ","20/03/1974",0,7.9,26,10.5,"9032"
"9201","    10 ","21/03/1974",0,8.1,27,10,"9032"
"9202","    11 ","22/03/1974",0,7.3,26,11,"9032"
"9203","    11 ","23/03/1974",0,10.5,26,11,"9032"
"9204","   10 ","24/03/1974",0,3.7,26.5,10,"9032"
"9205","   10.5 ","25/03/1974",0,6.1,24.5,10.5,"9032"
"9206","    10.5 ","26/03/1974",0,8.7,26,10.5,"9032"
"9207","    10.5 ","27/03/1974",0,6.1,25,10.5,"9032"
"9208","    11 ","28/03/1974",0,6.7,26,11,"9032"
"9209","    11 ","29/03/1974",0,6,25,11,"9032"
"9210","    10.5 ","30/03/1974",0,5.6,24,10.5,"9032"
"9211","    12 ","31/03/1974",9.5,5,24,12,"9032"
"9212","    10 ","01/04/1974",0,6.4,26,10,"9032"
"9213","    11 ","02/04/1974",0,7.4,26,11,"9032"
"9214","   11 ","03/04/1974",0,7.2,25.5,11,"9032"
"9215","    11 ","04/04/1974",0,7.5,26,11,"9032"
"9216","   10 ","05/04/1974",0,4.5,19.5,10,"9032"
"9217","    4.5 ","06/04/1974",0,5.5,22,4.5,"9032"
"9218","   11 ","07/04/1974",0,4,24.5,11,"9032"
"9219","   12 ","08/04/1974",0,9.6,25.5,12,"9032"
"9220","    10 ","09/04/1974",0,5.3,23,10,"9032"
"9221","    11 ","10/04/1974",2,5,23,11,"9032"
"9222","    10 ","11/04/1974",0,5.2,22,10,"9032"
"9223","    10 ","12/04/1974",0,7.6,25,10,"9032"
"9224","    11.5 ","13/04/1974",0.5,7,26,11.5,"9032"
"9225","    11.5 ","14/04/1974",0,5.7,25,11.5,"9032"
"9226","   10 ","15/04/1974",0.2,3.3,22.5,10,"9032"
"9227","    10 ","16/04/1974",0,3.5,21,10,"9032"
"9228","   9 ","17/04/1974",2.6,4.5,22.5,9,"9032"
"9229","    9.5 ","18/04/1974",6.5,4.7,22,9.5,"9032"
"9230","    11 ","19/04/1974",0,4.8,23,11,"9032"
"9231","   12 ","20/04/1974",0,6.1,25.5,12,"9032"
"9232","   13 ","21/04/1974",0,7.5,27.5,13,"9032"
"9233","   12 ","22/04/1974",0,9.7,28.5,12,"9032"
"9234","   12.5 ","23/04/1974",0,7.3,26.5,12.5,"9032"
"9235","    11 ","24/04/1974",0,7.6,26,11,"9032"
"9236","    10 ","25/04/1974",1.3,4.8,25,10,"9032"
"9237","    10 ","26/04/1974",0.1,5.6,23,10,"9032"
"9238","   9 ","27/04/1974",0,5.4,24.5,9,"9032"
"9239","    10.5 ","28/04/1974",2.7,4.9,23,10.5,"9032"
"9240","    10 ","29/04/1974",0.3,3.3,23,10,"9032"
"9241","    10 ","30/04/1974",0,5.1,24,10,"9032"
"9242","    11 ","01/05/1974",0,4.7,22,11,"9032"
"9243","   11 ","02/05/1974",0.6,2.2,23.5,11,"9032"
"9244","    10.5 ","03/05/1974",1.9,7.2,23,10.5,"9032"
"9245","    12 ","04/05/1974",9.5,7,25,12,"9032"
"9246","    11 ","05/05/1974",0,7.2,25,11,"9032"
"9247","    12 ","06/05/1974",0,6.3,26,12,"9032"
"9248","    12 ","07/05/1974",1,5,26,12,"9032"
"9249","    12 ","08/05/1974",0,6.7,27,12,"9032"
"9250","    14 ","09/05/1974",0,9.2,29,14,"9032"
"9251","    13.5 ","10/05/1974",0,5.3,28,13.5,"9032"
"9252","    14 ","11/05/1974",0,8.5,29,14,"9032"
"9253","    13 ","12/05/1974",0,5.2,29,13,"9032"
"9254","    12 ","13/05/1974",0,7,27,12,"9032"
"9255","    14 ","14/05/1974",0,6.3,28,14,"9032"
"9256","    13 ","15/05/1974",0,8.1,27,13,"9032"
"9257","    12.5 ","16/05/1974",0,7.1,28,12.5,"9032"
"9258","    13 ","17/05/1974",0,7.4,25,13,"9032"
"9259","   11.5 ","18/05/1974",0,8.5,25.5,11.5,"9032"
"9260","    11 ","19/05/1974",0,8.1,24,11,"9032"
"9261","   10.5 ","20/05/1974",0,8.3,25.5,10.5,"9032"
"9262","   12 ","21/05/1974",0,8.2,26.5,12,"9032"
"9263","    11.5 ","22/05/1974",0,7.9,25,11.5,"9032"
"9264","    11 ","23/05/1974",0,8.5,25,11,"9032"
"9265","   11 ","24/05/1974",3.1,2.7,21.5,11,"9032"
"9266","   11 ","25/05/1974",3,4.4,28.5,11,"9032"
"9267","    14 ","26/05/1974",29.5,5,18,14,"9032"
"9268","    11.5 ","27/05/1974",9.5,2.7,21,11.5,"9032"
"9269","   11 ","28/05/1974",0,2.8,20.5,11,"9032"
"9270","    11 ","29/05/1974",0,5.6,23,11,"9032"
"9271","   12.5 ","30/05/1974",4.4,4.7,23.5,12.5,"9032"
"9272","    11.5 ","31/05/1974",0,4.8,24,11.5,"9032"
"9273","    12 ","01/06/1974",19.1,5.1,23,12,"9032"
"9274","    12 ","02/06/1974",0,6.6,22,12,"9032"
"9275","    12 ","03/06/1974",0,5.2,25,12,"9032"
"9276","    10 ","04/06/1974",0,5.9,25,10,"9032"
"9277","    12 ","05/06/1974",0,6.8,26,12,"9032"
"9278","    15 ","06/06/1974",0,5.3,26,15,"9032"
"9279","   12.5 ","07/06/1974",0.1,5.9,25.5,12.5,"9032"
"9280","    13 ","08/06/1974",0,7.4,26,13,"9032"
"9281","    13 ","09/06/1974",0.2,9.6,27,13,"9032"
"9282","    12 ","10/06/1974",16.3,5.9,24,12,"9032"
"9283","    12 ","11/06/1974",12.2,3.5,21,12,"9032"
"9284","    13 ","12/06/1974",0,5.7,22,13,"9032"
"9285","    12.5 ","13/06/1974",1.3,3.9,23,12.5,"9032"
"9286","   12.5 ","14/06/1974",20.1,5.3,21.5,12.5,"9032"
"9287","    12.5 ","15/06/1974",24.3,4.1,20,12.5,"9032"
"9288","    12 ","16/06/1974",10.4,2.4,20,12,"9032"
"9289","    11.5 ","17/06/1974",11.7,1.7,18,11.5,"9032"
"9290","   11.5 ","18/06/1974",8.6,1.6,18.5,11.5,"9032"
"9291","    12 ","19/06/1974",22.1,2.5,18,12,"9032"
"9292","   12 ","20/06/1974",14.9,2.5,19.5,12,"9032"
"9293","    12 ","21/06/1974",2.5,7.6,18,12,"9032"
"9294","   12 ","22/06/1974",2.3,2,20.5,12,"9032"
"9295","   12.5 ","23/06/1974",8.3,3.1,20.5,12.5,"9032"
"9296","   12 ","24/06/1974",0,5.7,20.5,12,"9032"
"9297","   11 ","25/06/1974",0,4.4,20.5,11,"9032"
"9298","    11.5 ","26/06/1974",0,6.8,22,11.5,"9032"
"9299","    10 ","27/06/1974",0,4.9,21,10,"9032"
"9300","    10.5 ","28/06/1974",0,3.6,21,10.5,"9032"
"9301","    11 ","29/06/1974",6,2.6,21,11,"9032"
"9302","    10.5 ","30/06/1974",9.9,2.2,20,10.5,"9032"
"9303","    11 ","01/07/1974",1.1,2,21,11,"9032"
"9304","    11 ","02/07/1974",27.4,5.4,22,11,"9032"
"9305","    11 ","03/07/1974",3.5,1.4,19,11,"9032"
"9306","    11 ","04/07/1974",3.8,2.1,20,11,"9032"
"9307","    12 ","05/07/1974",29.1,3.4,17,12,"9032"
"9308","   12 ","06/07/1974",17.8,2.1,15.5,12,"9032"
"9309","   11.5 ","07/07/1974",0,2.5,19.5,11.5,"9032"
"9310","    11 ","08/07/1974",4.7,2.7,20,11,"9032"
"9311","    9 ","09/07/1974",9.6,5.8,19,9,"9032"
"9312","    13 ","10/07/1974",0,3,20,13,"9032"
"9313","    9 ","11/07/1974",0,3.5,21,9,"9032"
"9314","    10.5 ","12/07/1974",2.1,2.3,21,10.5,"9032"
"9315","    10.5 ","13/07/1974",0,2.2,21,10.5,"9032"
"9316","    7 ","14/07/1974",0,2.5,21,7,"9032"
"9317","    10 ","15/07/1974",0,4.1,21,10,"9032"
"9318","    8.5 ","16/07/1974",6.1,4.4,21,8.5,"9032"
"9319","    10.5 ","17/07/1974",23.6,3.2,21,10.5,"9032"
"9320","    10 ","18/07/1974",0,3.2,21,10,"9032"
"9321","    9 ","19/07/1974",3,4.6,21,9,"9032"
"9322","    10 ","20/07/1974",0,5.2,22,10,"9032"
"9323","    11.5 ","21/07/1974",2.7,3.2,22,11.5,"9032"
"9324","    10 ","22/07/1974",0,6.8,24,10,"9032"
"9325","   10 ","23/07/1974",12,6.8,23.5,10,"9032"
"9326","   12 ","24/07/1974",2.6,4.3,22.5,12,"9032"
"9327","   12 ","25/07/1974",3.6,3.1,21.5,12,"9032"
"9328","    11.5 ","26/07/1974",6.1,3.6,23,11.5,"9032"
"9329","    10 ","27/07/1974",0,4.5,24,10,"9032"
"9330","    11 ","28/07/1974",0,5.5,23,11,"9032"
"9331","    10 ","29/07/1974",0,4.2,24,10,"9032"
"9332","    11 ","30/07/1974",2,1.4,20,11,"9032"
"9333","    11.5 ","31/07/1974",0,4.7,22,11.5,"9032"
"9334","    9 ","01/08/1974",10.5,5.9,23,9,"9032"
"9335","    9 ","02/08/1974",0,4,22,9,"9032"
"9336","    11 ","03/08/1974",2,2.1,20,11,"9032"
"9337","    11.5 ","04/08/1974",2,2,20,11.5,"9032"
"9338","    11.5 ","05/08/1974",0.6,2.1,23,11.5,"9032"
"9339","   12 ","06/08/1974",0,1,23.5,12,"9032"
"9340","   11 ","07/08/1974",0,3.6,22.5,11,"9032"
"9341","    11 ","08/08/1974",0,2.1,23,11,"9032"
"9342","    13 ","09/08/1974",8.5,2.9,22,13,"9032"
"9343","   9 ","10/08/1974",0,5,23.5,9,"9032"
"9344","    10 ","11/08/1974",0.6,4.7,24,10,"9032"
"9345","   11.5 ","12/08/1974",0.4,3.2,22.5,11.5,"9032"
"9346","    12 ","13/08/1974",0.8,2.5,22,12,"9032"
"9347","    10 ","14/08/1974",9.8,8,23,10,"9032"
"9348","   11 ","15/08/1974",0,3,22.5,11,"9032"
"9349","    11 ","16/08/1974",10.5,6.7,22,11,"9032"
"9350","    10.5 ","17/08/1974",10.2,2.1,20,10.5,"9032"
"9351","    10.5 ","18/08/1974",0,3.5,22,10.5,"9032"
"9352","    10.5 ","19/08/1974",0,5.6,23,10.5,"9032"
"9353","    10 ","20/08/1974",0,5.1,23,10,"9032"
"9354","    10 ","21/08/1974",0,4.8,23,10,"9032"
"9355","    11 ","22/08/1974",14.5,4.9,23,11,"9032"
"9356","    9 ","23/08/1974",1.3,4.6,22,9,"9032"
"9357","    9 ","24/08/1974",0,4.2,22,9,"9032"
"9358","    10 ","25/08/1974",0.2,2.8,20,10,"9032"
"9359","    11 ","26/08/1974",1,1.5,21,11,"9032"
"9360","    10 ","27/08/1974",3.4,3.6,24,10,"9032"
"9361","   12 ","28/08/1974",25.6,8.1,23.5,12,"9032"
"9362","    11.5 ","29/08/1974",3.1,4.1,24,11.5,"9032"
"9363","    11.5 ","30/08/1974",0,6,23,11.5,"9032"
"9364","    10 ","31/08/1974",0,5,22,10,"9032"
"9365","    10 ","01/09/1974",0.5,5.1,23,10,"9032"
"9366","    9.5 ","02/09/1974",0,5.9,24,9.5,"9032"
"9367","   9 ","03/09/1974",0,6.2,23.5,9,"9032"
"9368","    12 ","04/09/1974",2.5,4.3,21,12,"9032"
"9369","    12 ","05/09/1974",0,4.2,21,12,"9032"
"9370","    9.5 ","06/09/1974",0,6.7,23,9.5,"9032"
"9371","    8 ","07/09/1974",0,6.7,23,8,"9032"
"9372","    6 ","08/09/1974",0,6.7,23,6,"9032"
"9373","    7 ","09/09/1974",5.5,6.5,23,7,"9032"
"9374","    9.5 ","10/09/1974",29,1.6,15,9.5,"9032"
"9375","    10.5 ","11/09/1974",0,3.8,22,10.5,"9032"
"9376","    12 ","12/09/1974",0,4.2,24,12,"9032"
"9377","    11 ","13/09/1974",0,4.5,24,11,"9032"
"9378","    11.5 ","14/09/1974",0.6,3.3,23,11.5,"9032"
"9379","    12 ","15/09/1974",0.6,1.9,19,12,"9032"
"9380","    12 ","16/09/1974",4.5,4.1,22,12,"9032"
"9381","    10 ","17/09/1974",0.6,2.8,22,10,"9032"
"9382","    10 ","18/09/1974",0,3.4,22,10,"9032"
"9383","   12 ","19/09/1974",0,5.6,22.5,12,"9032"
"9384","    12 ","20/09/1974",8.7,2.3,18,12,"9032"
"9385","    12 ","21/09/1974",7.3,0.7,16,12,"9032"
"9386","   12.5 ","22/09/1974",5.9,1.8,19.5,12.5,"9032"
"9387","    12.5 ","23/09/1974",1,3,21,12.5,"9032"
"9388","    12.5 ","24/09/1974",0,4.2,23,12.5,"9032"
"9389","    11 ","25/09/1974",0,3.9,23,11,"9032"
"9390","    12.5 ","26/09/1974",2,3.1,24,12.5,"9032"
"9391","    12 ","27/09/1974",0.2,4.4,24,12,"9032"
"9392","    11 ","28/09/1974",1.8,1.9,24,11,"9032"
"9393","    12 ","29/09/1974",0,5,22,12,"9032"
"9394","    12.5 ","30/09/1974",0,2.3,17,12.5,"9032"
"9395","   10 ","01/10/1974",0,1.2,14.5,10,"9032"
"9396","    9.5 ","02/10/1974",0,2.7,16,9.5,"9032"
"9397","   9.5 ","03/10/1974",0,2.7,16.5,9.5,"9032"
"9398","    7 ","04/10/1974",0,3.5,21,7,"9032"
"9399","    9 ","05/10/1974",0,4.5,23,9,"9032"
"9400","    10 ","06/10/1974",0,4.8,23,10,"9032"
"9401","   8.5 ","07/10/1974",0,4.3,18.5,8.5,"9032"
"9402","    9.5 ","08/10/1974",0,3,19,9.5,"9032"
"9403","    5.5 ","09/10/1974",0,4.5,20,5.5,"9032"
"9404","    7 ","10/10/1974",0,4.9,21,7,"9032"
"9405","   8.5 ","11/10/1974",0,2.2,21.5,8.5,"9032"
"9406","    8 ","12/10/1974",0,4.2,23,8,"9032"
"9407","   11 ","13/10/1974",0,3.3,22.5,11,"9032"
"9408","    10 ","14/10/1974",0,4.6,23,10,"9032"
"9409","    10 ","15/10/1974",0,4.2,22,10,"9032"
"9410","    10 ","16/10/1974",0.1,1.2,22,10,"9032"
"9411","    9.5 ","17/10/1974",9,1.9,18,9.5,"9032"
"9412","    9 ","18/10/1974",0,1.4,19,9,"9032"
"9413","    10.5 ","19/10/1974",8,3.3,20,10.5,"9032"
"9414","    8 ","20/10/1974",0,2.5,19,8,"9032"
"9415","    8.5 ","21/10/1974",0,3.6,19,8.5,"9032"
"9416","    9.5 ","22/10/1974",0,4,21,9.5,"9032"
"9417","   10 ","23/10/1974",0,3.7,20.5,10,"9032"
"9418","    11 ","24/10/1974",0,2.6,19,11,"9032"
"9419","    7 ","25/10/1974",0,4.7,22,7,"9032"
"9420","   9.5 ","26/10/1974",0,3.9,20.5,9.5,"9032"
"9421","    10.5 ","27/10/1974",0,4,23,10.5,"9032"
"9422","    10 ","28/10/1974",0,3.1,22,10,"9032"
"9423","    9 ","29/10/1974",0,4,23,9,"9032"
"9424","    9.5 ","30/10/1974",1.9,3.6,23,9.5,"9032"
"9425","    10 ","31/10/1974",0,4.6,23,10,"9032"
"9426","    9.5 ","01/11/1974",0,4.2,23,9.5,"9032"
"9427","    9 ","02/11/1974",0,4.6,23,9,"9032"
"9428","    9 ","03/11/1974",0,5.3,23,9,"9032"
"9429","    9.5 ","04/11/1974",0,5.2,24,9.5,"9032"
"9430","   10 ","05/11/1974",0,4,22.5,10,"9032"
"9431","    9 ","06/11/1974",0,3.6,23,9,"9032"
"9432","   10 ","07/11/1974",0,4.6,22.5,10,"9032"
"9433","    8.5 ","08/11/1974",0.2,2.8,21,8.5,"9032"
"9434","    9.5 ","09/11/1974",0,3.4,21,9.5,"9032"
"9435","   9.5 ","10/11/1974",0,4.5,22.5,9.5,"9032"
"9436","    9 ","11/11/1974",0,2.9,17,9,"9032"
"9437","   6.5 ","12/11/1974",0,2,11.5,6.5,"9032"
"9438","   4.5 ","13/11/1974",0,2.8,17.5,4.5,"9032"
"9439","    7 ","14/11/1974",0,2.1,17,7,"9032"
"9440","   4.5 ","15/11/1974",0,2.6,19.5,4.5,"9032"
"9441","    6.5 ","16/11/1974",0,4.1,22,6.5,"9032"
"9442","    7 ","17/11/1974",0,5.1,23,7,"9032"
"9443","   8 ","18/11/1974",0,2.6,22.5,8,"9032"
"9444","    9 ","19/11/1974",0,4.3,23,9,"9032"
"9445","    8.5 ","20/11/1974",0,5,23,8.5,"9032"
"9446","    10 ","21/11/1974",5.8,2.2,20,10,"9032"
"9447","   8 ","22/11/1974",0,3.4,21.5,8,"9032"
"9448","    8 ","23/11/1974",0,4,21,8,"9032"
"9449","    8 ","24/11/1974",0,2.8,20,8,"9032"
"9450","    6 ","25/11/1974",0,1.1,18,6,"9032"
"9451","    2 ","26/11/1974",0,3.8,19,2,"9032"
"9452","   1 ","27/11/1974",0,3.4,19.5,1,"9032"
"9453","    2.5 ","28/11/1974",0,3.7,21,2.5,"9032"
"9454","    4.5 ","29/11/1974",0,3.9,22,4.5,"9032"
"9455","    7 ","30/11/1974",0,4.2,24,7,"9032"
"9456","    8 ","01/12/1974",0,5.2,24,8,"9032"
"9457","    7.5 ","02/12/1974",0,3.4,21,7.5,"9032"
"9458","    8 ","03/12/1974",0,2.1,20,8,"9032"
"9459","    7 ","04/12/1974",0,3.9,23,7,"9032"
"9460","    7 ","05/12/1974",0,2.7,21,7,"9032"
"9461","    8 ","06/12/1974",0,4,23,8,"9032"
"9462","    8 ","07/12/1974",0,4.7,24,8,"9032"
"9463","   7 ","08/12/1974",0,3.6,22.5,7,"9032"
"9464","    7 ","09/12/1974",0,2.9,21,7,"9032"
"9465","   6.5 ","10/12/1974",0,3.2,20.5,6.5,"9032"
"9466","    6.5 ","11/12/1974",0,4.2,24,6.5,"9032"
"9467","    8.5 ","12/12/1974",0,3.2,22,8.5,"9032"
"9468","    6.5 ","13/12/1974",0,3.8,22,6.5,"9032"
"9469","    6.5 ","14/12/1974",0,7.6,24,6.5,"9032"
"9470","    7.5 ","15/12/1974",0,5.4,24,7.5,"9032"
"9471","   7 ","16/12/1974",0,4,22.5,7,"9032"
"9472","    8 ","17/12/1974",0,4,21,8,"9032"
"9473","    6 ","18/12/1974",0,3.7,21,6,"9032"
"9474","    7 ","19/12/1974",0,4,22,7,"9032"
"9475","    8 ","20/12/1974",0,2.3,18,8,"9032"
"9476","   8.5 ","21/12/1974",0,1.4,14.5,8.5,"9032"
"9477","    6 ","22/12/1974",0,4.2,23,6,"9032"
"9478","    6.5 ","23/12/1974",0,3.9,22,6.5,"9032"
"9479","    7 ","24/12/1974",0,3.9,22,7,"9032"
"9480","    8 ","25/12/1974",0,4.1,24,8,"9032"
"9481","    8 ","26/12/1974",0,4.1,23,8,"9032"
"9482","   8 ","27/12/1974",0,2.9,21.5,8,"9032"
"9483","    7.5 ","28/12/1974",0,4.7,24,7.5,"9032"
"9484","    7 ","29/12/1974",0,3,25,7,"9032"
"9485","   7.5 ","30/12/1974",0,8.4,25.5,7.5,"9032"
"9486","   6 ","31/12/1974",0,4.8,24.5,6,"9032"
"9487","    5 ","01/01/1975",0,3.4,21,5,"9032"
"9488","   4 ","02/01/1975",0,3.5,21.5,4,"9032"
"9489","    6 ","03/01/1975",0,4.8,21,6,"9032"
"9490","    6 ","04/01/1975",0,3.5,21,6,"9032"
"9491","    6 ","05/01/1975",0,3.3,19,6,"9032"
"9492","   6.5 ","06/01/1975",0,3.3,19.5,6.5,"9032"
"9493","    7.5 ","07/01/1975",0,2.6,18,7.5,"9032"
"9494","    9 ","08/01/1975",0,2.7,20,9,"9032"
"9495","   8 ","09/01/1975",0,3.5,20.5,8,"9032"
"9496","    8 ","10/01/1975",0,4,21,8,"9032"
"9497","    6.5 ","11/01/1975",0,3.6,21,6.5,"9032"
"9498","    7 ","12/01/1975",0,3.3,20,7,"9032"
"9499","    5 ","13/01/1975",0,4,19,5,"9032"
"9500","    2.5 ","14/01/1975",0,4.4,20,2.5,"9032"
"9501","   2 ","15/01/1975",0,4.4,19.5,2,"9032"
"9502","    3 ","16/01/1975",0,3.4,19,3,"9032"
"9503","   2 ","17/01/1975",0,3,18.6,2,"9032"
"9504","   4 ","18/01/1975",1.2,0.5,16.5,4,"9032"
"9505","    7 ","19/01/1975",0,2.7,21,7,"9032"
"9506","   8 ","20/01/1975",11.8,1.3,11.5,8,"9032"
"9507","    6 ","21/01/1975",13.3,2.8,16,6,"9032"
"9508","    6 ","22/01/1975",2,0.9,14,6,"9032"
"9509","    6 ","23/01/1975",0,1.9,18,6,"9032"
"9510","   7 ","24/01/1975",0,2.2,18.5,7,"9032"
"9511","   7.5 ","25/01/1975",0,3.4,20.5,7.5,"9032"
"9512","   7 ","26/01/1975",0,4.6,21.5,7,"9032"
"9513","    7 ","27/01/1975",0,3.2,21,7,"9032"
"9514","    7 ","28/01/1975",0,4.3,22,7,"9032"
"9515","    8 ","29/01/1975",0,3.6,23,8,"9032"
"9516","    8 ","30/01/1975",0.5,3.6,23,8,"9032"
"9517","   8 ","31/01/1975",0.4,2.4,19.5,8,"9032"
"9518","    8 ","01/02/1975",0.2,2.9,22,8,"9032"
"9519","   8 ","02/02/1975",3.2,3.2,20.5,8,"9032"
"9520","   8 ","03/02/1975",0,3.8,21.5,8,"9032"
"9521","    9 ","04/02/1975",0.9,2.6,23,9,"9032"
"9522","    8.5 ","05/02/1975",0,3.7,20,8.5,"9032"
"9523","   8 ","06/02/1975",0,4.5,22.5,8,"9032"
"9524","   8 ","07/02/1975",0,4.1,20.5,8,"9032"
"9525","    9 ","08/02/1975",0,5.4,21,9,"9032"
"9526","    7 ","09/02/1975",0,4.8,22,7,"9032"
"9527","   7 ","10/02/1975",0,6.2,22.5,7,"9032"
"9528","    6 ","11/02/1975",0,5.9,22,6,"9032"
"9529","    6 ","12/02/1975",0,4.8,24,6,"9032"
"9530","    3.5 ","13/02/1975",0,3.6,22,3.5,"9032"
"9531","   5.5 ","14/02/1975",0,5.8,22.5,5.5,"9032"
"9532","    7 ","15/02/1975",0,4.8,21,7,"9032"
"9533","    8.5 ","16/02/1975",0,6.6,24,8.5,"9032"
"9534","   8 ","17/02/1975",0,6.1,24.5,8,"9032"
"9535","   9 ","18/02/1975",0,6.3,26.5,9,"9032"
"9536","    10 ","19/02/1975",0,8.2,25,10,"9032"
"9537","    8.5 ","20/02/1975",0,7.1,23,8.5,"9032"
"9538","    9 ","21/02/1975",0,6.7,20,9,"9032"
"9539","    7.5 ","22/02/1975",0,5.8,24,7.5,"9032"
"9540","   8 ","23/02/1975",0,7.5,23.5,8,"9032"
"9541","   5 ","24/02/1975",0,5.2,20.5,5,"9032"
"9542","    5.5 ","25/02/1975",0,5.5,23,5.5,"9032"
"9543","    8 ","26/02/1975",0,6.4,22,8,"9032"
"9544","   9.5 ","27/02/1975",0,4.3,21.5,9.5,"9032"
"9545","    9.5 ","28/02/1975",0,5.1,23,9.5,"9032"
"9546","    8 ","01/03/1975",0,6.3,23,8,"9032"
"9547","    8.5 ","02/03/1975",0,5.9,25,8.5,"9032"
"9548","    9.5 ","03/03/1975",0,5.8,24,9.5,"9032"
"9549","    8.5 ","04/03/1975",0,5.4,23,8.5,"9032"
"9550","    8 ","05/03/1975",0,6,24,8,"9032"
"9551","    9.5 ","06/03/1975",0,5.8,23,9.5,"9032"
"9552","    9.5 ","07/03/1975",0,8.7,25,9.5,"9032"
"9553","    7 ","08/03/1975",0,5.8,24,7,"9032"
"9554","    7 ","09/03/1975",0,7.7,24,7,"9032"
"9555","    8 ","10/03/1975",0,6.7,27,8,"9032"
"9556","    11 ","11/03/1975",0,7.3,24,11,"9032"
"9557","    10 ","12/03/1975",0,8.4,26,10,"9032"
"9558","    9 ","13/03/1975",0,6.3,25,9,"9032"
"9559","   9.5 ","14/03/1975",0,8.6,26.5,9.5,"9032"
"9560","   10 ","15/03/1975",0,8,28.5,10,"9032"
"9561","    12 ","16/03/1975",0,6.5,28,12,"9032"
"9562","    11 ","17/03/1975",0,8.9,26,11,"9032"
"9563","    9.5 ","18/03/1975",0,6.8,27,9.5,"9032"
"9564","    10.5 ","19/03/1975",0,7.8,25,10.5,"9032"
"9565","    10 ","20/03/1975",0,4.1,26,10,"9032"
"9566","    10 ","21/03/1975",0,6.6,27,10,"9032"
"9567","    12 ","22/03/1975",0,3.6,28,12,"9032"
"9568","    10 ","23/03/1975",0,5.4,28,10,"9032"
"9569","    10 ","24/03/1975",0,6.9,27,10,"9032"
"9570","    11 ","25/03/1975",0,3.5,26,11,"9032"
"9571","   11 ","26/03/1975",0,5.1,26.5,11,"9032"
"9572","   12.5 ","27/03/1975",0,8.7,25.5,12.5,"9032"
"9573","    10.5 ","28/03/1975",0,8,29,10.5,"9032"
"9574","   11 ","29/03/1975",0,9.4,29.5,11,"9032"
"9575","    12 ","30/03/1975",0,7.1,27,12,"9032"
"9576","    12.5 ","31/03/1975",0,8.2,26,12.5,"9032"
"9577","    12 ","01/04/1975",0,8.7,29,12,"9032"
"9578","   13 ","02/04/1975",0,8.4,28.5,13,"9032"
"9579","    11 ","03/04/1975",0,6,25,11,"9032"
"9580","    11 ","04/04/1975",0,6.7,28,11,"9032"
"9581","    12 ","05/04/1975",0,9.4,28,12,"9032"
"9582","    13 ","06/04/1975",21.2,7.5,26,13,"9032"
"9583","   11.5 ","07/04/1975",0,6.9,26.5,11.5,"9032"
"9584","    12.5 ","08/04/1975",0,8.8,26,12.5,"9032"
"9585","    12 ","09/04/1975",0,8.5,25,12,"9032"
"9586","    12 ","10/04/1975",0,9.2,26,12,"9032"
"9587","    11 ","11/04/1975",0,9.3,28,11,"9032"
"9588","    12 ","12/04/1975",0,7.5,28,12,"9032"
"9589","    13.5 ","13/04/1975",0,8.9,27,13.5,"9032"
"9590","    12 ","14/04/1975",0,8.7,28,12,"9032"
"9591","    13 ","15/04/1975",0,6.2,26,13,"9032"
"9592","    10 ","16/04/1975",0,9.6,29,10,"9032"
"9593","    13 ","17/04/1975",0,9.5,29,13,"9032"
"9594","    13 ","18/04/1975",0,9.5,29,13,"9032"
"9595","    14 ","19/04/1975",0,7.6,28,14,"9032"
"9596","    10.5 ","20/04/1975",0,7,28,10.5,"9032"
"9597","    11 ","21/04/1975",0,4.4,26,11,"9032"
"9598","   10 ","22/04/1975",0,6.5,25.5,10,"9032"
"9599","    10.5 ","23/04/1975",0,7.4,27,10.5,"9032"
"9600","   11 ","24/04/1975",0,8.2,28.5,11,"9032"
"9601","    12 ","25/04/1975",0,7.6,29,12,"9032"
"9602","    13 ","26/04/1975",0,6.3,26,13,"9032"
"9603","    13 ","27/04/1975",0,4,26,13,"9032"
"9604","    13 ","28/04/1975",0,7.6,27,13,"9032"
"9605","   13 ","29/04/1975",0,6.9,26.5,13,"9032"
"9606","    12 ","30/04/1975",0,7,26,12,"9032"
"9607","    12 ","01/05/1975",7,6.8,26,12,"9032"
"9608","    13 ","02/05/1975",0,5.1,26,13,"9032"
"9609","    13 ","03/05/1975",0,7.4,27,13,"9032"
"9610","    13 ","04/05/1975",3.5,5.4,27,13,"9032"
"9611","   13 ","05/05/1975",0,6.3,27.5,13,"9032"
"9612","   13 ","06/05/1975",0,6.6,28.5,13,"9032"
"9613","    13.5 ","07/05/1975",0,8.2,30,13.5,"9032"
"9614","    13.5 ","08/05/1975",0,7,29,13.5,"9032"
"9615","    13 ","09/05/1975",0,6.5,27,13,"9032"
"9616","    13.5 ","10/05/1975",0.2,7.2,26,13.5,"9032"
"9617","    12.5 ","11/05/1975",2.5,1.3,20,12.5,"9032"
"9618","    11 ","12/05/1975",0.1,2.4,26,11,"9032"
"9619","   10 ","13/05/1975",0,6.2,22.5,10,"9032"
"9620","   11 ","14/05/1975",0,4.2,21.5,11,"9032"
"9621","    10.5 ","15/05/1975",0.3,1.9,25,10.5,"9032"
"9622","    10 ","16/05/1975",7.3,11.3,25,10,"9032"
"9623","    10 ","17/05/1975",0,4.9,25,10,"9032"
"9624","    10.5 ","18/05/1975",7,7,24,10.5,"9032"
"9625","   12 ","19/05/1975",5.5,5,24.5,12,"9032"
"9626","    12 ","20/05/1975",11.2,3,20,12,"9032"
"9627","    12 ","21/05/1975",0.2,3.7,22,12,"9032"
"9628","    11.5 ","22/05/1975",0.7,4.5,26,11.5,"9032"
"9629","   12.5 ","23/05/1975",0,4.7,22.5,12.5,"9032"
"9630","    12.5 ","24/05/1975",13.2,5.8,24,12.5,"9032"
"9631","    12 ","25/05/1975",2.6,3.3,26,12,"9032"
"9632","    12 ","26/05/1975",3.5,4,22,12,"9032"
"9633","   11 ","27/05/1975",1,2.9,22.5,11,"9032"
"9634","   12 ","28/05/1975",5.9,4.3,20.5,12,"9032"
"9635","    13 ","29/05/1975",5.1,4.3,23,13,"9032"
"9636","    12 ","30/05/1975",5,2.9,23,12,"9032"
"9637","   12 ","31/05/1975",19.8,3.1,20.5,12,"9032"
"9638","    12 ","01/06/1975",0.6,4,20,12,"9032"
"9639","   12 ","02/06/1975",0,1.4,15.5,12,"9032"
"9640","   11.5 ","03/06/1975",0.2,1.3,18.5,11.5,"9032"
"9641","    12 ","04/06/1975",0,5.6,21,12,"9032"
"9642","   14 ","05/06/1975",0,5.5,25.5,14,"9032"
"9643","   12 ","06/06/1975",8.3,5.3,25.5,12,"9032"
"9644","    12 ","07/06/1975",22.8,7.1,25,12,"9032"
"9645","    12 ","08/06/1975",17.5,7.7,25,12,"9032"
"9646","   12 ","09/06/1975",0.9,4.8,24.5,12,"9032"
"9647","    11.5 ","10/06/1975",3.4,5,24,11.5,"9032"
"9648","    12 ","11/06/1975",5.6,4.6,24,12,"9032"
"9649","   13 ","12/06/1975",2,3.1,20.5,13,"9032"
"9650","    13 ","13/06/1975",0,3.3,23,13,"9032"
"9651","    12 ","14/06/1975",5.5,6.4,24,12,"9032"
"9652","    11.5 ","15/06/1975",0.1,6.3,24,11.5,"9032"
"9653","    12 ","16/06/1975",0,4.6,24,12,"9032"
"9654","   12 ","17/06/1975",0,5.5,23.5,12,"9032"
"9655","    12 ","18/06/1975",5,5.8,24,12,"9032"
"9656","    11.5 ","19/06/1975",0,5.5,24,11.5,"9032"
"9657","   12 ","20/06/1975",16.5,2.9,20.5,12,"9032"
"9658","   11 ","21/06/1975",0.5,2.8,21.5,11,"9032"
"9659","    11.5 ","22/06/1975",3.7,1.7,18,11.5,"9032"
"9660","    12 ","23/06/1975",3.1,2.6,20,12,"9032"
"9661","   11 ","24/06/1975",2.5,3.8,21.5,11,"9032"
"9662","    10.5 ","25/06/1975",12.5,4.5,22,10.5,"9032"
"9663","    11 ","26/06/1975",0,6,23,11,"9032"
"9664","    12 ","27/06/1975",0,2.4,19,12,"9032"
"9665","   11 ","28/06/1975",0.4,4.1,22.5,11,"9032"
"9666","    10 ","29/06/1975",7.1,6.3,23,10,"9032"
"9667","    10.5 ","30/06/1975",0,4.8,22,10.5,"9032"
"9668","   10 ","01/07/1975",0,5.2,21.5,10,"9032"
"9669","    12 ","02/07/1975",3,3.3,20,12,"9032"
"9670","   11.5 ","03/07/1975",15.1,3.4,19.5,11.5,"9032"
"9671","   10 ","04/07/1975",8,4.6,20.5,10,"9032"
"9672","   9.5 ","05/07/1975",4.5,2.5,20.5,9.5,"9032"
"9673","    9 ","06/07/1975",0,5.1,22,9,"9032"
"9674","    9 ","07/07/1975",1,5,22,9,"9032"
"9675","    9 ","08/07/1975",2.5,1.3,21,9,"9032"
"9676","    11 ","09/07/1975",0.4,1.6,19,11,"9032"
"9677","   11 ","10/07/1975",0,4.6,21.5,11,"9032"
"9678","    12 ","11/07/1975",8.1,4.6,22,12,"9032"
"9679","    11 ","12/07/1975",0.3,3.7,25,11,"9032"
"9680","    12 ","13/07/1975",0,7.5,24,12,"9032"
"9681","    11.5 ","14/07/1975",2.8,5.6,24,11.5,"9032"
"9682","    11.5 ","15/07/1975",0,4.9,22,11.5,"9032"
"9683","   11.5 ","16/07/1975",4.8,4.2,22.5,11.5,"9032"
"9684","   11 ","17/07/1975",4,3.9,21.5,11,"9032"
"9685","    8.5 ","18/07/1975",0.5,3.6,21,8.5,"9032"
"9686","    9.5 ","19/07/1975",19.4,7.1,19,9.5,"9032"
"9687","    9 ","20/07/1975",1.5,4.5,23,9,"9032"
"9688","    10 ","21/07/1975",3.5,1,22,10,"9032"
"9689","   10 ","22/07/1975",0,2.2,22.5,10,"9032"
"9690","    12 ","23/07/1975",0,4.5,23,12,"9032"
"9691","    10 ","24/07/1975",3.8,5.8,23,10,"9032"
"9692","    11.5 ","25/07/1975",9.3,4.8,21,11.5,"9032"
"9693","    10 ","26/07/1975",1.8,2,20,10,"9032"
"9694","    11 ","27/07/1975",0.3,1.7,20,11,"9032"
"9695","    9 ","28/07/1975",0,5.2,23,9,"9032"
"9696","    12.5 ","29/07/1975",1.5,3.7,21,12.5,"9032"
"9697","   11 ","30/07/1975",3,3.9,21.5,11,"9032"
"9698","    10 ","31/07/1975",0,4.6,23,10,"9032"
"9699","    10 ","01/08/1975",0,4.8,24,10,"9032"
"9700","    12 ","02/08/1975",0,5.4,24,12,"9032"
"9701","    11.5 ","03/08/1975",26.5,6.7,24,11.5,"9032"
"9702","   11.5 ","04/08/1975",14.3,5.1,22.5,11.5,"9032"
"9703","    11 ","05/08/1975",10.5,3.2,19,11,"9032"
"9704","    11 ","06/08/1975",6,2.4,21,11,"9032"
"9705","    11.5 ","07/08/1975",0,5.1,22,11.5,"9032"
"9706","    10 ","08/08/1975",0.1,3,23,10,"9032"
"9707","   10 ","09/08/1975",2.4,4.5,22.5,10,"9032"
"9708","    12 ","10/08/1975",1.1,3.1,22,12,"9032"
"9709","   13 ","11/08/1975",0,3.1,21.5,13,"9032"
"9710","   10.5 ","12/08/1975",0.3,3.9,23.5,10.5,"9032"
"9711","   10.5 ","13/08/1975",9.5,4.6,23.5,10.5,"9032"
"9712","    10 ","14/08/1975",5.5,4.6,24,10,"9032"
"9713","    11 ","15/08/1975",0,4.6,22,11,"9032"
"9714","    9.5 ","16/08/1975",0,3.3,21,9.5,"9032"
"9715","    10 ","17/08/1975",1.8,1.4,21,10,"9032"
"9716","    10 ","18/08/1975",0,2.2,20,10,"9032"
"9717","   10 ","19/08/1975",9.8,1.6,21.5,10,"9032"
"9718","    10 ","20/08/1975",0,1.6,22,10,"9032"
"9719","    10 ","21/08/1975",0,2.1,21,10,"9032"
"9720","    12 ","22/08/1975",10,5.7,23,12,"9032"
"9721","    10 ","23/08/1975",0,5.1,22,10,"9032"
"9722","    11 ","24/08/1975",14,7.6,21,11,"9032"
"9723","   15 ","25/08/1975",0.2,2.2,20.5,15,"9032"
"9724","   11.5 ","26/08/1975",2.2,3.4,21.5,11.5,"9032"
"9725","   11 ","27/08/1975",0,4.7,22.5,11,"9032"
"9726","    11.5 ","28/08/1975",0.2,3.9,23,11.5,"9032"
"9727","   12 ","29/08/1975",1.6,2.7,20.5,12,"9032"
"9728","    12 ","30/08/1975",0.3,3.6,22,12,"9032"
"9729","    11 ","31/08/1975",1.4,2.5,21,11,"9032"
"9730","    10 ","01/09/1975",0.1,3.1,21,10,"9032"
"9731","    10.5 ","02/09/1975",1,1.8,20,10.5,"9032"
"9732","    12 ","03/09/1975",6.8,3.1,21,12,"9032"
"9733","    12 ","04/09/1975",0,2.2,21,12,"9032"
"9734","   10 ","05/09/1975",2.1,3.1,22.5,10,"9032"
"9735","   10.5 ","06/09/1975",0,2.5,21.5,10.5,"9032"
"9736","   11.5 ","07/09/1975",1,2.1,20.5,11.5,"9032"
"9737","    12 ","08/09/1975",3.1,1.8,20,12,"9032"
"9738","   12.5 ","09/09/1975",8.7,1.1,18.5,12.5,"9032"
"9739","    12.5 ","10/09/1975",0.6,1.1,20,12.5,"9032"
"9740","    12.5 ","11/09/1975",3,2.1,21,12.5,"9032"
"9741","    13 ","12/09/1975",14.3,2.4,20,13,"9032"
"9742","    12 ","13/09/1975",1.6,1.6,20,12,"9032"
"9743","    10 ","14/09/1975",0,2.7,20,10,"9032"
"9744","    10 ","15/09/1975",5.5,2.8,22,10,"9032"
"9745","   11.5 ","16/09/1975",0.2,1.7,19.5,11.5,"9032"
"9746","    10 ","17/09/1975",13.6,4.6,21,10,"9032"
"9747","    10.5 ","18/09/1975",5,3.5,23,10.5,"9032"
"9748","   10 ","19/09/1975",0,5.7,24.5,10,"9032"
"9749","   9 ","20/09/1975",0,4.3,21.5,9,"9032"
"9750","    9 ","21/09/1975",0,4.2,21,9,"9032"
"9751","    11.5 ","22/09/1975",0,3.2,20,11.5,"9032"
"9752","    10.5 ","23/09/1975",0,3.9,20,10.5,"9032"
"9753","    8 ","24/09/1975",0,5.3,20,8,"9032"
"9754","   4 ","25/09/1975",0,4.1,19.5,4,"9032"
"9755","    4.5 ","26/09/1975",0,4.6,22,4.5,"9032"
"9756","   5.5 ","27/09/1975",0,5.7,22.5,5.5,"9032"
"9757","   7 ","28/09/1975",0,6,22.5,7,"9032"
"9758","    7 ","29/09/1975",0,5.2,23,7,"9032"
"9759","    7 ","30/09/1975",0,4.7,24,7,"9032"
"9760","   9 ","01/10/1975",0,5.2,24.5,9,"9032"
"9761","    10 ","02/10/1975",0,2.4,17,10,"9032"
"9762","   9.5 ","03/10/1975",0,1.7,13.5,9.5,"9032"
"9763","   10 ","04/10/1975",0.2,1.2,15.5,10,"9032"
"9764","    9.5 ","05/10/1975",3.8,3.3,21,9.5,"9032"
"9765","   10 ","06/10/1975",1,1.5,17.5,10,"9032"
"9766","    10 ","07/10/1975",0,2.5,21,10,"9032"
"9767","    10.5 ","08/10/1975",0.2,3.5,22,10.5,"9032"
"9768","   12 ","09/10/1975",0,2.6,18.5,12,"9032"
"9769","    11 ","10/10/1975",0,1.5,17,11,"9032"
"9770","    11 ","11/10/1975",8.3,2.3,18,11,"9032"
"9771","    9.5 ","12/10/1975",0.4,2.1,17,9.5,"9032"
"9772","    9.5 ","13/10/1975",5,2.2,19,9.5,"9032"
"9773","   10.5 ","14/10/1975",0,3.9,22.5,10.5,"9032"
"9774","    9.5 ","15/10/1975",0,4.1,22,9.5,"9032"
"9775","    11.5 ","16/10/1975",0,4,23,11.5,"9032"
"9776","   11.5 ","17/10/1975",10.3,3.1,21.5,11.5,"9032"
"9777","   10.5 ","18/10/1975",0,3.8,19.5,10.5,"9032"
"9778","    9 ","19/10/1975",0,4.2,22,9,"9032"
"9779","    6 ","20/10/1975",0,5.4,20,6,"9032"
"9780","    5.5 ","21/10/1975",0,5.9,25,5.5,"9032"
"9781","    6.5 ","22/10/1975",0,5.7,25,6.5,"9032"
"9782","    9 ","23/10/1975",0,5.8,25,9,"9032"
"9783","   9.5 ","24/10/1975",0,4.7,23.5,9.5,"9032"
"9784","    10 ","25/10/1975",0,5.2,26,10,"9032"
"9785","    10.5 ","26/10/1975",0,3.2,20,10.5,"9032"
"9786","    12 ","27/10/1975",0,3.7,23,12,"9032"
"9787","   10.5 ","28/10/1975",0,5.4,22.5,10.5,"9032"
"9788","   8.5 ","29/10/1975",0.3,3.3,19.5,8.5,"9032"
"9789","   9 ","30/10/1975",0,5.2,18.5,9,"9032"
"9790","    9.5 ","31/10/1975",0,3.7,22,9.5,"9032"
"9791","    8 ","01/11/1975",0,3.8,22,8,"9032"
"9792","    8 ","02/11/1975",0,4.7,22,8,"9032"
"9793","   11 ","03/11/1975",0,4.1,21.5,11,"9032"
"9794","    10 ","04/11/1975",0,4.7,21,10,"9032"
"9795","   10.5 ","05/11/1975",0.2,3.7,21.5,10.5,"9032"
"9796","   11 ","06/11/1975",0,4.9,22.5,11,"9032"
"9797","    9.5 ","07/11/1975",0,5.3,22,9.5,"9032"
"9798","    8.5 ","08/11/1975",0,4.9,24,8.5,"9032"
"9799","    9 ","09/11/1975",0,4.6,24,9,"9032"
"9800","    9 ","10/11/1975",0,6.2,23,9,"9032"
"9801","    4 ","11/11/1975",0,5,22,4,"9032"
"9802","    5.5 ","12/11/1975",0,5.6,21,5.5,"9032"
"9803","    6 ","13/11/1975",0,2.9,17,6,"9032"
"9804","    2 ","14/11/1975",0,4.4,21,2,"9032"
"9805","    3 ","15/11/1975",0,4.8,22,3,"9032"
"9806","   7.5 ","16/11/1975",0,5.6,22.5,7.5,"9032"
"9807","    4 ","17/11/1975",0,5,22,4,"9032"
"9808","   5 ","18/11/1975",0,5.4,22.5,5,"9032"
"9809","    7 ","19/11/1975",0,3.1,22,7,"9032"
"9810","    8 ","20/11/1975",0,4.4,23,8,"9032"
"9811","    5.5 ","21/11/1975",0,4.7,23,5.5,"9032"
"9812","    6 ","22/11/1975",0,2.7,23,6,"9032"
"9813","    11 ","23/11/1975",0,4.2,21,11,"9032"
"9814","   8 ","24/11/1975",0,3.3,20.5,8,"9032"
"9815","    6.5 ","25/11/1975",0,4.7,23,6.5,"9032"
"9816","   8 ","26/11/1975",0,4.6,23.5,8,"9032"
"9817","   8.5 ","27/11/1975",0,4.6,22.5,8.5,"9032"
"9818","    9.5 ","28/11/1975",0,3.7,24,9.5,"9032"
"9819","   9 ","29/11/1975",0,4.6,25.5,9,"9032"
"9820","    9.5 ","30/11/1975",0,4.5,24,9.5,"9032"
"9821","    11.5 ","01/12/1975",0,3.9,23,11.5,"9032"
"9822","   6.5 ","02/12/1975",0,4.4,22.5,6.5,"9032"
"9823","    5 ","03/12/1975",0,3.6,21,5,"9032"
"9824","    5 ","04/12/1975",0,4.5,22,5,"9032"
"9825","    7 ","05/12/1975",0,5.4,22,7,"9032"
"9826","    6.5 ","06/12/1975",0,4.9,21,6.5,"9032"
"9827","   6.5 ","07/12/1975",0,3.1,19.5,6.5,"9032"
"9828","    3.5 ","08/12/1975",0,4.7,19,3.5,"9032"
"9829","    2.5 ","09/12/1975",0,3.3,19,2.5,"9032"
"9830","   2 ","10/12/1975",0,3.1,19.5,2,"9032"
"9831","   3.5 ","11/12/1975",0,2.5,19.5,3.5,"9032"
"9832","    4 ","12/12/1975",0,5.1,21,4,"9032"
"9833","   5 ","13/12/1975",0,4.5,22.5,5,"9032"
"9834","    6 ","14/12/1975",0,4.1,22,6,"9032"
"9835","    7 ","15/12/1975",0,4.4,23,7,"9032"
"9836","    5.5 ","16/12/1975",0,3.9,22,5.5,"9032"
"9837","    7.5 ","17/12/1975",0,3.4,21,7.5,"9032"
"9838","    6 ","18/12/1975",0,3.1,17,6,"9032"
"9839","    5 ","19/12/1975",0,1.8,18,5,"9032"
"9840","   2.5 ","20/12/1975",0,2.9,18.5,2.5,"9032"
"9841","    7.5 ","21/12/1975",0,3.6,18,7.5,"9032"
"9842","   4 ","22/12/1975",0,3.7,19.5,4,"9032"
"9843","   5 ","23/12/1975",0,3.7,22.5,5,"9032"
"9844","    7.5 ","24/12/1975",0,5,21,7.5,"9032"
"9845","    7 ","25/12/1975",0,4.1,20,7,"9032"
"9846","    5.5 ","26/12/1975",0,4.2,18,5.5,"9032"
"9847","   3.5 ","27/12/1975",0,4.6,18.5,3.5,"9032"
"9848","   4.5 ","28/12/1975",0,4.9,20.5,4.5,"9032"
"9849","    2 ","29/12/1975",0,4.8,20,2,"9032"
"9850","   3.5 ","30/12/1975",0,6,19.5,3.5,"9032"
"9851","    5.5 ","31/12/1975",0,5.2,22,5.5,"9032"
"9852","   4 ","01/01/1976",0,4.6,22.5,4,"9032"
"9853","    6 ","02/01/1976",0,4.8,24,6,"9032"
"9854","   6.5 ","03/01/1976",0,4.7,23.5,6.5,"9032"
"9855","   4.5 ","04/01/1976",0,4,21.5,4.5,"9032"
"9856","   5 ","05/01/1976",0,4,21.5,5,"9032"
"9857","    6.5 ","06/01/1976",0,4,21,6.5,"9032"
"9858","    2 ","07/01/1976",0,4.9,22,2,"9032"
"9859","   7 ","08/01/1976",0,3,19.5,7,"9032"
"9860","    3 ","09/01/1976",0,3.9,18,3,"9032"
"9861","   4.5 ","10/01/1976",0,4.2,21.5,4.5,"9032"
"9862","    5 ","11/01/1976",0,4.2,22,5,"9032"
"9863","   6.5 ","12/01/1976",0,4.1,20.5,6.5,"9032"
"9864","    4.5 ","13/01/1976",0,4.6,21,4.5,"9032"
"9865","    7 ","14/01/1976",0.4,3.8,21,7,"9032"
"9866","    8 ","15/01/1976",0,2.8,18,8,"9032"
"9867","    6 ","16/01/1976",0,4.5,19,6,"9032"
"9868","    6 ","17/01/1976",0,1.9,11,6,"9032"
"9869","   1.5 ","18/01/1976",0,2.7,16.6,1.5,"9032"
"9870","    2.5 ","19/01/1976",0,2,16,2.5,"9032"
"9871","    3.5 ","20/01/1976",0,3.6,19,3.5,"9032"
"9872","    5 ","21/01/1976",0,2.7,17,5,"9032"
"9873","    4 ","22/01/1976",0,2.7,16,4,"9032"
"9874","   3 ","23/01/1976",0,4.5,19.5,3,"9032"
"9875","    3 ","24/01/1976",0,5.3,23,3,"9032"
"9876","    6.5 ","25/01/1976",0.2,4.3,23,6.5,"9032"
"9877","   6 ","26/01/1976",0,5.2,21.5,6,"9032"
"9878","    6 ","27/01/1976",0,4.2,20,6,"9032"
"9879","    5 ","28/01/1976",0,3.9,20,5,"9032"
"9880","   5.5 ","29/01/1976",1.5,3.5,20.5,5.5,"9032"
"9881","   6 ","30/01/1976",0,3.3,20.5,6,"9032"
"9882","    6 ","31/01/1976",0,3.7,18,6,"9032"
"9883","   4 ","01/02/1976",3.5,2.3,16.5,4,"9032"
"9884","    4 ","02/02/1976",0,3.1,17,4,"9032"
"9885","    4 ","03/02/1976",0.3,2.3,14,4,"9032"
"9886","    5 ","04/02/1976",0,4.7,20,5,"9032"
"9887","    5.5 ","05/02/1976",0,4.5,22,5.5,"9032"
"9888","    7.5 ","06/02/1976",0,5,22,7.5,"9032"
"9889","    8 ","07/02/1976",0,3,18,8,"9032"
"9890","    5.5 ","08/02/1976",0,2.7,22,5.5,"9032"
"9891","    6.5 ","09/02/1976",0,6.2,23,6.5,"9032"
"9892","    7 ","10/02/1976",0,6.3,24,7,"9032"
"9893","    6.5 ","11/02/1976",0,6.2,24,6.5,"9032"
"9894","   5 ","12/02/1976",0,6.3,23.5,5,"9032"
"9895","   5.5 ","13/02/1976",0,7.3,23.5,5.5,"9032"
"9896","   5.5 ","14/02/1976",0,10.5,21.5,5.5,"9032"
"9897","    6 ","15/02/1976",0,6.8,21,6,"9032"
"9898","    7.5 ","16/02/1976",0,5.2,23,7.5,"9032"
"9899","   7.5 ","17/02/1976",0,6.7,25.5,7.5,"9032"
"9900","    9 ","18/02/1976",0,5.1,23,9,"9032"
"9901","    8.5 ","19/02/1976",0,5.1,23,8.5,"9032"
"9902","   9 ","20/02/1976",0,5.7,23.5,9,"9032"
"9903","    10 ","21/02/1976",0,7.1,26,10,"9032"
"9904","    6.5 ","22/02/1976",0,4.3,19,6.5,"9032"
"9905","    0 ","23/02/1976",0,4,16,0,"9032"
"9906","    0 ","24/02/1976",0,5.5,19,0,"9032"
"9907","   0 ","25/02/1976",0,6,22.5,0,"9032"
"9908","    1 ","26/02/1976",0,6.1,20,1,"9032"
"9909","    1 ","27/02/1976",0,5.9,20,1,"9032"
"9910","    2 ","28/02/1976",0,6.4,20,2,"9032"
"9911","    4 ","29/02/1976",0,7.5,22,4,"9032"
"9912","    7.5 ","01/03/1976",0,5.5,22,7.5,"9032"
"9913","    8 ","02/03/1976",0,5.2,23,8,"9032"
"9914","    8.5 ","03/03/1976",0,3.5,22,8.5,"9032"
"9915","   10 ","04/03/1976",0,9,22.5,10,"9032"
"9916","    9 ","05/03/1976",0,7.9,25,9,"9032"
"9917","    8 ","06/03/1976",0,6.4,24,8,"9032"
"9918","    8 ","07/03/1976",0,6.3,24,8,"9032"
"9919","    10 ","08/03/1976",0,7.7,25,10,"9032"
"9920","    10 ","09/03/1976",0,4.3,25,10,"9032"
"9921","    9.5 ","10/03/1976",0,8.3,25,9.5,"9032"
"9922","   10.5 ","11/03/1976",0,5.9,26.5,10.5,"9032"
"9923","    11 ","12/03/1976",0,8.1,28,11,"9032"
"9924","   9.5 ","13/03/1976",0,7.2,26.5,9.5,"9032"
"9925","    11 ","14/03/1976",0,5.5,24,11,"9032"
"9926","   9.5 ","15/03/1976",0,5.7,23.5,9.5,"9032"
"9927","    10 ","16/03/1976",0,4.8,23,10,"9032"
"9928","   8 ","17/03/1976",4.5,6.3,22.5,8,"9032"
"9929","    8.5 ","18/03/1976",0.7,6.4,25,8.5,"9032"
"9930","   11.5 ","19/03/1976",0,4.5,24.5,11.5,"9032"
"9931","    11.5 ","20/03/1976",0,8.5,27,11.5,"9032"
"9932","    12 ","21/03/1976",0,6.6,25,12,"9032"
"9933","   9.5 ","22/03/1976",0,5,23.5,9.5,"9032"
"9934","   9 ","23/03/1976",0,6,24.5,9,"9032"
"9935","    9 ","24/03/1976",0,6.7,24,9,"9032"
"9936","   9.5 ","25/03/1976",0,7.4,26.5,9.5,"9032"
"9937","   10.5 ","26/03/1976",0,9.2,25.5,10.5,"9032"
"9938","   11 ","27/03/1976",0,16.7,25.5,11,"9032"
"9939","    12 ","28/03/1976",0,5.2,24,12,"9032"
"9940","    11 ","29/03/1976",0,11.2,26,11,"9032"
"9941","    11 ","30/03/1976",0,8.4,21,11,"9032"
"9942","    10.5 ","31/03/1976",14.7,5.7,22,10.5,"9032"
"9943","   8.5 ","01/04/1976",0,1.2,15.5,8.5,"9032"
"9944","    7 ","02/04/1976",0,4.3,20,7,"9032"
"9945","   7.5 ","03/04/1976",0,6.5,22.5,7.5,"9032"
"9946","    9.5 ","04/04/1976",0,6,23,9.5,"9032"
"9947","   9.5 ","05/04/1976",0,5.5,22.5,9.5,"9032"
"9948","    9.5 ","06/04/1976",0,9.1,24,9.5,"9032"
"9949","    11 ","07/04/1976",0,7.8,27,11,"9032"
"9950","    10.5 ","08/04/1976",0,4.4,25,10.5,"9032"
"9951","   9 ","09/04/1976",0,9.3,23.5,9,"9032"
"9952","   11.5 ","10/04/1976",2,4.8,23.5,11.5,"9032"
"9953","    11.5 ","11/04/1976",0,5.5,24,11.5,"9032"
"9954","   11.5 ","12/04/1976",2.6,4.1,21.5,11.5,"9032"
"9955","    9.5 ","13/04/1976",0,6.8,25,9.5,"9032"
"9956","   10.5 ","14/04/1976",0,5.7,23.5,10.5,"9032"
"9957","    10.5 ","15/04/1976",0,7.1,25,10.5,"9032"
"9958","    11 ","16/04/1976",0,5.5,20,11,"9032"
"9959","    11.5 ","17/04/1976",0,9.2,26,11.5,"9032"
"9960","    11 ","18/04/1976",0,6,25,11,"9032"
"9961","    10.5 ","19/04/1976",0.3,6.6,24,10.5,"9032"
"9962","    11 ","20/04/1976",0.4,7.1,25,11,"9032"
"9963","    11.5 ","21/04/1976",4.9,3.6,25,11.5,"9032"
"9964","   11 ","22/04/1976",0,5.5,25.5,11,"9032"
"9965","    13 ","23/04/1976",4.7,5.2,25,13,"9032"
"9966","   11 ","24/04/1976",6.5,1.3,22.5,11,"9032"
"9967","    9.5 ","25/04/1976",3.1,3.5,19,9.5,"9032"
"9968","    8.5 ","26/04/1976",0,4.6,22,8.5,"9032"
"9969","   10 ","27/04/1976",0,5.9,23.6,10,"9032"
"9970","    11 ","28/04/1976",0,3.7,22,11,"9032"
"9971","    12 ","29/04/1976",0.7,4.1,25,12,"9032"
"9972","    10.5 ","30/04/1976",6.7,5.1,21,10.5,"9032"
"9973","   10 ","01/05/1976",1.7,4.4,21.5,10,"9032"
"9974","   8 ","02/05/1976",0,4.7,21.5,8,"9032"
"9975","   9 ","03/05/1976",0,4.8,22.5,9,"9032"
"9976","   10.5 ","04/05/1976",0.3,5.1,22.5,10.5,"9032"
"9977","    12 ","05/05/1976",0,5.6,24,12,"9032"
"9978","    12 ","06/05/1976",0,7.2,25,12,"9032"
"9979","    12 ","07/05/1976",1.8,5.2,25,12,"9032"
"9980","   12 ","08/05/1976",4,3.6,23.5,12,"9032"
"9981","    11 ","09/05/1976",3.4,5,23,11,"9032"
"9982","    11.5 ","10/05/1976",0,3.7,22,11.5,"9032"
"9983","   10.5 ","11/05/1976",0.6,6,23.5,10.5,"9032"
"9984","    10 ","12/05/1976",0.3,4.6,24,10,"9032"
"9985","    11 ","13/05/1976",0.3,3.7,24,11,"9032"
"9986","   12.5 ","14/05/1976",1,2.2,18.5,12.5,"9032"
"9987","   10.5 ","15/05/1976",2.2,4.8,25.5,10.5,"9032"
"9988","   10.5 ","16/05/1976",2,4.6,24.5,10.5,"9032"
"9989","    10 ","17/05/1976",4.7,3.5,21,10,"9032"
"9990","   10 ","18/05/1976",12.9,3.9,21.5,10,"9032"
"9991","    7 ","19/05/1976",6.6,3.4,21,7,"9032"
"9992","    9 ","20/05/1976",0,5,22,9,"9032"
"9993","   10.5 ","21/05/1976",0,5.1,21.5,10.5,"9032"
"9994","    10.5 ","22/05/1976",0,6.1,23,10.5,"9032"
"9995","    12 ","23/05/1976",1.2,5.7,24,12,"9032"
"9996","    13 ","24/05/1976",0,5.8,28,13,"9032"
"9997","    14 ","25/05/1976",46.4,4.7,26,14,"9032"
"9998","    13 ","26/05/1976",0,6.2,27,13,"9032"
"9999","    12 ","27/05/1976",0.7,5.7,26,12,"9032"
"10000","    11.5 ","28/05/1976",1.5,4.8,23,11.5,"9032"
"10001","    12.5 ","29/05/1976",0,5.3,24,12.5,"9032"
"10002","   12.5 ","30/05/1976",2.5,5.4,25.5,12.5,"9032"
"10003","    13 ","31/05/1976",0.9,6.3,26,13,"9032"
"10004","   13.5 ","01/06/1976",0,3.9,24.5,13.5,"9032"
"10005","    13 ","02/06/1976",0,3,26,13,"9032"
"10006","    10 ","03/06/1976",0,9.1,25,10,"9032"
"10007","   10.5 ","04/06/1976",2,2.9,25.5,10.5,"9032"
"10008","    12.5 ","05/06/1976",0,5.1,24,12.5,"9032"
"10009","    12 ","06/06/1976",0,1.4,23,12,"9032"
"10010","    9.5 ","07/06/1976",0,3,22,9.5,"9032"
"10011","   10 ","08/06/1976",4,9.3,23.5,10,"9032"
"10012","    11.5 ","09/06/1976",2.6,2.1,22,11.5,"9032"
"10013","   12 ","10/06/1976",0.2,6.6,23.5,12,"9032"
"10014","   12 ","11/06/1976",0,5.6,25.5,12,"9032"
"10015","    12 ","12/06/1976",0,6.6,26,12,"9032"
"10016","    11.5 ","13/06/1976",0,5,23,11.5,"9032"
"10017","   14 ","14/06/1976",0.6,4.5,23.5,14,"9032"
"10018","    14 ","15/06/1976",15,6.6,26,14,"9032"
"10019","   12.5 ","16/06/1976",9,2.3,20.5,12.5,"9032"
"10020","   11.5 ","17/06/1976",0,4.2,24.5,11.5,"9032"
"10021","    12 ","18/06/1976",0,7.2,25,12,"9032"
"10022","   13 ","19/06/1976",3.1,5.8,24.5,13,"9032"
"10023","   11.5 ","20/06/1976",0,4.2,22.5,11.5,"9032"
"10024","    12 ","21/06/1976",11.5,4.1,19,12,"9032"
"10025","    11 ","22/06/1976",7,2.9,22,11,"9032"
"10026","    11.5 ","23/06/1976",0,2.4,21,11.5,"9032"
"10027","    11 ","24/06/1976",3.2,4,22,11,"9032"
"10028","   13 ","25/06/1976",9.2,3.8,22.5,13,"9032"
"10029","    12.5 ","26/06/1976",0.7,3.7,23,12.5,"9032"
"10030","    13 ","27/06/1976",0.8,4.1,22,13,"9032"
"10031","    12 ","28/06/1976",0,4.4,21,12,"9032"
"10032","    12 ","29/06/1976",2.2,1.8,19,12,"9032"
"10033","   12.5 ","30/06/1976",10.8,2.4,21.5,12.5,"9032"
"10034","    12 ","01/07/1976",16.7,6.6,21,12,"9032"
"10035","    11 ","02/07/1976",0,3.3,21,11,"9032"
"10036","   13 ","03/07/1976",1.1,4.3,22.5,13,"9032"
"10037","   13 ","04/07/1976",2.2,2.7,20.5,13,"9032"
"10038","    12.5 ","05/07/1976",1.3,2.9,21,12.5,"9032"
"10039","    13 ","06/07/1976",0,4.8,22,13,"9032"
"10040","   11 ","07/07/1976",8.8,4.3,22.5,11,"9032"
"10041","    12 ","08/07/1976",21,3.5,22,12,"9032"
"10042","    12.5 ","09/07/1976",1.8,1.2,22,12.5,"9032"
"10043","    12.5 ","10/07/1976",11.1,2.7,21,12.5,"9032"
"10044","    12.5 ","11/07/1976",3.4,3.3,21,12.5,"9032"
"10045","    12.5 ","12/07/1976",0.1,3.9,20,12.5,"9032"
"10046","    13.5 ","13/07/1976",0,4.1,20,13.5,"9032"
"10047","    12 ","14/07/1976",8.5,3.2,21,12,"9032"
"10048","    12 ","15/07/1976",0.2,3.5,23,12,"9032"
"10049","   12 ","16/07/1976",2.2,2.1,19.5,12,"9032"
"10050","   11 ","17/07/1976",0,4.8,21.5,11,"9032"
"10051","    10 ","18/07/1976",0,5.2,21,10,"9032"
"10052","    10 ","19/07/1976",0,4.8,22,10,"9032"
"10053","    10 ","20/07/1976",0.1,5,23,10,"9032"
"10054","   11 ","21/07/1976",9.5,2.4,19.5,11,"9032"
"10055","    9.5 ","22/07/1976",0,5.3,21,9.5,"9032"
"10056","    10 ","23/07/1976",2.7,2.8,22,10,"9032"
"10057","    11 ","24/07/1976",1.5,3.7,22,11,"9032"
"10058","    9.5 ","25/07/1976",12.5,4.7,21,9.5,"9032"
"10059","   9.5 ","26/07/1976",1,3.4,20.5,9.5,"9032"
"10060","   10.5 ","27/07/1976",7.4,4.3,21.5,10.5,"9032"
"10061","    10.5 ","28/07/1976",0.1,4,23,10.5,"9032"
"10062","   10 ","29/07/1976",0.5,2.9,22.5,10,"9032"
"10063","    12 ","30/07/1976",2.8,4.4,20,12,"9032"
"10064","   12 ","31/07/1976",1,1.9,22.5,12,"9032"
"10065","    10 ","01/08/1976",1.1,8.3,23,10,"9032"
"10066","   10 ","02/08/1976",10.9,6,23.5,10,"9032"
"10067","    9.5 ","03/08/1976",2,4.5,23,9.5,"9032"
"10068","    10.5 ","04/08/1976",0.2,4.7,23,10.5,"9032"
"10069","   10 ","05/08/1976",14.2,6.5,22.5,10,"9032"
"10070","    11.5 ","06/08/1976",0.2,3.8,22,11.5,"9032"
"10071","   11.5 ","07/08/1976",0.3,3.8,20.5,11.5,"9032"
"10072","    11 ","08/08/1976",0,3.4,19,11,"9032"
"10073","    9.5 ","09/08/1976",5.3,4.1,23,9.5,"9032"
"10074","    10 ","10/08/1976",14.4,6.1,22,10,"9032"
"10075","    11 ","11/08/1976",5.1,4.2,21,11,"9032"
"10076","    11 ","12/08/1976",31.7,6.8,23,11,"9032"
"10077","    10 ","13/08/1976",1.6,3.3,21,10,"9032"
"10078","    10.5 ","14/08/1976",0,2.3,21,10.5,"9032"
"10079","    10 ","15/08/1976",13.2,6.9,22,10,"9032"
"10080","    10.5 ","16/08/1976",16.6,5.9,22,10.5,"9032"
"10081","   12 ","17/08/1976",3.7,2.3,19.5,12,"9032"
"10082","    12 ","18/08/1976",7.5,4.4,23,12,"9032"
"10083","   12 ","19/08/1976",5.5,1.2,18.5,12,"9032"
"10084","    11 ","20/08/1976",24.2,3.5,18,11,"9032"
"10085","    11 ","21/08/1976",5.3,4,17,11,"9032"
"10086","    11 ","22/08/1976",3.8,3.4,20,11,"9032"
"10087","    10.5 ","23/08/1976",0,4.1,21,10.5,"9032"
"10088","    10 ","24/08/1976",6.2,4.1,21,10,"9032"
"10089","    10 ","25/08/1976",0.5,2.3,19,10,"9032"
"10090","   10 ","26/08/1976",0,4.1,21.5,10,"9032"
"10091","   11 ","27/08/1976",10.4,3.2,20.5,11,"9032"
"10092","   12 ","28/08/1976",0.1,1.9,18.5,12,"9032"
"10093","   10 ","29/08/1976",0,3.3,20.5,10,"9032"
"10094","    10.5 ","30/08/1976",3,3.3,19,10.5,"9032"
"10095","    11 ","31/08/1976",3.7,3.3,22,11,"9032"
"10096","    12 ","01/09/1976",0.5,4.7,21,12,"9032"
"10097","    12.5 ","02/09/1976",0.2,4.5,22,12.5,"9032"
"10098","    12.5 ","03/09/1976",0.4,3.5,21,12.5,"9032"
"10099","   11 ","04/09/1976",0,5.6,22.5,11,"9032"
"10100","   10.5 ","05/09/1976",0,5.9,23.5,10.5,"9032"
"10101","    11 ","06/09/1976",0,5.3,23,11,"9032"
"10102","   12 ","07/09/1976",0.9,4.2,22.5,12,"9032"
"10103","    12.5 ","08/09/1976",0,5.4,23,12.5,"9032"
"10104","   12 ","09/09/1976",6,2.7,19.5,12,"9032"
"10105","   10 ","10/09/1976",0.3,3.3,18.5,10,"9032"
"10106","    11 ","11/09/1976",0,2.6,20,11,"9032"
"10107","    11 ","12/09/1976",0.2,4.6,23,11,"9032"
"10108","    12 ","13/09/1976",20.4,6.7,23,12,"9032"
"10109","   12 ","14/09/1976",5.7,3.9,22.5,12,"9032"
"10110","    12 ","15/09/1976",1.5,3.2,21,12,"9032"
"10111","    12.5 ","16/09/1976",1,2.8,22,12.5,"9032"
"10112","    13 ","17/09/1976",6,4.5,22,13,"9032"
"10113","   10 ","18/09/1976",0,5.4,22.5,10,"9032"
"10114","   11 ","19/09/1976",1.7,6.1,19.5,11,"9032"
"10115","    11.5 ","20/09/1976",0.6,3.4,21,11.5,"9032"
"10116","   12 ","21/09/1976",13.4,5.9,21.5,12,"9032"
"10117","   12 ","22/09/1976",4.8,4.5,21.5,12,"9032"
"10118","    12 ","23/09/1976",3.2,3.4,23,12,"9032"
"10119","    11 ","24/09/1976",7.6,5.9,22,11,"9032"
"10120","    10.5 ","25/09/1976",0.5,4.5,23,10.5,"9032"
"10121","    11 ","26/09/1976",0,5.4,23,11,"9032"
"10122","   11.5 ","27/09/1976",0,4.8,23.5,11.5,"9032"
"10123","    11.5 ","28/09/1976",2,3,22,11.5,"9032"
"10124","   11.5 ","29/09/1976",4.2,1.7,21.5,11.5,"9032"
"10125","    11.5 ","30/09/1976",32.9,4.6,18,11.5,"9032"
"10126","    12 ","01/10/1976",0,3.2,21,12,"9032"
"10127","    12.5 ","02/10/1976",0,5.1,22,12.5,"9032"
"10128","    11 ","03/10/1976",2.5,3.5,23,11,"9032"
"10129","   11 ","04/10/1976",0,5.2,23.5,11,"9032"
"10130","    11 ","05/10/1976",1.6,5.3,23,11,"9032"
"10131","   12 ","06/10/1976",16.9,3.3,20.5,12,"9032"
"10132","    11 ","07/10/1976",44,2,14,11,"9032"
"10133","    10.5 ","08/10/1976",12,0.7,14,10.5,"9032"
"10134","   11 ","09/10/1976",0,2,18.5,11,"9032"
"10135","   9.5 ","10/10/1976",51.5,2.5,18.5,9.5,"9032"
"10136","   10 ","11/10/1976",0.7,3,18.5,10,"9032"
"10137","    11 ","12/10/1976",2,2.9,21,11,"9032"
"10138","   9.5 ","13/10/1976",0,2.3,19.5,9.5,"9032"
"10139","    10 ","14/10/1976",0,4.4,22,10,"9032"
"10140","    11 ","15/10/1976",0,2.9,22,11,"9032"
"10141","    10 ","16/10/1976",13.6,4.2,21,10,"9032"
"10142","    9 ","17/10/1976",2,0.7,18,9,"9032"
"10143","   10.5 ","18/10/1976",0,4.8,20.5,10.5,"9032"
"10144","   11 ","19/10/1976",0,4,20.5,11,"9032"
"10145","    11 ","20/10/1976",0,2.2,18,11,"9032"
"10146","   9 ","21/10/1976",0,4.2,21.5,9,"9032"
"10147","    8 ","22/10/1976",0,4.3,21,8,"9032"
"10148","   9 ","23/10/1976",0,4.3,24.5,9,"9032"
"10149","    11 ","24/10/1976",0,4.5,23,11,"9032"
"10150","    11.5 ","25/10/1976",4,3.7,22,11.5,"9032"
"10151","    11.5 ","26/10/1976",0,5.2,23,11.5,"9032"
"10152","   10 ","27/10/1976",0,5.3,25.5,10,"9032"
"10153","    10.5 ","28/10/1976",0,2.8,22,10.5,"9032"
"10154","    11 ","29/10/1976",0,5.6,23,11,"9032"
"10155","    10 ","30/10/1976",0,4.5,23,10,"9032"
"10156","    11 ","31/10/1976",26,5.1,22,11,"9032"
"10157","    10 ","01/11/1976",0,2.8,20,10,"9032"
"10158","    10.5 ","02/11/1976",0,2.3,18,10.5,"9032"
"10159","   7 ","03/11/1976",0,4,18.5,7,"9032"
"10160","    6 ","04/11/1976",0,2.9,13,6,"9032"
"10161","    6.5 ","05/11/1976",0,1.2,11,6.5,"9032"
"10162","    5.5 ","06/11/1976",0,2.3,17,5.5,"9032"
"10163","    7 ","07/11/1976",0,2.3,16,7,"9032"
"10164","    8.5 ","08/11/1976",0,1.9,13,8.5,"9032"
"10165","    5.5 ","09/11/1976",0,3.3,21,5.5,"9032"
"10166","    7.5 ","10/11/1976",0,2.8,20,7.5,"9032"
"10167","    8.5 ","11/11/1976",0,6.9,22,8.5,"9032"
"10168","   8 ","12/11/1976",0,5.7,21.5,8,"9032"
"10169","   9 ","13/11/1976",0,5.1,21.5,9,"9032"
"10170","    8.5 ","14/11/1976",0,6,23,8.5,"9032"
"10171","    8.5 ","15/11/1976",0,6.1,21,8.5,"9032"
"10172","    8 ","16/11/1976",0.4,4.3,20,8,"9032"
"10173","    10 ","17/11/1976",2.3,1.6,17,10,"9032"
"10174","   10.5 ","18/11/1976",3.8,2.5,18.5,10.5,"9032"
"10175","   11.5 ","19/11/1976",0,1.7,16.5,11.5,"9032"
"10176","    10 ","20/11/1976",0,4.4,19,10,"9032"
"10177","   10 ","21/11/1976",13.3,1.7,16.5,10,"9032"
"10178","   7.5 ","22/11/1976",0,1.6,10.5,7.5,"9032"
"10179","    8 ","23/11/1976",0,1.7,19,8,"9032"
"10180","    9 ","24/11/1976",0,1.7,16,9,"9032"
"10181","    6 ","25/11/1976",0,3.9,22,6,"9032"
"10182","    9 ","26/11/1976",0,3.9,22,9,"9032"
"10183","   9.5 ","27/11/1976",0,5.3,22.5,9.5,"9032"
"10184","    10.5 ","28/11/1976",0,4.7,22,10.5,"9032"
"10185","   10 ","29/11/1976",0,3.5,22.5,10,"9032"
"10186","    10.5 ","30/11/1976",0,4.1,23,10.5,"9032"
"10187","    11 ","01/12/1976",0,2.9,20,11,"9032"
"10188","   8 ","02/12/1976",3.7,2.8,18.5,8,"9032"
"10189","    9 ","03/12/1976",0,2,17,9,"9032"
"10190","    8 ","04/12/1976",0,2.5,18,8,"9032"
"10191","    8 ","05/12/1976",0,4.5,22,8,"9032"
"10192","    9 ","06/12/1976",0,4.2,22,9,"9032"
"10193","    7.5 ","07/12/1976",0,4.9,23,7.5,"9032"
"10194","    8.5 ","08/12/1976",0,2,18,8.5,"9032"
"10195","    6.5 ","09/12/1976",0,3.6,21,6.5,"9032"
"10196","    6 ","10/12/1976",0,4.9,22,6,"9032"
"10197","    7.5 ","11/12/1976",0,3.4,21,7.5,"9032"
"10198","   7 ","12/12/1976",0,4.7,23.5,7,"9032"
"10199","    9 ","13/12/1976",0,3.8,22,9,"9032"
"10200","    9 ","14/12/1976",0,2.6,21,9,"9032"
"10201","    10 ","15/12/1976",0,3.9,23,10,"9032"
"10202","    11.5 ","16/12/1976",2.3,2.3,18,11.5,"9032"
"10203","   9 ","17/12/1976",0,3.9,21.5,9,"9032"
"10204","   8.5 ","18/12/1976",0,3,19.5,8.5,"9032"
"10205","   9 ","19/12/1976",0,3.8,23.5,9,"9032"
"10206","   10.5 ","20/12/1976",5.3,2.2,18.5,10.5,"9032"
"10207","    8.5 ","21/12/1976",0,2.2,17,8.5,"9032"
"10208","   7.5 ","22/12/1976",0,3.6,18.5,7.5,"9032"
"10209","   7 ","23/12/1976",0,3.5,18.5,7,"9032"
"10210","    6 ","24/12/1976",0,3.9,22,6,"9032"
"10211","    8 ","25/12/1976",0,4.1,24,8,"9032"
"10212","    10.5 ","26/12/1976",0,1.8,21,10.5,"9032"
"10213","   5.5 ","27/12/1976",1.9,2.7,21.5,5.5,"9032"
"10214","   7 ","28/12/1976",0,3.2,20.5,7,"9032"
"10215","    8 ","29/12/1976",0,4.2,20,8,"9032"
"10216","    8.5 ","30/12/1976",0,5.6,20,8.5,"9032"
"10217","    7 ","31/12/1976",0,5,23,7,"9032"
"10218","   8 ","01/01/1977",0,4.3,21.5,8,"9032"
"10219","    10 ","02/01/1977",0,5.4,22,10,"9032"
"10220","    6.5 ","03/01/1977",0,8.1,24,6.5,"9032"
"10221","   7.5 ","04/01/1977",0,6,25.5,7.5,"9032"
"10222","   8 ","05/01/1977",0,5.8,24.5,8,"9032"
"10223","    7 ","06/01/1977",0,5.4,25,7,"9032"
"10224","   6.5 ","07/01/1977",0,6.5,25.5,6.5,"9032"
"10225","   7.5 ","08/01/1977",0,7.2,24.5,7.5,"9032"
"10226","   6 ","09/01/1977",0,3.8,24.5,6,"9032"
"10227","   7.5 ","10/01/1977",0,7.9,22.5,7.5,"9032"
"10228","    6 ","11/01/1977",0,4.9,21,6,"9032"
"10229","   7 ","12/01/1977",0,4.4,20.5,7,"9032"
"10230","    5.5 ","13/01/1977",0,3.9,21,5.5,"9032"
"10231","    8 ","14/01/1977",0,3,18,8,"9032"
"10232","   9 ","15/01/1977",0,3.5,19.5,9,"9032"
"10233","   7 ","16/01/1977",0,2.7,21.5,7,"9032"
"10234","   6 ","17/01/1977",0,3.7,17.5,6,"9032"
"10235","    7.5 ","18/01/1977",0,2.2,16,7.5,"9032"
"10236","   6 ","19/01/1977",1.5,1.6,17.5,6,"9032"
"10237","   6.5 ","20/01/1977",0,1.8,17.5,6.5,"9032"
"10238","    7 ","21/01/1977",0.9,2,20,7,"9032"
"10239","   7.5 ","22/01/1977",0,2.7,17.5,7.5,"9032"
"10240","   8.5 ","23/01/1977",0,3.9,21.5,8.5,"9032"
"10241","   8.5 ","24/01/1977",0,3.7,22.5,8.5,"9032"
"10242","   7.5 ","25/01/1977",0,5.4,22.5,7.5,"9032"
"10243","    8 ","26/01/1977",0,4.4,21,8,"9032"
"10244","   8 ","27/01/1977",0,4.4,22.5,8,"9032"
"10245","    8.5 ","28/01/1977",0,6.1,24,8.5,"9032"
"10246","   8 ","29/01/1977",0,6,24.5,8,"9032"
"10247","   9.5 ","30/01/1977",0,5.8,21.5,9.5,"9032"
"10248","   7 ","31/01/1977",0,5.1,21.5,7,"9032"
"10249","   8 ","01/02/1977",0,5.9,20.5,8,"9032"
"10250","    7 ","02/02/1977",0,6.2,21,7,"9032"
"10251","   7 ","03/02/1977",0,6,22.5,7,"9032"
"10252","    6.5 ","04/02/1977",0,5.9,22,6.5,"9032"
"10253","    8 ","05/02/1977",0,4.8,21,8,"9032"
"10254","    7.5 ","06/02/1977",0,4.4,20,7.5,"9032"
"10255","   8.5 ","07/02/1977",6.3,1.9,19.5,8.5,"9032"
"10256","   6 ","08/02/1977",0.5,3.9,17.5,6,"9032"
"10257","   6 ","09/02/1977",0,3,17.5,6,"9032"
"10258","    8 ","10/02/1977",0,6.5,22,8,"9032"
"10259","   9 ","11/02/1977",0,3.4,20.5,9,"9032"
"10260","    8.5 ","12/02/1977",0,5.6,22,8.5,"9032"
"10261","    6.5 ","13/02/1977",0,6.8,21,6.5,"9032"
"10262","    8 ","14/02/1977",0,5.6,20,8,"9032"
"10263","   6 ","15/02/1977",0,5.5,21.5,6,"9032"
"10264","    6 ","16/02/1977",0,2.9,17,6,"9032"
"10265","    4.5 ","17/02/1977",0,4.9,19,4.5,"9032"
"10266","    7 ","18/02/1977",0,5.5,20,7,"9032"
"10267","    6.5 ","19/02/1977",0,6.2,22,6.5,"9032"
"10268","   7 ","20/02/1977",0,5.1,22.5,7,"9032"
"10269","   9 ","21/02/1977",0.5,2.5,19.5,9,"9032"
"10270","   8 ","22/02/1977",0.7,3.5,18.5,8,"9032"
"10271","   7 ","23/02/1977",0,5.6,22.5,7,"9032"
"10272","    7.5 ","24/02/1977",0,7.7,24,7.5,"9032"
"10273","   8 ","25/02/1977",0,7.1,22.5,8,"9032"
"10274","   8 ","26/02/1977",0,5.2,21.5,8,"9032"
"10275","    8 ","27/02/1977",0,6.8,22,8,"9032"
"10276","    7.5 ","28/02/1977",0,4.7,21,7.5,"9032"
"10277","   7.5 ","01/03/1977",0,5.7,22.5,7.5,"9032"
"10278","   7.5 ","02/03/1977",0,7.6,22.5,7.5,"9032"
"10279","   10 ","03/03/1977",0,8.4,22.5,10,"9032"
"10280","    8.5 ","04/03/1977",0,7.7,25,8.5,"9032"
"10281","   11 ","05/03/1977",0,9.2,25.5,11,"9032"
"10282","   10 ","06/03/1977",0,8.8,25.5,10,"9032"
"10283","    6 ","07/03/1977",0,4.7,20,6,"9032"
"10284","   3 ","08/03/1977",0,6.2,22.5,3,"9032"
"10285","   5 ","09/03/1977",0,9.2,24.5,5,"9032"
"10286","   10 ","10/03/1977",0,6,25.5,10,"9032"
"10287","    12 ","11/03/1977",0,8.9,26,12,"9032"
"10288","   10.5 ","12/03/1977",0,7.8,26.5,10.5,"9032"
"10289","   11.5 ","13/03/1977",0,8.6,25.5,11.5,"9032"
"10290","    11.5 ","14/03/1977",0,9,21,11.5,"9032"
"10291","    12 ","15/03/1977",0,8.3,28,12,"9032"
"10292","    11.5 ","16/03/1977",0,8.1,27,11.5,"9032"
"10293","    11 ","17/03/1977",0,10.5,28,11,"9032"
"10294","   12 ","18/03/1977",0,9.8,29.5,12,"9032"
"10295","   13 ","19/03/1977",0,8.5,28.5,13,"9032"
"10296","    11 ","20/03/1977",0,8.6,27,11,"9032"
"10297","   12.5 ","21/03/1977",0,7,28.5,12.5,"9032"
"10298","   11.5 ","22/03/1977",0,4.9,22.5,11.5,"9032"
"10299","   11 ","23/03/1977",0,7.1,24.5,11,"9032"
"10300","    13 ","24/03/1977",0,5.7,25,13,"9032"
"10301","   12.5 ","25/03/1977",0,4.9,25.5,12.5,"9032"
"10302","    12.5 ","26/03/1977",0,6.1,22,12.5,"9032"
"10303","    11 ","27/03/1977",0,5.6,22,11,"9032"
"10304","    10.5 ","28/03/1977",0,7.1,25,10.5,"9032"
"10305","   11 ","29/03/1977",0,7.3,26.5,11,"9032"
"10306","    12.5 ","30/03/1977",0,9.1,29,12.5,"9032"
"10307","    13 ","31/03/1977",0,7.8,29,13,"9032"
"10308","    14.5 ","01/04/1977",0,8.8,29,14.5,"9032"
"10309","   12 ","02/04/1977",0,9.2,27.5,12,"9032"
"10310","   12.5 ","03/04/1977",0,10.7,26.5,12.5,"9032"
"10311","   11.5 ","04/04/1977",0,10.1,26.5,11.5,"9032"
"10312","    8 ","05/04/1977",0,5.5,22,8,"9032"
"10313","    5 ","06/04/1977",0,5.2,22,5,"9032"
"10314","   7.5 ","07/04/1977",0,5.2,21.5,7.5,"9032"
"10315","    7 ","08/04/1977",0,4.2,24,7,"9032"
"10316","    7 ","09/04/1977",0,6.6,23,7,"9032"
"10317","   6 ","10/04/1977",0,7.8,23.5,6,"9032"
"10318","    7 ","11/04/1977",0,6.8,22,7,"9032"
"10319","    9 ","12/04/1977",1.5,3.5,21,9,"9032"
"10320","    8.5 ","13/04/1977",5.9,2.6,19,8.5,"9032"
"10321","    8 ","14/04/1977",0,6.4,19,8,"9032"
"10322","    8 ","15/04/1977",0,3.7,20,8,"9032"
"10323","   8 ","16/04/1977",0,7.6,24.5,8,"9032"
"10324","    8.5 ","17/04/1977",0,8.5,24,8.5,"9032"
"10325","    10 ","18/04/1977",0,7.1,26,10,"9032"
"10326","    13 ","19/04/1977",0,5,22,13,"9032"
"10327","    10 ","20/04/1977",1,2.9,14,10,"9032"
"10328","    11 ","21/04/1977",0,3.8,20,11,"9032"
"10329","    8.5 ","22/04/1977",2,2.5,21,8.5,"9032"
"10330","    9 ","23/04/1977",1,4.8,22,9,"9032"
"10331","    8 ","24/04/1977",1,4.9,23,8,"9032"
"10332","    9 ","25/04/1977",1.5,3.4,22,9,"9032"
"10333","    10.5 ","26/04/1977",0,7,23,10.5,"9032"
"10334","   10 ","27/04/1977",1.5,4.6,20.5,10,"9032"
"10335","    9 ","28/04/1977",0,9.9,23,9,"9032"
"10336","   10.5 ","29/04/1977",0,4.2,22.5,10.5,"9032"
"10337","    10 ","30/04/1977",0.8,5.6,22,10,"9032"
"10338","   10.5 ","01/05/1977",0,5.9,23.5,10.5,"9032"
"10339","   10.5 ","02/05/1977",0,6.6,24.5,10.5,"9032"
"10340","   9.5 ","03/05/1977",0,6.8,24.5,9.5,"9032"
"10341","    11 ","04/05/1977",0,8.2,25,11,"9032"
"10342","    12 ","05/05/1977",0,8.8,27,12,"9032"
"10343","   13.5 ","06/05/1977",0,9.2,26.5,13.5,"9032"
"10344","    13 ","07/05/1977",0,6.6,27,13,"9032"
"10345","    12 ","08/05/1977",1.3,5.4,25,12,"9032"
"10346","   10.5 ","09/05/1977",0,6.2,23.5,10.5,"9032"
"10347","   11.5 ","10/05/1977",0.5,5.2,23.5,11.5,"9032"
"10348","    13 ","11/05/1977",2.6,4.7,24,13,"9032"
"10349","    11.5 ","12/05/1977",1.1,2.4,24,11.5,"9032"
"10350","    12 ","13/05/1977",37,1.5,20,12,"9032"
"10351","    8 ","14/05/1977",0,6.3,24,8,"9032"
"10352","   16 ","15/05/1977",4.2,6,24.5,16,"9032"
"10353","   10 ","16/05/1977",0,4.4,24.5,10,"9032"
"10354","    12.5 ","17/05/1977",1.9,5.9,26,12.5,"9032"
"10355","    11 ","18/05/1977",0.2,7.1,25,11,"9032"
"10356","   12 ","19/05/1977",0,6.8,27.5,12,"9032"
"10357","    13 ","20/05/1977",19.5,5.7,25,13,"9032"
"10358","   11.5 ","21/05/1977",0.3,5.7,25.5,11.5,"9032"
"10359","   13 ","22/05/1977",0,4.3,23.5,13,"9032"
"10360","    11.5 ","23/05/1977",14,4.1,23,11.5,"9032"
"10361","    11 ","24/05/1977",0,4.2,22,11,"9032"
"10362","   10 ","25/05/1977",0,5.6,23.5,10,"9032"
"10363","   11.5 ","26/05/1977",0,6.2,24.5,11.5,"9032"
"10364","    12.5 ","27/05/1977",0,5.8,24,12.5,"9032"
"10365","   11.5 ","28/05/1977",0,8.4,26.5,11.5,"9032"
"10366","   13 ","29/05/1977",0.3,4,23.5,13,"9032"
"10367","    11.5 ","30/05/1977",0,6.3,26,11.5,"9032"
"10368","   11.5 ","31/05/1977",0,6.2,25.5,11.5,"9032"
"10369","   11 ","01/06/1977",0,8.9,25.5,11,"9032"
"10370","   10 ","02/06/1977",0,8,25.5,10,"9032"
"10371","    11 ","03/06/1977",0,7.1,26,11,"9032"
"10372","    10.5 ","04/06/1977",0,7.1,24,10.5,"9032"
"10373","   10.5 ","05/06/1977",0,6.7,22.5,10.5,"9032"
"10374","    12 ","06/06/1977",0,5.7,23,12,"9032"
"10375","    11.5 ","07/06/1977",2,5.3,23,11.5,"9032"
"10376","   12.5 ","08/06/1977",2.1,4.2,23.5,12.5,"9032"
"10377","    11.5 ","09/06/1977",21,5,21,11.5,"9032"
"10378","   12 ","10/06/1977",18,5.2,23.5,12,"9032"
"10379","   12 ","11/06/1977",3,3.7,22.5,12,"9032"
"10380","   13 ","12/06/1977",0,4.2,21.5,13,"9032"
"10381","   12 ","13/06/1977",2.2,4.1,23.5,12,"9032"
"10382","   12.5 ","14/06/1977",8,4.9,22.5,12.5,"9032"
"10383","   12 ","15/06/1977",0.6,2.5,18.5,12,"9032"
"10384","    12 ","16/06/1977",0,3.3,22,12,"9032"
"10385","    12 ","17/06/1977",6,3.8,22,12,"9032"
"10386","    13 ","18/06/1977",3.7,3,23,13,"9032"
"10387","    13 ","19/06/1977",13.6,3.7,21,13,"9032"
"10388","    12.5 ","20/06/1977",5.6,1.5,17,12.5,"9032"
"10389","   13 ","21/06/1977",12.2,3.7,20.5,13,"9032"
"10390","   11.5 ","22/06/1977",1,2,19.5,11.5,"9032"
"10391","   12.5 ","23/06/1977",0,3.4,23.5,12.5,"9032"
"10392","    12.5 ","24/06/1977",0,5.4,22,12.5,"9032"
"10393","    9 ","25/06/1977",0,4.5,22,9,"9032"
"10394","    10.5 ","26/06/1977",1,6.4,22,10.5,"9032"
"10395","   9.5 ","27/06/1977",1,6.6,23.5,9.5,"9032"
"10396","   13.5 ","28/06/1977",0,3.5,23.5,13.5,"9032"
"10397","   12.5 ","29/06/1977",0,4.3,24.5,12.5,"9032"
"10398","    12.5 ","30/06/1977",0,5.1,23,12.5,"9032"
"10399","    11.5 ","01/07/1977",2,5.6,24,11.5,"9032"
"10400","    11 ","02/07/1977",0,5.7,23,11,"9032"
"10401","   10.5 ","03/07/1977",0,4.4,22.5,10.5,"9032"
"10402","    11.5 ","04/07/1977",0,5.5,22,11.5,"9032"
"10403","    12 ","05/07/1977",27,5.9,22,12,"9032"
"10404","    12 ","06/07/1977",5,4.3,21,12,"9032"
"10405","   12.5 ","07/07/1977",6.5,2.7,17.5,12.5,"9032"
"10406","   11 ","08/07/1977",15.6,2.5,18.5,11,"9032"
"10407","   10.5 ","09/07/1977",5.2,3,20.5,10.5,"9032"
"10408","    10.5 ","10/07/1977",1.6,2.7,21,10.5,"9032"
"10409","   10 ","11/07/1977",12,2.3,19.5,10,"9032"
"10410","   10.5 ","12/07/1977",0,5.1,22.5,10.5,"9032"
"10411","   10.5 ","13/07/1977",18,6.4,23.5,10.5,"9032"
"10412","   11 ","14/07/1977",2.5,3.8,19.5,11,"9032"
"10413","    9 ","15/07/1977",18.2,4.7,20,9,"9032"
"10414","    12 ","16/07/1977",0,4.6,22,12,"9032"
"10415","   12 ","17/07/1977",5,5.4,23.5,12,"9032"
"10416","   11.5 ","18/07/1977",0,3.7,22.5,11.5,"9032"
"10417","    11.5 ","19/07/1977",3.5,4.7,21,11.5,"9032"
"10418","    10.5 ","20/07/1977",0,3.5,23,10.5,"9032"
"10419","   12.5 ","21/07/1977",5,4.4,23.5,12.5,"9032"
"10420","   11.5 ","22/07/1977",0.2,3.7,21.5,11.5,"9032"
"10421","   13 ","23/07/1977",10.3,3.5,21.5,13,"9032"
"10422","   10.5 ","24/07/1977",8.3,3.7,20.5,10.5,"9032"
"10423","    13 ","25/07/1977",3.8,2.9,23,13,"9032"
"10424","    10 ","26/07/1977",4,4.1,22,10,"9032"
"10425","   9 ","27/07/1977",0,4.9,21.5,9,"9032"
"10426","    10.5 ","28/07/1977",0,3.9,22,10.5,"9032"
"10427","    13 ","29/07/1977",0,4.3,23,13,"9032"
"10428","   11.5 ","30/07/1977",0,5.1,22.5,11.5,"9032"
"10429","   10.5 ","31/07/1977",2.6,4.1,22.5,10.5,"9032"
"10430","   12 ","01/08/1977",0.5,4.5,23.5,12,"9032"
"10431","    10.5 ","02/08/1977",0,5.8,24,10.5,"9032"
"10432","    12 ","03/08/1977",0,7.6,25,12,"9032"
"10433","    11.5 ","04/08/1977",0,6.8,25,11.5,"9032"
"10434","   11.5 ","05/08/1977",7.5,4.4,22.5,11.5,"9032"
"10435","   12.5 ","06/08/1977",13.8,5.1,22.5,12.5,"9032"
"10436","   12 ","07/08/1977",5,4,22.5,12,"9032"
"10437","   12 ","08/08/1977",11.5,5.4,22.5,12,"9032"
"10438","    11.5 ","09/08/1977",0,2.9,21,11.5,"9032"
"10439","   12 ","10/08/1977",15.5,3.2,21.5,12,"9032"
"10440","    12 ","11/08/1977",1.6,4.6,22,12,"9032"
"10441","   13 ","12/08/1977",2.9,4.9,23.5,13,"9032"
"10442","    13.5 ","13/08/1977",0,5.1,23,13.5,"9032"
"10443","    12 ","14/08/1977",0,5,23,12,"9032"
"10444","   12 ","15/08/1977",5.2,3.4,21.5,12,"9032"
"10445","    11.5 ","16/08/1977",2,4.6,23,11.5,"9032"
"10446","   10.5 ","17/08/1977",3,4.2,23.5,10.5,"9032"
"10447","    10.5 ","18/08/1977",0,3.4,23,10.5,"9032"
"10448","   11 ","19/08/1977",0,5.8,21.5,11,"9032"
"10449","    12 ","20/08/1977",0,3.7,23,12,"9032"
"10450","   11.5 ","21/08/1977",0,4.9,24.5,11.5,"9032"
"10451","    13 ","22/08/1977",4,4.5,24,13,"9032"
"10452","    11 ","23/08/1977",0,5.6,25,11,"9032"
"10453","    12 ","24/08/1977",0.7,3.5,24,12,"9032"
"10454","    13 ","25/08/1977",0.8,3.3,23,13,"9032"
"10455","    11 ","26/08/1977",1.5,3.5,23,11,"9032"
"10456","   12 ","27/08/1977",0,3.5,22.5,12,"9032"
"10457","    13 ","28/08/1977",2.5,3.8,23,13,"9032"
"10458","   13.5 ","29/08/1977",0,3.8,22.5,13.5,"9032"
"10459","    12 ","30/08/1977",0,2.3,23,12,"9032"
"10460","    10 ","31/08/1977",0,5,23,10,"9032"
"10461","    13 ","01/09/1977",0,3.9,23,13,"9032"
"10462","   11.5 ","02/09/1977",6.4,4.3,21.5,11.5,"9032"
"10463","    12.5 ","03/09/1977",1.3,3,21,12.5,"9032"
"10464","    12.5 ","04/09/1977",1.8,3,21,12.5,"9032"
"10465","   11 ","05/09/1977",2,2.7,21.5,11,"9032"
"10466","    12.5 ","06/09/1977",1,1.9,19,12.5,"9032"
"10467","   12 ","07/09/1977",2,4.1,23.5,12,"9032"
"10468","   12 ","08/09/1977",7,5.1,23.5,12,"9032"
"10469","   12 ","09/09/1977",22.5,4.9,22.5,12,"9032"
"10470","   11 ","10/09/1977",0.4,4.6,22.5,11,"9032"
"10471","    10 ","11/09/1977",0.6,4.6,23,10,"9032"
"10472","   11 ","12/09/1977",0,4.6,23.5,11,"9032"
"10473","    11 ","13/09/1977",7.5,4.1,23,11,"9032"
"10474","    11 ","14/09/1977",0,3.1,22,11,"9032"
"10475","    11.5 ","15/09/1977",0,3.9,22,11.5,"9032"
"10476","   12.5 ","16/09/1977",3.5,4.2,21.5,12.5,"9032"
"10477","   13 ","17/09/1977",0,3.5,22.5,13,"9032"
"10478","    10.5 ","18/09/1977",0,3.1,24,10.5,"9032"
"10479","   12 ","19/09/1977",0.7,3.7,21.5,12,"9032"
"10480","    12 ","20/09/1977",8.4,5.3,21,12,"9032"
"10481","   11 ","21/09/1977",0,2.6,20.5,11,"9032"
"10482","   12 ","22/09/1977",19.5,4.7,20.5,12,"9032"
"10483","   12.5 ","23/09/1977",0,3.1,22.5,12.5,"9032"
"10484","   11.5 ","24/09/1977",0.3,5.6,24.5,11.5,"9032"
"10485","   14 ","25/09/1977",0,4.7,25.5,14,"9032"
"10486","    11 ","26/09/1977",0,7,26,11,"9032"
"10487","    10 ","27/09/1977",0,6.2,24,10,"9032"
"10488","    12.5 ","28/09/1977",0,4.8,23,12.5,"9032"
"10489","    12 ","29/09/1977",0,4.2,23,12,"9032"
"10490","    12 ","30/09/1977",6,3.4,24,12,"9032"
"10491","    11 ","01/10/1977",0,4.5,24,11,"9032"
"10492","   11.5 ","02/10/1977",0,5.8,24.5,11.5,"9032"
"10493","    11 ","03/10/1977",0,4,21,11,"9032"
"10494","   12 ","04/10/1977",0,4.2,22.5,12,"9032"
"10495","    12 ","05/10/1977",0,4.5,23,12,"9032"
"10496","   11.5 ","06/10/1977",0,4.7,24.5,11.5,"9032"
"10497","    12.5 ","07/10/1977",0.5,5.1,24,12.5,"9032"
"10498","   11 ","08/10/1977",0,5.4,25.5,11,"9032"
"10499","   10.5 ","09/10/1977",0,6,26.5,10.5,"9032"
"10500","    12 ","10/10/1977",0,7.2,26,12,"9032"
"10501","    12 ","11/10/1977",0,5.6,26,12,"9032"
"10502","    12.5 ","12/10/1977",0,3.3,16,12.5,"9032"
"10503","   9 ","13/10/1977",0,3.6,20.5,9,"9032"
"10504","    8.5 ","14/10/1977",0,5.2,22,8.5,"9032"
"10505","   6.5 ","15/10/1977",0,5.7,22.5,6.5,"9032"
"10506","   8.5 ","16/10/1977",0,3.6,19.5,8.5,"9032"
"10507","   5.5 ","17/10/1977",0,3.3,21.5,5.5,"9032"
"10508","    9.5 ","18/10/1977",0,3.5,22,9.5,"9032"
"10509","    9.5 ","19/10/1977",0,3.7,22,9.5,"9032"
"10510","    10.5 ","20/10/1977",1.5,1.5,19,10.5,"9032"
"10511","   10 ","21/10/1977",0,2.5,21.5,10,"9032"
"10512","    11 ","22/10/1977",0,3.3,23,11,"9032"
"10513","    11.5 ","23/10/1977",0,3.7,22,11.5,"9032"
"10514","    12.5 ","24/10/1977",0,4.5,25,12.5,"9032"
"10515","    10.5 ","25/10/1977",5,1.6,19,10.5,"9032"
"10516","   12 ","26/10/1977",7.4,1,19.5,12,"9032"
"10517","    12 ","27/10/1977",0,3.9,22,12,"9032"
"10518","   10.5 ","28/10/1977",21.7,5.2,22.5,10.5,"9032"
"10519","    11 ","29/10/1977",0,4.5,22,11,"9032"
"10520","   9 ","30/10/1977",0,4.3,21.5,9,"9032"
"10521","   11 ","31/10/1977",2,2.2,22.5,11,"9032"
"10522","    13.5 ","01/11/1977",0,3.7,21,13.5,"9032"
"10523","   9.5 ","02/11/1977",6.3,3.4,21.5,9.5,"9032"
"10524","    9.5 ","03/11/1977",0,3.7,22,9.5,"9032"
"10525","   8 ","04/11/1977",0,5.3,21.5,8,"9032"
"10526","   6.5 ","05/11/1977",0,5.4,21.5,6.5,"9032"
"10527","   7.5 ","06/11/1977",0,4.7,22.5,7.5,"9032"
"10528","   9.5 ","07/11/1977",0,5.3,22.5,9.5,"9032"
"10529","   10.5 ","08/11/1977",0,4.8,21.5,10.5,"9032"
"10530","   11.5 ","09/11/1977",0,3,19.5,11.5,"9032"
"10531","   10 ","10/11/1977",0,2.2,19.5,10,"9032"
"10532","   8 ","11/11/1977",0,1.7,13.5,8,"9032"
"10533","    7.5 ","12/11/1977",0,2.9,18,7.5,"9032"
"10534","    8 ","13/11/1977",0,3.9,18,8,"9032"
"10535","    6 ","14/11/1977",0,3.2,19,6,"9032"
"10536","    7 ","15/11/1977",0,4.3,21,7,"9032"
"10537","    8.5 ","16/11/1977",0,3.1,23,8.5,"9032"
"10538","    10 ","17/11/1977",0,3.8,20,10,"9032"
"10539","   8.5 ","18/11/1977",0,3.7,19.5,8.5,"9032"
"10540","    9 ","19/11/1977",0,3.2,21,9,"9032"
"10541","    9.5 ","20/11/1977",0,3.7,24,9.5,"9032"
"10542","    10 ","21/11/1977",0,3.8,24,10,"9032"
"10543","    10 ","22/11/1977",9,2.1,17,10,"9032"
"10544","    8.5 ","23/11/1977",0,4.1,21,8.5,"9032"
"10545","    10 ","24/11/1977",0,3.8,21,10,"9032"
"10546","    6.5 ","25/11/1977",0,3.2,21,6.5,"9032"
"10547","   5 ","26/11/1977",0,4.6,20.5,5,"9032"
"10548","   7 ","27/11/1977",0,5.2,20.5,7,"9032"
"10549","   7.5 ","28/11/1977",0,5.9,28.5,7.5,"9032"
"10550","   8 ","29/11/1977",0,4.4,19.5,8,"9032"
"10551","    10.5 ","30/11/1977",0,3.6,17,10.5,"9032"
"10552","    11.5 ","01/12/1977",0,1.7,16,11.5,"9032"
"10553","    10.5 ","02/12/1977",0,3.4,21,10.5,"9032"
"10554","   8.5 ","03/12/1977",0,3.5,19.5,8.5,"9032"
"10555","   10 ","04/12/1977",0,3.9,22.5,10,"9032"
"10556","   10 ","05/12/1977",0,4.1,22.5,10,"9032"
"10557","    10.5 ","06/12/1977",0,3.2,21,10.5,"9032"
"10558","   6 ","07/12/1977",0,4.5,21.5,6,"9032"
"10559","    7.5 ","08/12/1977",0,3.4,22,7.5,"9032"
"10560","    8 ","09/12/1977",1.1,3.3,21,8,"9032"
"10561","    9 ","10/12/1977",0,2.2,19,9,"9032"
"10562","   9.5 ","11/12/1977",0,2.4,18.5,9.5,"9032"
"10563","    9.5 ","12/12/1977",6.3,2.8,19,9.5,"9032"
"10564","   8.5 ","13/12/1977",0.5,1.3,13.5,8.5,"9032"
"10565","   5.5 ","14/12/1977",0,3,16.5,5.5,"9032"
"10566","   6.5 ","15/12/1977",0,3.5,16.5,6.5,"9032"
"10567","    8 ","16/12/1977",0,2.3,17,8,"9032"
"10568","    6 ","17/12/1977",0,4,21,6,"9032"
"10569","    6 ","18/12/1977",0,3.9,23,6,"9032"
"10570","    7.5 ","19/12/1977",0,5.1,23,7.5,"9032"
"10571","   7 ","20/12/1977",0,3.8,21.5,7,"9032"
"10572","    6.5 ","21/12/1977",0,1.8,14,6.5,"9032"
"10573","    0 ","22/12/1977",0,3.3,17,0,"9032"
"10574","   1 ","23/12/1977",0,5,19.5,1,"9032"
"10575","   6 ","24/12/1977",0,5.1,23.5,6,"9032"
"10576","    8 ","25/12/1977",0,6,24,8,"9032"
"10577","   6 ","26/12/1977",0,3.7,22.5,6,"9032"
"10578","    8 ","27/12/1977",0,5.2,23,8,"9032"
"10579","    9 ","28/12/1977",0,4.8,25,9,"9032"
"10580","    10 ","29/12/1977",0,4,23,10,"9032"
"10581","   9 ","30/12/1977",0,4.2,25.5,9,"9032"
"10582","   9 ","31/12/1977",0,6.6,24.5,9,"9032"
"10583","   8 ","01/01/1978",0,5.2,24.5,8,"9032"
"10584","   8 ","02/01/1978",0,3.4,20.5,8,"9032"
"10585","   8 ","03/01/1978",0,3.7,21.5,8,"9032"
"10586","    7.5 ","04/01/1978",0,4.2,21,7.5,"9032"
"10587","   7.5 ","05/01/1978",0,4.3,21.5,7.5,"9032"
"10588","   7.5 ","06/01/1978",0,3.7,21.5,7.5,"9032"
"10589","   7.5 ","07/01/1978",0,4.5,21.5,7.5,"9032"
"10590","    8 ","08/01/1978",0,3.2,17,8,"9032"
"10591","    4.5 ","09/01/1978",4.4,3.3,17,4.5,"9032"
"10592","   3 ","10/01/1978",0,3.4,18.5,3,"9032"
"10593","    4.5 ","11/01/1978",0,5.4,20,4.5,"9032"
"10594","   6 ","12/01/1978",0,4.4,20.5,6,"9032"
"10595","   5.5 ","13/01/1978",0,3.1,19.5,5.5,"9032"
"10596","   4.5 ","14/01/1978",0,4.9,19.5,4.5,"9032"
"10597","    6.5 ","15/01/1978",0,5,22,6.5,"9032"
"10598","    6.5 ","16/01/1978",0,4.8,21,6.5,"9032"
"10599","   7 ","17/01/1978",0,5.2,20.5,7,"9032"
"10600","   8 ","18/01/1978",0,3.9,18.5,8,"9032"
"10601","   4.5 ","19/01/1978",0,4.6,21.5,4.5,"9032"
"10602","   6.5 ","20/01/1978",0,5.1,21.5,6.5,"9032"
"10603","   8.5 ","21/01/1978",0,4,20.5,8.5,"9032"
"10604","   9 ","22/01/1978",0,3.7,19.5,9,"9032"
"10605","   7.5 ","23/01/1978",0,4.8,21.5,7.5,"9032"
"10606","    8.5 ","24/01/1978",0,4.8,23,8.5,"9032"
"10607","    9.5 ","25/01/1978",0,4.7,25,9.5,"9032"
"10608","    6 ","26/01/1978",0,5,23,6,"9032"
"10609","   8 ","27/01/1978",0,4.1,23.5,8,"9032"
"10610","   7.5 ","28/01/1978",0,5.5,21.5,7.5,"9032"
"10611","    5 ","29/01/1978",0,5,22,5,"9032"
"10612","    5 ","30/01/1978",0,5.8,24,5,"9032"
"10613","    8.5 ","31/01/1978",0,7,25,8.5,"9032"
"10614","   9.5 ","01/02/1978",0,5.9,24.5,9.5,"9032"
"10615","    9 ","02/02/1978",0,5.5,25,9,"9032"
"10616","   9 ","03/02/1978",0,4.1,21.5,9,"9032"
"10617","    6.5 ","04/02/1978",0,2.3,15,6.5,"9032"
"10618","    5 ","05/02/1978",0,3.4,16,5,"9032"
"10619","   1 ","06/02/1978",0,5.1,19.5,1,"9032"
"10620","    3.5 ","07/02/1978",0.5,3.9,17,3.5,"9032"
"10621","   5.5 ","08/02/1978",0,6.6,16.5,5.5,"9032"
"10622","   4.5 ","09/02/1978",0,5.6,19.5,4.5,"9032"
"10623","   4.5 ","10/02/1978",0,6.2,22.5,4.5,"9032"
"10624","    7 ","11/02/1978",0,6,19,7,"9032"
"10625","    9 ","12/02/1978",0,4.3,20,9,"9032"
"10626","   6.5 ","13/02/1978",0,7.9,23.5,6.5,"9032"
"10627","   8.5 ","14/02/1978",0,4.5,20.5,8.5,"9032"
"10628","   9.5 ","15/02/1978",0,6.8,21.5,9.5,"9032"
"10629","    10 ","16/02/1978",0,7.1,22,10,"9032"
"10630","   11 ","17/02/1978",0,5.6,19.5,11,"9032"
"10631","    12 ","18/02/1978",0,5.2,19,12,"9032"
"10632","   9.5 ","19/02/1978",0,5.1,20.5,9.5,"9032"
"10633","   9.5 ","20/02/1978",0,6.1,19.5,9.5,"9032"
"10634","    8 ","21/02/1978",0,3.8,19,8,"9032"
"10635","   5.5 ","22/02/1978",8.5,1.5,15.5,5.5,"9032"
"10636","   6.5 ","23/02/1978",1.4,0.2,12.5,6.5,"9032"
"10637","   7.5 ","24/02/1978",0.7,3.6,18.5,7.5,"9032"
"10638","    6.5 ","25/02/1978",0,5.2,22,6.5,"9032"
"10639","   8.5 ","26/02/1978",0,7.2,23.5,8.5,"9032"
"10640","   9.5 ","27/02/1978",0,7.2,23.5,9.5,"9032"
"10641","    9.5 ","28/02/1978",0,7.4,26,9.5,"9032"
"10642","   12 ","01/03/1978",0,6.6,25.5,12,"9032"
"10643","    12 ","02/03/1978",0,8,25,12,"9032"
"10644","   10.5 ","03/03/1978",0,6.9,23.5,10.5,"9032"
"10645","   9 ","04/03/1978",0,5.7,23.5,9,"9032"
"10646","    9.5 ","05/03/1978",0,5.4,23,9.5,"9032"
"10647","   10.5 ","06/03/1978",0,9.4,22.5,10.5,"9032"
"10648","   8.5 ","07/03/1978",0,6.9,20.5,8.5,"9032"
"10649","   7 ","08/03/1978",0,6.9,19.5,7,"9032"
"10650","   4 ","09/03/1978",0,6.2,20.5,4,"9032"
"10651","    7 ","10/03/1978",0,7.8,24,7,"9032"
"10652","    8.5 ","11/03/1978",0,7.9,25,8.5,"9032"
"10653","    9.5 ","12/03/1978",0,8.2,24,9.5,"9032"
"10654","   9.5 ","13/03/1978",0,8.1,26.5,9.5,"9032"
"10655","   11 ","14/03/1978",0,8,26.5,11,"9032"
"10656","    12 ","15/03/1978",1,6.6,25,12,"9032"
"10657","    7 ","16/03/1978",28,2.2,7.5,7,"9032"
"10658","    2 ","17/03/1978",6.2,1.7,10,2,"9032"
"10659","    2 ","18/03/1978",1,1.1,13,2,"9032"
"10660","   3 ","19/03/1978",0,4.2,19.5,3,"9032"
"10661","    5 ","20/03/1978",0,4.7,21,5,"9032"
"10662","    9.5 ","21/03/1978",0,6.5,24,9.5,"9032"
"10663","    11.5 ","22/03/1978",0,6.4,25,11.5,"9032"
"10664","   12.5 ","23/03/1978",0,6.5,26.5,12.5,"9032"
"10665","    12.5 ","24/03/1978",0,6.7,25,12.5,"9032"
"10666","    10.5 ","25/03/1978",0,3.2,23,10.5,"9032"
"10667","   10 ","26/03/1978",4,4.7,21.5,10,"9032"
"10668","   7 ","27/03/1978",0,4.7,20.5,7,"9032"
"10669","   6.5 ","28/03/1978",0,6.2,21.5,6.5,"9032"
"10670","    9 ","29/03/1978",0,5.7,22,9,"9032"
"10671","    13 ","30/03/1978",0,7.6,25,13,"9032"
"10672","    10 ","31/03/1978",0,7.9,25,10,"9032"
"10673","   11 ","01/04/1978",0,6.6,25.5,11,"9032"
"10674","    10 ","02/04/1978",0,8.2,26,10,"9032"
"10675","    11 ","03/04/1978",0,6.1,26,11,"9032"
"10676","   10 ","04/04/1978",0,6.4,26.5,10,"9032"
"10677","    10.5 ","05/04/1978",0,7,26,10.5,"9032"
"10678","    12 ","06/04/1978",0,6.4,25,12,"9032"
"10679","   11 ","07/04/1978",0,4.7,24.5,11,"9032"
"10680","    12 ","08/04/1978",0,7.6,25,12,"9032"
"10681","   12 ","09/04/1978",0,7,25.5,12,"9032"
"10682","    13 ","10/04/1978",0,7.9,25,13,"9032"
"10683","    13 ","11/04/1978",0,5.9,23,13,"9032"
"10684","   12.5 ","12/04/1978",0,8.1,23.5,12.5,"9032"
"10685","    10 ","13/04/1978",0,7.6,26,10,"9032"
"10686","    10 ","14/04/1978",0,8,26,10,"9032"
"10687","    12.5 ","15/04/1978",0,7.1,26,12.5,"9032"
"10688","   14 ","16/04/1978",0,8.4,27.5,14,"9032"
"10689","    13.5 ","17/04/1978",0,8.7,30,13.5,"9032"
"10690","   15 ","18/04/1978",0,9.1,29.5,15,"9032"
"10691","   13.5 ","19/04/1978",0,9,29.5,13.5,"9032"
"10692","    13.5 ","20/04/1978",0,8.9,29,13.5,"9032"
"10693","    12.5 ","21/04/1978",0,8.2,27,12.5,"9032"
"10694","   12.5 ","22/04/1978",0,9.8,28.5,12.5,"9032"
"10695","   12.5 ","23/04/1978",0,8.1,28.5,12.5,"9032"
"10696","   11.5 ","24/04/1978",0,9.9,26.5,11.5,"9032"
"10697","    12 ","25/04/1978",0,6.2,24,12,"9032"
"10698","    10.5 ","26/04/1978",0,6.8,23,10.5,"9032"
"10699","    10.5 ","27/04/1978",0,6.6,24,10.5,"9032"
"10700","    10.5 ","28/04/1978",3,5.4,25,10.5,"9032"
"10701","   11 ","29/04/1978",0,7.2,25.5,11,"9032"
"10702","   13.5 ","30/04/1978",0,7.8,25.5,13.5,"9032"
"10703","    11.5 ","01/05/1978",0,9,27,11.5,"9032"
"10704","   12.5 ","02/05/1978",0,8.6,27.5,12.5,"9032"
"10705","   12.5 ","03/05/1978",0,9.3,28.5,12.5,"9032"
"10706","   12.5 ","04/05/1978",0,9,28.5,12.5,"9032"
"10707","   13.5 ","05/05/1978",0,10.8,27.5,13.5,"9032"
"10708","    14.5 ","06/05/1978",0,9,26,14.5,"9032"
"10709","   13.5 ","07/05/1978",0,9.8,30.5,13.5,"9032"
"10710","    15.5 ","08/05/1978",0,7.6,30,15.5,"9032"
"10711","   14.5 ","09/05/1978",2.5,6.2,29.5,14.5,"9032"
"10712","   11.5 ","10/05/1978",0,7.6,28.5,11.5,"9032"
"10713","    11 ","11/05/1978",0,9.7,21,11,"9032"
"10714","    12.5 ","12/05/1978",0,8.9,29,12.5,"9032"
"10715","    12 ","13/05/1978",0,10,28,12,"9032"
"10716","    11 ","14/05/1978",0,8.1,26,11,"9032"
"10717","   12 ","15/05/1978",0,7.2,24.5,12,"9032"
"10718","   11.5 ","16/05/1978",21.5,8.2,22.5,11.5,"9032"
"10719","    10.5 ","17/05/1978",0,4.8,24,10.5,"9032"
"10720","   12 ","18/05/1978",0,6.1,26.5,12,"9032"
"10721","    12.5 ","19/05/1978",2.5,6.4,26,12.5,"9032"
"10722","   13.5 ","20/05/1978",0,6.7,24.5,13.5,"9032"
"10723","   12.5 ","21/05/1978",0,7.3,25.5,12.5,"9032"
"10724","   13 ","22/05/1978",6.8,5.5,24.5,13,"9032"
"10725","    11.5 ","23/05/1978",20,6.4,24,11.5,"9032"
"10726","   11.5 ","24/05/1978",1.5,5.1,25.5,11.5,"9032"
"10727","   11.5 ","25/05/1978",0.8,5.6,25.5,11.5,"9032"
"10728","    11.5 ","26/05/1978",0,7.6,26,11.5,"9032"
"10729","   12 ","27/05/1978",0,6.9,25.5,12,"9032"
"10730","    10.5 ","28/05/1978",0,6.9,27,10.5,"9032"
"10731","   11 ","29/05/1978",0,5.9,25.5,11,"9032"
"10732","    10.5 ","30/05/1978",1,2.8,20,10.5,"9032"
"10733","    12 ","31/05/1978",4,1.2,19,12,"9032"
"10734","    12 ","01/06/1978",3.5,1.3,23,12,"9032"
"10735","   13.5 ","02/06/1978",1.2,2.7,24.5,13.5,"9032"
"10736","   15 ","03/06/1978",11.9,3.8,20.5,15,"9032"
"10737","    13.5 ","04/06/1978",33,2,19,13.5,"9032"
"10738","    12.5 ","05/06/1978",12.5,2.5,21,12.5,"9032"
"10739","   12 ","06/06/1978",11.5,3.1,21.5,12,"9032"
"10740","    13.5 ","07/06/1978",7,3,22,13.5,"9032"
"10741","    12.5 ","08/06/1978",1.2,3.1,22,12.5,"9032"
"10742","   13 ","09/06/1978",3,0.7,14.1,13,"9032"
"10743","   11.5 ","10/06/1978",6.5,2.5,21.5,11.5,"9032"
"10744","   12 ","11/06/1978",5.4,3.7,23.5,12,"9032"
"10745","   10 ","12/06/1978",5.5,2.3,21.5,10,"9032"
"10746","   11 ","13/06/1978",0,5.2,23.5,11,"9032"
"10747","   12.5 ","14/06/1978",5.5,5.6,24.5,12.5,"9032"
"10748","   13.5 ","15/06/1978",0,5.7,23.5,13.5,"9032"
"10749","    12 ","16/06/1978",0,3.9,22,12,"9032"
"10750","   11 ","17/06/1978",0.5,4.7,21.5,11,"9032"
"10751","    12.5 ","18/06/1978",24,2.7,20,12.5,"9032"
"10752","    11.5 ","19/06/1978",1.2,2.6,20,11.5,"9032"
"10753","   12.5 ","20/06/1978",0,3.6,22.5,12.5,"9032"
"10754","   13.5 ","21/06/1978",0.5,3,21.5,13.5,"9032"
"10755","   12.5 ","22/06/1978",10.5,4.2,22.5,12.5,"9032"
"10756","    12 ","23/06/1978",1.1,2.5,21,12,"9032"
"10757","   13 ","24/06/1978",0,4.7,22.5,13,"9032"
"10758","    12 ","25/06/1978",7,5.2,24,12,"9032"
"10759","    12.5 ","26/06/1978",0,6.1,24,12.5,"9032"
"10760","   12.5 ","27/06/1978",0.3,2.9,22.5,12.5,"9032"
"10761","   11.5 ","28/06/1978",3.5,2.9,20.5,11.5,"9032"
"10762","   12.5 ","29/06/1978",3.7,3.2,21.5,12.5,"9032"
"10763","   12 ","30/06/1978",0,3.4,20.5,12,"9032"
"10764","    12 ","01/07/1978",0.5,2.4,21,12,"9032"
"10765","    12.5 ","02/07/1978",23,2.7,21,12.5,"9032"
"10766","    11.5 ","03/07/1978",2.5,3.7,23,11.5,"9032"
"10767","   13.5 ","04/07/1978",0.5,2.2,19.5,13.5,"9032"
"10768","   11.5 ","05/07/1978",2.5,4.6,22.5,11.5,"9032"
"10769","   11.5 ","06/07/1978",4.5,3.7,21.5,11.5,"9032"
"10770","    10.5 ","07/07/1978",0,3.9,22,10.5,"9032"
"10771","    9.5 ","08/07/1978",1.1,3.8,21,9.5,"9032"
"10772","    11 ","09/07/1978",0,2.9,22,11,"9032"
"10773","   13 ","10/07/1978",9,2.5,21.5,13,"9032"
"10774","   11 ","11/07/1978",7.3,3.2,22.5,11,"9032"
"10775","    11.5 ","12/07/1978",0,3.2,22,11.5,"9032"
"10776","   11.5 ","13/07/1978",4.5,3.2,22.5,11.5,"9032"
"10777","    10.5 ","14/07/1978",1,4.2,22,10.5,"9032"
"10778","   10 ","15/07/1978",0,2.6,22.5,10,"9032"
"10779","   11.5 ","16/07/1978",1.8,4.1,23.5,11.5,"9032"
"10780","   11 ","17/07/1978",0,4.4,24.5,11,"9032"
"10781","   13 ","18/07/1978",10.4,5.7,23.5,13,"9032"
"10782","   12 ","19/07/1978",0.5,3.8,22.5,12,"9032"
"10783","    10.5 ","20/07/1978",0,6.3,25,10.5,"9032"
"10784","   12 ","21/07/1978",13.5,5.2,23.5,12,"9032"
"10785","    11.5 ","22/07/1978",12,3,21,11.5,"9032"
"10786","   12 ","23/07/1978",1.8,2.5,19.5,12,"9032"
"10787","   12 ","24/07/1978",7.9,2.9,22.5,12,"9032"
"10788","   12.5 ","25/07/1978",1,3.2,21.5,12.5,"9032"
"10789","    13 ","26/07/1978",5,3,22,13,"9032"
"10790","    13 ","27/07/1978",7.5,3.2,20,13,"9032"
"10791","    12 ","28/07/1978",1.8,2.3,19,12,"9032"
"10792","    12.5 ","29/07/1978",23,1.8,22,12.5,"9032"
"10793","   10.5 ","30/07/1978",7.5,2.3,20.5,10.5,"9032"
"10794","   10 ","31/07/1978",0,4.2,23.5,10,"9032"
"10795","    11.5 ","01/08/1978",0,6.3,24,11.5,"9032"
"10796","   11.5 ","02/08/1978",0,5.2,23.5,11.5,"9032"
"10797","    9.5 ","03/08/1978",0,2.5,22,9.5,"9032"
"10798","   7.5 ","04/08/1978",0,3.3,22.5,7.5,"9032"
"10799","   11 ","05/08/1978",2.3,4.3,23.5,11,"9032"
"10800","   12.5 ","06/08/1978",0.5,2.3,18.5,12.5,"9032"
"10801","   12 ","07/08/1978",4,1.6,18.5,12,"9032"
"10802","    12 ","08/08/1978",5.5,2.8,18,12,"9032"
"10803","    12 ","09/08/1978",11.8,3.7,21,12,"9032"
"10804","   12.5 ","10/08/1978",7.8,4.6,22.5,12.5,"9032"
"10805","   13 ","11/08/1978",0,5.9,24.5,13,"9032"
"10806","   11.5 ","12/08/1978",5,4.2,23.5,11.5,"9032"
"10807","    11.5 ","13/08/1978",0,3.7,22,11.5,"9032"
"10808","   12.5 ","14/08/1978",21.5,3.2,21.5,12.5,"9032"
"10809","   10 ","15/08/1978",0,4.6,22.5,10,"9032"
"10810","   12 ","16/08/1978",0,5.4,23.5,12,"9032"
"10811","   11.5 ","17/08/1978",0.5,6,24.5,11.5,"9032"
"10812","   11 ","18/08/1978",0.6,4.2,23.5,11,"9032"
"10813","    11.5 ","19/08/1978",0.5,5,24,11.5,"9032"
"10814","   11.5 ","20/08/1978",5.4,3,21.5,11.5,"9032"
"10815","    11.5 ","21/08/1978",14.2,2.7,19,11.5,"9032"
"10816","    10.5 ","22/08/1978",5,3.2,21,10.5,"9032"
"10817","   10.5 ","23/08/1978",1.5,2.4,20.5,10.5,"9032"
"10818","   12.5 ","24/08/1978",2,3,21.5,12.5,"9032"
"10819","   12.5 ","25/08/1978",6,3.2,22.5,12.5,"9032"
"10820","    13.5 ","26/08/1978",0,5.4,24,13.5,"9032"
"10821","    11.5 ","27/08/1978",0,7.6,24,11.5,"9032"
"10822","   10 ","28/08/1978",0,6.4,25.5,10,"9032"
"10823","    11.5 ","29/08/1978",0,6.4,25,11.5,"9032"
"10824","    12 ","30/08/1978",10.5,3,22,12,"9032"
"10825","    10.5 ","31/08/1978",0,4.6,27,10.5,"9032"
"10826","   10.5 ","01/09/1978",0,5,22.5,10.5,"9032"
"10827","   10 ","02/09/1978",0.5,5.4,23.5,10,"9032"
"10828","    12.5 ","03/09/1978",1,2.8,20,12.5,"9032"
"10829","    11.5 ","04/09/1978",4.5,0.9,20,11.5,"9032"
"10830","   12 ","05/09/1978",1.2,2.9,21.5,12,"9032"
"10831","    12 ","06/09/1978",2.5,1.1,19,12,"9032"
"10832","   11.5 ","07/09/1978",0.6,3,22.5,11.5,"9032"
"10833","   13 ","08/09/1978",3.5,2.4,20.5,13,"9032"
"10834","   13.5 ","09/09/1978",1.5,1.6,20.5,13.5,"9032"
"10835","    13 ","10/09/1978",1,2.8,21,13,"9032"
"10836","   12.5 ","11/09/1978",0,5.8,23.5,12.5,"9032"
"10837","    11 ","12/09/1978",0,5.9,25,11,"9032"
"10838","    11 ","13/09/1978",0,4.2,25,11,"9032"
"10839","    12.5 ","14/09/1978",0,3.7,24,12.5,"9032"
"10840","    11.5 ","15/09/1978",0,4.3,23,11.5,"9032"
"10841","   10 ","16/09/1978",0,2.3,22.5,10,"9032"
"10842","   10 ","17/09/1978",3.2,4.2,22.5,10,"9032"
"10843","    11.5 ","18/09/1978",1.2,2.7,22,11.5,"9032"
"10844","   10.5 ","19/09/1978",5,2.5,21.5,10.5,"9032"
"10845","    12 ","20/09/1978",0,2.2,20,12,"9032"
"10846","    12 ","21/09/1978",0.5,1.7,19,12,"9032"
"10847","    11.5 ","22/09/1978",4,1.8,20,11.5,"9032"
"10848","    12.5 ","23/09/1978",23.5,1.8,18,12.5,"9032"
"10849","   12.5 ","24/09/1978",0.5,1,18.5,12.5,"9032"
"10850","   12.5 ","25/09/1978",0.2,3.3,21.5,12.5,"9032"
"10851","   12.5 ","26/09/1978",6.5,3.5,22.5,12.5,"9032"
"10852","    13 ","27/09/1978",11,3.2,22,13,"9032"
"10853","   11 ","28/09/1978",1.1,2,19.5,11,"9032"
"10854","   12 ","29/09/1978",5.3,0.6,19.5,12,"9032"
"10855","   13 ","30/09/1978",4,1.9,19.5,13,"9032"
"10856","    12.5 ","01/10/1978",0.5,2.2,21,12.5,"9032"
"10857","   9.5 ","02/10/1978",0,4.2,23.5,9.5,"9032"
"10858","    11 ","03/10/1978",1,3.7,24,11,"9032"
"10859","    12 ","04/10/1978",0,4.1,23,12,"9032"
"10860","    13 ","05/10/1978",0.5,4.7,23,13,"9032"
"10861","   12 ","06/10/1978",31.5,3.2,20.5,12,"9032"
"10862","    11.5 ","07/10/1978",7.3,2.1,19,11.5,"9032"
"10863","    12.5 ","08/10/1978",20,2.4,19,12.5,"9032"
"10864","   12 ","09/10/1978",0.5,2,18.5,12,"9032"
"10865","   12 ","10/10/1978",0.5,3.8,23.5,12,"9032"
"10866","   10.5 ","11/10/1978",0,4.2,21.5,10.5,"9032"
"10867","   10 ","12/10/1978",10.5,2.5,17.5,10,"9032"
"10868","   9 ","13/10/1978",22.5,2.5,17.5,9,"9032"
"10869","    8 ","14/10/1978",0,0.1,13,8,"9032"
"10870","    8.5 ","15/10/1978",0,0.9,12,8.5,"9032"
"10871","    7.5 ","16/10/1978",1.2,2.8,17,7.5,"9032"
"10872","   7.5 ","17/10/1978",0,1.8,16.5,7.5,"9032"
"10873","    9 ","18/10/1978",0,2.4,19,9,"9032"
"10874","    10 ","19/10/1978",0,3.1,20,10,"9032"
"10875","    10 ","20/10/1978",0,3.7,21,10,"9032"
"10876","   10.5 ","21/10/1978",0,4.4,21.5,10.5,"9032"
"10877","   7.5 ","22/10/1978",0,5.9,23.5,7.5,"9032"
"10878","    8 ","23/10/1978",0,4.8,23,8,"9032"
"10879","    8 ","24/10/1978",0,4.2,21,8,"9032"
"10880","    8.5 ","25/10/1978",0,3.9,21,8.5,"9032"
"10881","    11 ","26/10/1978",0,2.3,21,11,"9032"
"10882","   12.5 ","27/10/1978",0.3,2.5,21.5,12.5,"9032"
"10883","   10.5 ","28/10/1978",10.3,2.7,19.5,10.5,"9032"
"10884","    11.5 ","29/10/1978",0.4,1.5,17,11.5,"9032"
"10885","    11 ","30/10/1978",0,2,21,11,"9032"
"10886","   10.5 ","31/10/1978",0,4.2,21.5,10.5,"9032"
"10887","   10 ","01/11/1978",0,2.6,16.5,10,"9032"
"10888","   10 ","02/11/1978",0,1.8,19.5,10,"9032"
"10889","   11 ","03/11/1978",0,3.2,20.5,11,"9032"
"10890","    10.5 ","04/11/1978",0,4.6,23,10.5,"9032"
"10891","   12 ","05/11/1978",0,4.9,24.5,12,"9032"
"10892","   9.5 ","06/11/1978",0,3.9,23.5,9.5,"9032"
"10893","    11 ","07/11/1978",8.5,3.2,20,11,"9032"
"10894","    9.5 ","08/11/1978",0,2.1,20,9.5,"9032"
"10895","    8 ","09/11/1978",0,4.9,21,8,"9032"
"10896","   9 ","10/11/1978",0,5,23.5,9,"9032"
"10897","   8 ","11/11/1978",0,3.9,22.5,8,"9032"
"10898","   9 ","12/11/1978",0,3.7,21.5,9,"9032"
"10899","   8.5 ","13/11/1978",0,3.4,23.5,8.5,"9032"
"10900","   9.5 ","14/11/1978",0,3.8,22.5,9.5,"9032"
"10901","   9.5 ","15/11/1978",0,3.8,22.5,9.5,"9032"
"10902","   10 ","16/11/1978",0,3.1,21.5,10,"9032"
"10903","   9 ","17/11/1978",0,3.8,21.5,9,"9032"
"10904","    7.5 ","18/11/1978",0,3.8,24,7.5,"9032"
"10905","    7 ","19/11/1978",0,2.5,22,7,"9032"
"10906","    8.5 ","20/11/1978",0,3.6,22,8.5,"9032"
"10907","   8 ","21/11/1978",0,3.4,21.5,8,"9032"
"10908","    7 ","22/11/1978",0,4.1,22,7,"9032"
"10909","    9.5 ","23/11/1978",0,2.8,22,9.5,"9032"
"10910","    8.5 ","24/11/1978",6.6,3.9,23,8.5,"9032"
"10911","    8 ","25/11/1978",0,4.4,23,8,"9032"
"10912","    9.5 ","26/11/1978",1.8,5.1,24,9.5,"9032"
"10913","    9 ","27/11/1978",0,3.2,22,9,"9032"
"10914","   9.5 ","28/11/1978",0,3,22.5,9.5,"9032"
"10915","   8.5 ","29/11/1978",0,2.8,22.5,8.5,"9032"
"10916","    9.5 ","30/11/1978",3.5,0.9,22,9.5,"9032"
"10917","   10 ","01/12/1978",0,3.5,21.5,10,"9032"
"10918","   8.5 ","02/12/1978",0,4.1,23.5,8.5,"9032"
"10919","    10 ","03/12/1978",0,2.3,24,10,"9032"
"10920","   9.5 ","04/12/1978",0,4.6,21.5,9.5,"9032"
"10921","   10 ","05/12/1978",0,4.9,21.5,10,"9032"
"10922","   8 ","06/12/1978",0,3.8,23.5,8,"9032"
"10923","    7.5 ","07/12/1978",0,4.7,23,7.5,"9032"
"10924","    10.5 ","08/12/1978",0,3.7,23,10.5,"9032"
"10925","   9.5 ","09/12/1978",0,3.6,20.5,9.5,"9032"
"10926","   10.5 ","10/12/1978",0,2.3,21.5,10.5,"9032"
"10927","   8.5 ","11/12/1978",0,2.1,18.5,8.5,"9032"
"10928","    9 ","12/12/1978",0,2.2,20,9,"9032"
"10929","    7.5 ","13/12/1978",0,3,21,7.5,"9032"
"10930","   8 ","14/12/1978",0,2.5,18.5,8,"9032"
"10931","    6.5 ","15/12/1978",0,3.7,23,6.5,"9032"
"10932","    8 ","16/12/1978",0,3.8,22,8,"9032"
"10933","    8 ","17/12/1978",0,3,20,8,"9032"
"10934","   5.5 ","18/12/1978",0,2.8,21.5,5.5,"9032"
"10935","   8 ","19/12/1978",0,4.3,20.5,8,"9032"
"10936","    7.5 ","20/12/1978",0,3.7,21,7.5,"9032"
"10937","   7.5 ","21/12/1978",0,3.3,21.5,7.5,"9032"
"10938","    10 ","22/12/1978",0,4.3,23,10,"9032"
"10939","   8.5 ","23/12/1978",0,5.6,21.5,8.5,"9032"
"10940","   6.5 ","24/12/1978",0,4,19.5,6.5,"9032"
"10941","   1 ","25/12/1978",0,3.5,19.5,1,"9032"
"10942","    7.5 ","26/12/1978",0,5.4,23,7.5,"9032"
"10943","   7 ","27/12/1978",0,3.2,20.5,7,"9032"
"10944","   7.5 ","28/12/1978",0,5,22.5,7.5,"9032"
"10945","   7 ","29/12/1978",0,3.7,22.5,7,"9032"
"10946","    8.5 ","30/12/1978",0,4.7,24,8.5,"9032"
"10947","    9 ","31/12/1978",0,5.3,24,9,"9032"
"10948","    8.5 ","01/01/1979",0,4.8,22,8.5,"9032"
"10949","   7.5 ","02/01/1979",0,5.2,18.5,7.5,"9032"
"10950","   0.5 ","03/01/1979",0,4.9,19.5,0.5,"9032"
"10951","   3.5 ","04/01/1979",0,5.1,21.5,3.5,"9032"
"10952","    5.5 ","05/01/1979",0,4.8,21,5.5,"9032"
"10953","   6.5 ","06/01/1979",0,5.1,22.5,6.5,"9032"
"10954","    6 ","07/01/1979",0,3.7,21,6,"9032"
"10955","   5 ","08/01/1979",0,5.1,18.5,5,"9032"
"10956","   4.5 ","09/01/1979",0,5.2,19.5,4.5,"9032"
"10957","    6 ","10/01/1979",0,4.7,21,6,"9032"
"10958","    6 ","11/01/1979",0,5.1,21,6,"9032"
"10959","   5 ","12/01/1979",0,4.9,22.5,5,"9032"
"10960","   5 ","13/01/1979",0,5,22.5,5,"9032"
"10961","    5 ","14/01/1979",0,5.1,21,5,"9032"
"10962","   4 ","15/01/1979",0,3.9,20.5,4,"9032"
"10963","   6 ","16/01/1979",0,3.9,21.5,6,"9032"
"10964","    6 ","17/01/1979",0,2.6,21,6,"9032"
"10965","    8 ","18/01/1979",0,4.7,21,8,"9032"
"10966","   7 ","19/01/1979",0,3.8,21.5,7,"9032"
"10967","    7 ","20/01/1979",0,4.4,23,7,"9032"
"10968","    8.5 ","21/01/1979",0,4.2,21,8.5,"9032"
"10969","   7.5 ","22/01/1979",0,4.1,18.5,7.5,"9032"
"10970","    8.5 ","23/01/1979",0,4.2,21,8.5,"9032"
"10971","    8.5 ","24/01/1979",0,3.9,20,8.5,"9032"
"10972","   9.5 ","25/01/1979",0,4.5,22.5,9.5,"9032"
"10973","   9.5 ","26/01/1979",0,3.7,25.5,9.5,"9032"
"10974","   9.5 ","27/01/1979",0,5.7,24.5,9.5,"9032"
"10975","   9.5 ","28/01/1979",0,5.8,22.5,9.5,"9032"
"10976","   9 ","29/01/1979",0,6.1,23.5,9,"9032"
"10977","   9 ","30/01/1979",0,5,25.5,9,"9032"
"10978","    10 ","31/01/1979",0,5.7,25,10,"9032"
"10979","   9 ","01/02/1979",0,4.8,24.5,9,"9032"
"10980","   9 ","02/02/1979",0,6,24.5,9,"9032"
"10981","    8.5 ","03/02/1979",0,6.2,23,8.5,"9032"
"10982","   8 ","04/02/1979",0,5.9,24.5,8,"9032"
"10983","    9.5 ","05/02/1979",0,6,23,9.5,"9032"
"10984","   10.5 ","06/02/1979",0,5.6,21.5,10.5,"9032"
"10985","   11 ","07/02/1979",0,1.6,18.5,11,"9032"
"10986","    6.5 ","08/02/1979",0,4.5,19,6.5,"9032"
"10987","    7.5 ","09/02/1979",0,3.2,17,7.5,"9032"
"10988","   5 ","10/02/1979",8.2,2.2,19.5,5,"9032"
"10989","   6.5 ","11/02/1979",8,1.2,14.5,6.5,"9032"
"10990","   8 ","12/02/1979",11,1,16.5,8,"9032"
"10991","   7.5 ","13/02/1979",0,3.9,18.5,7.5,"9032"
"10992","   8 ","14/02/1979",0,2.8,20.5,8,"9032"
"10993","    9.5 ","15/02/1979",2.5,4.2,22,9.5,"9032"
"10994","    8 ","16/02/1979",0,5,23,8,"9032"
"10995","    9 ","17/02/1979",0,4.5,22,9,"9032"
"10996","   9.5 ","18/02/1979",1,3.7,22.5,9.5,"9032"
"10997","   7.5 ","19/02/1979",0.6,4.3,22.5,7.5,"9032"
"10998","    7.5 ","20/02/1979",0.3,3.4,16,7.5,"9032"
"10999","   6.5 ","21/02/1979",0,5,22.5,6.5,"9032"
"11000","    7.5 ","22/02/1979",0,6.4,22,7.5,"9032"
"11001","   8.5 ","23/02/1979",0,5.6,23.5,8.5,"9032"
"11002","   9.5 ","24/02/1979",0,6.2,25.5,9.5,"9032"
"11003","   9.5 ","25/02/1979",0,3.9,21.5,9.5,"9032"
"11004","   4.5 ","26/02/1979",0,4.2,21.5,4.5,"9032"
"11005","    6 ","27/02/1979",0,4.5,22,6,"9032"
"11006","   9 ","28/02/1979",0,5.2,22.5,9,"9032"
"11007","   9 ","01/03/1979",0,6.9,23.5,9,"9032"
"11008","   9.5 ","02/03/1979",0,7.3,23.5,9.5,"9032"
"11009","    9.5 ","03/03/1979",0,7,24,9.5,"9032"
"11010","   10 ","04/03/1979",0,6.5,23.5,10,"9032"
"11011","   11 ","05/03/1979",0,5.6,22.5,11,"9032"
"11012","    7 ","06/03/1979",0,6.3,22,7,"9032"
"11013","    6.5 ","07/03/1979",0,3.6,19,6.5,"9032"
"11014","   6.5 ","08/03/1979",0,5.2,21.5,6.5,"9032"
"11015","   9 ","09/03/1979",0,6,21.5,9,"9032"
"11016","    9 ","10/03/1979",0,5.1,23,9,"9032"
"11017","   9 ","11/03/1979",0,6.1,24.5,9,"9032"
"11018","    7.5 ","12/03/1979",0,4.9,23,7.5,"9032"
"11019","    7.5 ","13/03/1979",0,5,24,7.5,"9032"
"11020","    11 ","14/03/1979",0,7,25,11,"9032"
"11021","   11.5 ","15/03/1979",0,4.7,27.5,11.5,"9032"
"11022","   7.5 ","16/03/1979",0,4.2,24.5,7.5,"9032"
"11023","    8 ","17/03/1979",0,4.8,23,8,"9032"
"11024","   9 ","18/03/1979",0,7.7,25.5,9,"9032"
"11025","    9.5 ","19/03/1979",0,6.1,24,9.5,"9032"
"11026","    9 ","20/03/1979",0,6.2,23,9,"9032"
"11027","   9.5 ","21/03/1979",0,8.1,23.5,9.5,"9032"
"11028","   11 ","22/03/1979",0,9.4,26.5,11,"9032"
"11029","   10 ","23/03/1979",0,7.2,28.5,10,"9032"
"11030","   11.5 ","24/03/1979",0,6.7,28.5,11.5,"9032"
"11031","   12.5 ","25/03/1979",0,7.9,28.5,12.5,"9032"
"11032","    11.5 ","26/03/1979",0,9.8,26,11.5,"9032"
"11033","    12.5 ","27/03/1979",0,9.4,26,12.5,"9032"
"11034","   10.5 ","28/03/1979",0,7.9,26.5,10.5,"9032"
"11035","   11.5 ","29/03/1979",0,7,27.5,11.5,"9032"
"11036","   12 ","30/03/1979",0,6.9,27.5,12,"9032"
"11037","    13.5 ","31/03/1979",0,6.7,26,13.5,"9032"
"11038","   12.5 ","01/04/1979",0,7.1,27.5,12.5,"9032"
"11039","   12.5 ","02/04/1979",0,7,26.5,12.5,"9032"
"11040","   12 ","03/04/1979",0,9.2,27.5,12,"9032"
"11041","    13.5 ","04/04/1979",0,8.8,28,13.5,"9032"
"11042","   12 ","05/04/1979",15.8,5.7,25.5,12,"9032"
"11043","   11 ","06/04/1979",4.5,4.8,25.5,11,"9032"
"11044","    10.5 ","07/04/1979",0,5.6,27,10.5,"9032"
"11045","   11.5 ","08/04/1979",0,7.3,28.5,11.5,"9032"
"11046","   13.5 ","09/04/1979",0,8.2,27.5,13.5,"9032"
"11047","    13.5 ","10/04/1979",0,7.8,27,13.5,"9032"
"11048","    15 ","11/04/1979",0,7.9,28,15,"9032"
"11049","   12 ","12/04/1979",0,6.6,28.5,12,"9032"
"11050","    13.5 ","13/04/1979",0,6.8,28,13.5,"9032"
"11051","    12.5 ","14/04/1979",3.5,5.9,24,12.5,"9032"
"11052","    10.5 ","15/04/1979",1,4.3,25,10.5,"9032"
"11053","    10.5 ","16/04/1979",0.3,5.7,26,10.5,"9032"
"11054","    11 ","17/04/1979",0.6,3.7,22,11,"9032"
"11055","   10 ","18/04/1979",0,4.5,23.5,10,"9032"
"11056","    11.5 ","19/04/1979",0,3,24,11.5,"9032"
"11057","   11.5 ","20/04/1979",9.8,3.8,22.5,11.5,"9032"
"11058","   10.5 ","21/04/1979",0.3,5.8,22.5,10.5,"9032"
"11059","    8 ","22/04/1979",0.3,5.6,23,8,"9032"
"11060","   9 ","23/04/1979",3.2,1.7,17.5,9,"9032"
"11061","   8 ","24/04/1979",0.3,4.8,21.5,8,"9032"
"11062","   9 ","25/04/1979",0,6.1,24.5,9,"9032"
"11063","   11.5 ","26/04/1979",0,6.9,26.5,11.5,"9032"
"11064","    13 ","27/04/1979",0,6.6,26,13,"9032"
"11065","   13.5 ","28/04/1979",0,6.4,25.5,13.5,"9032"
"11066","   14 ","29/04/1979",0,6.8,26.5,14,"9032"
"11067","   12.5 ","30/04/1979",0,7.1,26.5,12.5,"9032"
"11068","    12.5 ","01/05/1979",0,6.7,26,12.5,"9032"
"11069","    12 ","02/05/1979",0,8.1,28,12,"9032"
"11070","    14 ","03/05/1979",0,8.8,29,14,"9032"
"11071","   13 ","04/05/1979",0,9.1,28.5,13,"9032"
"11072","   11.5 ","05/05/1979",0,7.8,25.5,11.5,"9032"
"11073","    11.5 ","06/05/1979",0,6.2,25,11.5,"9032"
"11074","    12.5 ","07/05/1979",0,8,28,12.5,"9032"
"11075","    12 ","08/05/1979",0,10.7,27,12,"9032"
"11076","   13.5 ","09/05/1979",0,9.3,28.5,13.5,"9032"
"11077","    13 ","10/05/1979",0,8.6,26,13,"9032"
"11078","   12.5 ","11/05/1979",0,8.3,28.5,12.5,"9032"
"11079","   11.5 ","12/05/1979",0,6.9,26.5,11.5,"9032"
"11080","   12 ","13/05/1979",2.2,3.9,26.5,12,"9032"
"11081","   11.5 ","14/05/1979",2.4,4.2,24.5,11.5,"9032"
"11082","   12 ","15/05/1979",4.3,3.4,22.5,12,"9032"
"11083","   9.5 ","16/05/1979",17.7,5.5,23.5,9.5,"9032"
"11084","    10 ","17/05/1979",0,5.7,25,10,"9032"
"11085","    11.5 ","18/05/1979",0,5.9,25,11.5,"9032"
"11086","   12 ","19/05/1979",0,6.7,27.5,12,"9032"
"11087","   13.5 ","20/05/1979",0.3,6.9,26.5,13.5,"9032"
"11088","   13.5 ","21/05/1979",0,5.1,25.5,13.5,"9032"
"11089","    13 ","22/05/1979",2.1,5.2,27,13,"9032"
"11090","   12.5 ","23/05/1979",0,4.6,25.5,12.5,"9032"
"11091","   11.5 ","24/05/1979",16.5,5.4,24.5,11.5,"9032"
"11092","    11.5 ","25/05/1979",1.1,4.6,21,11.5,"9032"
"11093","   11 ","26/05/1979",3.5,4.2,22.5,11,"9032"
"11094","    11.5 ","27/05/1979",0,4.1,23,11.5,"9032"
"11095","   11 ","28/05/1979",1.1,2.8,22.5,11,"9032"
"11096","   12.5 ","29/05/1979",6.3,3.7,24.5,12.5,"9032"
"11097","    13 ","30/05/1979",33,4.9,25,13,"9032"
"11098","   11 ","31/05/1979",0,5.1,26.5,11,"9032"
"11099","    12 ","01/06/1979",0,5.6,25,12,"9032"
"11100","    14.5 ","02/06/1979",0,5.1,24,14.5,"9032"
"11101","    14 ","03/06/1979",1.3,3.6,21,14,"9032"
"11102","    12.5 ","04/06/1979",0,3.9,21,12.5,"9032"
"11103","    14 ","05/06/1979",0.2,3.4,23,14,"9032"
"11104","   14 ","06/06/1979",0,6.9,25.5,14,"9032"
"11105","    13.5 ","07/06/1979",1.2,5,26,13.5,"9032"
"11106","   13 ","08/06/1979",4.1,4.2,25.5,13,"9032"
"11107","   14 ","09/06/1979",0.7,4,23.5,14,"9032"
"11108","    12.5 ","10/06/1979",3.1,4.7,21,12.5,"9032"
"11109","    12 ","11/06/1979",0,5.1,20,12,"9032"
"11110","    11 ","12/06/1979",0,4.2,21,11,"9032"
"11111","    10.5 ","13/06/1979",0,5.6,22,10.5,"9032"
"11112","   7 ","14/06/1979",0,5.7,23.5,7,"9032"
"11113","    8 ","15/06/1979",0,7.3,24,8,"9032"
"11114","    13 ","16/06/1979",0,7,24,13,"9032"
"11115","    12.5 ","17/06/1979",0,5.8,26,12.5,"9032"
"11116","   13.5 ","18/06/1979",0,5.2,25.5,13.5,"9032"
"11117","   13.5 ","19/06/1979",2.6,5.6,26.5,13.5,"9032"
"11118","    11.5 ","20/06/1979",0.6,4.2,24,11.5,"9032"
"11119","   11.5 ","21/06/1979",0,7,25.5,11.5,"9032"
"11120","    12.5 ","22/06/1979",0,7.8,27,12.5,"9032"
"11121","   10.5 ","23/06/1979",0,7.2,26.5,10.5,"9032"
"11122","    11 ","24/06/1979",4.5,6,25,11,"9032"
"11123","    13.5 ","25/06/1979",5.4,3.5,23,13.5,"9032"
"11124","    13 ","26/06/1979",26.1,3,20,13,"9032"
"11125","    12 ","27/06/1979",4.1,1.8,20,12,"9032"
"11126","   13.5 ","28/06/1979",1.3,3.1,22.5,13.5,"9032"
"11127","   13 ","29/06/1979",0,3.3,23.5,13,"9032"
"11128","    13.5 ","30/06/1979",0,4,24,13.5,"9032"
"11129","    11 ","01/07/1979",0,5.3,25,11,"9032"
"11130","   10.5 ","02/07/1979",0,7.6,25.5,10.5,"9032"
"11131","   14.5 ","03/07/1979",0.8,3.6,22.5,14.5,"9032"
"11132","   11.5 ","04/07/1979",3.8,3,24.5,11.5,"9032"
"11133","    14 ","05/07/1979",0,5.8,24,14,"9032"
"11134","   14.5 ","06/07/1979",0,5.1,23.5,14.5,"9032"
"11135","    13.5 ","07/07/1979",1.6,4.3,24,13.5,"9032"
"11136","   12.5 ","08/07/1979",0,3.7,22.5,12.5,"9032"
"11137","   11 ","09/07/1979",19.2,4.2,22.5,11,"9032"
"11138","    12 ","10/07/1979",5.2,4.4,23,12,"9032"
"11139","   11 ","11/07/1979",0,5.2,22.5,11,"9032"
"11140","   12 ","12/07/1979",9.9,3,21.5,12,"9032"
"11141","   12 ","13/07/1979",2.6,2.6,21.5,12,"9032"
"11142","   12 ","14/07/1979",0.5,6.2,23.5,12,"9032"
"11143","   11.5 ","15/07/1979",0,6.8,24.5,11.5,"9032"
"11144","    10.5 ","16/07/1979",0,5.3,24,10.5,"9032"
"11145","    12.5 ","17/07/1979",6.4,4.2,22,12.5,"9032"
"11146","   12.5 ","18/07/1979",13.2,5.2,23.5,12.5,"9032"
"11147","   10.5 ","19/07/1979",2.4,3.8,22.5,10.5,"9032"
"11148","    12 ","20/07/1979",0.3,4.1,22,12,"9032"
"11149","    12.5 ","21/07/1979",6.3,4.6,24,12.5,"9032"
"11150","    13.5 ","22/07/1979",14.3,4.9,24,13.5,"9032"
"11151","   10.5 ","23/07/1979",9.7,4,21.5,10.5,"9032"
"11152","   13 ","24/07/1979",2,3,21.5,13,"9032"
"11153","    12.5 ","25/07/1979",0,4.7,24,12.5,"9032"
"11154","    12.5 ","26/07/1979",42,3.2,22,12.5,"9032"
"11155","    11.5 ","27/07/1979",14.3,1.8,19,11.5,"9032"
"11156","    11.5 ","28/07/1979",3.6,3.6,21,11.5,"9032"
"11157","    11 ","29/07/1979",0,4,21,11,"9032"
"11158","   11 ","30/07/1979",5.4,2.4,20.5,11,"9032"
"11159","   10.5 ","31/07/1979",2.3,2.9,22.5,10.5,"9032"
"11160","    9.5 ","01/08/1979",0,5.9,23,9.5,"9032"
"11161","    11 ","02/08/1979",1.2,4,22,11,"9032"
"11162","   10.5 ","03/08/1979",7.3,3,21.5,10.5,"9032"
"11163","   12 ","04/08/1979",0,3,20.5,12,"9032"
"11164","   11.5 ","05/08/1979",1.4,1.4,16.5,11.5,"9032"
"11165","    12.5 ","06/08/1979",2,2.2,18,12.5,"9032"
"11166","   12 ","07/08/1979",0,3.3,22.5,12,"9032"
"11167","    12.5 ","08/08/1979",2.7,4.5,23,12.5,"9032"
"11168","   12.5 ","09/08/1979",0,2,20.5,12.5,"9032"
"11169","   12 ","10/08/1979",0,1.6,20.5,12,"9032"
"11170","   13 ","11/08/1979",18,3,22.5,13,"9032"
"11171","    12.5 ","12/08/1979",20,2.3,21,12.5,"9032"
"11172","    10.5 ","13/08/1979",5.1,2.2,21,10.5,"9032"
"11173","   10.5 ","14/08/1979",12.6,3.2,21.5,10.5,"9032"
"11174","    10.5 ","15/08/1979",0,2.1,19,10.5,"9032"
"11175","   11.5 ","16/08/1979",1.7,4.3,22.5,11.5,"9032"
"11176","   11 ","17/08/1979",8.5,3.7,21.5,11,"9032"
"11177","   11 ","18/08/1979",2,3.2,21.5,11,"9032"
"11178","   12.5 ","19/08/1979",13.5,3.3,21.5,12.5,"9032"
"11179","    12.5 ","20/08/1979",0,4.2,22,12.5,"9032"
"11180","    12 ","21/08/1979",0,4.1,23,12,"9032"
"11181","   10 ","22/08/1979",4.4,3.3,23.5,10,"9032"
"11182","   9.5 ","23/08/1979",0,3.7,22.5,9.5,"9032"
"11183","    12 ","24/08/1979",2.3,2.6,20,12,"9032"
"11184","    11.5 ","25/08/1979",12,0.5,14,11.5,"9032"
"11185","   10.5 ","26/08/1979",33,2,14.5,10.5,"9032"
"11186","    11.5 ","27/08/1979",1.8,2.7,21,11.5,"9032"
"11187","    12 ","28/08/1979",8.7,1.6,21,12,"9032"
"11188","   12.5 ","29/08/1979",0,2.2,21.5,12.5,"9032"
"11189","   11.5 ","30/08/1979",4.8,3.2,23.5,11.5,"9032"
"11190","   12.5 ","31/08/1979",0,3.4,19.5,12.5,"9032"
"11191","    12.5 ","01/09/1979",16.6,4.3,24,12.5,"9032"
"11192","    10.5 ","02/09/1979",0,3.4,23,10.5,"9032"
"11193","   11 ","03/09/1979",1,2.1,21.5,11,"9032"
"11194","   13 ","04/09/1979",0.5,1.1,19.5,13,"9032"
"11195","   13.5 ","05/09/1979",2.2,1.7,20.5,13.5,"9032"
"11196","    14 ","06/09/1979",0.8,3.4,20,14,"9032"
"11197","   13 ","07/09/1979",0.3,1.6,17.5,13,"9032"
"11198","   13 ","08/09/1979",1.5,2.4,20.5,13,"9032"
"11199","    13 ","09/09/1979",11.1,0.9,19,13,"9032"
"11200","   13 ","10/09/1979",30.8,1.7,18.5,13,"9032"
"11201","   11.5 ","11/09/1979",8.3,2,18.5,11.5,"9032"
"11202","   12 ","12/09/1979",9,2.2,20.5,12,"9032"
"11203","   12 ","13/09/1979",25.4,2,20.5,12,"9032"
"11204","   12.5 ","14/09/1979",0,1.7,18.5,12.5,"9032"
"11205","   11.5 ","15/09/1979",0.3,2.2,18.5,11.5,"9032"
"11206","   11 ","16/09/1979",0,3.2,18.5,11,"9032"
"11207","    10.5 ","17/09/1979",21.3,0.9,14,10.5,"9032"
"11208","    11.5 ","18/09/1979",11.5,1,14,11.5,"9032"
"11209","   12.5 ","19/09/1979",2.8,1.4,15.5,12.5,"9032"
"11210","   11.5 ","20/09/1979",4.2,1.4,18.5,11.5,"9032"
"11211","   12.5 ","21/09/1979",0.5,0.8,16.5,12.5,"9032"
"11212","    11.5 ","22/09/1979",0,3.7,20,11.5,"9032"
"11213","    12 ","23/09/1979",0,3.9,22,12,"9032"
"11214","    8 ","24/09/1979",0,5.2,21,8,"9032"
"11215","   9 ","25/09/1979",0,4.9,18.5,9,"9032"
"11216","   5 ","26/09/1979",0,4.5,19.5,5,"9032"
"11217","    5 ","27/09/1979",0,4.2,20,5,"9032"
"11218","   6.5 ","28/09/1979",0,6.3,22.5,6.5,"9032"
"11219","   6.5 ","29/09/1979",0,6.4,22.5,6.5,"9032"
"11220","   5 ","30/09/1979",0,6.1,22.5,5,"9032"
"11221","    5.5 ","01/10/1979",0,5.7,22,5.5,"9032"
"11222","    5 ","02/10/1979",0,5.4,23,5,"9032"
"11223","    6 ","03/10/1979",0,5.7,24,6,"9032"
"11224","    7 ","04/10/1979",0,5.2,24,7,"9032"
"11225","    7.5 ","05/10/1979",0,4.7,23,7.5,"9032"
"11226","    8.5 ","06/10/1979",0,6.7,24,8.5,"9032"
"11227","    9 ","07/10/1979",0,6,24,9,"9032"
"11228","   7.5 ","08/10/1979",0,6,24.5,7.5,"9032"
"11229","   9 ","09/10/1979",0,6,25.5,9,"9032"
"11230","    11 ","10/10/1979",0,5.2,23,11,"9032"
"11231","   8 ","11/10/1979",0,4.7,23.5,8,"9032"
"11232","   7 ","12/10/1979",0,6.3,24.5,7,"9032"
"11233","    9 ","13/10/1979",0,5.9,25,9,"9032"
"11234","    8 ","14/10/1979",0,4.9,25,8,"9032"
"11235","   7.5 ","15/10/1979",0,5.1,24.5,7.5,"9032"
"11236","    7.5 ","16/10/1979",0,7,24,7.5,"9032"
"11237","    8 ","17/10/1979",0,5.4,25,8,"9032"
"11238","   7.5 ","18/10/1979",0,5.3,25.5,7.5,"9032"
"11239","    9.5 ","19/10/1979",0,5.9,26,9.5,"9032"
"11240","    10.5 ","20/10/1979",0,6.3,26,10.5,"9032"
"11241","   11.5 ","21/10/1979",0,4.7,26.5,11.5,"9032"
"11242","   11.5 ","22/10/1979",0,5.8,26.5,11.5,"9032"
"11243","   12 ","23/10/1979",0,4,21.5,12,"9032"
"11244","    8.5 ","24/10/1979",0,5.1,23,8.5,"9032"
"11245","   9.5 ","25/10/1979",0,3,20.5,9.5,"9032"
"11246","   8 ","26/10/1979",0,3,22.5,8,"9032"
"11247","    11 ","27/10/1979",0,2.3,21,11,"9032"
"11248","    12 ","28/10/1979",0.6,5.1,24,12,"9032"
"11249","    12.5 ","29/10/1979",0.5,3.7,23,12.5,"9032"
"11250","    12.5 ","30/10/1979",0,3,20,12.5,"9032"
"11251","    7.5 ","31/10/1979",0,5.1,25,7.5,"9032"
"11252","    8.5 ","01/11/1979",0,5,25,8.5,"9032"
"11253","   8.5 ","02/11/1979",0,4.2,23.5,8.5,"9032"
"11254","    10.5 ","03/11/1979",0,2.8,20,10.5,"9032"
"11255","   10 ","04/11/1979",0,3.7,21.5,10,"9032"
"11256","    7 ","05/11/1979",0,5.3,22,7,"9032"
"11257","    7.5 ","06/11/1979",0,3.7,19,7.5,"9032"
"11258","   9 ","07/11/1979",0,4.4,21.5,9,"9032"
"11259","   7 ","08/11/1979",0,4.3,21.5,7,"9032"
"11260","   9 ","09/11/1979",0,5.1,23.5,9,"9032"
"11261","    8.5 ","10/11/1979",0,4.6,24,8.5,"9032"
"11262","    9.5 ","11/11/1979",0,5.3,23,9.5,"9032"
"11263","    9 ","12/11/1979",0,3.3,22,9,"9032"
"11264","   11.5 ","13/11/1979",0,2.8,16.5,11.5,"9032"
"11265","   6.5 ","14/11/1979",0,3.2,18.5,6.5,"9032"
"11266","   8 ","15/11/1979",0,3.8,19.5,8,"9032"
"11267","   6.5 ","16/11/1979",0,3.9,20.5,6.5,"9032"
"11268","   4.5 ","17/11/1979",0,4.2,20.5,4.5,"9032"
"11269","   6 ","18/11/1979",0,3,18.5,6,"9032"
"11270","   9.5 ","19/11/1979",0,4.1,23.5,9.5,"9032"
"11271","   9.5 ","20/11/1979",0,5.1,24.5,9.5,"9032"
"11272","    9.5 ","21/11/1979",0,3.7,24,9.5,"9032"
"11273","    8.5 ","22/11/1979",0,4.2,24,8.5,"9032"
"11274","    10.5 ","23/11/1979",0,4.9,23,10.5,"9032"
"11275","   9.5 ","24/11/1979",0,3.8,20.5,9.5,"9032"
"11276","   6 ","25/11/1979",0,3,20.5,6,"9032"
"11277","   6.5 ","26/11/1979",0,3.2,22.5,6.5,"9032"
"11278","   6.5 ","27/11/1979",0,3.9,21.5,6.5,"9032"
"11279","   7 ","28/11/1979",0,3,21.5,7,"9032"
"11280","    7 ","29/11/1979",0,3.1,17,7,"9032"
"11281","    4.5 ","30/11/1979",0,3.9,21,4.5,"9032"
"11282","    7 ","01/12/1979",0,3.2,21,7,"9032"
"11283","    8 ","02/12/1979",0,3.3,19,8,"9032"
"11284","   8 ","03/12/1979",17.9,3.2,20.5,8,"9032"
"11285","    7 ","04/12/1979",12,1,18,7,"9032"
"11286","   6.5 ","05/12/1979",2.2,0.3,15.5,6.5,"9032"
"11287","    6 ","06/12/1979",0,2,15,6,"9032"
"11288","    6.5 ","07/12/1979",0,4,20,6.5,"9032"
"11289","   7.5 ","08/12/1979",0,3.3,19.5,7.5,"9032"
"11290","   9 ","09/12/1979",0,2.1,16.5,9,"9032"
"11291","    7.5 ","10/12/1979",0,2.5,21,7.5,"9032"
"11292","    8.5 ","11/12/1979",0,3.1,21,8.5,"9032"
"11293","   9 ","12/12/1979",0,4,21.5,9,"9032"
"11294","   9 ","13/12/1979",0,3,23.5,9,"9032"
"11295","    8 ","14/12/1979",0,2,20,8,"9032"
"11296","    8 ","15/12/1979",0,3.2,20,8,"9032"
"11297","    8.5 ","16/12/1979",1.5,2.6,20,8.5,"9032"
"11298","    10 ","17/12/1979",0,1.6,15,10,"9032"
"11299","   4 ","18/12/1979",0,3.1,20.5,4,"9032"
"11300","    5 ","19/12/1979",0,2.2,21,5,"9032"
"11301","    8 ","20/12/1979",0,3.2,21,8,"9032"
"11302","   7.5 ","21/12/1979",0,4.3,20.5,7.5,"9032"
"11303","   8 ","22/12/1979",0,3.7,22.5,8,"9032"
"11304","   9 ","23/12/1979",0,4.9,22.5,9,"9032"
"11305","   9 ","24/12/1979",0,2.5,17.5,9,"9032"
"11306","   6.5 ","25/12/1979",0,2.2,18.5,6.5,"9032"
"11307","    6.5 ","26/12/1979",0,3.8,21,6.5,"9032"
"11308","   7 ","27/12/1979",0,3,21.5,7,"9032"
"11309","   9.5 ","28/12/1979",0,4.4,21.5,9.5,"9032"
"11310","   8 ","29/12/1979",0,3.7,21.5,8,"9032"
"11311","    6.5 ","30/12/1979",0,2.5,21,6.5,"9032"
"11312","   6.5 ","31/12/1979",0,4.9,19.5,6.5,"9032"
"11313","    3.5 ","01/01/1980",0,3.8,20,3.5,"9032"
"11314","    5 ","02/01/1980",0,2.7,18,5,"9032"
"11315","   7 ","03/01/1980",0,3.2,17.5,7,"9032"
"11316","    3 ","04/01/1980",0,3.8,18,3,"9032"
"11317","    3 ","05/01/1980",0,3.9,20,3,"9032"
"11318","   6 ","06/01/1980",0,4.1,20.5,6,"9032"
"11319","   6.5 ","07/01/1980",0,3.9,21.5,6.5,"9032"
"11320","   8 ","08/01/1980",0,3,19.5,8,"9032"
"11321","    7.5 ","09/01/1980",0,4.1,24,7.5,"9032"
"11322","    9.5 ","10/01/1980",0,5.1,25,9.5,"9032"
"11323","   8 ","11/01/1980",0,5.5,23.5,8,"9032"
"11324","   6.5 ","12/01/1980",0,4.4,22.5,6.5,"9032"
"11325","   8 ","13/01/1980",0,5,22.5,8,"9032"
"11326","   7.5 ","14/01/1980",0,4.2,22.5,7.5,"9032"
"11327","    8.5 ","15/01/1980",0,4.8,24,8.5,"9032"
"11328","    8.5 ","16/01/1980",0,4.1,22,8.5,"9032"
"11329","   7 ","17/01/1980",0,2,20.5,7,"9032"
"11330","    6.5 ","18/01/1980",0,1.8,21,6.5,"9032"
"11331","    7 ","19/01/1980",0,2.6,21,7,"9032"
"11332","    8.5 ","20/01/1980",0,1.4,17,8.5,"9032"
"11333","    9 ","21/01/1980",2.4,4.6,21,9,"9032"
"11334","    7.5 ","22/01/1980",0.4,2.8,17,7.5,"9032"
"11335","   10 ","23/01/1980",11.9,3.4,18.5,10,"9032"
"11336","   5 ","24/01/1980",17.8,1.6,13.5,5,"9032"
"11337","    6.5 ","25/01/1980",40,1.4,15,6.5,"9032"
"11338","   6.5 ","26/01/1980",2,3,16.5,6.5,"9032"
"11339","    7 ","27/01/1980",0,3.7,20,7,"9032"
"11340","   7 ","28/01/1980",0,5.3,20.5,7,"9032"
"11341","   7 ","29/01/1980",0,4.9,22.5,7,"9032"
"11342","   8 ","30/01/1980",0,4.7,24.5,8,"9032"
"11343","    9.5 ","31/01/1980",0,3.9,21,9.5,"9032"
"11344","   8 ","01/02/1980",0,2.7,18.5,8,"9032"
"11345","    6 ","02/02/1980",0,4.3,20,6,"9032"
"11346","   6 ","03/02/1980",0,3.8,17.5,6,"9032"
"11347","   1 ","04/02/1980",0,5.1,19.5,1,"9032"
"11348","    3.5 ","05/02/1980",0,4.6,20,3.5,"9032"
"11349","    5.5 ","06/02/1980",0,5.2,20,5.5,"9032"
"11350","    6.5 ","07/02/1980",0,6,23,6.5,"9032"
"11351","   7 ","08/02/1980",0,5.3,22.5,7,"9032"
"11352","    7.5 ","09/02/1980",0,6,24,7.5,"9032"
"11353","    9 ","10/02/1980",0,5.8,22,9,"9032"
"11354","    8 ","11/02/1980",0,4.2,21,8,"9032"
"11355","    8.5 ","12/02/1980",0,5,20,8.5,"9032"
"11356","    10 ","13/02/1980",0,4.8,20,10,"9032"
"11357","   9 ","14/02/1980",0,5.1,23.5,9,"9032"
"11358","    8.5 ","15/02/1980",0,6.1,25,8.5,"9032"
"11359","    9.5 ","16/02/1980",0,5.7,25,9.5,"9032"
"11360","   8.5 ","17/02/1980",0,5.8,21.5,8.5,"9032"
"11361","    8.5 ","18/02/1980",0,6,22,8.5,"9032"
"11362","   8.5 ","19/02/1980",0,6.1,25.5,8.5,"9032"
"11363","   9.5 ","20/02/1980",0,6,25.5,9.5,"9032"
"11364","    10 ","21/02/1980",0,5.8,26,10,"9032"
"11365","   10 ","22/02/1980",0,6.7,25.5,10,"9032"
"11366","   9.5 ","23/02/1980",0,7.3,23.5,9.5,"9032"
"11367","    9.5 ","24/02/1980",0,5.8,22,9.5,"9032"
"11368","   9 ","25/02/1980",0.3,3.3,19.5,9,"9032"
"11369","    6 ","26/02/1980",0,3.1,19,6,"9032"
"11370","    5 ","27/02/1980",0,2.8,19,5,"9032"
"11371","    8 ","28/02/1980",0,4.2,20,8,"9032"
"11372","   8 ","29/02/1980",0,6.7,21.5,8,"9032"
"11373","   7 ","01/03/1980",0,5,22.6,7,"9032"
"11374","   7 ","02/03/1980",0,5.9,23.5,7,"9032"
"11375","    7.5 ","03/03/1980",0,5.8,24,7.5,"9032"
"11376","    10 ","04/03/1980",0,5.2,24,10,"9032"
"11377","    9 ","05/03/1980",0,7.7,25,9,"9032"
"11378","   9.5 ","06/03/1980",0,6.3,25.5,9.5,"9032"
"11379","   11 ","07/03/1980",0,6.5,25.5,11,"9032"
"11380","   12.5 ","08/03/1980",1.5,5.2,27.5,12.5,"9032"
"11381","    11 ","09/03/1980",0,8.1,28,11,"9032"
"11382","    12 ","10/03/1980",0,7.6,29,12,"9032"
"11383","   12 ","11/03/1980",0,8.1,28.5,12,"9032"
"11384","   12.5 ","12/03/1980",0,8.1,28.5,12.5,"9032"
"11385","    11.5 ","13/03/1980",0,7.6,28,11.5,"9032"
"11386","    8 ","14/03/1980",0,7,26,8,"9032"
"11387","    10 ","15/03/1980",0,8.1,27,10,"9032"
"11388","   11.5 ","16/03/1980",0,9,27.5,11.5,"9032"
"11389","   11.5 ","17/03/1980",0,6.8,25.5,11.5,"9032"
"11390","   10.5 ","18/03/1980",0,6.2,22.5,10.5,"9032"
"11391","   9.5 ","19/03/1980",0,6.9,24.5,9.5,"9032"
"11392","   11.5 ","20/03/1980",0.4,5.2,25.5,11.5,"9032"
"11393","    11 ","21/03/1980",0,6.3,25,11,"9032"
"11394","    11 ","22/03/1980",0,6.7,26,11,"9032"
"11395","    12.5 ","23/03/1980",0,8.1,27,12.5,"9032"
"11396","    12 ","24/03/1980",0,8.9,27,12,"9032"
"11397","   12 ","25/03/1980",0,5.9,24.5,12,"9032"
"11398","    12.5 ","26/03/1980",0,8.1,24,12.5,"9032"
"11399","   14 ","27/03/1980",0,7.1,24.5,14,"9032"
"11400","   11.5 ","28/03/1980",0,8.9,27.5,11.5,"9032"
"11401","   13 ","29/03/1980",0,8.9,27.5,13,"9032"
"11402","    12 ","30/03/1980",0,8.9,26,12,"9032"
"11403","   13.5 ","31/03/1980",0,8.6,26.5,13.5,"9032"
"11404","   12.5 ","01/04/1980",0,6.7,26.5,12.5,"9032"
"11405","   12.5 ","02/04/1980",0,7.3,28.5,12.5,"9032"
"11406","    12.5 ","03/04/1980",0,8.4,29,12.5,"9032"
"11407","    13 ","04/04/1980",7.5,5.1,29,13,"9032"
"11408","    12.5 ","05/04/1980",14,4.7,26,12.5,"9032"
"11409","    11 ","06/04/1980",0,5.4,25,11,"9032"
"11410","    12 ","07/04/1980",2,4.1,23,12,"9032"
"11411","    9 ","08/04/1980",0.5,3.8,25,9,"9032"
"11412","    10.5 ","09/04/1980",0,4.5,21,10.5,"9032"
"11413","    9.5 ","10/04/1980",13,3.3,21,9.5,"9032"
"11414","    10.5 ","11/04/1980",2,4.7,21,10.5,"9032"
"11415","   10 ","12/04/1980",0,6.7,22.5,10,"9032"
"11416","   10.5 ","13/04/1980",0,7.5,22.5,10.5,"9032"
"11417","    10 ","14/04/1980",0,8,24,10,"9032"
"11418","   9 ","15/04/1980",0,7.8,21.5,9,"9032"
"11419","    10.5 ","16/04/1980",0,5,24,10.5,"9032"
"11420","   12 ","17/04/1980",0.5,3.3,22.5,12,"9032"
"11421","   10.5 ","18/04/1980",4.5,2.2,19.5,10.5,"9032"
"11422","   11 ","19/04/1980",0,2,17.5,11,"9032"
"11423","   8 ","20/04/1980",0,4.2,21.5,8,"9032"
"11424","    9.5 ","21/04/1980",2.2,4.6,23,9.5,"9032"
"11425","   10 ","22/04/1980",0,3.9,21.5,10,"9032"
"11426","   11.5 ","23/04/1980",0,4.8,24.5,11.5,"9032"
"11427","   11.5 ","24/04/1980",0,8.4,24.5,11.5,"9032"
"11428","   11.5 ","25/04/1980",0,8.8,24.5,11.5,"9032"
"11429","    11.5 ","26/04/1980",0,7.3,26,11.5,"9032"
"11430","   9.5 ","27/04/1980",0,6.8,27.5,9.5,"9032"
"11431","   11.5 ","28/04/1980",1.5,6.2,24.5,11.5,"9032"
"11432","   13 ","29/04/1980",0,5,25.5,13,"9032"
"11433","   14 ","30/04/1980",0,5.8,24.5,14,"9032"
"11434","   13 ","01/05/1980",0,6.9,25.5,13,"9032"
"11435","   14 ","02/05/1980",0,4.8,22.5,14,"9032"
"11436","    12.5 ","03/05/1980",0.5,4.4,25,12.5,"9032"
"11437","   12.5 ","04/05/1980",0.8,5.2,23.5,12.5,"9032"
"11438","    11.5 ","05/05/1980",0,3.7,23,11.5,"9032"
"11439","   11.5 ","06/05/1980",4.9,3.9,22.5,11.5,"9032"
"11440","   12 ","07/05/1980",0,4.9,22.5,12,"9032"
"11441","    11.5 ","08/05/1980",2,3.1,23,11.5,"9032"
"11442","   11 ","09/05/1980",0,4.3,24.5,11,"9032"
"11443","    14 ","10/05/1980",0,4.9,26,14,"9032"
"11444","    13.5 ","11/05/1980",0.7,3.7,25,13.5,"9032"
"11445","   13.5 ","12/05/1980",0,4.7,25.5,13.5,"9032"
"11446","   14 ","13/05/1980",0,3.8,26.5,14,"9032"
"11447","   14 ","14/05/1980",0,6.2,27.5,14,"9032"
"11448","   14.5 ","15/05/1980",0,6.9,27.5,14.5,"9032"
"11449","   14.5 ","16/05/1980",0.8,7.8,28.5,14.5,"9032"
"11450","    14 ","17/05/1980",7.7,3.4,25,14,"9032"
"11451","   12.5 ","18/05/1980",0,5.2,25.5,12.5,"9032"
"11452","    14 ","19/05/1980",10,5.7,25,14,"9032"
"11453","   12 ","20/05/1980",0,5.2,24.5,12,"9032"
"11454","    13.5 ","21/05/1980",0,6,26,13.5,"9032"
"11455","    12.5 ","22/05/1980",0,4.9,24,12.5,"9032"
"11456","   14.5 ","23/05/1980",0.8,3.8,25.5,14.5,"9032"
"11457","    13 ","24/05/1980",2.7,4.8,25,13,"9032"
"11458","   12.5 ","25/05/1980",0,5.7,25.5,12.5,"9032"
"11459","   12.5 ","26/05/1980",0,6.4,26.5,12.5,"9032"
"11460","   15 ","27/05/1980",0.5,4.4,24.5,15,"9032"
"11461","    12.5 ","28/05/1980",0,7,24,12.5,"9032"
"11462","    12.5 ","29/05/1980",0,5.8,27,12.5,"9032"
"11463","    14 ","30/05/1980",0,7.1,28,14,"9032"
"11464","    13 ","31/05/1980",0,8.9,28,13,"9032"
"11465","   10 ","01/06/1980",0,8.1,27.5,10,"9032"
"11466","   12.5 ","02/06/1980",0,5.2,26.5,12.5,"9032"
"11467","   13.5 ","03/06/1980",0,4.1,25.5,13.5,"9032"
"11468","   13.5 ","04/06/1980",0,4.6,21.5,13.5,"9032"
"11469","   12 ","05/06/1980",20.5,7.5,25.5,12,"9032"
"11470","    12.5 ","06/06/1980",0.5,4.7,25,12.5,"9032"
"11471","   14 ","07/06/1980",0,5.2,26.5,14,"9032"
"11472","   11.5 ","08/06/1980",0,9.6,26.5,11.5,"9032"
"11473","    9.5 ","09/06/1980",0,9,25,9.5,"9032"
"11474","   10 ","10/06/1980",0,8,25.5,10,"9032"
"11475","    10 ","11/06/1980",0,8.2,26,10,"9032"
"11476","   11 ","12/06/1980",0,9,26.5,11,"9032"
"11477","   10.5 ","13/06/1980",0,7.8,25.5,10.5,"9032"
"11478","   12 ","14/06/1980",0,9.1,26.5,12,"9032"
"11479","   13.5 ","15/06/1980",0,5.9,25.5,13.5,"9032"
"11480","    12 ","16/06/1980",0,6.1,26,12,"9032"
"11481","    13.5 ","17/06/1980",0,4.9,23,13.5,"9032"
"11482","   13.5 ","18/06/1980",0,4.7,23.5,13.5,"9032"
"11483","    14.5 ","19/06/1980",7.3,2.6,24,14.5,"9032"
"11484","   13.5 ","20/06/1980",8.3,1.9,19.5,13.5,"9032"
"11485","    13 ","21/06/1980",7,2.1,20,13,"9032"
"11486","    12.5 ","22/06/1980",0,2.2,20,12.5,"9032"
"11487","    13.5 ","23/06/1980",0,5.8,25,13.5,"9032"
"11488","   13 ","24/06/1980",0,4.9,23.5,13,"9032"
"11489","   14 ","25/06/1980",17.2,5.3,23.5,14,"9032"
"11490","   12 ","26/06/1980",2,3,21.5,12,"9032"
"11491","   12.5 ","27/06/1980",14.8,3.9,21.5,12.5,"9032"
"11492","   10 ","28/06/1980",3.8,3.7,21.5,10,"9032"
"11493","    11 ","29/06/1980",0.8,5,25,11,"9032"
"11494","   11.5 ","30/06/1980",8.1,5,23.5,11.5,"9032"
"11495","   10 ","01/07/1980",2.7,5.6,24.5,10,"9032"
"11496","   10 ","02/07/1980",0,7.1,22.5,10,"9032"
"11497","    9.5 ","03/07/1980",0,7.2,24,9.5,"9032"
"11498","    12 ","04/07/1980",14.3,6,25,12,"9032"
"11499","   13.5 ","05/07/1980",0,6.9,26.5,13.5,"9032"
"11500","   13.5 ","06/07/1980",0.6,3.8,22.5,13.5,"9032"
"11501","    12.5 ","07/07/1980",4.5,2.9,22,12.5,"9032"
"11502","    12 ","08/07/1980",0,2.6,20,12,"9032"
"11503","    10.5 ","09/07/1980",0,4.9,23,10.5,"9032"
"11504","   12.5 ","10/07/1980",0,5,22.5,12.5,"9032"
"11505","   11.5 ","11/07/1980",0,6.8,24.5,11.5,"9032"
"11506","    10 ","12/07/1980",0.5,5.6,26,10,"9032"
"11507","    12.5 ","13/07/1980",0,4.9,25,12.5,"9032"
"11508","   14 ","14/07/1980",0,4.1,22.5,14,"9032"
"11509","    11.5 ","15/07/1980",0,5.9,24,11.5,"9032"
"11510","   12 ","16/07/1980",3,3.7,23.5,12,"9032"
"11511","   11.5 ","17/07/1980",11.5,2.3,23.5,11.5,"9032"
"11512","   12 ","18/07/1980",23.2,3.7,22.5,12,"9032"
"11513","    11.5 ","19/07/1980",3.2,3.1,22,11.5,"9032"
"11514","    11.5 ","20/07/1980",0,4,23,11.5,"9032"
"11515","   13 ","21/07/1980",20.4,4.1,22.5,13,"9032"
"11516","   11 ","22/07/1980",0.5,5.8,23.5,11,"9032"
"11517","   12.5 ","23/07/1980",0.4,6.1,24.5,12.5,"9032"
"11518","   12.5 ","24/07/1980",0,3.5,22.5,12.5,"9032"
"11519","   14 ","25/07/1980",0,5.7,23.5,14,"9032"
"11520","   11.5 ","26/07/1980",14.6,3.3,23.5,11.5,"9032"
"11521","   11.5 ","27/07/1980",4.3,4.5,23.5,11.5,"9032"
"11522","   12 ","28/07/1980",17.5,3.7,22.5,12,"9032"
"11523","    11.5 ","29/07/1980",6.1,2.8,21,11.5,"9032"
"11524","   11.5 ","30/07/1980",0.7,3.8,22.5,11.5,"9032"
"11525","   11 ","31/07/1980",0.5,3.5,22.5,11,"9032"
"11526","    12.5 ","01/08/1980",10.9,5.7,23,12.5,"9032"
"11527","    13 ","02/08/1980",6.3,2.7,21,13,"9032"
"11528","    11.5 ","03/08/1980",7.5,4.5,22,11.5,"9032"
"11529","   11.5 ","04/08/1980",23,3.2,22.5,11.5,"9032"
"11530","   10.5 ","05/08/1980",0,2.8,21.5,10.5,"9032"
"11531","    13 ","06/08/1980",2.5,2.3,22,13,"9032"
"11532","    11.5 ","07/08/1980",0.5,3.7,21,11.5,"9032"
"11533","   13 ","08/08/1980",23.2,2.2,22.5,13,"9032"
"11534","    13 ","09/08/1980",2.5,4.4,22,13,"9032"
"11535","   14 ","10/08/1980",1.3,2.3,22.5,14,"9032"
"11536","   14.5 ","11/08/1980",9,4.9,22.5,14.5,"9032"
"11537","   13 ","12/08/1980",4.2,3.2,23.5,13,"9032"
"11538","   12 ","13/08/1980",0.6,3.6,22.5,12,"9032"
"11539","   14.5 ","14/08/1980",0.5,5.6,24.5,14.5,"9032"
"11540","    13.5 ","15/08/1980",1,3.9,22,13.5,"9032"
"11541","    12.5 ","16/08/1980",0,3.2,22,12.5,"9032"
"11542","    11.5 ","17/08/1980",0.4,2.2,23,11.5,"9032"
"11543","   13.5 ","18/08/1980",0.8,3.9,22.5,13.5,"9032"
"11544","    10.5 ","19/08/1980",0,5.1,24,10.5,"9032"
"11545","   11 ","20/08/1980",0,5,24.5,11,"9032"
"11546","   11 ","21/08/1980",0,5.9,23.5,11,"9032"
"11547","   12.5 ","22/08/1980",3,3.9,23.5,12.5,"9032"
"11548","   12 ","23/08/1980",8,4.9,23.5,12,"9032"
"11549","   12.5 ","24/08/1980",5.5,4.4,22.5,12.5,"9032"
"11550","   11.5 ","25/08/1980",12.3,2.3,20.5,11.5,"9032"
"11551","   11.5 ","26/08/1980",1.5,3.5,22.5,11.5,"9032"
"11552","    12.5 ","27/08/1980",9.7,3.5,21,12.5,"9032"
"11553","   13 ","28/08/1980",0.2,4.4,23.5,13,"9032"
"11554","    13 ","29/08/1980",7.9,3,22,13,"9032"
"11555","   13 ","30/08/1980",9.3,2.2,22.5,13,"9032"
"11556","    12.5 ","31/08/1980",0.5,1.5,20,12.5,"9032"
"11557","   11 ","01/09/1980",0,2,19.5,11,"9032"
"11558","    12.5 ","02/09/1980",0.5,2.6,20,12.5,"9032"
"11559","    13.5 ","03/09/1980",9,3.7,21,13.5,"9032"
"11560","   13 ","04/09/1980",13,3,21.5,13,"9032"
"11561","    13.5 ","05/09/1980",1.1,2.5,20,13.5,"9032"
"11562","   12.5 ","06/09/1980",2.1,2,22.5,12.5,"9032"
"11563","   13.5 ","07/09/1980",1.8,3.7,22.5,13.5,"9032"
"11564","    13 ","08/09/1980",0,3,23,13,"9032"
"11565","   13.5 ","09/09/1980",18,3.9,20.5,13.5,"9032"
"11566","   12.5 ","10/09/1980",7.8,2.8,19.5,12.5,"9032"
"11567","    12.5 ","11/09/1980",3.9,3.5,23,12.5,"9032"
"11568","    13 ","12/09/1980",0,3,20,13,"9032"
"11569","   12.5 ","13/09/1980",0.4,5.7,21.5,12.5,"9032"
"11570","    13.5 ","14/09/1980",0,2,20,13.5,"9032"
"11571","    9.5 ","15/09/1980",0,2.9,21,9.5,"9032"
"11572","    12.5 ","16/09/1980",0,3.9,22,12.5,"9032"
"11573","    11.5 ","17/09/1980",0,4.1,23,11.5,"9032"
"11574","    11.5 ","18/09/1980",0,5.8,24,11.5,"9032"
"11575","    9.5 ","19/09/1980",1.1,4.1,21,9.5,"9032"
"11576","    12 ","20/09/1980",1.5,2.7,19,12,"9032"
"11577","    12.5 ","21/09/1980",2.5,4.5,24,12.5,"9032"
"11578","    12.5 ","22/09/1980",2.7,3,22,12.5,"9032"
"11579","    13 ","23/09/1980",1.3,1.5,20,13,"9032"
"11580","   12.5 ","24/09/1980",1,1.5,19.5,12.5,"9032"
"11581","   13 ","25/09/1980",10.5,0.6,16.5,13,"9032"
"11582","   12.5 ","26/09/1980",23.6,1.7,19.5,12.5,"9032"
"11583","    12.5 ","27/09/1980",0,3,22,12.5,"9032"
"11584","   12 ","28/09/1980",0,4.5,23.5,12,"9032"
"11585","   13 ","29/09/1980",0,3.2,22.5,13,"9032"
"11586","    13.5 ","30/09/1980",7,4,24,13.5,"9032"
"11587","    10.5 ","01/10/1980",0,4.5,23,10.5,"9032"
"11588","   10 ","02/10/1980",0,4.4,21.5,10,"9032"
"11589","   10 ","03/10/1980",0,5.1,19.5,10,"9032"
"11590","    10.5 ","04/10/1980",0,4.2,21,10.5,"9032"
"11591","   12 ","05/10/1980",0,4,22.5,12,"9032"
"11592","   7 ","06/10/1980",0,5,21.5,7,"9032"
"11593","   9 ","07/10/1980",0,3.8,20.5,9,"9032"
"11594","   9 ","08/10/1980",0,4.1,20.5,9,"9032"
"11595","    8.5 ","09/10/1980",0,4.1,23,8.5,"9032"
"11596","    9.5 ","10/10/1980",0,4.8,25,9.5,"9032"
"11597","    11 ","11/10/1980",0,4.2,24,11,"9032"
"11598","    11.5 ","12/10/1980",0,5,23,11.5,"9032"
"11599","    10.5 ","13/10/1980",0,5,23,10.5,"9032"
"11600","   11.5 ","14/10/1980",0,3.2,22.5,11.5,"9032"
"11601","    11 ","15/10/1980",0,5.6,24,11,"9032"
"11602","    12.5 ","16/10/1980",0,5,26,12.5,"9032"
"11603","   13.5 ","17/10/1980",5.9,3.9,25.5,13.5,"9032"
"11604","   11.5 ","18/10/1980",0,5.2,25.5,11.5,"9032"
"11605","    11 ","19/10/1980",0.5,5,24,11,"9032"
"11606","    12.5 ","20/10/1980",0,2.6,24,12.5,"9032"
"11607","    13 ","21/10/1980",6.8,2.5,23,13,"9032"
"11608","    12 ","22/10/1980",0,3.1,21,12,"9032"
"11609","   13 ","23/10/1980",4.9,2.5,22.5,13,"9032"
"11610","    10.5 ","24/10/1980",0,3.4,21,10.5,"9032"
"11611","    12 ","25/10/1980",0,1,16,12,"9032"
"11612","    9.5 ","26/10/1980",0,3.7,22,9.5,"9032"
"11613","    11 ","27/10/1980",0,4.1,25,11,"9032"
"11614","    11 ","28/10/1980",9.1,4.2,25,11,"9032"
"11615","   11.5 ","29/10/1980",0.3,3.9,21.5,11.5,"9032"
"11616","   9.5 ","30/10/1980",0.5,1,16.5,9.5,"9032"
"11617","   10.5 ","31/10/1980",0,0.6,17.5,10.5,"9032"
"11618","    9 ","01/11/1980",14,3.8,20,9,"9032"
"11619","    8.5 ","02/11/1980",0,3.4,23,8.5,"9032"
"11620","    9.5 ","03/11/1980",0,1.2,21,9.5,"9032"
"11621","    9.5 ","04/11/1980",2.9,3.7,20,9.5,"9032"
"11622","    9.5 ","05/11/1980",8.5,1.1,14,9.5,"9032"
"11623","    8 ","06/11/1980",0,3,19,8,"9032"
"11624","   6.5 ","07/11/1980",0,4.5,20.5,6.5,"9032"
"11625","   7.5 ","08/11/1980",0,3,21.5,7.5,"9032"
"11626","    6.5 ","09/11/1980",0,3,21,6.5,"9032"
"11627","    7 ","10/11/1980",0,4.9,22,7,"9032"
"11628","    6 ","11/11/1980",0,3.4,21,6,"9032"
"11629","   5.5 ","12/11/1980",0,3.9,18.5,5.5,"9032"
"11630","   3 ","13/11/1980",0,4.9,19.5,3,"9032"
"11631","   6.5 ","14/11/1980",0,5.1,22.5,6.5,"9032"
"11632","    8.5 ","15/11/1980",0,6.2,20,8.5,"9032"
"11633","   9.5 ","16/11/1980",0,4.9,21.5,9.5,"9032"
"11634","   8.5 ","17/11/1980",0,5.1,20.5,8.5,"9032"
"11635","   6.5 ","18/11/1980",0,4.5,22.5,6.5,"9032"
"11636","    8.5 ","19/11/1980",0,4.3,24,8.5,"9032"
"11637","   7 ","20/11/1980",0,4.2,22.5,7,"9032"
"11638","    7 ","21/11/1980",0.8,3.6,21,7,"9032"
"11639","    9 ","22/11/1980",0,3.8,23,9,"9032"
"11640","   9 ","23/11/1980",0,2.3,19.5,9,"9032"
"11641","    8.5 ","24/11/1980",0,2.2,21,8.5,"9032"
"11642","    9.5 ","25/11/1980",0,4.8,22,9.5,"9032"
"11643","   8.5 ","26/11/1980",0,4.3,22.5,8.5,"9032"
"11644","    9.5 ","27/11/1980",0,5.2,22,9.5,"9032"
"11645","    6.5 ","28/11/1980",0,2.5,20,6.5,"9032"
"11646","    7.5 ","29/11/1980",0,2.9,21,7.5,"9032"
"11647","   7 ","30/11/1980",0,3.2,21.5,7,"9032"
"11648","    7 ","01/12/1980",0,2.2,19,7,"9032"
"11649","    8 ","02/12/1980",0,4.4,20,8,"9032"
"11650","    7.5 ","03/12/1980",0,2.9,18,7.5,"9032"
"11651","   8.5 ","04/12/1980",0,2.8,20.5,8.5,"9032"
"11652","   8 ","05/12/1980",0,4.2,20.5,8,"9032"
"11653","    9.5 ","06/12/1980",0,3.9,23,9.5,"9032"
"11654","    8 ","07/12/1980",0,2.9,21,8,"9032"
"11655","   9 ","08/12/1980",0,4.6,23.5,9,"9032"
"11656","   10 ","09/12/1980",0,3.5,21.5,10,"9032"
"11657","   8 ","10/12/1980",0,2.8,19.5,8,"9032"
"11658","   5.5 ","11/12/1980",0,3.1,19.5,5.5,"9032"
"11659","   6 ","12/12/1980",0,2.7,20.5,6,"9032"
"11660","    7 ","13/12/1980",0,2.3,20,7,"9032"
"11661","   6.5 ","14/12/1980",0,3.4,20.5,6.5,"9032"
"11662","    5 ","15/12/1980",0,3.6,20,5,"9032"
"11663","   8.5 ","16/12/1980",0,3.3,16.5,8.5,"9032"
"11664","    3 ","17/12/1980",0,3.4,16,3,"9032"
"11665","   1.5 ","18/12/1980",0,3.8,18.5,1.5,"9032"
"11666","    1.5 ","19/12/1980",0,3.8,20,1.5,"9032"
"11667","    2 ","20/12/1980",0,4,15,2,"9032"
"11668","   4 ","21/12/1980",0,2.3,14.5,4,"9032"
"11669","   2.5 ","22/12/1980",0,1.7,18.5,2.5,"9032"
"11670","    4.5 ","23/12/1980",0,2.9,20,4.5,"9032"
"11671","   8.5 ","24/12/1980",0,3.2,19.5,8.5,"9032"
"11672","   9 ","25/12/1980",0,3,16.5,9,"9032"
"11673","   6.5 ","26/12/1980",0,2.8,18.5,6.5,"9032"
"11674","   5.5 ","27/12/1980",0,2.8,17.5,5.5,"9032"
"11675","   2.5 ","28/12/1980",0,4,18.5,2.5,"9032"
"11676","   3 ","29/12/1980",0,5.6,19.5,3,"9032"
"11677","   2.5 ","30/12/1980",0,3.9,16.5,2.5,"9032"
"11678","   0 ","31/12/1980",0,5,18.5,0,"9032"
"11679","   1.5 ","01/01/1981",0,3.7,17.5,1.5,"9032"
"11680","   2.5 ","02/01/1981",0,3,15.5,2.5,"9032"
"11681","   2 ","03/01/1981",0,4.1,18.5,2,"9032"
"11682","    4 ","04/01/1981",0,5.1,20,4,"9032"
"11683","   2 ","05/01/1981",0,4.8,20.5,2,"9032"
"11684","   4.5 ","06/01/1981",0,4.3,18.5,4.5,"9032"
"11685","    6.5 ","07/01/1981",0,5,21,6.5,"9032"
"11686","   8.5 ","08/01/1981",0,5.8,23.5,8.5,"9032"
"11687","    7.5 ","09/01/1981",0,4.1,22,7.5,"9032"
"11688","    8 ","10/01/1981",0,2.6,18,8,"9032"
"11689","   8 ","11/01/1981",0,2.9,17.5,8,"9032"
"11690","    8.5 ","12/01/1981",0,1.3,15,8.5,"9032"
"11691","    5 ","13/01/1981",0,2.8,15,5,"9032"
"11692","   5.5 ","14/01/1981",0,3.4,18.5,5.5,"9032"
"11693","    5 ","15/01/1981",0,2.8,18,5,"9032"
"11694","   7 ","16/01/1981",0,3.9,18.5,7,"9032"
"11695","    7 ","17/01/1981",29.5,1.6,13,7,"9032"
"11696","    3.5 ","18/01/1981",1.8,1.9,11,3.5,"9032"
"11697","   4.5 ","19/01/1981",0.5,3.3,15.5,4.5,"9032"
"11698","    2.5 ","20/01/1981",0,3.4,19,2.5,"9032"
"11699","    4 ","21/01/1981",0,5.2,17,4,"9032"
"11700","   4 ","22/01/1981",0,4.1,15.5,4,"9032"
"11701","    4.5 ","23/01/1981",0,5.7,16,4.5,"9032"
"11702","   1.5 ","24/01/1981",0,4.7,17.5,1.5,"9032"
"11703","    2.5 ","25/01/1981",0,5.3,22,2.5,"9032"
"11704","    3 ","26/01/1981",0,5.7,23,3,"9032"
"11705","   5.5 ","27/01/1981",0,3.7,20.5,5.5,"9032"
"11706","   7.5 ","28/01/1981",0,4,20.5,7.5,"9032"
"11707","    6 ","29/01/1981",0,5,24,6,"9032"
"11708","    8 ","30/01/1981",0,5,24,8,"9032"
"11709","   8 ","31/01/1981",0,5.3,24.5,8,"9032"
"11710","    7.5 ","01/02/1981",0,5.2,24,7.5,"9032"
"11711","    8.5 ","02/02/1981",0,3.6,23,8.5,"9032"
"11712","    4 ","03/02/1981",0,5.9,20,4,"9032"
"11713","    5 ","04/02/1981",0,4.4,21,5,"9032"
"11714","    8 ","05/02/1981",0,3.2,21,8,"9032"
"11715","    9 ","06/02/1981",0,4.7,22,9,"9032"
"11716","    8.5 ","07/02/1981",0,5.3,24,8.5,"9032"
"11717","   9 ","08/02/1981",0,5.2,22.5,9,"9032"
"11718","   9 ","09/02/1981",0,5.2,23.5,9,"9032"
"11719","    9.5 ","10/02/1981",0,6.9,23,9.5,"9032"
"11720","    7.5 ","11/02/1981",0,4.7,18,7.5,"9032"
"11721","   3 ","12/02/1981",0,4.6,20.5,3,"9032"
"11722","   5 ","13/02/1981",0,5.2,20.5,5,"9032"
"11723","   7.5 ","14/02/1981",12.3,2.4,15.5,7.5,"9032"
"11724","    5.5 ","15/02/1981",0,2,15,5.5,"9032"
"11725","   5.5 ","16/02/1981",0,2.1,16.5,5.5,"9032"
"11726","    6.5 ","17/02/1981",0,4.9,20,6.5,"9032"
"11727","    7.5 ","18/02/1981",0,5.7,23,7.5,"9032"
"11728","    6.5 ","19/02/1981",0,4.5,22,6.5,"9032"
"11729","    6.5 ","20/02/1981",0,5.1,24,6.5,"9032"
"11730","    9 ","21/02/1981",0,5.1,25,9,"9032"
"11731","   10 ","22/02/1981",5.2,3,22.5,10,"9032"
"11732","    7 ","23/02/1981",2.2,3,18,7,"9032"
"11733","   8 ","24/02/1981",0,2.9,19.5,8,"9032"
"11734","   7 ","25/02/1981",0,3,20.5,7,"9032"
"11735","   9 ","26/02/1981",0,5.9,23.5,9,"9032"
"11736","   9 ","27/02/1981",0,4.8,25.5,9,"9032"
"11737","   10.5 ","28/02/1981",0,8.4,21.5,10.5,"9032"
"11738","    10.5 ","01/03/1981",0,5.8,25,10.5,"9032"
"11739","    11 ","02/03/1981",0,7.1,25,11,"9032"
"11740","   11 ","03/03/1981",0,5.7,23.5,11,"9032"
"11741","    12 ","04/03/1981",0,6.6,24,12,"9032"
"11742","    12 ","05/03/1981",0,5.3,23,12,"9032"
"11743","   12.5 ","06/03/1981",0,5.7,23.5,12.5,"9032"
"11744","    11 ","07/03/1981",0,5.2,23,11,"9032"
"11745","   12.5 ","08/03/1981",0,3.9,19.5,12.5,"9032"
"11746","   8.5 ","09/03/1981",0,2.8,20.5,8.5,"9032"
"11747","   9.5 ","10/03/1981",0,5.2,23.5,9.5,"9032"
"11748","   11.5 ","11/03/1981",1,3.3,17.5,11.5,"9032"
"11749","    11.5 ","12/03/1981",0.5,2.3,19,11.5,"9032"
"11750","    10.5 ","13/03/1981",0,5.5,23,10.5,"9032"
"11751","   10 ","14/03/1981",0,4.5,24.5,10,"9032"
"11752","    10.5 ","15/03/1981",0,5.8,24,10.5,"9032"
"11753","   10 ","16/03/1981",4,4.9,23.5,10,"9032"
"11754","    10 ","17/03/1981",0,6.6,21,10,"9032"
"11755","   9 ","18/03/1981",0,7.2,23.5,9,"9032"
"11756","    8.5 ","19/03/1981",0,9.5,23,8.5,"9032"
"11757","   9 ","20/03/1981",0,5.7,23.5,9,"9032"
"11758","   10 ","21/03/1981",0,8.9,23.5,10,"9032"
"11759","    8 ","22/03/1981",0,7.2,24,8,"9032"
"11760","    5.5 ","23/03/1981",0,6.8,24,5.5,"9032"
"11761","    7 ","24/03/1981",0,7.6,24,7,"9032"
"11762","    9.5 ","25/03/1981",0,8.3,24,9.5,"9032"
"11763","    7.5 ","26/03/1981",0,7.9,24,7.5,"9032"
"11764","    7.5 ","27/03/1981",0,7,24,7.5,"9032"
"11765","   10.5 ","28/03/1981",0,5.1,24.5,10.5,"9032"
"11766","   11 ","29/03/1981",0,7.4,25.5,11,"9032"
"11767","    10.5 ","30/03/1981",0,9,26,10.5,"9032"
"11768","    10.5 ","31/03/1981",0,8.3,28,10.5,"9032"
"11769","    11.5 ","01/04/1981",0,6.6,27,11.5,"9032"
"11770","   11.5 ","02/04/1981",0,5.8,27.5,11.5,"9032"
"11771","    12.5 ","03/04/1981",0,6.1,29,12.5,"9032"
"11772","   13 ","04/04/1981",0,7.8,29.5,13,"9032"
"11773","    10 ","05/04/1981",0,6.6,25,10,"9032"
"11774","    9 ","06/04/1981",0,5.7,24,9,"9032"
"11775","    10 ","07/04/1981",0,7,26,10,"9032"
"11776","    11.5 ","08/04/1981",0,8,28,11.5,"9032"
"11777","    10 ","09/04/1981",0,6,26,10,"9032"
"11778","    8.5 ","10/04/1981",0,4.8,24,8.5,"9032"
"11779","    11 ","11/04/1981",0.5,4.7,24,11,"9032"
"11780","    9 ","12/04/1981",0,5,23,9,"9032"
"11781","    11 ","13/04/1981",20,3.6,23,11,"9032"
"11782","    10 ","14/04/1981",3.4,4.8,21,10,"9032"
"11783","   11.5 ","15/04/1981",0.2,2.7,18.5,11.5,"9032"
"11784","   11.5 ","16/04/1981",7.5,1.7,18.5,11.5,"9032"
"11785","   9.5 ","17/04/1981",8,3,19.5,9.5,"9032"
"11786","   8.5 ","18/04/1981",0.3,3.4,19.5,8.5,"9032"
"11787","   7.5 ","19/04/1981",0.1,3.8,21.5,7.5,"9032"
"11788","   12.5 ","20/04/1981",0,4.7,23.5,12.5,"9032"
"11789","    12 ","21/04/1981",1.3,5.9,25,12,"9032"
"11790","   13.5 ","22/04/1981",0,5,23.5,13.5,"9032"
"11791","   12 ","23/04/1981",0,7.2,21.5,12,"9032"
"11792","    13 ","24/04/1981",0,8.7,24,13,"9032"
"11793","   11.5 ","25/04/1981",0,6,22.5,11.5,"9032"
"11794","   11.5 ","26/04/1981",0,6.6,23.5,11.5,"9032"
"11795","    11.5 ","27/04/1981",0,7.8,26,11.5,"9032"
"11796","   12 ","28/04/1981",0,6.7,26.5,12,"9032"
"11797","   12 ","29/04/1981",6.7,4.2,23.5,12,"9032"
"11798","    13.5 ","30/04/1981",10.9,3,25,13.5,"9032"
"11799","   10.5 ","01/05/1981",0,4.3,23.5,10.5,"9032"
"11800","    12.5 ","02/05/1981",0,6.9,24,12.5,"9032"
"11801","   12.5 ","03/05/1981",0,6.1,21.5,12.5,"9032"
"11802","    9.5 ","04/05/1981",0,9.7,26,9.5,"9032"
"11803","   10.5 ","05/05/1981",0,8.1,26.5,10.5,"9032"
"11804","    11.5 ","06/05/1981",0,8.7,27,11.5,"9032"
"11805","   13.5 ","07/05/1981",0,8,26.5,13.5,"9032"
"11806","   13.5 ","08/05/1981",0,7.5,26.5,13.5,"9032"
"11807","    14.5 ","09/05/1981",0,8.8,26,14.5,"9032"
"11808","   12 ","10/05/1981",0,7.7,25.5,12,"9032"
"11809","   11.5 ","11/05/1981",0,8.2,26.5,11.5,"9032"
"11810","    12 ","12/05/1981",1.7,5.5,27,12,"9032"
"11811","   14 ","13/05/1981",0,6.8,26.5,14,"9032"
"11812","    12 ","14/05/1981",0,8.2,28,12,"9032"
"11813","   12.5 ","15/05/1981",0,7.7,29.5,12.5,"9032"
"11814","   12 ","16/05/1981",0,7.1,27.5,12,"9032"
"11815","    13 ","17/05/1981",0,6.3,27,13,"9032"
"11816","   13.5 ","18/05/1981",0,5.6,28.5,13.5,"9032"
"11817","   13 ","19/05/1981",0,4.7,27.5,13,"9032"
"11818","    12.5 ","20/05/1981",6.9,2.2,21,12.5,"9032"
"11819","   11.5 ","21/05/1981",2.5,2.6,17.5,11.5,"9032"
"11820","    10 ","22/05/1981",11.6,3.6,23,10,"9032"
"11821","    11 ","23/05/1981",5.6,5.2,24,11,"9032"
"11822","   12 ","24/05/1981",0.5,4.2,25.5,12,"9032"
"11823","    13.5 ","25/05/1981",0,4,22,13.5,"9032"
"11824","    12.5 ","26/05/1981",0,4.9,24,12.5,"9032"
"11825","    13.5 ","27/05/1981",0.5,3,21,13.5,"9032"
"11826","    13 ","28/05/1981",14.5,4.1,22,13,"9032"
"11827","   13 ","29/05/1981",1.5,2.3,21.5,13,"9032"
"11828","    12 ","30/05/1981",6.5,4.1,24,12,"9032"
"11829","   11 ","31/05/1981",0,5.6,22.5,11,"9032"
"11830","    13.5 ","01/06/1981",0,3.6,24,13.5,"9032"
"11831","    13.5 ","02/06/1981",6.4,3.7,23,13.5,"9032"
"11832","    14.5 ","03/06/1981",0,4.8,24,14.5,"9032"
"11833","    15.5 ","04/06/1981",0,3.7,24,15.5,"9032"
"11834","   14 ","05/06/1981",1.7,5.9,26.5,14,"9032"
"11835","    15.5 ","06/06/1981",2,4.2,26,15.5,"9032"
"11836","   15 ","07/06/1981",0,5.7,24.5,15,"9032"
"11837","    14 ","08/06/1981",5,4.2,25,14,"9032"
"11838","   15.5 ","09/06/1981",1.8,3,24.5,15.5,"9032"
"11839","   13.5 ","10/06/1981",10.4,4.4,24.5,13.5,"9032"
"11840","   12 ","11/06/1981",5,5.1,26.5,12,"9032"
"11841","   13.5 ","12/06/1981",0,5.4,24.5,13.5,"9032"
"11842","    13 ","13/06/1981",1.8,3.7,23,13,"9032"
"11843","    13.5 ","14/06/1981",20,2.4,23,13.5,"9032"
"11844","    14 ","15/06/1981",21.5,3.7,21,14,"9032"
"11845","    13.5 ","16/06/1981",7.1,1.9,20,13.5,"9032"
"11846","   13.5 ","17/06/1981",4.1,2,19.5,13.5,"9032"
"11847","   13 ","18/06/1981",8.4,1.8,18.5,13,"9032"
"11848","    12 ","19/06/1981",0.5,1.6,21,12,"9032"
"11849","   12 ","20/06/1981",2.2,2.5,23.5,12,"9032"
"11850","    12.5 ","21/06/1981",4.5,3.9,22,12.5,"9032"
"11851","    10 ","22/06/1981",2.5,2.7,20,10,"9032"
"11852","   12 ","23/06/1981",9.4,2.8,20.5,12,"9032"
"11853","    11.5 ","24/06/1981",3.6,3.5,23,11.5,"9032"
"11854","    14 ","25/06/1981",1.5,2,18,14,"9032"
"11855","   12.5 ","26/06/1981",0.5,3.2,22.5,12.5,"9032"
"11856","   12.5 ","27/06/1981",19,2.5,22.5,12.5,"9032"
"11857","   12.5 ","28/06/1981",0.3,2.2,20.5,12.5,"9032"
"11858","    13 ","29/06/1981",1.4,1.4,21,13,"9032"
"11859","    12.5 ","30/06/1981",5.5,1.4,19,12.5,"9032"
"11860","    12 ","01/07/1981",4,1.6,18,12,"9032"
"11861","   12 ","02/07/1981",5,1.4,18.5,12,"9032"
"11862","    11.5 ","03/07/1981",4.1,2,21,11.5,"9032"
"11863","   11.5 ","04/07/1981",11.5,2.3,22.5,11.5,"9032"
"11864","    12.5 ","05/07/1981",0,2.9,21,12.5,"9032"
"11865","   12 ","06/07/1981",0.3,4.3,23.5,12,"9032"
"11866","   12.5 ","07/07/1981",0.2,1.6,21.5,12.5,"9032"
"11867","   13 ","08/07/1981",3.8,3.4,20.5,13,"9032"
"11868","    11 ","09/07/1981",0.4,3.4,22,11,"9032"
"11869","    11.5 ","10/07/1981",1.6,2.5,20,11.5,"9032"
"11870","   12.5 ","11/07/1981",2.3,2.5,20.5,12.5,"9032"
"11871","   13 ","12/07/1981",14,2.8,21.5,13,"9032"
"11872","   10.5 ","13/07/1981",0.5,3.3,21.5,10.5,"9032"
"11873","   12.5 ","14/07/1981",0.4,1.5,17.5,12.5,"9032"
"11874","    12.5 ","15/07/1981",0,3.7,20,12.5,"9032"
"11875","   12 ","16/07/1981",1.4,4.8,21.5,12,"9032"
"11876","    10.5 ","17/07/1981",5.7,2.2,22,10.5,"9032"
"11877","    10.5 ","18/07/1981",2.2,4,23,10.5,"9032"
"11878","    11 ","19/07/1981",0,5.3,23,11,"9032"
"11879","   12.5 ","20/07/1981",0,3.5,22.5,12.5,"9032"
"11880","   13.5 ","21/07/1981",2,4.1,22.5,13.5,"9032"
"11881","    11 ","22/07/1981",0.5,4.9,24,11,"9032"
"11882","    11.5 ","23/07/1981",8.9,3.2,23,11.5,"9032"
"11883","   10.5 ","24/07/1981",15.5,2.4,24.5,10.5,"9032"
"11884","    12 ","25/07/1981",5.4,2.2,22,12,"9032"
"11885","    11.5 ","26/07/1981",1.1,3.1,23,11.5,"9032"
"11886","   12.5 ","27/07/1981",4.5,4.1,21.5,12.5,"9032"
"11887","   10.5 ","28/07/1981",0,2.9,22.5,10.5,"9032"
"11888","   10.5 ","29/07/1981",1.1,5.5,24.5,10.5,"9032"
"11889","    11.5 ","30/07/1981",0,5.8,23,11.5,"9032"
"11890","    10 ","31/07/1981",0,5.9,23,10,"9032"
"11891","    10 ","01/08/1981",0,4.4,23,10,"9032"
"11892","    9.5 ","02/08/1981",0,3.8,22,9.5,"9032"
"11893","   10.5 ","03/08/1981",3.3,3.7,22.5,10.5,"9032"
"11894","   10 ","04/08/1981",6.6,4,23.5,10,"9032"
"11895","   12 ","05/08/1981",0,5.9,22.5,12,"9032"
"11896","   10 ","06/08/1981",0,6,24.5,10,"9032"
"11897","   10 ","07/08/1981",3.4,4.3,23.5,10,"9032"
"11898","   10 ","08/08/1981",9.8,4.6,22.5,10,"9032"
"11899","    11 ","09/08/1981",0,3.8,22,11,"9032"
"11900","    11.5 ","10/08/1981",0,4.2,23,11.5,"9032"
"11901","   12 ","11/08/1981",0,5.3,23.5,12,"9032"
"11902","    10.5 ","12/08/1981",4.3,4.3,23,10.5,"9032"
"11903","   11 ","13/08/1981",0,4.2,22.5,11,"9032"
"11904","    13 ","14/08/1981",15.6,2.6,20,13,"9032"
"11905","   12 ","15/08/1981",22.2,5.8,24.5,12,"9032"
"11906","   10 ","16/08/1981",0,3.7,23.5,10,"9032"
"11907","   12 ","17/08/1981",0,4.9,24.5,12,"9032"
"11908","    14 ","18/08/1981",0,4.5,24,14,"9032"
"11909","    13 ","19/08/1981",0,3,22,13,"9032"
"11910","   13 ","20/08/1981",13.2,4.4,21.5,13,"9032"
"11911","   12.5 ","21/08/1981",17.2,2.7,19.5,12.5,"9032"
"11912","   12.5 ","22/08/1981",0.9,1.5,19.5,12.5,"9032"
"11913","   13 ","23/08/1981",12.7,1.8,20.5,13,"9032"
"11914","    12 ","24/08/1981",0,2.1,22,12,"9032"
"11915","   12.5 ","25/08/1981",0.2,2.8,18.5,12.5,"9032"
"11916","   12 ","26/08/1981",0.5,1.1,18.5,12,"9032"
"11917","   12.5 ","27/08/1981",14.8,2.1,19.5,12.5,"9032"
"11918","   12 ","28/08/1981",12.7,1.9,19.5,12,"9032"
"11919","    11.5 ","29/08/1981",4.5,1.5,21,11.5,"9032"
"11920","   13 ","30/08/1981",1.5,3.5,23.5,13,"9032"
"11921","   11 ","31/08/1981",0,4.6,24.5,11,"9032"
"11922","   11.5 ","01/09/1981",5,3.9,24.5,11.5,"9032"
"11923","    13.5 ","02/09/1981",9.2,3.5,22,13.5,"9032"
"11924","   9 ","03/09/1981",0.5,3.7,22.5,9,"9032"
"11925","    13 ","04/09/1981",0,3,19,13,"9032"
"11926","   12.5 ","05/09/1981",0.7,2.2,20.5,12.5,"9032"
"11927","    10 ","06/09/1981",6.3,4.4,23,10,"9032"
"11928","    12 ","07/09/1981",0,2.5,23,12,"9032"
"11929","   12 ","08/09/1981",0.3,4.7,22.5,12,"9032"
"11930","    12.5 ","09/09/1981",3.8,3.5,22,12.5,"9032"
"11931","    12.5 ","10/09/1981",0,3.9,23,12.5,"9032"
"11932","    12.5 ","11/09/1981",4.8,5,24,12.5,"9032"
"11933","    12 ","12/09/1981",2.2,4.7,23,12,"9032"
"11934","   12.5 ","13/09/1981",0,3.6,23.5,12.5,"9032"
"11935","    12 ","14/09/1981",0,4.7,24,12,"9032"
"11936","    10.5 ","15/09/1981",9.6,3.5,25,10.5,"9032"
"11937","    11.5 ","16/09/1981",0,4.9,24,11.5,"9032"
"11938","   11.5 ","17/09/1981",0.5,2.8,18.5,11.5,"9032"
"11939","   9.5 ","18/09/1981",1.9,1.7,10.5,9.5,"9032"
"11940","   6.5 ","19/09/1981",0,2.8,21.5,6.5,"9032"
"11941","    7.5 ","20/09/1981",0.5,4.9,24,7.5,"9032"
"11942","   10.5 ","21/09/1981",0.7,3.9,23.5,10.5,"9032"
"11943","   11.5 ","22/09/1981",0,5.7,25.5,11.5,"9032"
"11944","   12 ","23/09/1981",8.5,3.5,23.5,12,"9032"
"11945","    12.5 ","24/09/1981",0,3.3,22,12.5,"9032"
"11946","   10.5 ","25/09/1981",0,5,24.5,10.5,"9032"
"11947","    12 ","26/09/1981",8.6,5.6,24,12,"9032"
"11948","   11 ","27/09/1981",16.2,2.6,21.5,11,"9032"
"11949","   11.5 ","28/09/1981",10.2,2.1,16.5,11.5,"9032"
"11950","   12 ","29/09/1981",0.9,2,20.5,12,"9032"
"11951","    12.5 ","30/09/1981",0.8,1.1,19,12.5,"9032"
"11952","    12.5 ","01/10/1981",0,2.6,20,12.5,"9032"
"11953","   11 ","02/10/1981",0.2,2.3,18.5,11,"9032"
"11954","   11.5 ","03/10/1981",0,4.4,23.5,11.5,"9032"
"11955","   10 ","04/10/1981",0,4.3,23.5,10,"9032"
"11956","    11.5 ","05/10/1981",0,5.9,23,11.5,"9032"
"11957","   10.5 ","06/10/1981",0,4.5,24.5,10.5,"9032"
"11958","   11.5 ","07/10/1981",0,5,23.5,11.5,"9032"
"11959","   10.5 ","08/10/1981",0,4.2,23.5,10.5,"9032"
"11960","    12.5 ","09/10/1981",0.3,3.1,23,12.5,"9032"
"11961","    9.5 ","10/10/1981",0,3.9,23,9.5,"9032"
"11962","   11.5 ","11/10/1981",0,4.1,24.5,11.5,"9032"
"11963","   11 ","12/10/1981",0,3.5,23.5,11,"9032"
"11964","   11.5 ","13/10/1981",6.1,1.6,21.5,11.5,"9032"
"11965","    12 ","14/10/1981",0,3.2,23,12,"9032"
"11966","   11.5 ","15/10/1981",0,3.7,23.5,11.5,"9032"
"11967","   11 ","16/10/1981",0,4,24.5,11,"9032"
"11968","   9.5 ","17/10/1981",0,4.9,24.5,9.5,"9032"
"11969","    11.5 ","18/10/1981",0,5.9,23,11.5,"9032"
"11970","   9.5 ","19/10/1981",0,3,16.5,9.5,"9032"
"11971","   10 ","20/10/1981",0,1.7,21.5,10,"9032"
"11972","   11.5 ","21/10/1981",0,4.3,23.5,11.5,"9032"
"11973","   7.5 ","22/10/1981",0,3.9,24.5,7.5,"9032"
"11974","    11.5 ","23/10/1981",1.2,2.2,21,11.5,"9032"
"11975","   10.5 ","24/10/1981",0,2.2,21.5,10.5,"9032"
"11976","   10.5 ","25/10/1981",0.6,1.4,21.5,10.5,"9032"
"11977","   11.5 ","26/10/1981",16.9,2,19.5,11.5,"9032"
"11978","   10.5 ","27/10/1981",5,2.2,17.5,10.5,"9032"
"11979","    10 ","28/10/1981",0,1.8,20,10,"9032"
"11980","    9 ","29/10/1981",1.1,1.3,20,9,"9032"
"11981","   10 ","30/10/1981",0,3.8,24.5,10,"9032"
"11982","   10 ","31/10/1981",1,2.8,21.5,10,"9032"
"11983","   10.5 ","01/11/1981",0,2.9,17.5,10.5,"9032"
"11984","    9 ","02/11/1981",0,3,19,9,"9032"
"11985","    7.5 ","03/11/1981",0,3.2,21,7.5,"9032"
"11986","    8 ","04/11/1981",3.3,2.9,22,8,"9032"
"11987","    8.5 ","05/11/1981",0,4.4,22,8.5,"9032"
"11988","   7.5 ","06/11/1981",0,3.7,21.5,7.5,"9032"
"11989","    11 ","07/11/1981",0,3.8,21,11,"9032"
"11990","   9 ","08/11/1981",0,4.8,22.5,9,"9032"
"11991","    8 ","09/11/1981",0,2.4,18,8,"9032"
"11992","    8.5 ","10/11/1981",0,3.4,20,8.5,"9032"
"11993","    4.5 ","11/11/1981",0,4.4,21,4.5,"9032"
"11994","   4.5 ","12/11/1981",0,4.4,23.5,4.5,"9032"
"11995","   7 ","13/11/1981",3,2.6,19.5,7,"9032"
"11996","    7 ","14/11/1981",0,4.4,20,7,"9032"
"11997","    3 ","15/11/1981",0,5,21,3,"9032"
"11998","   6 ","16/11/1981",0,5.2,21.5,6,"9032"
"11999","   4.5 ","17/11/1981",0,5.1,21.5,4.5,"9032"
"12000","   5 ","18/11/1981",0,5.5,23.5,5,"9032"
"12001","    7 ","19/11/1981",0,4.9,22,7,"9032"
"12002","   4.5 ","20/11/1981",0,3.8,19.5,4.5,"9032"
"12003","   5.5 ","21/11/1981",0,4.3,20.5,5.5,"9032"
"12004","   5 ","22/11/1981",0,4.6,20.5,5,"9032"
"12005","   5 ","23/11/1981",0,4.9,21.5,5,"9032"
"12006","   5.5 ","24/11/1981",0,4.7,21.5,5.5,"9032"
"12007","   4 ","25/11/1981",0,6.2,22.5,4,"9032"
"12008","    6.5 ","26/11/1981",0,5.9,23,6.5,"9032"
"12009","    6.5 ","27/11/1981",0,5.5,23,6.5,"9032"
"12010","   7.5 ","28/11/1981",0,4.7,23.5,7.5,"9032"
"12011","    8.5 ","29/11/1981",0,4.6,23,8.5,"9032"
"12012","    8.5 ","30/11/1981",0,4.2,23,8.5,"9032"
"12013","   9.5 ","01/12/1981",0,4.7,23.5,9.5,"9032"
"12014","    8.5 ","02/12/1981",0,3.8,22,8.5,"9032"
"12015","   8.5 ","03/12/1981",0,3.4,22.5,8.5,"9032"
"12016","    8 ","04/12/1981",0,3.2,20,8,"9032"
"12017","   10 ","05/12/1981",0,3.4,19.5,10,"9032"
"12018","   7 ","06/12/1981",0,2.4,21.5,7,"9032"
"12019","    7.5 ","07/12/1981",3.7,3.9,20,7.5,"9032"
"12020","    9 ","08/12/1981",1.5,1.4,21,9,"9032"
"12021","   8 ","09/12/1981",0,2,13.5,8,"9032"
"12022","   7.5 ","10/12/1981",0,3.1,16.5,7.5,"9032"
"12023","   5.5 ","11/12/1981",0,2.3,18.5,5.5,"9032"
"12024","   6 ","12/12/1981",0,4.5,21.5,6,"9032"
"12025","   7 ","13/12/1981",0,3.4,21.5,7,"9032"
"12026","   6.5 ","14/12/1981",0,5.7,21.5,6.5,"9032"
"12027","   6 ","15/12/1981",0,3.5,19.5,6,"9032"
"12028","    6.5 ","16/12/1981",0,5,20,6.5,"9032"
"12029","   6 ","17/12/1981",0,4,21.5,6,"9032"
"12030","    5.5 ","18/12/1981",0,3,19,5.5,"9032"
"12031","    4 ","19/12/1981",0,3.2,19,4,"9032"
"12032","   6 ","20/12/1981",0,3.8,19.5,6,"9032"
"12033","    7 ","21/12/1981",0,4,21,7,"9032"
"12034","   8 ","22/12/1981",0,5,21.5,8,"9032"
"12035","   6.5 ","23/12/1981",0,5,21.5,6.5,"9032"
"12036","    7.5 ","24/12/1981",0,3.2,20,7.5,"9032"
"12037","   8.5 ","25/12/1981",0,5.6,21.5,8.5,"9032"
"12038","   10.5 ","26/12/1981",0,3,20.5,10.5,"9032"
"12039","   8 ","27/12/1981",0,3.9,21.5,8,"9032"
"12040","   7.5 ","28/12/1981",0,4.3,24.5,7.5,"9032"
"12041","    9 ","29/12/1981",0,5.2,23,9,"9032"
"12042","   8.5 ","30/12/1981",0,4.2,22.5,8.5,"9032"
"12043","   8.5 ","31/12/1981",0,4.6,22.5,8.5,"9032"
"12044","   8.5 ","01/01/1982",0,4,22.5,8.5,"9032"
"12045","   8.5 ","02/01/1982",0,6.1,22.5,8.5,"9032"
"12046","    9 ","03/01/1982",0,4.2,22,9,"9032"
"12047","    8.5 ","04/01/1982",0,4.8,21,8.5,"9032"
"12048","   6.5 ","05/01/1982",0,5.4,22.5,6.5,"9032"
"12049","    7 ","06/01/1982",0,4.9,22,7,"9032"
"12050","   7 ","07/01/1982",0,4.7,21.5,7,"9032"
"12051","    5.5 ","08/01/1982",0,3,20,5.5,"9032"
"12052","    6 ","09/01/1982",0,4,21,6,"9032"
"12053","   7 ","10/01/1982",0,4.6,20.5,7,"9032"
"12054","   5 ","11/01/1982",0,3.6,20.5,5,"9032"
"12055","   7 ","12/01/1982",0,5.5,22.5,7,"9032"
"12056","    7.5 ","13/01/1982",0,6,23,7.5,"9032"
"12057","    7.5 ","14/01/1982",0,8,23,7.5,"9032"
"12058","    8 ","15/01/1982",0,5.3,25,8,"9032"
"12059","   7.5 ","16/01/1982",0,5.1,22.5,7.5,"9032"
"12060","   5 ","17/01/1982",0,4.9,22.5,5,"9032"
"12061","    6.5 ","18/01/1982",0,3.4,23,6.5,"9032"
"12062","   7.5 ","19/01/1982",0,5.1,23.5,7.5,"9032"
"12063","   8 ","20/01/1982",0,5.7,24.5,8,"9032"
"12064","   8.5 ","21/01/1982",0,6.7,25.5,8.5,"9032"
"12065","   8 ","22/01/1982",0,5.9,26.5,8,"9032"
"12066","   8.5 ","23/01/1982",0,4.8,23.5,8.5,"9032"
"12067","   6.5 ","24/01/1982",0,4.7,22.5,6.5,"9032"
"12068","    7.5 ","25/01/1982",0,4.5,22,7.5,"9032"
"12069","    6 ","26/01/1982",0,5.7,22,6,"9032"
"12070","   6 ","27/01/1982",0,5.1,21.5,6,"9032"
"12071","   7.5 ","28/01/1982",0,4.8,21.5,7.5,"9032"
"12072","    8 ","29/01/1982",0,4.8,22,8,"9032"
"12073","   8 ","30/01/1982",0,5.3,21.5,8,"9032"
"12074","    8.5 ","31/01/1982",0,3.5,19,8.5,"9032"
"12075","    8 ","01/02/1982",0,5.7,18,8,"9032"
"12076","   6.5 ","02/02/1982",0,6.4,20.5,6.5,"9032"
"12077","   5.5 ","03/02/1982",0,5.9,20.5,5.5,"9032"
"12078","   7 ","04/02/1982",0,5.2,22.5,7,"9032"
"12079","    7.5 ","05/02/1982",0,6.6,23,7.5,"9032"
"12080","    6 ","06/02/1982",0,5.1,23,6,"9032"
"12081","   8.5 ","07/02/1982",0,5.7,23.5,8.5,"9032"
"12082","   8 ","08/02/1982",0,5.5,23.5,8,"9032"
"12083","   9 ","09/02/1982",0,4.7,22.5,9,"9032"
"12084","   8 ","10/02/1982",0,6.1,24.5,8,"9032"
"12085","   9.5 ","11/02/1982",0.8,5.9,24.5,9.5,"9032"
"12086","   9.5 ","12/02/1982",0,5.9,24.5,9.5,"9032"
"12087","   8 ","13/02/1982",0,4.6,22.5,8,"9032"
"12088","    7 ","14/02/1982",0,5.1,22,7,"9032"
"12089","    6.5 ","15/02/1982",0,4.5,22,6.5,"9032"
"12090","   8 ","16/02/1982",0.4,4.3,19.5,8,"9032"
"12091","    7.5 ","17/02/1982",0,5.2,23,7.5,"9032"
"12092","   8.5 ","18/02/1982",0,4.8,21.5,8.5,"9032"
"12093","    8 ","19/02/1982",0,5.6,22,8,"9032"
"12094","   8.5 ","20/02/1982",0,6.2,24.5,8.5,"9032"
"12095","   9 ","21/02/1982",0,7.2,23.5,9,"9032"
"12096","   9.5 ","22/02/1982",0,6.3,20.5,9.5,"9032"
"12097","   6.5 ","23/02/1982",0,4.3,23.5,6.5,"9032"
"12098","   8.5 ","24/02/1982",0,3.1,22.5,8.5,"9032"
"12099","   9 ","25/02/1982",8.8,4,22.5,9,"9032"
"12100","    7 ","26/02/1982",4,2.5,19,7,"9032"
"12101","    8.5 ","27/02/1982",0.5,4.7,20,8.5,"9032"
"12102","   8.5 ","28/02/1982",0,5.2,20.5,8.5,"9032"
"12103","    6 ","01/03/1982",3.3,1.8,17,6,"9032"
"12104","    5 ","02/03/1982",2.5,2.7,17,5,"9032"
"12105","   6 ","03/03/1982",0,5.9,21.5,6,"9032"
"12106","   8 ","04/03/1982",0,6.6,23.5,8,"9032"
"12107","    8.5 ","05/03/1982",0,6.7,25,8.5,"9032"
"12108","    8.5 ","06/03/1982",0,8.1,26,8.5,"9032"
"12109","    7.5 ","07/03/1982",0,7,23,7.5,"9032"
"12110","   4 ","08/03/1982",0,5.4,23.5,4,"9032"
"12111","    8 ","09/03/1982",0,6.5,25,8,"9032"
"12112","   9 ","10/03/1982",0,7.1,25.5,9,"9032"
"12113","    10.5 ","11/03/1982",0,5.6,24,10.5,"9032"
"12114","   11 ","12/03/1982",0,7,26.5,11,"9032"
"12115","    11.5 ","13/03/1982",0,6,26,11.5,"9032"
"12116","    12 ","14/03/1982",0,6.8,26,12,"9032"
"12117","   11.5 ","15/03/1982",0,6.8,25.5,11.5,"9032"
"12118","    13 ","16/03/1982",0.6,6.7,27,13,"9032"
"12119","   12 ","17/03/1982",0,7.8,26.5,12,"9032"
"12120","   10.5 ","18/03/1982",0,7.9,26.5,10.5,"9032"
"12121","    10.5 ","19/03/1982",0,7.3,26,10.5,"9032"
"12122","    11.5 ","20/03/1982",0,7,26,11.5,"9032"
"12123","   10.5 ","21/03/1982",0,5.9,25.5,10.5,"9032"
"12124","   10 ","22/03/1982",0,5.1,23.5,10,"9032"
"12125","   10.5 ","23/03/1982",0,5.4,24.5,10.5,"9032"
"12126","   11 ","24/03/1982",0,7.3,25.5,11,"9032"
"12127","    11.5 ","25/03/1982",0,5.4,26,11.5,"9032"
"12128","   12 ","26/03/1982",0.3,5.1,24.5,12,"9032"
"12129","    11.5 ","27/03/1982",0,7.3,27,11.5,"9032"
"12130","    12.5 ","28/03/1982",0,6.7,26,12.5,"9032"
"12131","    12 ","29/03/1982",12.4,4.2,26,12,"9032"
"12132","   11.5 ","30/03/1982",0,6.2,27.5,11.5,"9032"
"12133","   12 ","31/03/1982",0,8,28.5,12,"9032"
"12134","    11.5 ","01/04/1982",0,9,28,11.5,"9032"
"12135","    13.5 ","02/04/1982",0,9.8,29,13.5,"9032"
"12136","    14 ","03/04/1982",0,7.5,29,14,"9032"
"12137","   14 ","04/04/1982",0,8.5,28.5,14,"9032"
"12138","    14.5 ","05/04/1982",0,9.2,30,14.5,"9032"
"12139","   12.5 ","06/04/1982",0,8.5,28.5,12.5,"9032"
"12140","    14.5 ","07/04/1982",0,8.4,27,14.5,"9032"
"12141","    13 ","08/04/1982",0,7.1,26,13,"9032"
"12142","   12.5 ","09/04/1982",0,8.3,26.5,12.5,"9032"
"12143","   12.5 ","10/04/1982",0.6,6.6,26.5,12.5,"9032"
"12144","    13 ","11/04/1982",0,7.8,26,13,"9032"
"12145","    10.5 ","12/04/1982",0,7.4,27,10.5,"9032"
"12146","    10.5 ","13/04/1982",0,8.8,28,10.5,"9032"
"12147","    12 ","14/04/1982",0,8.9,29,12,"9032"
"12148","   13 ","15/04/1982",0,8.2,27.5,13,"9032"
"12149","   12.5 ","16/04/1982",6.5,9.2,28.5,12.5,"9032"
"12150","   11.5 ","17/04/1982",0,9.1,28.5,11.5,"9032"
"12151","   12.5 ","18/04/1982",0,9.9,28.5,12.5,"9032"
"12152","    11 ","19/04/1982",0,9.1,27,11,"9032"
"12153","   11.5 ","20/04/1982",20,9.1,26.5,11.5,"9032"
"12154","    10 ","21/04/1982",21,2.1,20,10,"9032"
"12155","    9 ","22/04/1982",0.5,3.1,21,9,"9032"
"12156","   8 ","23/04/1982",0.3,2.4,20.5,8,"9032"
"12157","   10 ","24/04/1982",0,4.8,24.5,10,"9032"
"12158","    12 ","25/04/1982",0,6,24,12,"9032"
"12159","    12 ","26/04/1982",0.5,6.9,27,12,"9032"
"12160","    12.5 ","27/04/1982",0,6.1,24,12.5,"9032"
"12161","   12.5 ","28/04/1982",0,7.8,25.5,12.5,"9032"
"12162","    11.5 ","29/04/1982",0,8.9,26,11.5,"9032"
"12163","   12 ","30/04/1982",0,9.1,26.5,12,"9032"
"12164","   10.5 ","01/05/1982",0,6.9,25.5,10.5,"9032"
"12165","   9.5 ","02/05/1982",0,4.1,23.5,9.5,"9032"
"12166","   10.5 ","03/05/1982",3.2,5.2,24.5,10.5,"9032"
"12167","   11 ","04/05/1982",0,5.9,25.5,11,"9032"
"12168","   12 ","05/05/1982",0,5.5,25.5,12,"9032"
"12169","    13 ","06/05/1982",0,4.6,26,13,"9032"
"12170","   12 ","07/05/1982",1.1,5.1,25.5,12,"9032"
"12171","    12.5 ","08/05/1982",0,5.1,25,12.5,"9032"
"12172","   12.5 ","09/05/1982",1.7,3.6,24.5,12.5,"9032"
"12173","   12 ","10/05/1982",6.3,4.5,26.5,12,"9032"
"12174","   12 ","11/05/1982",0,5.7,25.5,12,"9032"
"12175","   11.5 ","12/05/1982",1.1,3.9,24.5,11.5,"9032"
"12176","   11.5 ","13/05/1982",0,6.9,24.5,11.5,"9032"
"12177","   12 ","14/05/1982",0,5.8,25.5,12,"9032"
"12178","   12.5 ","15/05/1982",14.4,6.6,25.5,12.5,"9032"
"12179","    12 ","16/05/1982",0,7.5,24,12,"9032"
"12180","   11.5 ","17/05/1982",3.8,4.3,23.5,11.5,"9032"
"12181","   12 ","18/05/1982",14.9,2.6,20.5,12,"9032"
"12182","   11.5 ","19/05/1982",0,3,21.5,11.5,"9032"
"12183","   12.5 ","20/05/1982",11.9,3,21.5,12.5,"9032"
"12184","   12 ","21/05/1982",20,2.1,20.5,12,"9032"
"12185","   12 ","22/05/1982",0,3.9,21.5,12,"9032"
"12186","    12.5 ","23/05/1982",0,4.1,25,12.5,"9032"
"12187","   14 ","24/05/1982",0,4.9,26.5,14,"9032"
"12188","   12 ","25/05/1982",0,6.3,25.5,12,"9032"
"12189","    14 ","26/05/1982",0,6.7,27,14,"9032"
"12190","    13 ","27/05/1982",0,6,26,13,"9032"
"12191","   13.5 ","28/05/1982",0,6.8,26.5,13.5,"9032"
"12192","    15 ","29/05/1982",4.1,5.7,27,15,"9032"
"12193","   13 ","30/05/1982",0,6.8,26.5,13,"9032"
"12194","    13.5 ","31/05/1982",0,8.4,27,13.5,"9032"
"12195","    13 ","01/06/1982",0,9.4,27,13,"9032"
"12196","   10.5 ","02/06/1982",0,9.1,27.5,10.5,"9032"
"12197","    11 ","03/06/1982",0,9.3,30,11,"9032"
"12198","    11.5 ","04/06/1982",0,8.9,31,11.5,"9032"
"12199","   12.5 ","05/06/1982",0,8.8,28.5,12.5,"9032"
"12200","   14.5 ","06/06/1982",0,6.5,28.5,14.5,"9032"
"12201","   12.5 ","07/06/1982",0,6.7,27.5,12.5,"9032"
"12202","    12 ","08/06/1982",0,7.3,27,12,"9032"
"12203","    12 ","09/06/1982",5.5,5.8,27,12,"9032"
"12204","    11.5 ","10/06/1982",3.5,4.6,25,11.5,"9032"
"12205","    9.5 ","11/06/1982",0,4.1,23,9.5,"9032"
"12206","   12 ","12/06/1982",0.5,5.5,24.5,12,"9032"
"12207","    12.5 ","13/06/1982",0,4.2,24,12.5,"9032"
"12208","   11.5 ","14/06/1982",0,5.6,24.5,11.5,"9032"
"12209","   11.5 ","15/06/1982",0,5.4,26.5,11.5,"9032"
"12210","    11.5 ","16/06/1982",0,8.7,28,11.5,"9032"
"12211","   11 ","17/06/1982",0,7,27.5,11,"9032"
"12212","   11.5 ","18/06/1982",0,8.9,29.5,11.5,"9032"
"12213","   11.5 ","19/06/1982",0,6.9,27.5,11.5,"9032"
"12214","   11 ","20/06/1982",10.5,3.5,23.5,11,"9032"
"12215","   13.5 ","21/06/1982",1.5,3.1,21.5,13.5,"9032"
"12216","   12.5 ","22/06/1982",10,5.3,24.5,12.5,"9032"
"12217","   13.5 ","23/06/1982",3,3.8,24.5,13.5,"9032"
"12218","   11.5 ","24/06/1982",2.6,5.4,25.5,11.5,"9032"
"12219","   11 ","25/06/1982",0.2,5.4,25.5,11,"9032"
"12220","    12 ","26/06/1982",14.8,6.4,24,12,"9032"
"12221","    12 ","27/06/1982",0.9,5.9,25,12,"9032"
"12222","   13 ","28/06/1982",20.5,4.9,22.5,13,"9032"
"12223","   11.5 ","29/06/1982",12.8,4.1,21.5,11.5,"9032"
"12224","    12 ","30/06/1982",0.3,3,21,12,"9032"
"12225","    12 ","01/07/1982",0,6.2,24,12,"9032"
"12226","    10.5 ","02/07/1982",0,6.1,25,10.5,"9032"
"12227","    10 ","03/07/1982",0,4.6,22,10,"9032"
"12228","   10 ","04/07/1982",1,4.1,23.5,10,"9032"
"12229","   10.5 ","05/07/1982",3.4,5.5,23.5,10.5,"9032"
"12230","    11 ","06/07/1982",2,4.3,23,11,"9032"
"12231","    10 ","07/07/1982",0,5.2,24,10,"9032"
"12232","    10.5 ","08/07/1982",11.4,5.5,24,10.5,"9032"
"12233","   8 ","09/07/1982",0,4.8,23.5,8,"9032"
"12234","    9.5 ","10/07/1982",4.9,5.6,23,9.5,"9032"
"12235","   10.5 ","11/07/1982",13,3.7,22.5,10.5,"9032"
"12236","    11 ","12/07/1982",11,5.8,23,11,"9032"
"12237","    11 ","13/07/1982",3.5,4.7,23,11,"9032"
"12238","    11.5 ","14/07/1982",0.5,3.6,21,11.5,"9032"
"12239","    12 ","15/07/1982",27,3.5,22,12,"9032"
"12240","   12.5 ","16/07/1982",2.5,1,20.5,12.5,"9032"
"12241","   12 ","17/07/1982",7.2,3.4,20.5,12,"9032"
"12242","   12 ","18/07/1982",0.3,3.7,21.5,12,"9032"
"12243","    12 ","19/07/1982",0,4.3,24,12,"9032"
"12244","    10.5 ","20/07/1982",0,6.8,22,10.5,"9032"
"12245","    12.5 ","21/07/1982",0,4.8,24,12.5,"9032"
"12246","   9 ","22/07/1982",0,5.4,22.5,9,"9032"
"12247","   12 ","23/07/1982",0,3,21.5,12,"9032"
"12248","   12.5 ","24/07/1982",6.5,3.4,21.5,12.5,"9032"
"12249","    12.5 ","25/07/1982",10,4.1,22,12.5,"9032"
"12250","   13.5 ","26/07/1982",1.2,2.4,18.5,13.5,"9032"
"12251","   9 ","27/07/1982",19.2,4.6,22.5,9,"9032"
"12252","    7.5 ","28/07/1982",0,4.5,23,7.5,"9032"
"12253","    9.5 ","29/07/1982",0,7.6,25,9.5,"9032"
"12254","   10.5 ","30/07/1982",0,5.2,23.5,10.5,"9032"
"12255","    11.5 ","31/07/1982",0,6.1,25,11.5,"9032"
"12256","   12.5 ","01/08/1982",0,4.8,24.5,12.5,"9032"
"12257","    12.5 ","02/08/1982",10.5,3.7,22,12.5,"9032"
"12258","    10 ","03/08/1982",0.5,3,22,10,"9032"
"12259","    12.5 ","04/08/1982",0,5.3,24,12.5,"9032"
"12260","   10.5 ","05/08/1982",0,1.1,24.5,10.5,"9032"
"12261","   9.5 ","06/08/1982",0.2,4.7,22.5,9.5,"9032"
"12262","    10 ","07/08/1982",0,5,22,10,"9032"
"12263","   11.5 ","08/08/1982",0,4.9,24.5,11.5,"9032"
"12264","    10.5 ","09/08/1982",1,5.4,24,10.5,"9032"
"12265","   10.5 ","10/08/1982",6,4.4,23.5,10.5,"9032"
"12266","    10.5 ","11/08/1982",2.5,4.2,23,10.5,"9032"
"12267","   11.5 ","12/08/1982",0,5.4,22.5,11.5,"9032"
"12268","    10.5 ","13/08/1982",0,4.2,24,10.5,"9032"
"12269","   11 ","14/08/1982",21.5,1.5,23.5,11,"9032"
"12270","    9.5 ","15/08/1982",0,5.4,23,9.5,"9032"
"12271","    10 ","16/08/1982",0,5.9,25,10,"9032"
"12272","    12.5 ","17/08/1982",0,5.3,25,12.5,"9032"
"12273","   10.5 ","18/08/1982",10.5,5.9,22.5,10.5,"9032"
"12274","    12 ","19/08/1982",5.8,4.1,22,12,"9032"
"12275","   10.5 ","20/08/1982",14,4.5,22.5,10.5,"9032"
"12276","    12 ","21/08/1982",12,3.8,21,12,"9032"
"12277","   12.5 ","22/08/1982",0,2.9,22.5,12.5,"9032"
"12278","    11 ","23/08/1982",0,5.6,23,11,"9032"
"12279","    9.5 ","24/08/1982",0,4.2,22,9.5,"9032"
"12280","    11.5 ","25/08/1982",0,6.3,25,11.5,"9032"
"12281","   12 ","26/08/1982",0,7.2,22.5,12,"9032"
"12282","   12 ","27/08/1982",0,4.9,24.5,12,"9032"
"12283","   10.5 ","28/08/1982",1,5.8,21.5,10.5,"9032"
"12284","    11.5 ","29/08/1982",0,6,24,11.5,"9032"
"12285","   10 ","30/08/1982",0,3.1,21.5,10,"9032"
"12286","    10.5 ","31/08/1982",0,4.8,22,10.5,"9032"
"12287","   10.5 ","01/09/1982",0,2.9,22.5,10.5,"9032"
"12288","    9.5 ","02/09/1982",0,5.1,24,9.5,"9032"
"12289","   10.5 ","03/09/1982",0,5.9,24.5,10.5,"9032"
"12290","    12 ","04/09/1982",0,4,22,12,"9032"
"12291","   12.5 ","05/09/1982",4,4.3,23.5,12.5,"9032"
"12292","   12 ","06/09/1982",0.5,3.4,22.5,12,"9032"
"12293","   12.5 ","07/09/1982",0,4.1,22.5,12.5,"9032"
"12294","   13.5 ","08/09/1982",0,3.3,21.5,13.5,"9032"
"12295","   12.5 ","09/09/1982",3,5,22.5,12.5,"9032"
"12296","   12 ","10/09/1982",0,4.7,22.5,12,"9032"
"12297","    11 ","11/09/1982",1.9,5,24,11,"9032"
"12298","   13 ","12/09/1982",0,4.1,24.5,13,"9032"
"12299","   12.5 ","13/09/1982",2.8,5.3,22.5,12.5,"9032"
"12300","   12 ","14/09/1982",0.5,3.7,24.5,12,"9032"
"12301","   11.5 ","15/09/1982",0,4.9,23.5,11.5,"9032"
"12302","   12 ","16/09/1982",0.5,3.7,23.5,12,"9032"
"12303","    10 ","17/09/1982",1.6,5.5,22,10,"9032"
"12304","    12 ","18/09/1982",1,2.1,20,12,"9032"
"12305","   11.5 ","19/09/1982",0,4.3,20.5,11.5,"9032"
"12306","   12 ","20/09/1982",1,3.5,20.5,12,"9032"
"12307","    12.5 ","21/09/1982",0,4.1,23,12.5,"9032"
"12308","   12 ","22/09/1982",3,2,17.5,12,"9032"
"12309","    13 ","23/09/1982",0,2.8,18,13,"9032"
"12310","   9.5 ","24/09/1982",0,2.6,19.5,9.5,"9032"
"12311","   12.5 ","25/09/1982",0,4,22.5,12.5,"9032"
"12312","   10.5 ","26/09/1982",0,4.1,23.5,10.5,"9032"
"12313","    8.5 ","27/09/1982",0,6.8,25,8.5,"9032"
"12314","    10.5 ","28/09/1982",0,5,25,10.5,"9032"
"12315","   10.5 ","29/09/1982",0,5.2,25.5,10.5,"9032"
"12316","   10 ","30/09/1982",0,5.9,26.5,10,"9032"
"12317","   10 ","01/10/1982",0,4.8,23.5,10,"9032"
"12318","   12.5 ","02/10/1982",0,5.8,23.5,12.5,"9032"
"12319","    12.5 ","03/10/1982",0,4.1,22,12.5,"9032"
"12320","    12 ","04/10/1982",0.9,2.2,20,12,"9032"
"12321","   12.5 ","05/10/1982",6.5,4.2,23.5,12.5,"9032"
"12322","   11 ","06/10/1982",1,3.4,21.5,11,"9032"
"12323","    12.5 ","07/10/1982",0,3.1,22,12.5,"9032"
"12324","    10.5 ","08/10/1982",0,5.2,25,10.5,"9032"
"12325","   10.5 ","09/10/1982",2,5.5,25.5,10.5,"9032"
"12326","    11.5 ","10/10/1982",1.5,3.2,22,11.5,"9032"
"12327","    11.5 ","11/10/1982",0,4.3,23,11.5,"9032"
"12328","   9.5 ","12/10/1982",0.5,1.5,23.5,9.5,"9032"
"12329","   10 ","13/10/1982",0.8,3.7,19.5,10,"9032"
"12330","   10 ","14/10/1982",0,1.2,20.5,10,"9032"
"12331","    11.5 ","15/10/1982",0,2,20,11.5,"9032"
"12332","    11.5 ","16/10/1982",0,3.8,15,11.5,"9032"
"12333","   9.5 ","17/10/1982",0,3.7,23.5,9.5,"9032"
"12334","   9.5 ","18/10/1982",0,5.3,24.5,9.5,"9032"
"12335","   9.5 ","19/10/1982",0,4.9,23.5,9.5,"9032"
"12336","   7 ","20/10/1982",0,4.9,22.5,7,"9032"
"12337","    8 ","21/10/1982",0,3.8,21,8,"9032"
"12338","   9.5 ","22/10/1982",0,3.5,18.5,9.5,"9032"
"12339","   10 ","23/10/1982",0,2.3,16.5,10,"9032"
"12340","   7.5 ","24/10/1982",0,4.7,20.5,7.5,"9032"
"12341","   7.5 ","25/10/1982",0,4.8,20.5,7.5,"9032"
"12342","   7 ","26/10/1982",0,4.7,21.5,7,"9032"
"12343","   5 ","27/10/1982",0,4.9,22.5,5,"9032"
"12344","    7 ","28/10/1982",0,5.3,23,7,"9032"
"12345","    8 ","29/10/1982",0,5.1,23,8,"9032"
"12346","    7.5 ","30/10/1982",0,4.8,23,7.5,"9032"
"12347","   8 ","31/10/1982",0,5.2,23.5,8,"9032"
"12348","    8.5 ","01/11/1982",0,3.9,23,8.5,"9032"
"12349","   10.5 ","02/11/1982",0,3,21.5,10.5,"9032"
"12350","   8.5 ","03/11/1982",0,3.1,21.5,8.5,"9032"
"12351","    7 ","04/11/1982",0,3.1,19,7,"9032"
"12352","    2 ","05/11/1982",0,3.3,19,2,"9032"
"12353","    2 ","06/11/1982",0,3.7,21,2,"9032"
"12354","   2.5 ","07/11/1982",0,5.3,22.5,2.5,"9032"
"12355","    3.5 ","08/11/1982",0,4.6,23,3.5,"9032"
"12356","   5.5 ","09/11/1982",0,4.8,23.5,5.5,"9032"
"12357","   5.5 ","10/11/1982",0,5.2,23.5,5.5,"9032"
"12358","   6.5 ","11/11/1982",0,4.2,25.5,6.5,"9032"
"12359","   9.5 ","12/11/1982",0,5.4,24.5,9.5,"9032"
"12360","   8.5 ","13/11/1982",0,3,19.5,8.5,"9032"
"12361","   5.5 ","14/11/1982",0,3.8,23.5,5.5,"9032"
"12362","    7 ","15/11/1982",0,4.1,21,7,"9032"
"12363","   6.5 ","16/11/1982",0,4.7,22.5,6.5,"9032"
"12364","   8.5 ","17/11/1982",0,4.7,23.5,8.5,"9032"
"12365","    8.5 ","18/11/1982",0,5.6,25,8.5,"9032"
"12366","   9.5 ","19/11/1982",0,4.6,22.5,9.5,"9032"
"12367","   8 ","20/11/1982",0,3.6,24.5,8,"9032"
"12368","    9 ","21/11/1982",0,5.4,23,9,"9032"
"12369","    9.5 ","22/11/1982",0,4.1,22,9.5,"9032"
"12370","   9.5 ","23/11/1982",0,3,20.5,9.5,"9032"
"12371","   8 ","24/11/1982",0,1.5,20.5,8,"9032"
"12372","   8.5 ","25/11/1982",0,8.1,17.5,8.5,"9032"
"12373","   10.5 ","26/11/1982",0,3.2,15.5,10.5,"9032"
"12374","    11.5 ","27/11/1982",0,3,22,11.5,"9032"
"12375","    8 ","28/11/1982",0,4,24,8,"9032"
"12376","    9.5 ","29/11/1982",0,4.9,25,9.5,"9032"
"12377","   9.5 ","30/11/1982",0,3.3,23.5,9.5,"9032"
"12378","   9.5 ","01/12/1982",0,4.7,22.5,9.5,"9032"
"12379","   10 ","02/12/1982",0,5.3,21.5,10,"9032"
"12380","    7 ","03/12/1982",0,4.8,22,7,"9032"
"12381","   5.5 ","04/12/1982",0,6.6,23.5,5.5,"9032"
"12382","    6.5 ","05/12/1982",0,4.3,23,6.5,"9032"
"12383","   5 ","06/12/1982",0,4.6,20.5,5,"9032"
"12384","   4.5 ","07/12/1982",0,3.5,21.5,4.5,"9032"
"12385","   6.5 ","08/12/1982",0,3.1,19.5,6.5,"9032"
"12386","   8 ","09/12/1982",0,4,21.5,8,"9032"
"12387","   8.5 ","10/12/1982",0,4.2,23.5,8.5,"9032"
"12388","   9 ","11/12/1982",0,4.9,23.5,9,"9032"
"12389","   8.5 ","12/12/1982",0,3.3,21.5,8.5,"9032"
"12390","   8.5 ","13/12/1982",0,5.7,20.5,8.5,"9032"
"12391","   10 ","14/12/1982",0,3.5,19.5,10,"9032"
"12392","    6 ","15/12/1982",0,2.8,19,6,"9032"
"12393","   8.5 ","16/12/1982",0,2.5,14.5,8.5,"9032"
"12394","   5.5 ","17/12/1982",0,5.5,17.5,5.5,"9032"
"12395","    5 ","18/12/1982",0,4.4,23,5,"9032"
"12396","    3.5 ","19/12/1982",0,3.7,22,3.5,"9032"
"12397","   1.5 ","20/12/1982",0,4.4,20.5,1.5,"9032"
"12398","    4 ","21/12/1982",0,3.2,21,4,"9032"
"12399","   5.5 ","22/12/1982",0,5.4,20.5,5.5,"9032"
"12400","    5 ","23/12/1982",0,6.1,22,5,"9032"
"12401","   6 ","24/12/1982",0,5.2,21.5,6,"9032"
"12402","   5.5 ","25/12/1982",0,5.9,21.5,5.5,"9032"
"12403","   7.5 ","26/12/1982",0,4.9,19.5,7.5,"9032"
"12404","   8 ","27/12/1982",0,5.1,23.5,8,"9032"
"12405","    9 ","28/12/1982",0,4.2,22,9,"9032"
"12406","    9 ","29/12/1982",0,3.7,22,9,"9032"
"12407","   8 ","30/12/1982",0,4,21.5,8,"9032"
"12408","    8.5 ","31/12/1982",0.4,2.7,22,8.5,"9032"
"12409","   10.5 ","01/01/1983",0,4,13.5,10.5,"9032"
"12410","   7.5 ","02/01/1983",0,2.5,19.5,7.5,"9032"
"12411","    7 ","03/01/1983",0,3.2,19,7,"9032"
"12412","   7.5 ","04/01/1983",0,2.5,18.5,7.5,"9032"
"12413","   9.5 ","05/01/1983",0,2.1,17.5,9.5,"9032"
"12414","    6 ","06/01/1983",0,3.6,19,6,"9032"
"12415","   7.5 ","07/01/1983",0,3.4,19.5,7.5,"9032"
"12416","    8.5 ","08/01/1983",0,4.2,21,8.5,"9032"
"12417","    7.5 ","09/01/1983",0,4.4,22,7.5,"9032"
"12418","    8 ","10/01/1983",0,3.8,23,8,"9032"
"12419","    8.5 ","11/01/1983",0,4,20,8.5,"9032"
"12420","    7 ","12/01/1983",0,1.2,14,7,"9032"
"12421","    4.5 ","13/01/1983",0,1.8,15,4.5,"9032"
"12422","    4.5 ","14/01/1983",0,3,15,4.5,"9032"
"12423","    6 ","15/01/1983",0,3.4,15,6,"9032"
"12424","   5 ","16/01/1983",0,4.6,15.5,5,"9032"
"12425","   5 ","17/01/1983",0,2.9,18.5,5,"9032"
"12426","   6 ","18/01/1983",13.4,1.5,17.5,6,"9032"
"12427","    7 ","19/01/1983",0,3.9,18,7,"9032"
"12428","   5.5 ","20/01/1983",0,4.9,16.5,5.5,"9032"
"12429","    3.5 ","21/01/1983",0,5.1,20,3.5,"9032"
"12430","    2.5 ","22/01/1983",0,4.1,19,2.5,"9032"
"12431","    2.5 ","23/01/1983",0,6.1,21,2.5,"9032"
"12432","   4.5 ","24/01/1983",0,4.4,18.5,4.5,"9032"
"12433","    2 ","25/01/1983",0,4.7,19,2,"9032"
"12434","   4 ","26/01/1983",0,4.6,20.5,4,"9032"
"12435","   3.5 ","27/01/1983",0,5.3,20.5,3.5,"9032"
"12436","   6 ","28/01/1983",0,4.4,21.5,6,"9032"
"12437","   6.5 ","29/01/1983",0,5.2,22.5,6.5,"9032"
"12438","    6.5 ","30/01/1983",0,5.3,22,6.5,"9032"
"12439","    9 ","31/01/1983",0,5.1,21,9,"9032"
"12440","    8.5 ","01/02/1983",0,8.9,24,8.5,"9032"
"12441","    6 ","02/02/1983",0,6.5,26,6,"9032"
"12442","   7 ","03/02/1983",0,6.7,25.5,7,"9032"
"12443","   9 ","04/02/1983",0,7.9,23.5,9,"9032"
"12444","   7.5 ","05/02/1983",0,6.7,22.5,7.5,"9032"
"12445","   8.5 ","06/02/1983",0,7.4,24.5,8.5,"9032"
"12446","    6.5 ","07/02/1983",0,7.7,23,6.5,"9032"
"12447","   8.5 ","08/02/1983",0,6.3,23.5,8.5,"9032"
"12448","    8 ","09/02/1983",0,6.6,22,8,"9032"
"12449","   6 ","10/02/1983",0,7.2,21.5,6,"9032"
"12450","   9.5 ","11/02/1983",12.2,1.3,12.1,9.5,"9032"
"12451","    5.5 ","12/02/1983",0.5,1.9,12,5.5,"9032"
"12452","    1.5 ","13/02/1983",0,3.6,18,1.5,"9032"
"12453","   2.5 ","14/02/1983",0,5.9,21.5,2.5,"9032"
"12454","    2.5 ","15/02/1983",0,6.9,22,2.5,"9032"
"12455","    3.5 ","16/02/1983",0,5.3,20,3.5,"9032"
"12456","   4.5 ","17/02/1983",0,6.5,21.5,4.5,"9032"
"12457","    5.5 ","18/02/1983",0,5.5,21,5.5,"9032"
"12458","    5.5 ","19/02/1983",0,6.4,19,5.5,"9032"
"12459","   5 ","20/02/1983",0,5,21.5,5,"9032"
"12460","    6 ","21/02/1983",0,5.9,22,6,"9032"
"12461","   7.5 ","22/02/1983",0,5,17.5,7.5,"9032"
"12462","   6 ","23/02/1983",0,6.5,20.5,6,"9032"
"12463","    7.5 ","24/02/1983",0.5,6.5,20,7.5,"9032"
"12464","   7.5 ","25/02/1983",6.3,2.3,15.5,7.5,"9032"
"12465","   2.5 ","26/02/1983",0,2.7,17.5,2.5,"9032"
"12466","    4 ","27/02/1983",0,3.4,20,4,"9032"
"12467","    5.5 ","28/02/1983",0,4.8,24,5.5,"9032"
"12468","    7 ","01/03/1983",0,6.3,24,7,"9032"
"12469","   8.5 ","02/03/1983",0,7.1,23.5,8.5,"9032"
"12470","    10 ","03/03/1983",0,8.9,23,10,"9032"
"12471","    11.5 ","04/03/1983",0,8.1,22,11.5,"9032"
"12472","   6 ","05/03/1983",0,10.9,25.5,6,"9032"
"12473","    6 ","06/03/1983",0,8.2,25,6,"9032"
"12474","   7 ","07/03/1983",0,9.5,24.5,7,"9032"
"12475","   6 ","08/03/1983",0,6.5,23.5,6,"9032"
"12476","    8 ","09/03/1983",0,6.9,24,8,"9032"
"12477","    7.5 ","10/03/1983",0,5.4,23,7.5,"9032"
"12478","   8 ","11/03/1983",0,7.3,23.5,8,"9032"
"12479","   10.5 ","12/03/1983",9,3.7,17.5,10.5,"9032"
"12480","   7 ","13/03/1983",6,1.5,13.5,7,"9032"
"12481","   4.5 ","14/03/1983",0,4.8,18.5,4.5,"9032"
"12482","    5.5 ","15/03/1983",0,6.1,21,5.5,"9032"
"12483","    5.5 ","16/03/1983",0,9.5,23,5.5,"9032"
"12484","    6 ","17/03/1983",0,9.9,25,6,"9032"
"12485","   8 ","18/03/1983",0,10.6,25.5,8,"9032"
"12486","   9.5 ","19/03/1983",0,9.2,29.5,9.5,"9032"
"12487","   10 ","20/03/1983",0,9.9,27.5,10,"9032"
"12488","   10 ","21/03/1983",0,10.1,25.5,10,"9032"
"12489","   13 ","22/03/1983",0,9.9,23.5,13,"9032"
"12490","   10.5 ","23/03/1983",0,9.9,25.5,10.5,"9032"
"12491","    7.5 ","24/03/1983",0,10.1,26,7.5,"9032"
"12492","    10 ","25/03/1983",0,10.1,24,10,"9032"
"12493","    9.5 ","26/03/1983",0,10.9,24,9.5,"9032"
"12494","   8.5 ","27/03/1983",0,9.9,24.5,8.5,"9032"
"12495","   8.5 ","28/03/1983",0,6.9,25.5,8.5,"9032"
"12496","   8.5 ","29/03/1983",0,5.1,23.5,8.5,"9032"
"12497","   10 ","30/03/1983",0,6.1,22.5,10,"9032"
"12498","   8.5 ","31/03/1983",0,6.7,24.5,8.5,"9032"
"12499","    10.5 ","01/04/1983",0,7.9,25,10.5,"9032"
"12500","   9.5 ","02/04/1983",0,6.9,24.5,9.5,"9032"
"12501","   10.5 ","03/04/1983",0,7.9,24.5,10.5,"9032"
"12502","    8.5 ","04/04/1983",0,9.1,22,8.5,"9032"
"12503","    8 ","05/04/1983",0,8.1,27,8,"9032"
"12504","    11 ","06/04/1983",0,9.9,23,11,"9032"
"12505","    13 ","07/04/1983",0,10.1,23,13,"9032"
"12506","   10 ","08/04/1983",0,8.9,22.5,10,"9032"
"12507","    11 ","09/04/1983",0,8.9,22,11,"9032"
"12508","   8 ","10/04/1983",0,7.9,25.5,8,"9032"
"12509","   8.5 ","11/04/1983",0,6.1,25.5,8.5,"9032"
"12510","   9.5 ","12/04/1983",0,8.1,25.5,9.5,"9032"
"12511","   10 ","13/04/1983",0,6.9,26.5,10,"9032"
"12512","   8.5 ","14/04/1983",0,8.1,26.5,8.5,"9032"
"12513","   9.5 ","15/04/1983",0,7.9,25.5,9.5,"9032"
"12514","    7.5 ","16/04/1983",0,8.9,26,7.5,"9032"
"12515","   8.5 ","17/04/1983",0,9.1,26.5,8.5,"9032"
"12516","   13 ","18/04/1983",0,7.1,27.5,13,"9032"
"12517","   12.5 ","19/04/1983",0,9.2,29.5,12.5,"9032"
"12518","    13 ","20/04/1983",0,10.3,29,13,"9032"
"12519","   13.5 ","21/04/1983",0,9.4,29.5,13.5,"9032"
"12520","    14.5 ","22/04/1983",0,9.1,28,14.5,"9032"
"12521","   13.5 ","23/04/1983",0,10.5,29.5,13.5,"9032"
"12522","   10.5 ","24/04/1983",0,9.4,27.5,10.5,"9032"
"12523","   13.5 ","25/04/1983",0,10.2,27.5,13.5,"9032"
"12524","   11.5 ","26/04/1983",0,11.3,26.5,11.5,"9032"
"12525","    11 ","27/04/1983",0,8.9,28,11,"9032"
"12526","    11 ","28/04/1983",0,8.6,28,11,"9032"
"12527","    11.5 ","29/04/1983",0,10.5,29,11.5,"9032"
"12528","   11.5 ","30/04/1983",0,8.3,30.5,11.5,"9032"
"12529","    14 ","01/05/1983",0,9.6,30,14,"9032"
"12530","    14.5 ","02/05/1983",0,10.9,33,14.5,"9032"
"12531","   16.5 ","03/05/1983",0,10.1,33.5,16.5,"9032"
"12532","   12.5 ","04/05/1983",0,9,30.5,12.5,"9032"
"12533","   14.5 ","05/05/1983",0,10.9,30.5,14.5,"9032"
"12534","   16.5 ","06/05/1983",0,11,30.5,16.5,"9032"
"12535","   15.5 ","07/05/1983",0,10,31.5,15.5,"9032"
"12536","   12.5 ","08/05/1983",0,9.1,27.5,12.5,"9032"
"12537","    14 ","09/05/1983",0,10,27,14,"9032"
"12538","   14 ","10/05/1983",0,7.5,28.5,14,"9032"
"12539","    14.5 ","11/05/1983",0,7.5,28,14.5,"9032"
"12540","    14.5 ","12/05/1983",0,7.8,28,14.5,"9032"
"12541","   17 ","13/05/1983",0,7.4,27.5,17,"9032"
"12542","    15 ","14/05/1983",0,9.4,28,15,"9032"
"12543","   16.5 ","15/05/1983",0,6.4,29.5,16.5,"9032"
"12544","   14 ","16/05/1983",0,7.1,27.5,14,"9032"
"12545","    15.5 ","17/05/1983",0,8.3,29,15.5,"9032"
"12546","    17 ","18/05/1983",0,6.1,30,17,"9032"
"12547","   15.5 ","19/05/1983",0,9.9,30.5,15.5,"9032"
"12548","    15 ","20/05/1983",0,8.9,30,15,"9032"
"12549","   15.5 ","21/05/1983",0,7.2,30.5,15.5,"9032"
"12550","    14.5 ","22/05/1983",0,7.4,30,14.5,"9032"
"12551","    14 ","23/05/1983",0,6.9,28,14,"9032"
"12552","   14 ","24/05/1983",0,4.4,23.5,14,"9032"
"12553","   13.5 ","25/05/1983",7,4.9,23.5,13.5,"9032"
"12554","    11 ","26/05/1983",2.5,3.5,21,11,"9032"
"12555","   11.5 ","27/05/1983",0,5.8,21.5,11.5,"9032"
"12556","   14 ","28/05/1983",0,7.5,23.5,14,"9032"
"12557","   11.5 ","29/05/1983",0,9.4,24.5,11.5,"9032"
"12558","   11.5 ","30/05/1983",0,10.1,25.5,11.5,"9032"
"12559","    13.5 ","31/05/1983",0,9.8,26,13.5,"9032"
"12560","   10.5 ","01/06/1983",0,9.8,26.5,10.5,"9032"
"12561","   12 ","02/06/1983",0,8,28.5,12,"9032"
"12562","   15 ","03/06/1983",0,7,27.5,15,"9032"
"12563","   13.5 ","04/06/1983",0,9.9,28.5,13.5,"9032"
"12564","    14.5 ","05/06/1983",0,6.8,28,14.5,"9032"
"12565","    14.5 ","06/06/1983",0.5,5.4,27,14.5,"9032"
"12566","   15 ","07/06/1983",0.6,3.3,24.5,15,"9032"
"12567","   13 ","08/06/1983",0,7.2,26.5,13,"9032"
"12568","   12.5 ","09/06/1983",0,9,27.5,12.5,"9032"
"12569","    11.5 ","10/06/1983",0,7.3,27,11.5,"9032"
"12570","    11 ","11/06/1983",0,9,29,11,"9032"
"12571","    13.5 ","12/06/1983",0,7.9,29,13.5,"9032"
"12572","    13.5 ","13/06/1983",0,7.2,28,13.5,"9032"
"12573","    14 ","14/06/1983",0,6.2,27,14,"9032"
"12574","   12.5 ","15/06/1983",0,6.8,27.5,12.5,"9032"
"12575","    12.5 ","16/06/1983",0,5.8,25,12.5,"9032"
"12576","   12.5 ","17/06/1983",12.3,5.4,25.5,12.5,"9032"
"12577","   11.5 ","18/06/1983",0,6,24.5,11.5,"9032"
"12578","   12.5 ","19/06/1983",0,7.9,27.5,12.5,"9032"
"12579","   12 ","20/06/1983",3.1,7.3,27.5,12,"9032"
"12580","    13 ","21/06/1983",17.4,4.8,25,13,"9032"
"12581","   13 ","22/06/1983",0,4,23.5,13,"9032"
"12582","   14 ","23/06/1983",26.3,2.8,25.5,14,"9032"
"12583","   12.5 ","24/06/1983",12.5,2.9,22.5,12.5,"9032"
"12584","   13 ","25/06/1983",1.6,2.4,19.5,13,"9032"
"12585","   14 ","26/06/1983",4.7,4.3,24.5,14,"9032"
"12586","    12.5 ","27/06/1983",0,6.6,26,12.5,"9032"
"12587","   11.5 ","28/06/1983",0,7.3,26.5,11.5,"9032"
"12588","   12.5 ","29/06/1983",0,6.6,26.5,12.5,"9032"
"12589","   12.5 ","30/06/1983",0,6,23.5,12.5,"9032"
"12590","    12.5 ","01/07/1983",25.5,2.8,25,12.5,"9032"
"12591","    11.5 ","02/07/1983",1.7,3.9,24,11.5,"9032"
"12592","   13.5 ","03/07/1983",0,4.4,24.5,13.5,"9032"
"12593","    13 ","04/07/1983",21.3,4.5,24,13,"9032"
"12594","   13 ","05/07/1983",21.4,4.7,18.5,13,"9032"
"12595","   11.5 ","06/07/1983",3,3.5,22.5,11.5,"9032"
"12596","   11 ","07/07/1983",0,5.9,23.5,11,"9032"
"12597","    11 ","08/07/1983",2,4.6,24,11,"9032"
"12598","   11.5 ","09/07/1983",7.4,4.4,21.5,11.5,"9032"
"12599","    11.5 ","10/07/1983",8.4,4.3,23,11.5,"9032"
"12600","   12 ","11/07/1983",7.2,2.4,22.5,12,"9032"
"12601","   12.5 ","12/07/1983",3.8,4,22.5,12.5,"9032"
"12602","   13 ","13/07/1983",30,3.2,21.5,13,"9032"
"12603","    12.5 ","14/07/1983",14.3,3.6,21,12.5,"9032"
"12604","   13 ","15/07/1983",0,2.1,22.5,13,"9032"
"12605","   13.5 ","16/07/1983",1.3,4.2,21.5,13.5,"9032"
"12606","    12.5 ","17/07/1983",19.5,1.2,19,12.5,"9032"
"12607","   14.5 ","18/07/1983",0,3,20.5,14.5,"9032"
"12608","    13 ","19/07/1983",4.5,2.3,21,13,"9032"
"12609","    12.5 ","20/07/1983",1.7,3.5,21,12.5,"9032"
"12610","   11 ","21/07/1983",0,4.6,22.5,11,"9032"
"12611","    10 ","22/07/1983",1.5,4.3,22,10,"9032"
"12612","    12.5 ","23/07/1983",0,4,22,12.5,"9032"
"12613","   11.2 ","24/07/1983",0,4.1,24.5,11.2,"9032"
"12614","   9.5 ","25/07/1983",0,5.9,24.5,9.5,"9032"
"12615","    11.5 ","26/07/1983",1.8,5.9,25,11.5,"9032"
"12616","    12 ","27/07/1983",15.5,4.8,23,12,"9032"
"12617","   12 ","28/07/1983",15.4,3.7,22.5,12,"9032"
"12618","    11.5 ","29/07/1983",7.3,3.8,22,11.5,"9032"
"12619","   11 ","30/07/1983",2,3,23.5,11,"9032"
"12620","    11.5 ","31/07/1983",0,4.9,23,11.5,"9032"
"12621","    12.5 ","01/08/1983",0,3.9,23,12.5,"9032"
"12622","    12.5 ","02/08/1983",23.5,3.5,23,12.5,"9032"
"12623","    12 ","03/08/1983",4.5,3.5,22,12,"9032"
"12624","   11.5 ","04/08/1983",4,2,21.5,11.5,"9032"
"12625","    11 ","05/08/1983",5.3,2.7,20,11,"9032"
"12626","   11.5 ","06/08/1983",0.3,3,18.5,11.5,"9032"
"12627","   12.5 ","07/08/1983",4,4.1,22.5,12.5,"9032"
"12628","    11.5 ","08/08/1983",10.5,5.4,23,11.5,"9032"
"12629","    11 ","09/08/1983",2.3,2.5,23,11,"9032"
"12630","   11.5 ","10/08/1983",0.9,3.8,24.5,11.5,"9032"
"12631","    13 ","11/08/1983",15.7,1.8,18,13,"9032"
"12632","   11.5 ","12/08/1983",0,3.7,23.5,11.5,"9032"
"12633","   11 ","13/08/1983",6.5,4.5,24.5,11,"9032"
"12634","    12 ","14/08/1983",0,3.9,23,12,"9032"
"12635","   9.5 ","15/08/1983",0,5.3,24.5,9.5,"9032"
"12636","   9.5 ","16/08/1983",0,5.9,23.5,9.5,"9032"
"12637","    11.5 ","17/08/1983",0,4,24,11.5,"9032"
"12638","    11.5 ","18/08/1983",0,5,25,11.5,"9032"
"12639","    12 ","19/08/1983",0.4,5.3,26,12,"9032"
"12640","   13.5 ","20/08/1983",0.2,4.4,24.5,13.5,"9032"
"12641","   12.5 ","21/08/1983",6.2,5.5,22.5,12.5,"9032"
"12642","    12 ","22/08/1983",7.2,3.7,22,12,"9032"
"12643","    12 ","23/08/1983",0,4.5,23,12,"9032"
"12644","   12 ","24/08/1983",14.4,6,22.5,12,"9032"
"12645","    11.5 ","25/08/1983",0,3.7,22,11.5,"9032"
"12646","   11.5 ","26/08/1983",0,3.8,22.5,11.5,"9032"
"12647","    11.5 ","27/08/1983",0,5.2,24,11.5,"9032"
"12648","    10.5 ","28/08/1983",0,6.1,24,10.5,"9032"
"12649","   10.5 ","29/08/1983",5.1,3.5,24.5,10.5,"9032"
"12650","   12.5 ","30/08/1983",0.4,5.2,23.5,12.5,"9032"
"12651","   12.5 ","31/08/1983",0,3.2,23.5,12.5,"9032"
"12652","   12 ","01/09/1983",1.5,2.9,23.5,12,"9032"
"12653","   13.5 ","02/09/1983",0.5,2.9,20.5,13.5,"9032"
"12654","   13.5 ","03/09/1983",0.5,1.8,18.5,13.5,"9032"
"12655","    13 ","04/09/1983",0.3,2.7,21,13,"9032"
"12656","   11.5 ","05/09/1983",5,4,24.5,11.5,"9032"
"12657","    12 ","06/09/1983",13.5,4.9,24,12,"9032"
"12658","   12 ","07/09/1983",4.5,2.2,20.5,12,"9032"
"12659","   12 ","08/09/1983",5,3.5,22.5,12,"9032"
"12660","    12.5 ","09/09/1983",0,4,22,12.5,"9032"
"12661","    12.5 ","10/09/1983",14,4.7,24,12.5,"9032"
"12662","    10 ","11/09/1983",1.5,2.1,20,10,"9032"
"12663","   11.5 ","12/09/1983",0.2,3.8,23.5,11.5,"9032"
"12664","   12.5 ","13/09/1983",1.1,2.6,22.5,12.5,"9032"
"12665","    11.5 ","14/09/1983",15,3.8,21,11.5,"9032"
"12666","    12.5 ","15/09/1983",2,2.1,21,12.5,"9032"
"12667","    11.5 ","16/09/1983",1,2,20,11.5,"9032"
"12668","   11 ","17/09/1983",5.5,3,23.5,11,"9032"
"12669","   12 ","18/09/1983",1,3.7,23.5,12,"9032"
"12670","   12.5 ","19/09/1983",3,4.7,25.5,12.5,"9032"
"12671","   11.5 ","20/09/1983",0,2.3,23.5,11.5,"9032"
"12672","    13.5 ","21/09/1983",4.9,2.9,20,13.5,"9032"
"12673","   11 ","22/09/1983",0.6,3.3,20.5,11,"9032"
"12674","    11.5 ","23/09/1983",0,2.2,18,11.5,"9032"
"12675","   12.5 ","24/09/1983",0,2.3,20.5,12.5,"9032"
"12676","    11.5 ","25/09/1983",0,2.9,20,11.5,"9032"
"12677","    12.5 ","26/09/1983",3.5,3.7,21,12.5,"9032"
"12678","    11.5 ","27/09/1983",11.4,2.7,19,11.5,"9032"
"12679","    10.5 ","28/09/1983",1,3.2,22,10.5,"9032"
"12680","   11 ","29/09/1983",0,3.5,22.5,11,"9032"
"12681","   8 ","30/09/1983",0,4.7,21.5,8,"9032"
"12682","    12 ","01/10/1983",0,4.3,23,12,"9032"
"12683","   11.5 ","02/10/1983",0,4.9,22.5,11.5,"9032"
"12684","    10.5 ","03/10/1983",0,4.9,24,10.5,"9032"
"12685","   8.5 ","04/10/1983",0,4.9,24.5,8.5,"9032"
"12686","    9 ","05/10/1983",0,5,24,9,"9032"
"12687","   12 ","06/10/1983",0,4.7,24.5,12,"9032"
"12688","    12 ","07/10/1983",0,5.2,24,12,"9032"
"12689","    11 ","08/10/1983",0,4.9,25,11,"9032"
"12690","   9 ","09/10/1983",0,3.9,23.5,9,"9032"
"12691","   11.5 ","10/10/1983",4,4.8,22.5,11.5,"9032"
"12692","   10 ","11/10/1983",0,4.4,24.5,10,"9032"
"12693","    11.5 ","12/10/1983",15.1,5.2,24,11.5,"9032"
"12694","   9 ","13/10/1983",0,3.5,16.5,9,"9032"
"12695","   9.5 ","14/10/1983",0.3,2,20.5,9.5,"9032"
"12696","   9.5 ","15/10/1983",2.4,3.3,23.5,9.5,"9032"
"12697","    10.5 ","16/10/1983",0,3.5,24,10.5,"9032"
"12698","   11 ","17/10/1983",0,4.1,23.5,11,"9032"
"12699","   11.5 ","18/10/1983",3.4,4.3,22.5,11.5,"9032"
"12700","    10.5 ","19/10/1983",0,4.4,23,10.5,"9032"
"12701","   10.5 ","20/10/1983",0,5.9,23.5,10.5,"9032"
"12702","   12.5 ","21/10/1983",0,4.2,21.5,12.5,"9032"
"12703","    11 ","22/10/1983",0.5,3.8,20,11,"9032"
"12704","   12 ","23/10/1983",9,2.6,19.5,12,"9032"
"12705","   11.5 ","24/10/1983",0.2,1.3,22.5,11.5,"9032"
"12706","    8.5 ","25/10/1983",0,2.1,19,8.5,"9032"
"12707","   6 ","26/10/1983",0,2.9,15.5,6,"9032"
"12708","    5 ","27/10/1983",0,3.3,20,5,"9032"
"12709","    9 ","28/10/1983",0,4,21,9,"9032"
"12710","    8.5 ","29/10/1983",0.3,4,21,8.5,"9032"
"12711","    9.5 ","30/10/1983",0,1.5,18,9.5,"9032"
"12712","    11 ","31/10/1983",0,2.7,18,11,"9032"
"12713","    11 ","01/11/1983",0,3.4,22,11,"9032"
"12714","   11.5 ","02/11/1983",0,4.3,22.5,11.5,"9032"
"12715","   7.5 ","03/11/1983",0,4.2,20.5,7.5,"9032"
"12716","    7 ","04/11/1983",0,3.7,24,7,"9032"
"12717","    9.5 ","05/11/1983",0,3.1,22,9.5,"9032"
"12718","   11 ","06/11/1983",0,2.9,22.5,11,"9032"
"12719","   12 ","07/11/1983",9.2,2.8,18.5,12,"9032"
"12720","    10.5 ","08/11/1983",5.5,1.7,17,10.5,"9032"
"12721","    9 ","09/11/1983",8,1.7,16,9,"9032"
"12722","   9 ","10/11/1983",0,2.5,20.5,9,"9032"
"12723","   7 ","11/11/1983",0,3.5,21.5,7,"9032"
"12724","   8 ","12/11/1983",0,5.3,21.5,8,"9032"
"12725","    7.5 ","13/11/1983",0,4.3,23,7.5,"9032"
"12726","   8.5 ","14/11/1983",0,4.1,22.5,8.5,"9032"
"12727","    8.5 ","15/11/1983",0,4.2,23,8.5,"9032"
"12728","    9 ","16/11/1983",0,5.2,20,9,"9032"
"12729","    8 ","17/11/1983",0,3.7,21,8,"9032"
"12730","   8.5 ","18/11/1983",0,4.3,21.5,8.5,"9032"
"12731","   10 ","19/11/1983",0,2.8,18.5,10,"9032"
"12732","   6.5 ","20/11/1983",0,5.2,23.5,6.5,"9032"
"12733","   10 ","21/11/1983",0,4.4,22.5,10,"9032"
"12734","   10 ","22/11/1983",0,5.2,22.5,10,"9032"
"12735","   11.5 ","23/11/1983",0,4.6,22.5,11.5,"9032"
"12736","    8.5 ","24/11/1983",0,4.6,23,8.5,"9032"
"12737","    8 ","25/11/1983",0,5.6,23,8,"9032"
"12738","   9.5 ","26/11/1983",0,4.7,20.5,9.5,"9032"
"12739","   12 ","27/11/1983",0,5.2,20.5,12,"9032"
"12740","    8 ","28/11/1983",0,3.7,22,8,"9032"
"12741","    9 ","29/11/1983",0,4.8,22,9,"9032"
"12742","   9 ","30/11/1983",0,4.6,23.5,9,"9032"
"12743","   9 ","01/12/1983",0,4.9,23.5,9,"9032"
"12744","    8 ","02/12/1983",0,5.1,23,8,"9032"
"12745","   10.5 ","03/12/1983",0,5.1,21.5,10.5,"9032"
"12746","    9.5 ","04/12/1983",0,2.5,24,9.5,"9032"
"12747","   9.5 ","05/12/1983",0,4.3,22.5,9.5,"9032"
"12748","   10 ","06/12/1983",1.3,3.2,21.5,10,"9032"
"12749","   7 ","07/12/1983",0,2.8,21.5,7,"9032"
"12750","    9 ","08/12/1983",1.8,4.4,23,9,"9032"
"12751","   11 ","09/12/1983",0,4.6,21.5,11,"9032"
"12752","   9.5 ","10/12/1983",0,4.8,22.5,9.5,"9032"
"12753","   9.5 ","11/12/1983",0,3.9,22.5,9.5,"9032"
"12754","   8.5 ","12/12/1983",0,5.1,22.5,8.5,"9032"
"12755","    10 ","13/12/1983",0,3.9,22,10,"9032"
"12756","   7.5 ","14/12/1983",0,4.8,22.5,7.5,"9032"
"12757","   5.5 ","15/12/1983",0,3.4,21.5,5.5,"9032"
"12758","    6 ","16/12/1983",0,5.4,21,6,"9032"
"12759","   4.5 ","17/12/1983",0,4.9,19.5,4.5,"9032"
"12760","   5.5 ","18/12/1983",0,4,20.5,5.5,"9032"
"12761","   7.5 ","19/12/1983",0,3,18.5,7.5,"9032"
"12762","   8.5 ","20/12/1983",0,2.9,18.5,8.5,"9032"
"12763","    7.5 ","21/12/1983",0,4.1,21,7.5,"9032"
"12764","    6.5 ","22/12/1983",0,4.6,23,6.5,"9032"
"12765","   6.5 ","23/12/1983",0,4.4,22.5,6.5,"9032"
"12766","   7 ","24/12/1983",0,4.1,21.5,7,"9032"
"12767","   5 ","25/12/1983",0,2.2,21.5,5,"9032"
"12768","   7 ","26/12/1983",0,3.7,21.5,7,"9032"
"12769","   7.5 ","27/12/1983",0,3.1,21.5,7.5,"9032"
"12770","   6.5 ","28/12/1983",0,5,23.5,6.5,"9032"
"12771","   7 ","29/12/1983",0,3.4,20.5,7,"9032"
"12772","   1.5 ","30/12/1983",0,2.8,15.5,1.5,"9032"
"12773","   0.5 ","31/12/1983",0,3.1,17.5,0.5,"9032"
"12774","    2 ","01/01/1984",0,4,19,2,"9032"
"12775","   3 ","02/01/1984",0,3.9,19.5,3,"9032"
"12776","   3 ","03/01/1984",3.5,3.6,20.5,3,"9032"
"12777","   4 ","04/01/1984",0,1.9,14.5,4,"9032"
"12778","    7 ","05/01/1984",0,3,20,7,"9032"
"12779","   7.5 ","06/01/1984",0,3,21.5,7.5,"9032"
"12780","   7.5 ","07/01/1984",0,4.1,21.5,7.5,"9032"
"12781","   8.5 ","08/01/1984",0,4.9,22.5,8.5,"9032"
"12782","   8 ","09/01/1984",0,5.1,22.5,8,"9032"
"12783","    6 ","10/01/1984",3.9,3.8,20,6,"9032"
"12784","   4.5 ","11/01/1984",4.8,1.6,12.5,4.5,"9032"
"12785","   5 ","12/01/1984",0,3.1,20.5,5,"9032"
"12786","   5.5 ","13/01/1984",0,3.1,19.5,5.5,"9032"
"12787","   6.5 ","14/01/1984",0,3.3,20.5,6.5,"9032"
"12788","    6 ","15/01/1984",0,4,22,6,"9032"
"12789","    7.5 ","16/01/1984",0,4,22,7.5,"9032"
"12790","    8.5 ","17/01/1984",0,5,20,8.5,"9032"
"12791","    7 ","18/01/1984",0,4.8,22,7,"9032"
"12792","   7.5 ","19/01/1984",0,4.9,20.5,7.5,"9032"
"12793","   8.5 ","20/01/1984",0,4.2,21.5,8.5,"9032"
"12794","    8 ","21/01/1984",0,5.1,21,8,"9032"
"12795","   5 ","22/01/1984",0,3.3,22.5,5,"9032"
"12796","   8.5 ","23/01/1984",0,5.7,21.5,8.5,"9032"
"12797","   8.5 ","24/01/1984",0,3.1,19.5,8.5,"9032"
"12798","   8 ","25/01/1984",0,5.7,19.5,8,"9032"
"12799","   8.5 ","26/01/1984",0,5.2,19.5,8.5,"9032"
"12800","   5 ","27/01/1984",0,4.8,21.5,5,"9032"
"12801","   6.5 ","28/01/1984",0,4,21.5,6.5,"9032"
"12802","    7.5 ","29/01/1984",0,4.5,23,7.5,"9032"
"12803","    8.5 ","30/01/1984",0,4.7,23,8.5,"9032"
"12804","   8 ","31/01/1984",0,4.5,21.5,8,"9032"
"12805","    7.5 ","01/02/1984",0,2.6,21,7.5,"9032"
"12806","   8 ","02/02/1984",0,5.6,22.5,8,"9032"
"12807","   8 ","03/02/1984",0,4.6,21.5,8,"9032"
"12808","   9.5 ","04/02/1984",0,3.9,21.5,9.5,"9032"
"12809","   8.5 ","05/02/1984",0,4,19.5,8.5,"9032"
"12810","    7 ","06/02/1984",1.3,3.3,19,7,"9032"
"12811","   5 ","07/02/1984",0,4.7,18.5,5,"9032"
"12812","   6.5 ","08/02/1984",0,2,18.5,6.5,"9032"
"12813","    5.5 ","09/02/1984",4.5,1.3,15,5.5,"9032"
"12814","    4.5 ","10/02/1984",1.4,1.8,16,4.5,"9032"
"12815","    6.5 ","11/02/1984",0,4.8,20,6.5,"9032"
"12816","    6.5 ","12/02/1984",0,5,21,6.5,"9032"
"12817","    6.5 ","13/02/1984",0,4.6,22,6.5,"9032"
"12818","    7 ","14/02/1984",0,5.9,22,7,"9032"
"12819","   8.5 ","15/02/1984",0,4.4,22.5,8.5,"9032"
"12820","    9.5 ","16/02/1984",0,3.7,21,9.5,"9032"
"12821","   7 ","17/02/1984",0,5,23.5,7,"9032"
"12822","   9.5 ","18/02/1984",0,7.7,25.5,9.5,"9032"
"12823","    9 ","19/02/1984",0,7.3,23,9,"9032"
"12824","    11.5 ","20/02/1984",0,8,22,11.5,"9032"
"12825","   12 ","21/02/1984",0,9.8,21.5,12,"9032"
"12826","    7.5 ","22/02/1984",0,8.2,24,7.5,"9032"
"12827","   9.5 ","23/02/1984",0,7.9,24.5,9.5,"9032"
"12828","   10 ","24/02/1984",0,8.1,24.5,10,"9032"
"12829","   6.5 ","25/02/1984",0,6,24.5,6.5,"9032"
"12830","   10.5 ","26/02/1984",0,8.9,25.5,10.5,"9032"
"12831","    7 ","27/02/1984",0,8.8,25,7,"9032"
"12832","   3.5 ","28/02/1984",0,5.1,21.5,3.5,"9032"
"12833","   3.5 ","29/02/1984",0,6.4,22.5,3.5,"9032"
"12834","    5.5 ","01/03/1984",0,4.5,22,5.5,"9032"
"12835","   7 ","02/03/1984",0,6.3,23.5,7,"9032"
"12836","   9.5 ","03/03/1984",0,7.2,23.5,9.5,"9032"
"12837","    9.5 ","04/03/1984",0,5.7,22,9.5,"9032"
"12838","    8.5 ","05/03/1984",0,4.3,22,8.5,"9032"
"12839","    9.5 ","06/03/1984",0.5,6.4,20,9.5,"9032"
"12840","   9.5 ","07/03/1984",0,5.7,23.5,9.5,"9032"
"12841","    7 ","08/03/1984",0,6.1,24,7,"9032"
"12842","    9 ","09/03/1984",0,8,24,9,"9032"
"12843","   9.5 ","10/03/1984",0,7.4,25.5,9.5,"9032"
"12844","   10 ","11/03/1984",0,7.5,23.5,10,"9032"
"12845","    10.5 ","12/03/1984",0,7.7,24,10.5,"9032"
"12846","   10 ","13/03/1984",0,5.6,22.5,10,"9032"
"12847","    9.5 ","14/03/1984",0,4,23,9.5,"9032"
"12848","   9.5 ","15/03/1984",0,4,23.5,9.5,"9032"
"12849","    9 ","16/03/1984",0,6.9,25,9,"9032"
"12850","   10 ","17/03/1984",0,6.9,25.5,10,"9032"
"12851","    9.5 ","18/03/1984",0,8,25,9.5,"9032"
"12852","   9.5 ","19/03/1984",0.3,4.3,24.5,9.5,"9032"
"12853","    8.5 ","20/03/1984",1.4,3.4,21,8.5,"9032"
"12854","   9.5 ","21/03/1984",0,4.8,21.5,9.5,"9032"
"12855","   10 ","22/03/1984",0,5.6,21.5,10,"9032"
"12856","   8.5 ","23/03/1984",0,7.3,23.5,8.5,"9032"
"12857","    9.5 ","24/03/1984",0,8,25,9.5,"9032"
"12858","    10 ","25/03/1984",0,7.9,25,10,"9032"
"12859","   9 ","26/03/1984",0,8.9,25.5,9,"9032"
"12860","   8.5 ","27/03/1984",0,9.7,26.5,8.5,"9032"
"12861","   11.5 ","28/03/1984",0,8.4,26.5,11.5,"9032"
"12862","    11 ","29/03/1984",0,10.5,29,11,"9032"
"12863","   12.5 ","30/03/1984",0,8.3,27.5,12.5,"9032"
"12864","   12.5 ","31/03/1984",0,9,27.5,12.5,"9032"
"12865","   11.5 ","01/04/1984",0,9.6,25.5,11.5,"9032"
"12866","   11.5 ","02/04/1984",0,9.4,24.5,11.5,"9032"
"12867","   9.5 ","03/04/1984",0,10.6,26.5,9.5,"9032"
"12868","   11 ","04/04/1984",0,10.2,29.5,11,"9032"
"12869","    10 ","05/04/1984",0,9.5,27,10,"9032"
"12870","    11.5 ","06/04/1984",0,7,26,11.5,"9032"
"12871","   12.5 ","07/04/1984",0,6.8,26.5,12.5,"9032"
"12872","    11 ","08/04/1984",0,9.4,27,11,"9032"
"12873","    12 ","09/04/1984",0,11.9,27,12,"9032"
"12874","   13.5 ","10/04/1984",0,9.4,28.5,13.5,"9032"
"12875","   11.5 ","11/04/1984",0,9.9,28.5,11.5,"9032"
"12876","   10 ","12/04/1984",0,9,28.5,10,"9032"
"12877","    11.5 ","13/04/1984",0,9.5,26,11.5,"9032"
"12878","   11.5 ","14/04/1984",0,9,26.5,11.5,"9032"
"12879","   10.5 ","15/04/1984",0,6.8,23.5,10.5,"9032"
"12880","    7.5 ","16/04/1984",0.9,6.3,23,7.5,"9032"
"12881","   7.5 ","17/04/1984",0,8.7,24.5,7.5,"9032"
"12882","   10.5 ","18/04/1984",0,8.8,25.5,10.5,"9032"
"12883","   11.5 ","19/04/1984",0,9.1,25.5,11.5,"9032"
"12884","   12.5 ","20/04/1984",0,11,26.5,12.5,"9032"
"12885","   13.5 ","21/04/1984",0,10,29.5,13.5,"9032"
"12886","   14.5 ","22/04/1984",0,9.9,26.5,14.5,"9032"
"12887","   13 ","23/04/1984",0,11,29.5,13,"9032"
"12888","   13.5 ","24/04/1984",0,9.1,28.5,13.5,"9032"
"12889","    12.5 ","25/04/1984",0,9.7,28,12.5,"9032"
"12890","   13.5 ","26/04/1984",0,9.3,29.5,13.5,"9032"
"12891","   13.5 ","27/04/1984",0,10,29.5,13.5,"9032"
"12892","   13.5 ","28/04/1984",0,9.8,28.5,13.5,"9032"
"12893","    13.5 ","29/04/1984",0,10.1,29,13.5,"9032"
"12894","   13 ","30/04/1984",0,10.9,30.5,13,"9032"
"12895","    12.5 ","01/05/1984",0,6.8,27,12.5,"9032"
"12896","   12 ","02/05/1984",0,7.2,27.5,12,"9032"
"12897","   11.5 ","03/05/1984",0.3,6,26.5,11.5,"9032"
"12898","    12 ","04/05/1984",0,5,26,12,"9032"
"12899","    11.5 ","05/05/1984",0,5,26,11.5,"9032"
"12900","   11 ","06/05/1984",3.7,4.1,25.5,11,"9032"
"12901","    11 ","07/05/1984",5.6,6.1,25,11,"9032"
"12902","   12.5 ","08/05/1984",6.6,3.3,24.5,12.5,"9032"
"12903","    11 ","09/05/1984",0,3.6,24,11,"9032"
"12904","   10 ","10/05/1984",0,4.6,23.5,10,"9032"
"12905","   10.5 ","11/05/1984",9.7,3.7,24.5,10.5,"9032"
"12906","   9.5 ","12/05/1984",3.4,4.3,25.5,9.5,"9032"
"12907","   11.5 ","13/05/1984",0,5,23.5,11.5,"9032"
"12908","    12 ","14/05/1984",0,4,23,12,"9032"
"12909","   11.5 ","15/05/1984",0,5,22.5,11.5,"9032"
"12910","    10.5 ","16/05/1984",0,5,22,10.5,"9032"
"12911","   10.5 ","17/05/1984",0.9,4.5,23.5,10.5,"9032"
"12912","    11 ","18/05/1984",0.7,4.1,24,11,"9032"
"12913","   12.5 ","19/05/1984",0,5.1,24.5,12.5,"9032"
"12914","   13 ","20/05/1984",0,5.5,26.5,13,"9032"
"12915","    13.5 ","21/05/1984",0,4.2,26,13.5,"9032"
"12916","    12.5 ","22/05/1984",0,4.3,25,12.5,"9032"
"12917","   13 ","23/05/1984",0,5.6,24.5,13,"9032"
"12918","    12.5 ","24/05/1984",0,4.9,24,12.5,"9032"
"12919","   12 ","25/05/1984",0,4.9,23.5,12,"9032"
"12920","    12.5 ","26/05/1984",9.8,3.5,23,12.5,"9032"
"12921","   11.5 ","27/05/1984",0,3.9,22.5,11.5,"9032"
"12922","    10.5 ","28/05/1984",0,3.2,22,10.5,"9032"
"12923","   10 ","29/05/1984",0,3.6,17.5,10,"9032"
"12924","    7.5 ","30/05/1984",0.7,4.2,16,7.5,"9032"
"12925","    7 ","31/05/1984",0,5.2,22,7,"9032"
"12926","    7.5 ","01/06/1984",0,5,25,7.5,"9032"
"12927","   11 ","02/06/1984",0,5.5,26.5,11,"9032"
"12928","    13 ","03/06/1984",8.9,5.7,24,13,"9032"
"12929","    12 ","04/06/1984",4.1,3.9,23,12,"9032"
"12930","    11.5 ","05/06/1984",11.6,4.1,21,11.5,"9032"
"12931","    12 ","06/06/1984",0,4,24,12,"9032"
"12932","   13 ","07/06/1984",0,5.5,24.5,13,"9032"
"12933","    13.5 ","08/06/1984",2.9,5.3,24,13.5,"9032"
"12934","    12.5 ","09/06/1984",0,5.2,24,12.5,"9032"
"12935","   12 ","10/06/1984",12,3,20.5,12,"9032"
"12936","    11.5 ","11/06/1984",0.4,3,20,11.5,"9032"
"12937","    11.5 ","12/06/1984",1.8,2.6,22,11.5,"9032"
"12938","   12.5 ","13/06/1984",11.9,3.9,22.5,12.5,"9032"
"12939","   12.5 ","14/06/1984",0,3.4,22.5,12.5,"9032"
"12940","   12.5 ","15/06/1984",0,5,22.5,12.5,"9032"
"12941","   12.5 ","16/06/1984",1.6,4.3,23.5,12.5,"9032"
"12942","    11.5 ","17/06/1984",1.7,4.9,23,11.5,"9032"
"12943","   12 ","18/06/1984",0.6,3.2,22.5,12,"9032"
"12944","    12.5 ","19/06/1984",10.3,3.7,20,12.5,"9032"
"12945","   11 ","20/06/1984",4.5,3.2,20.5,11,"9032"
"12946","   12 ","21/06/1984",9.8,2.3,22.5,12,"9032"
"12947","   11.5 ","22/06/1984",0.5,4.6,21.5,11.5,"9032"
"12948","   10.5 ","23/06/1984",0.6,2.6,20.5,10.5,"9032"
"12949","    12 ","24/06/1984",4,4,23,12,"9032"
"12950","   12 ","25/06/1984",5.1,5.9,23.5,12,"9032"
"12951","   11 ","26/06/1984",17.7,4,23.5,11,"9032"
"12952","   10.5 ","27/06/1984",0,4.2,25.5,10.5,"9032"
"12953","   11.5 ","28/06/1984",2.1,4.9,25.5,11.5,"9032"
"12954","    12.5 ","29/06/1984",2.4,4.5,23,12.5,"9032"
"12955","    11.5 ","30/06/1984",4.4,3.9,23,11.5,"9032"
"12956","    12.5 ","01/07/1984",12.9,3.8,18,12.5,"9032"
"12957","   10.5 ","02/07/1984",1.1,3.2,19.5,10.5,"9032"
"12958","    12.5 ","03/07/1984",11.1,3,22,12.5,"9032"
"12959","   12.5 ","04/07/1984",13.2,3.1,21.5,12.5,"9032"
"12960","   11 ","05/07/1984",4.8,2.9,19.5,11,"9032"
"12961","   11 ","06/07/1984",3.9,3.8,18.5,11,"9032"
"12962","    12 ","07/07/1984",4.4,3.7,21,12,"9032"
"12963","    12 ","08/07/1984",5.5,4.1,21,12,"9032"
"12964","   11.5 ","09/07/1984",5.7,2,18.5,11.5,"9032"
"12965","   11.5 ","10/07/1984",25.4,3,19.5,11.5,"9032"
"12966","   11.5 ","11/07/1984",6.2,2.8,17.5,11.5,"9032"
"12967","   12 ","12/07/1984",19.2,2.1,18.5,12,"9032"
"12968","   12 ","13/07/1984",6.3,3.2,19.5,12,"9032"
"12969","    11.5 ","14/07/1984",4.8,5.3,23,11.5,"9032"
"12970","    10.5 ","15/07/1984",6.3,4.3,22,10.5,"9032"
"12971","   10.5 ","16/07/1984",0,3.9,22.5,10.5,"9032"
"12972","   11 ","17/07/1984",0,4.3,23.5,11,"9032"
"12973","    11.5 ","18/07/1984",11.9,4.2,22,11.5,"9032"
"12974","   10.5 ","19/07/1984",0.3,4.3,22.5,10.5,"9032"
"12975","   12.5 ","20/07/1984",0.2,4.7,23.5,12.5,"9032"
"12976","    10.5 ","21/07/1984",0,5.6,23,10.5,"9032"
"12977","    10.5 ","22/07/1984",4.5,4.5,23,10.5,"9032"
"12978","   12 ","23/07/1984",0,4.8,22.5,12,"9032"
"12979","   11 ","24/07/1984",0.5,3.5,21.5,11,"9032"
"12980","    11 ","25/07/1984",2.9,4.5,22,11,"9032"
"12981","   12 ","26/07/1984",16.8,3.8,21.5,12,"9032"
"12982","    11.5 ","27/07/1984",0,4.7,22,11.5,"9032"
"12983","    12.5 ","28/07/1984",2.8,5.3,23,12.5,"9032"
"12984","    11.5 ","29/07/1984",0.3,5.4,23,11.5,"9032"
"12985","    12 ","30/07/1984",0.4,4.3,18,12,"9032"
"12986","   10 ","31/07/1984",0,2.2,21.5,10,"9032"
"12987","   11 ","01/08/1984",8.5,4.7,21.5,11,"9032"
"12988","    12.5 ","02/08/1984",0,4.3,23,12.5,"9032"
"12989","   12.5 ","03/08/1984",0,3.4,21.5,12.5,"9032"
"12990","    12 ","04/08/1984",0,4.2,21,12,"9032"
"12991","   11.5 ","05/08/1984",7.5,2.9,21.5,11.5,"9032"
"12992","    10.5 ","06/08/1984",0.5,3.6,23,10.5,"9032"
"12993","    12 ","07/08/1984",1.5,1.6,20,12,"9032"
"12994","   10.5 ","08/08/1984",0.4,1.4,19.5,10.5,"9032"
"12995","   11 ","09/08/1984",20.7,3.9,20.5,11,"9032"
"12996","   11 ","10/08/1984",0,2.3,21.5,11,"9032"
"12997","   10 ","11/08/1984",0,4.8,23.5,10,"9032"
"12998","   12 ","12/08/1984",0,4,23.5,12,"9032"
"12999","   12.5 ","13/08/1984",0,5.9,22.5,12.5,"9032"
"13000","   12.5 ","14/08/1984",1.6,4.7,22.5,12.5,"9032"
"13001","    12.5 ","15/08/1984",7,4.9,19,12.5,"9032"
"13002","   10 ","16/08/1984",10.5,5.6,20.5,10,"9032"
"13003","    10.5 ","17/08/1984",6.2,3.3,20,10.5,"9032"
"13004","    10.5 ","18/08/1984",3,2.7,20,10.5,"9032"
"13005","   9 ","19/08/1984",0,2.3,20.5,9,"9032"
"13006","    9.5 ","20/08/1984",7,4.6,21,9.5,"9032"
"13007","    9.5 ","21/08/1984",6.5,2.2,20,9.5,"9032"
"13008","   12 ","22/08/1984",2.9,2.2,21.5,12,"9032"
"13009","   12.5 ","23/08/1984",0,2.1,19.5,12.5,"9032"
"13010","    11 ","24/08/1984",49.9,3.2,22,11,"9032"
"13011","    9.5 ","25/08/1984",1.7,3.1,20,9.5,"9032"
"13012","   10.5 ","26/08/1984",2.8,2.8,20.5,10.5,"9032"
"13013","   10.5 ","27/08/1984",0.5,1.3,21.5,10.5,"9032"
"13014","    12.5 ","28/08/1984",6,4.4,22,12.5,"9032"
"13015","    9.5 ","29/08/1984",1.4,4.4,23,9.5,"9032"
"13016","   9.5 ","30/08/1984",6.3,4.6,22.5,9.5,"9032"
"13017","    9 ","31/08/1984",10.1,5.2,23,9,"9032"
"13018","    10.5 ","01/09/1984",2.5,1.7,21,10.5,"9032"
"13019","   11.5 ","02/09/1984",0,3.8,22.5,11.5,"9032"
"13020","   12.5 ","03/09/1984",6.4,2.6,21.5,12.5,"9032"
"13021","   12.5 ","04/09/1984",15.3,2.6,18.5,12.5,"9032"
"13022","    12 ","05/09/1984",30.8,2.3,15,12,"9032"
"13023","   11.5 ","06/09/1984",36.4,3.4,17.5,11.5,"9032"
"13024","   12 ","07/09/1984",4.8,1.3,18.5,12,"9032"
"13025","   11.5 ","08/09/1984",11.4,3.8,20.5,11.5,"9032"
"13026","    11 ","09/09/1984",3,3.6,22,11,"9032"
"13027","   9.5 ","10/09/1984",5.8,1.6,19.5,9.5,"9032"
"13028","   11 ","11/09/1984",0,2.7,19.5,11,"9032"
"13029","    11.5 ","12/09/1984",1.5,2,16,11.5,"9032"
"13030","   11.5 ","13/09/1984",10.3,1.2,16.5,11.5,"9032"
"13031","   10.5 ","14/09/1984",9.9,1.1,17.5,10.5,"9032"
"13032","    11 ","15/09/1984",3.6,1.5,16,11,"9032"
"13033","   10.5 ","16/09/1984",0,1,15.5,10.5,"9032"
"13034","   10.5 ","17/09/1984",0.3,1.3,15.5,10.5,"9032"
"13035","    10 ","18/09/1984",13.8,1.2,17,10,"9032"
"13036","   10 ","19/09/1984",1.3,1.9,17.5,10,"9032"
"13037","   10.5 ","20/09/1984",10.3,1.9,19.5,10.5,"9032"
"13038","    11.5 ","21/09/1984",5.4,4.7,22,11.5,"9032"
"13039","   10.5 ","22/09/1984",0,5,23.5,10.5,"9032"
"13040","   11.5 ","23/09/1984",0,4.8,23.5,11.5,"9032"
"13041","   10.5 ","24/09/1984",0,4.7,23.5,10.5,"9032"
"13042","   13 ","25/09/1984",0,3.5,21.5,13,"9032"
"13043","   11 ","26/09/1984",0,2.2,19.5,11,"9032"
"13044","    9.5 ","27/09/1984",0,3.9,20,9.5,"9032"
"13045","    9.5 ","28/09/1984",9.6,4.8,21,9.5,"9032"
"13046","   12 ","29/09/1984",0,4.8,21.5,12,"9032"
"13047","   11 ","30/09/1984",1.3,3.2,21.5,11,"9032"
"13048","    10.5 ","01/10/1984",7.3,3.2,22,10.5,"9032"
"13049","    10 ","02/10/1984",0,3.9,22,10,"9032"
"13050","    10 ","03/10/1984",0,3.6,22,10,"9032"
"13051","   10 ","04/10/1984",0,4.5,22.5,10,"9032"
"13052","    10.5 ","05/10/1984",1.6,3.2,23,10.5,"9032"
"13053","    11.5 ","06/10/1984",1.2,3.3,24,11.5,"9032"
"13054","   10.5 ","07/10/1984",2.2,3.6,23.5,10.5,"9032"
"13055","    11 ","08/10/1984",0,3.2,22,11,"9032"
"13056","    8.5 ","09/10/1984",0,4,24,8.5,"9032"
"13057","   9 ","10/10/1984",0,3.8,21.5,9,"9032"
"13058","   9 ","11/10/1984",0,4.1,22.5,9,"9032"
"13059","    7.5 ","12/10/1984",0,4.6,23,7.5,"9032"
"13060","   9.5 ","13/10/1984",0,5.2,23.5,9.5,"9032"
"13061","    9.5 ","14/10/1984",0,5.3,24,9.5,"9032"
"13062","   10.5 ","15/10/1984",0,5.8,23.5,10.5,"9032"
"13063","    9.5 ","16/10/1984",0,6,25,9.5,"9032"
"13064","    11.5 ","17/10/1984",0,6.1,26,11.5,"9032"
"13065","    11.5 ","18/10/1984",0,4.1,26,11.5,"9032"
"13066","   13 ","19/10/1984",0,5.3,24.5,13,"9032"
"13067","   11.5 ","20/10/1984",0,5,25.5,11.5,"9032"
"13068","    10.5 ","21/10/1984",4.5,5.5,26,10.5,"9032"
"13069","    11 ","22/10/1984",0,3.4,26,11,"9032"
"13070","    11 ","23/10/1984",0,4.2,23,11,"9032"
"13071","   11.5 ","24/10/1984",0,4.2,23.5,11.5,"9032"
"13072","    8.5 ","25/10/1984",1.8,3.7,23,8.5,"9032"
"13073","   11 ","26/10/1984",1,1.9,20.5,11,"9032"
"13074","   9.5 ","27/10/1984",1.6,4,21.5,9.5,"9032"
"13075","    9.5 ","28/10/1984",0,3.4,23,9.5,"9032"
"13076","    9.5 ","29/10/1984",0,2.5,23,9.5,"9032"
"13077","   12 ","30/10/1984",0,2.9,18.5,12,"9032"
"13078","   11 ","31/10/1984",0,4,22.5,11,"9032"
"13079","    11 ","01/11/1984",0,3.3,24,11,"9032"
"13080","   10 ","02/11/1984",0,5.3,22.5,10,"9032"
"13081","    7 ","03/11/1984",0.3,4.2,23,7,"9032"
"13082","   10 ","04/11/1984",0,4.5,21.5,10,"9032"
"13083","   7 ","05/11/1984",0,5.5,19.5,7,"9032"
"13084","   4.5 ","06/11/1984",0,2.8,20.5,4.5,"9032"
"13085","    6.5 ","07/11/1984",0,3.9,22,6.5,"9032"
"13086","   8 ","08/11/1984",0,6.5,23.5,8,"9032"
"13087","    6.5 ","09/11/1984",0,6.3,23,6.5,"9032"
"13088","    7 ","10/11/1984",0,3.8,23,7,"9032"
"13089","    5.5 ","11/11/1984",0,3.9,20,5.5,"9032"
"13090","   5.5 ","12/11/1984",0,3.1,20.5,5.5,"9032"
"13091","    5 ","13/11/1984",0,3.1,20,5,"9032"
"13092","    6.5 ","14/11/1984",0,4.8,20,6.5,"9032"
"13093","    5 ","15/11/1984",0,5.9,21,5,"9032"
"13094","   4.5 ","16/11/1984",0,4.5,21.5,4.5,"9032"
"13095","    4 ","17/11/1984",0,5.6,23,4,"9032"
"13096","   6.5 ","18/11/1984",0,4.1,21.5,6.5,"9032"
"13097","   6.5 ","19/11/1984",0,6.8,22.5,6.5,"9032"
"13098","   4 ","20/11/1984",0,4,21.5,4,"9032"
"13099","    7.5 ","21/11/1984",0,3.5,20,7.5,"9032"
"13100","   6.5 ","22/11/1984",0,3.3,19.5,6.5,"9032"
"13101","    6 ","23/11/1984",0,3.4,19,6,"9032"
"13102","   4.5 ","24/11/1984",0,4.9,22.5,4.5,"9032"
"13103","   7.5 ","25/11/1984",0,3.2,22.5,7.5,"9032"
"13104","    8 ","26/11/1984",0,5.2,24,8,"9032"
"13105","   9 ","27/11/1984",0,3,21.5,9,"9032"
"13106","    8.5 ","28/11/1984",0,2.2,21,8.5,"9032"
"13107","   9 ","29/11/1984",0,4.8,21.5,9,"9032"
"13108","   7.5 ","30/11/1984",0,3.9,21.5,7.5,"9032"
"13109","   7.5 ","01/12/1984",0,4.1,22.5,7.5,"9032"
"13110","   8 ","02/12/1984",2.7,3.4,21.5,8,"9032"
"13111","    7 ","03/12/1984",0,3.2,21,7,"9032"
"13112","    7 ","04/12/1984",0,3.9,22,7,"9032"
"13113","   7.5 ","05/12/1984",0.7,2,20.5,7.5,"9032"
"13114","   7 ","06/12/1984",0,4.1,18.5,7,"9032"
"13115","   6 ","07/12/1984",0,2.1,17.5,6,"9032"
"13116","    4 ","08/12/1984",0,2.9,20,4,"9032"
"13117","    5 ","09/12/1984",0,3.9,22,5,"9032"
"13118","   5 ","10/12/1984",0,4.2,21.5,5,"9032"
"13119","   4.5 ","11/12/1984",0,3.6,24.5,4.5,"9032"
"13120","    5 ","12/12/1984",0.4,5.9,23,5,"9032"
"13121","   4.5 ","13/12/1984",0,3.4,21.5,4.5,"9032"
"13122","   5.5 ","14/12/1984",0,3,20.5,5.5,"9032"
"13123","   8.5 ","15/12/1984",0,4.5,22.5,8.5,"9032"
"13124","   8.5 ","16/12/1984",0,4.3,22.5,8.5,"9032"
"13125","   5.5 ","17/12/1984",0,2.9,21.5,5.5,"9032"
"13126","   8 ","18/12/1984",0,3.1,19.5,8,"9032"
"13127","   5 ","19/12/1984",0,2.5,18.5,5,"9032"
"13128","    4 ","20/12/1984",0,4,20,4,"9032"
"13129","   5.5 ","21/12/1984",0,4.1,21.5,5.5,"9032"
"13130","   6.5 ","22/12/1984",0,3.5,21.5,6.5,"9032"
"13131","   5 ","23/12/1984",0,4.3,20.5,5,"9032"
"13132","    4.5 ","24/12/1984",0,2.9,22,4.5,"9032"
"13133","   2.5 ","25/12/1984",0,2.5,18.5,2.5,"9032"
"13134","   4.5 ","26/12/1984",0,4.1,18.5,4.5,"9032"
"13135","    6.5 ","27/12/1984",0,3.6,20,6.5,"9032"
"13136","   7 ","28/12/1984",0,4,20.5,7,"9032"
"13137","   6.5 ","29/12/1984",0,2.4,20.5,6.5,"9032"
"13138","   7 ","30/12/1984",0,3.4,20.5,7,"9032"
"13139","   7 ","31/12/1984",0,2.8,19.5,7,"9032"
"13140","   7.5 ","01/01/1985",0,3.8,21.5,7.5,"9032"
"13141","    9.5 ","02/01/1985",0,4.1,21,9.5,"9032"
"13142","   7 ","03/01/1985",0,4.3,21.5,7,"9032"
"13143","   3.5 ","04/01/1985",0,4,20.5,3.5,"9032"
"13144","    2.5 ","05/01/1985",0,3,15,2.5,"9032"
"13145","   0.5 ","06/01/1985",0,2.3,17.5,0.5,"9032"
"13146","   3 ","07/01/1985",0,3.4,17.5,3,"9032"
"13147","    3.5 ","08/01/1985",0,3.9,19,3.5,"9032"
"13148","    5.5 ","09/01/1985",0,5.9,20,5.5,"9032"
"13149","    7 ","10/01/1985",0,5,23,7,"9032"
"13150","   5.5 ","11/01/1985",0,2.4,21.5,5.5,"9032"
"13151","    6.5 ","12/01/1985",0,4.1,19,6.5,"9032"
"13152","    7 ","13/01/1985",0,4.4,20,7,"9032"
"13153","   6.5 ","14/01/1985",0,2.9,21.5,6.5,"9032"
"13154","   6.5 ","15/01/1985",0,4.1,21.5,6.5,"9032"
"13155","    7.5 ","16/01/1985",0,4.1,19,7.5,"9032"
"13156","    5.5 ","17/01/1985",0,3.4,19,5.5,"9032"
"13157","   6.5 ","18/01/1985",0,2.8,19.5,6.5,"9032"
"13158","    6 ","19/01/1985",0,5.5,21,6,"9032"
"13159","   8 ","20/01/1985",0,1.5,19.5,8,"9032"
"13160","    5 ","21/01/1985",0,4.2,19,5,"9032"
"13161","   7 ","22/01/1985",0,2.9,21.5,7,"9032"
"13162","   8 ","23/01/1985",0,4.5,20.5,8,"9032"
"13163","   7.5 ","24/01/1985",0,2.5,21.5,7.5,"9032"
"13164","   8.5 ","25/01/1985",0,4.7,22.5,8.5,"9032"
"13165","   8.5 ","26/01/1985",0,4.2,23.5,8.5,"9032"
"13166","   7 ","27/01/1985",0,5.5,21.5,7,"9032"
"13167","   8 ","28/01/1985",0,5.5,22.5,8,"9032"
"13168","    8.5 ","29/01/1985",0,5.9,24,8.5,"9032"
"13169","   8 ","30/01/1985",0,4.7,24.5,8,"9032"
"13170","    9.5 ","31/01/1985",0,6.6,20,9.5,"9032"
"13171","   8 ","01/02/1985",0,4.8,19.5,8,"9032"
"13172","   9 ","02/02/1985",0,7.1,20.5,9,"9032"
"13173","   7.5 ","03/02/1985",0,6.3,22.5,7.5,"9032"
"13174","   8 ","04/02/1985",0,6,22.5,8,"9032"
"13175","   7.5 ","05/02/1985",0,5.2,21.5,7.5,"9032"
"13176","   5.5 ","06/02/1985",0,5.4,24.5,5.5,"9032"
"13177","    7.5 ","07/02/1985",0,4.4,20,7.5,"9032"
"13178","    8 ","08/02/1985",0,7.9,23,8,"9032"
"13179","   6.5 ","09/02/1985",0,6.1,23.5,6.5,"9032"
"13180","    9 ","10/02/1985",0,4.9,24,9,"9032"
"13181","   8.5 ","11/02/1985",0,4,19.5,8.5,"9032"
"13182","    3.5 ","12/02/1985",0,4.3,20,3.5,"9032"
"13183","    5.5 ","13/02/1985",0,4.4,22,5.5,"9032"
"13184","   9 ","14/02/1985",0,4.8,20.5,9,"9032"
"13185","    6.5 ","15/02/1985",0,3.3,18,6.5,"9032"
"13186","    3.5 ","16/02/1985",0,5.5,20,3.5,"9032"
"13187","   6 ","17/02/1985",0,1.4,17.5,6,"9032"
"13188","    7.5 ","18/02/1985",0,3.5,19,7.5,"9032"
"13189","    6.5 ","19/02/1985",0,4.1,22,6.5,"9032"
"13190","   7 ","20/02/1985",0,4,21.5,7,"9032"
"13191","   9.5 ","21/02/1985",0,6.3,23.5,9.5,"9032"
"13192","   4.5 ","22/02/1985",0,3.2,24.5,4.5,"9032"
"13193","   8.5 ","23/02/1985",0,7.9,22.5,8.5,"9032"
"13194","   8 ","24/02/1985",0,5,24.5,8,"9032"
"13195","    8.5 ","25/02/1985",1.7,5.4,24,8.5,"9032"
"13196","   8 ","26/02/1985",3.1,2.5,21.5,8,"9032"
"13197","   7.5 ","27/02/1985",6.6,3.7,21.5,7.5,"9032"
"13198","   8 ","28/02/1985",0,5.3,21.5,8,"9032"
"13199","   8.5 ","01/03/1985",0,5.5,24.5,8.5,"9032"
"13200","   8.5 ","02/03/1985",0,7.8,26.5,8.5,"9032"
"13201","    9 ","03/03/1985",0,6.7,26,9,"9032"
"13202","   10 ","04/03/1985",0,7.8,27.5,10,"9032"
"13203","    8.5 ","05/03/1985",0,5.5,26,8.5,"9032"
"13204","   10 ","06/03/1985",0,6.7,22.5,10,"9032"
"13205","   6.5 ","07/03/1985",0,4.9,23.5,6.5,"9032"
"13206","    6.5 ","08/03/1985",0,5.4,22,6.5,"9032"
"13207","   8.5 ","09/03/1985",1,3.8,21.5,8.5,"9032"
"13208","    8 ","10/03/1985",1.5,5.3,23,8,"9032"
"13209","    8.5 ","11/03/1985",0.2,4.8,24,8.5,"9032"
"13210","   8 ","12/03/1985",14.1,6.3,24.5,8,"9032"
"13211","   8 ","13/03/1985",0,5.3,20.5,8,"9032"
"13212","    6.5 ","14/03/1985",0,4.1,21,6.5,"9032"
"13213","   9 ","15/03/1985",0,6.9,21.5,9,"9032"
"13214","    10.5 ","16/03/1985",0,5.9,26,10.5,"9032"
"13215","    12 ","17/03/1985",0,5.9,25,12,"9032"
"13216","   10 ","18/03/1985",0,5.1,25.5,10,"9032"
"13217","   11.5 ","19/03/1985",0,7.7,23.5,11.5,"9032"
"13218","   8.5 ","20/03/1985",0,7.2,24.5,8.5,"9032"
"13219","   11.5 ","21/03/1985",0,4.8,24.5,11.5,"9032"
"13220","   12 ","22/03/1985",0,5,24.5,12,"9032"
"13221","   10 ","23/03/1985",0,2.5,25.5,10,"9032"
"13222","    8.5 ","24/03/1985",1.8,4.1,23,8.5,"9032"
"13223","    8 ","25/03/1985",0,5.1,22,8,"9032"
"13224","   8 ","26/03/1985",0,5.6,23.5,8,"9032"
"13225","    10 ","27/03/1985",0,5.9,25,10,"9032"
"13226","   10 ","28/03/1985",0,8.7,25.5,10,"9032"
"13227","   11.5 ","29/03/1985",0,7.2,25.5,11.5,"9032"
"13228","    11.5 ","30/03/1985",0,10.7,26,11.5,"9032"
"13229","   11 ","31/03/1985",0,8.6,25.5,11,"9032"
"13230","   11 ","01/04/1985",0,5.3,24.5,11,"9032"
"13231","   9 ","02/04/1985",0,3,17.5,9,"9032"
"13232","   5.5 ","03/04/1985",0,6.1,22.5,5.5,"9032"
"13233","   8.5 ","04/04/1985",4.5,6,23.5,8.5,"9032"
"13234","   9 ","05/04/1985",0,4.9,23.5,9,"9032"
"13235","   9.5 ","06/04/1985",0,6.1,24.5,9.5,"9032"
"13236","    10.5 ","07/04/1985",5,5,24,10.5,"9032"
"13237","   8.5 ","08/04/1985",2,5.3,21.5,8.5,"9032"
"13238","    9 ","09/04/1985",1.7,1.7,19,9,"9032"
"13239","    7.5 ","10/04/1985",16.2,1.8,20,7.5,"9032"
"13240","    6.5 ","11/04/1985",0,4,21,6.5,"9032"
"13241","    9.5 ","12/04/1985",7.2,4.1,20,9.5,"9032"
"13242","    8.5 ","13/04/1985",2.2,3.4,20,8.5,"9032"
"13243","   7.5 ","14/04/1985",0.6,4.1,19.5,7.5,"9032"
"13244","   7.5 ","15/04/1985",1.7,3.8,19.5,7.5,"9032"
"13245","   8.5 ","16/04/1985",0,3.9,22.5,8.5,"9032"
"13246","   8.5 ","17/04/1985",0,5,22.5,8.5,"9032"
"13247","   9 ","18/04/1985",0,5.1,24.5,9,"9032"
"13248","   11.5 ","19/04/1985",0,4.7,21.5,11.5,"9032"
"13249","   11.5 ","20/04/1985",0,6.1,24.5,11.5,"9032"
"13250","   10.5 ","21/04/1985",0,7.9,26.5,10.5,"9032"
"13251","   11.5 ","22/04/1985",0,8.5,27.5,11.5,"9032"
"13252","   12 ","23/04/1985",0.5,5.4,24.5,12,"9032"
"13253","   12.5 ","24/04/1985",5.4,5.4,25.5,12.5,"9032"
"13254","   11.5 ","25/04/1985",0,7.9,23.5,11.5,"9032"
"13255","    9.5 ","26/04/1985",0,8.5,24,9.5,"9032"
"13256","   10.5 ","27/04/1985",0,9.8,25.5,10.5,"9032"
"13257","    12.5 ","28/04/1985",0.2,6.4,26,12.5,"9032"
"13258","   11.5 ","29/04/1985",0,5.7,25.5,11.5,"9032"
"13259","    10.5 ","30/04/1985",0,6.2,26,10.5,"9032"
"13260","   11 ","01/05/1985",0,7.3,25.5,11,"9032"
"13261","   12 ","02/05/1985",14,5,22.5,12,"9032"
"13262","    7.5 ","03/05/1985",2.8,4.2,20,7.5,"9032"
"13263","    10 ","04/05/1985",2.5,3.6,20,10,"9032"
"13264","    8.5 ","05/05/1985",1.1,4.8,22,8.5,"9032"
"13265","    8.5 ","06/05/1985",0,6.7,23,8.5,"9032"
"13266","   10.5 ","07/05/1985",0,7.5,23.5,10.5,"9032"
"13267","    10 ","08/05/1985",0,7.6,25,10,"9032"
"13268","   10.5 ","09/05/1985",0,7.3,25.5,10.5,"9032"
"13269","    11.5 ","10/05/1985",0,9.1,26,11.5,"9032"
"13270","    13 ","11/05/1985",0,6.6,27,13,"9032"
"13271","   14 ","12/05/1985",0,8.7,30.5,14,"9032"
"13272","   14.5 ","13/05/1985",0,8.4,30.5,14.5,"9032"
"13273","   13.5 ","14/05/1985",0,8.2,30.5,13.5,"9032"
"13274","   12.5 ","15/05/1985",0,8.1,29.5,12.5,"9032"
"13275","    13.5 ","16/05/1985",2.6,5.4,24,13.5,"9032"
"13276","    11.5 ","17/05/1985",8.5,4.2,25,11.5,"9032"
"13277","   10 ","18/05/1985",1.7,5.1,24.5,10,"9032"
"13278","   13 ","19/05/1985",0.3,3.3,23.5,13,"9032"
"13279","   11.5 ","20/05/1985",0,3.7,22.5,11.5,"9032"
"13280","   10.5 ","21/05/1985",0,5.2,25.5,10.5,"9032"
"13281","   9.5 ","22/05/1985",0,4.8,23.5,9.5,"9032"
"13282","    10.5 ","23/05/1985",0,6,26,10.5,"9032"
"13283","   12 ","24/05/1985",0,5,23.5,12,"9032"
"13284","    11.5 ","25/05/1985",0.6,5.8,26,11.5,"9032"
"13285","   12 ","26/05/1985",0.7,7.5,26.5,12,"9032"
"13286","   13.5 ","27/05/1985",0,6.9,26.5,13.5,"9032"
"13287","   12.5 ","28/05/1985",0,7.9,26.5,12.5,"9032"
"13288","   11 ","29/05/1985",0,6,26.5,11,"9032"
"13289","   12 ","30/05/1985",0,11,27.5,12,"9032"
"13290","   13.5 ","31/05/1985",0,9.3,28.5,13.5,"9032"
"13291","   11.5 ","01/06/1985",0,5.5,26.5,11.5,"9032"
"13292","   12 ","02/06/1985",0,4.3,23.5,12,"9032"
"13293","    14 ","03/06/1985",36.5,5.5,23,14,"9032"
"13294","    12 ","04/06/1985",14.5,5.4,21,12,"9032"
"13295","   12.5 ","05/06/1985",0,3.2,23.5,12.5,"9032"
"13296","    12.5 ","06/06/1985",0,5.9,25,12.5,"9032"
"13297","    12.5 ","07/06/1985",0,7.1,26,12.5,"9032"
"13298","    10.5 ","08/06/1985",0,6.7,24,10.5,"9032"
"13299","   11.5 ","09/06/1985",0,7.7,23.5,11.5,"9032"
"13300","   11.5 ","10/06/1985",0,5.6,24.5,11.5,"9032"
"13301","   11.5 ","11/06/1985",0,5.8,25.5,11.5,"9032"
"13302","    14 ","12/06/1985",1.3,4.4,24,14,"9032"
"13303","    13.5 ","13/06/1985",0,2.8,21,13.5,"9032"
"13304","    13 ","14/06/1985",13.8,3.4,22,13,"9032"
"13305","   12 ","15/06/1985",18,3,20.5,12,"9032"
"13306","    12 ","16/06/1985",27,3.1,20,12,"9032"
"13307","   12 ","17/06/1985",0,3.9,20.5,12,"9032"
"13308","   11.5 ","18/06/1985",0.6,3,22.5,11.5,"9032"
"13309","    12.5 ","19/06/1985",0.5,5.5,23,12.5,"9032"
"13310","   12 ","20/06/1985",1.1,2.1,23.5,12,"9032"
"13311","    10.5 ","21/06/1985",6.4,4.5,23,10.5,"9032"
"13312","    12.5 ","22/06/1985",0,2.5,22,12.5,"9032"
"13313","    12.5 ","23/06/1985",0,5,25,12.5,"9032"
"13314","    11.5 ","24/06/1985",0.6,5.2,23,11.5,"9032"
"13315","    11 ","25/06/1985",0,4.3,22,11,"9032"
"13316","    11.5 ","26/06/1985",0,4.6,22,11.5,"9032"
"13317","    12.5 ","27/06/1985",2,4,23,12.5,"9032"
"13318","   12 ","28/06/1985",3.6,2.3,20.5,12,"9032"
"13319","   12 ","29/06/1985",29.6,2.3,19.5,12,"9032"
"13320","    11.5 ","30/06/1985",10,1.8,14,11.5,"9032"
"13321","   11 ","01/07/1985",16.9,1.6,17.5,11,"9032"
"13322","    10 ","02/07/1985",5.1,3,17,10,"9032"
"13323","   11.5 ","03/07/1985",0,5.7,23.5,11.5,"9032"
"13324","    10.5 ","04/07/1985",0.3,4.5,23,10.5,"9032"
"13325","    12 ","05/07/1985",13.8,3.8,21,12,"9032"
"13326","   10 ","06/07/1985",0.4,3.7,19.5,10,"9032"
"13327","   11.5 ","07/07/1985",4.6,2.3,20.5,11.5,"9032"
"13328","    9.5 ","08/07/1985",1.8,4.7,20,9.5,"9032"
"13329","   7.5 ","09/07/1985",0,5,20.5,7.5,"9032"
"13330","    8 ","10/07/1985",0,5.1,23,8,"9032"
"13331","   8.5 ","11/07/1985",0,6.7,24.5,8.5,"9032"
"13332","   12 ","12/07/1985",15.3,6.5,23.5,12,"9032"
"13333","    11.5 ","13/07/1985",1.5,5.7,21,11.5,"9032"
"13334","    10.5 ","14/07/1985",4.5,3.4,17,10.5,"9032"
"13335","   11.5 ","15/07/1985",0.3,2.3,18.5,11.5,"9032"
"13336","   11.5 ","16/07/1985",0,4.2,21.5,11.5,"9032"
"13337","   11.5 ","17/07/1985",8.5,6.8,23.5,11.5,"9032"
"13338","   9 ","18/07/1985",0.3,4.5,23.5,9,"9032"
"13339","   10.5 ","19/07/1985",8.5,4.6,22.5,10.5,"9032"
"13340","   10.5 ","20/07/1985",0.4,2.4,21.5,10.5,"9032"
"13341","    11 ","21/07/1985",0.9,5.5,23,11,"9032"
"13342","   12 ","22/07/1985",0,4.2,21.5,12,"9032"
"13343","   12 ","23/07/1985",6.1,3.2,24.5,12,"9032"
"13344","   10.5 ","24/07/1985",6.5,5.3,24.5,10.5,"9032"
"13345","    11 ","25/07/1985",0,5.8,25,11,"9032"
"13346","   11 ","26/07/1985",0.6,5.9,23.5,11,"9032"
"13347","   10 ","27/07/1985",0.4,5.3,23.5,10,"9032"
"13348","    12 ","28/07/1985",5.4,3.7,23,12,"9032"
"13349","   10.5 ","29/07/1985",6.7,3.7,21.5,10.5,"9032"
"13350","   12.5 ","30/07/1985",2.6,2.1,20.5,12.5,"9032"
"13351","    11.5 ","31/07/1985",4.2,4.2,23,11.5,"9032"
"13352","    11.5 ","01/08/1985",3,4.7,22,11.5,"9032"
"13353","   12 ","02/08/1985",0,4.1,22.5,12,"9032"
"13354","    12 ","03/08/1985",4,4.9,23,12,"9032"
"13355","   11 ","04/08/1985",3.1,4.5,22.5,11,"9032"
"13356","    9.5 ","05/08/1985",2.1,4.4,23,9.5,"9032"
"13357","    10 ","06/08/1985",1.5,3.6,24,10,"9032"
"13358","    9.5 ","07/08/1985",4.4,6.6,24,9.5,"9032"
"13359","   10 ","08/08/1985",1.3,4.6,23.5,10,"9032"
"13360","    11 ","09/08/1985",0,6.2,24,11,"9032"
"13361","   12 ","10/08/1985",0,4.4,25.5,12,"9032"
"13362","    11.5 ","11/08/1985",0.5,4.1,24,11.5,"9032"
"13363","    10.5 ","12/08/1985",0,5.2,24,10.5,"9032"
"13364","   11.5 ","13/08/1985",10,3.5,23.5,11.5,"9032"
"13365","   11 ","14/08/1985",0,5.4,24.5,11,"9032"
"13366","   12 ","15/08/1985",4,3.6,24.5,12,"9032"
"13367","   12.5 ","16/08/1985",2.8,4.7,23.5,12.5,"9032"
"13368","    12 ","17/08/1985",0,5.1,24,12,"9032"
"13369","    11 ","18/08/1985",0,4.5,23,11,"9032"
"13370","   10.5 ","19/08/1985",2,3.9,23.5,10.5,"9032"
"13371","   10.5 ","20/08/1985",11.2,5.3,22.5,10.5,"9032"
"13372","   12 ","21/08/1985",0.2,4.1,22.5,12,"9032"
"13373","    12.5 ","22/08/1985",0,5,23,12.5,"9032"
"13374","    12 ","23/08/1985",0,1.9,20,12,"9032"
"13375","   12 ","24/08/1985",1.6,2.7,20.5,12,"9032"
"13376","   12 ","25/08/1985",6.4,2.8,20.5,12,"9032"
"13377","    11.5 ","26/08/1985",1.5,2.5,20,11.5,"9032"
"13378","    11.5 ","27/08/1985",3.5,2.1,19,11.5,"9032"
"13379","    10.5 ","28/08/1985",4.8,4.4,17,10.5,"9032"
"13380","   11.5 ","29/08/1985",1.3,3.7,22.5,11.5,"9032"
"13381","   12.5 ","30/08/1985",3.5,4.2,22.5,12.5,"9032"
"13382","    10.5 ","31/08/1985",0,5.2,24,10.5,"9032"
"13383","    10.5 ","01/09/1985",0.2,4.4,24,10.5,"9032"
"13384","    10 ","02/09/1985",0,5.2,24,10,"9032"
"13385","   11.5 ","03/09/1985",0,6,23.5,11.5,"9032"
"13386","    11 ","04/09/1985",3.6,2.3,22,11,"9032"
"13387","    9 ","05/09/1985",1.1,5.5,24,9,"9032"
"13388","   12.5 ","06/09/1985",4.1,4.3,22.5,12.5,"9032"
"13389","    12 ","07/09/1985",0.3,2.4,21,12,"9032"
"13390","   9 ","08/09/1985",4.7,4.8,22.5,9,"9032"
"13391","    9 ","09/09/1985",0,4.4,22,9,"9032"
"13392","   10 ","10/09/1985",2.2,3.2,21.5,10,"9032"
"13393","    12 ","11/09/1985",2.6,1.9,20,12,"9032"
"13394","    11.5 ","12/09/1985",4.5,3.2,23,11.5,"9032"
"13395","    11.5 ","13/09/1985",0,4,21,11.5,"9032"
"13396","   11.5 ","14/09/1985",1,2.3,19.5,11.5,"9032"
"13397","   11 ","15/09/1985",0,2.2,17.5,11,"9032"
"13398","   12 ","16/09/1985",12.1,1,20.5,12,"9032"
"13399","   11.5 ","17/09/1985",5.2,5.1,23.5,11.5,"9032"
"13400","    11 ","18/09/1985",29.4,4.3,24,11,"9032"
"13401","   12 ","19/09/1985",0,3.3,23.5,12,"9032"
"13402","    12.5 ","20/09/1985",0,4.5,22,12.5,"9032"
"13403","    11 ","21/09/1985",0.9,3.6,22,11,"9032"
"13404","   11.5 ","22/09/1985",0,3.7,22.5,11.5,"9032"
"13405","   12.5 ","23/09/1985",0,4.5,23.5,12.5,"9032"
"13406","    12 ","24/09/1985",0.3,2.7,22,12,"9032"
"13407","   10.5 ","25/09/1985",0,4.8,23.5,10.5,"9032"
"13408","    10.5 ","26/09/1985",0,5.2,23,10.5,"9032"
"13409","    8.5 ","27/09/1985",0,4.9,24,8.5,"9032"
"13410","   12.5 ","28/09/1985",0,2.9,22.5,12.5,"9032"
"13411","   13.5 ","29/09/1985",37.5,3.1,22.5,13.5,"9032"
"13412","    11 ","30/09/1985",15.7,3.7,22,11,"9032"
"13413","   11.5 ","01/10/1985",0.7,2.7,22.5,11.5,"9032"
"13414","   10 ","02/10/1985",0,1.1,22.5,10,"9032"
"13415","   11 ","03/10/1985",0,6.1,23.5,11,"9032"
"13416","    8.5 ","04/10/1985",0,3.6,22,8.5,"9032"
"13417","   11.5 ","05/10/1985",3.5,1.1,16.5,11.5,"9032"
"13418","    9.5 ","06/10/1985",0.7,3.2,22,9.5,"9032"
"13419","   11 ","07/10/1985",0,2.3,23.5,11,"9032"
"13420","   11.5 ","08/10/1985",0,4.7,24.5,11.5,"9032"
"13421","    11.5 ","09/10/1985",4.3,1.5,23,11.5,"9032"
"13422","   9.5 ","10/10/1985",0,4.7,22.5,9.5,"9032"
"13423","    8 ","11/10/1985",0,3.8,23,8,"9032"
"13424","   9.5 ","12/10/1985",0,4.1,24.5,9.5,"9032"
"13425","    9 ","13/10/1985",0,3.9,25,9,"9032"
"13426","   9.5 ","14/10/1985",0,5,23.5,9.5,"9032"
"13427","    10 ","15/10/1985",0,3.7,23,10,"9032"
"13428","   10.5 ","16/10/1985",0,4,23.5,10.5,"9032"
"13429","    9.5 ","17/10/1985",0,5,24,9.5,"9032"
"13430","   12.5 ","18/10/1985",0,4.2,22.5,12.5,"9032"
"13431","   11.5 ","19/10/1985",0,3.1,23.5,11.5,"9032"
"13432","    12.5 ","20/10/1985",0,5.9,23,12.5,"9032"
"13433","    11.5 ","21/10/1985",0,4,23,11.5,"9032"
"13434","    10.5 ","22/10/1985",0,3.9,22,10.5,"9032"
"13435","    12 ","23/10/1985",0,4,23,12,"9032"
"13436","    10.5 ","24/10/1985",0,4.1,22,10.5,"9032"
"13437","    10.5 ","25/10/1985",0,3.7,20,10.5,"9032"
"13438","    5.5 ","26/10/1985",0,3.4,21,5.5,"9032"
"13439","    7 ","27/10/1985",0,3.9,21,7,"9032"
"13440","    9 ","28/10/1985",0,3.9,22,9,"9032"
"13441","   7 ","29/10/1985",0,5.1,22.5,7,"9032"
"13442","    9 ","30/10/1985",0,4,22,9,"9032"
"13443","   8 ","31/10/1985",0,3,23.5,8,"9032"
"13444","   8 ","01/11/1985",0,3.9,21.5,8,"9032"
"13445","   6.5 ","02/11/1985",0,4,21.5,6.5,"9032"
"13446","   7.5 ","03/11/1985",0,2.9,18.5,7.5,"9032"
"13447","   5.5 ","04/11/1985",0,2.3,16.5,5.5,"9032"
"13448","    5 ","05/11/1985",0,3.6,20,5,"9032"
"13449","    6 ","06/11/1985",0,4.3,22,6,"9032"
"13450","    7 ","07/11/1985",0,4.2,22,7,"9032"
"13451","    7.5 ","08/11/1985",0,5.6,23,7.5,"9032"
"13452","   9 ","09/11/1985",0,5.5,25.5,9,"9032"
"13453","    10 ","10/11/1985",0,4.3,24,10,"9032"
"13454","   10.5 ","11/11/1985",0,4.4,24.5,10.5,"9032"
"13455","   9.5 ","12/11/1985",0,3.6,22.5,9.5,"9032"
"13456","   8 ","13/11/1985",0,4.6,22.5,8,"9032"
"13457","   8.5 ","14/11/1985",0,5,24.5,8.5,"9032"
"13458","    9 ","15/11/1985",0,3.6,23,9,"9032"
"13459","    9.5 ","16/11/1985",0,4.5,22,9.5,"9032"
"13460","   8.5 ","17/11/1985",0,4.9,22.5,8.5,"9032"
"13461","   7 ","18/11/1985",0,3.8,23.5,7,"9032"
"13462","   8.5 ","19/11/1985",0,4.2,22.5,8.5,"9032"
"13463","   8 ","20/11/1985",0,5,20.5,8,"9032"
"13464","   6.5 ","21/11/1985",0,3.2,21.5,6.5,"9032"
"13465","    9.5 ","22/11/1985",0,5,23,9.5,"9032"
"13466","   8 ","23/11/1985",0,3.8,23.5,8,"9032"
"13467","    9.5 ","24/11/1985",0,4.1,23,9.5,"9032"
"13468","    7.5 ","25/11/1985",0,5,23,7.5,"9032"
"13469","    8 ","26/11/1985",0,3.6,22,8,"9032"
"13470","    10 ","27/11/1985",5.4,4.7,21,10,"9032"
"13471","   9 ","28/11/1985",0,3,18.5,9,"9032"
"13472","    6.5 ","29/11/1985",0,2.9,21,6.5,"9032"
"13473","   6.5 ","30/11/1985",0,2.8,21.5,6.5,"9032"
"13474","   6.5 ","01/12/1985",0,4.2,21.5,6.5,"9032"
"13475","    5.5 ","02/12/1985",0,3.8,19,5.5,"9032"
"13476","    5.5 ","03/12/1985",0,3.2,21,5.5,"9032"
"13477","    7.5 ","04/12/1985",0,2.9,21,7.5,"9032"
"13478","    9.5 ","05/12/1985",0,3.2,14,9.5,"9032"
"13479","    3 ","06/12/1985",2.1,2.1,18,3,"9032"
"13480","   5 ","07/12/1985",0,1.9,20.5,5,"9032"
"13481","    5.5 ","08/12/1985",0,3,20,5.5,"9032"
"13482","   7 ","09/12/1985",0,4,22.5,7,"9032"
"13483","   7.5 ","10/12/1985",0,3.7,22.5,7.5,"9032"
"13484","   7 ","11/12/1985",0,4.4,23.5,7,"9032"
"13485","   8 ","12/12/1985",0,4.6,22.5,8,"9032"
"13486","    8.5 ","13/12/1985",0,5.1,23,8.5,"9032"
"13487","    7.5 ","14/12/1985",0,2.9,21,7.5,"9032"
"13488","   6 ","15/12/1985",0,3.1,21.5,6,"9032"
"13489","   6.5 ","16/12/1985",0,2,21.5,6.5,"9032"
"13490","    6 ","17/12/1985",0,3.9,22,6,"9032"
"13491","   6.5 ","18/12/1985",0.4,1,19.5,6.5,"9032"
"13492","    7.5 ","19/12/1985",0,3,17,7.5,"9032"
"13493","   7 ","20/12/1985",0,2,15.5,7,"9032"
"13494","    8.5 ","21/12/1985",0,3.1,18,8.5,"9032"
"13495","   7 ","22/12/1985",0,3.1,21.5,7,"9032"
"13496","    9.5 ","23/12/1985",0,2.8,22,9.5,"9032"
"13497","    9 ","24/12/1985",0,3.1,19,9,"9032"
"13498","   9.5 ","25/12/1985",0,3,20.5,9.5,"9032"
"13499","    8.5 ","26/12/1985",0,4,22,8.5,"9032"
"13500","   8 ","27/12/1985",0,3.2,21.5,8,"9032"
"13501","   8 ","28/12/1985",0,4.5,22.5,8,"9032"
"13502","   8 ","29/12/1985",0,4.2,22.5,8,"9032"
"13503","   7.5 ","30/12/1985",0,4.1,22.5,7.5,"9032"
"13504","    7 ","31/12/1985",0,3.7,22,7,"9032"
"13505","    6.5 ","01/01/1986",0,5.3,21,6.5,"9032"
"13506","   6 ","02/01/1986",0,3.8,22.5,6,"9032"
"13507","   5.5 ","03/01/1986",0,4.9,22.5,5.5,"9032"
"13508","   6 ","04/01/1986",0,3.7,21.5,6,"9032"
"13509","    8.5 ","05/01/1986",0,3.3,21,8.5,"9032"
"13510","   6.5 ","06/01/1986",0,2.2,20.5,6.5,"9032"
"13511","    6 ","07/01/1986",0,4.7,21,6,"9032"
"13512","   6.5 ","08/01/1986",0,3.9,20.5,6.5,"9032"
"13513","    3 ","09/01/1986",0,4.1,21,3,"9032"
"13514","   4.5 ","10/01/1986",0,2.9,20.5,4.5,"9032"
"13515","    2 ","11/01/1986",0,1.5,15,2,"9032"
"13516","   1 ","12/01/1986",0,4.5,16.5,1,"9032"
"13517","    0 ","13/01/1986",0,3.7,14,0,"9032"
"13518","    1.5 ","14/01/1986",0,3.5,18,1.5,"9032"
"13519","   2 ","15/01/1986",0,3.9,21.5,2,"9032"
"13520","   4 ","16/01/1986",0,6.7,23.5,4,"9032"
"13521","    5.5 ","17/01/1986",0,4.2,21,5.5,"9032"
"13522","    4 ","18/01/1986",0,3.5,20,4,"9032"
"13523","    3.5 ","19/01/1986",0,3.4,20,3.5,"9032"
"13524","   2.5 ","20/01/1986",0,3.1,20.5,2.5,"9032"
"13525","   5 ","21/01/1986",0,3.7,21.5,5,"9032"
"13526","   6.5 ","22/01/1986",0,5,20.5,6.5,"9032"
"13527","   4.5 ","23/01/1986",0,3.7,18.5,4.5,"9032"
"13528","   4.5 ","24/01/1986",0,4.5,20.5,4.5,"9032"
"13529","   6.5 ","25/01/1986",0,3.1,21.5,6.5,"9032"
"13530","   7.5 ","26/01/1986",0,3.8,15.5,7.5,"9032"
"13531","    5.5 ","27/01/1986",0,3,18,5.5,"9032"
"13532","   1.5 ","28/01/1986",0,3.2,19.5,1.5,"9032"
"13533","    5 ","29/01/1986",0,3.8,22,5,"9032"
"13534","   6.5 ","30/01/1986",0,3.3,17.5,6.5,"9032"
"13535","   4.5 ","31/01/1986",0,4.8,21.5,4.5,"9032"
"13536","   5.5 ","01/02/1986",0,5,23.5,5.5,"9032"
"13537","   7 ","02/02/1986",0,3.9,22.5,7,"9032"
"13538","    8.5 ","03/02/1986",0,4.9,20,8.5,"9032"
"13539","    7 ","04/02/1986",0,5,18,7,"9032"
"13540","    7 ","05/02/1986",0,7.9,20,7,"9032"
"13541","   3 ","06/02/1986",0,5,22.5,3,"9032"
"13542","    9 ","07/02/1986",0,4.8,24,9,"9032"
"13543","    8 ","08/02/1986",0,5.1,23,8,"9032"
"13544","    7 ","09/02/1986",0,4.6,23,7,"9032"
"13545","    8.5 ","10/02/1986",0,5.5,22,8.5,"9032"
"13546","    9 ","11/02/1986",0,6.9,23,9,"9032"
"13547","   8.5 ","12/02/1986",0,5.2,22.5,8.5,"9032"
"13548","   8 ","13/02/1986",0,3.9,21.5,8,"9032"
"13549","   7 ","14/02/1986",0,3.6,22.5,7,"9032"
"13550","   8 ","15/02/1986",0,3.2,23.5,8,"9032"
"13551","   8.5 ","16/02/1986",0,3.7,22.5,8.5,"9032"
"13552","   9 ","17/02/1986",0,4.4,23.5,9,"9032"
"13553","   7.5 ","18/02/1986",0,6.1,23.5,7.5,"9032"
"13554","    7.5 ","19/02/1986",0,7.1,25,7.5,"9032"
"13555","   8 ","20/02/1986",0,6.6,25.5,8,"9032"
"13556","    10 ","21/02/1986",0,4.8,24,10,"9032"
"13557","   9 ","22/02/1986",0,4.2,22.5,9,"9032"
"13558","   9.5 ","23/02/1986",0,2.4,23.5,9.5,"9032"
"13559","   7.5 ","24/02/1986",0,6,21.5,7.5,"9032"
"13560","   6 ","25/02/1986",0,7.4,21.5,6,"9032"
"13561","   5 ","26/02/1986",0,5.6,22.5,5,"9032"
"13562","   6.5 ","27/02/1986",0,6.4,23.5,6.5,"9032"
"13563","   7.5 ","28/02/1986",0,5.3,23.5,7.5,"9032"
"13564","   4.5 ","01/03/1986",0,6.9,21.5,4.5,"9032"
"13565","   8 ","02/03/1986",0,6.5,23.5,8,"9032"
"13566","   9 ","03/03/1986",0,4.9,24.5,9,"9032"
"13567","   10 ","04/03/1986",0,5,22.5,10,"9032"
"13568","    6.5 ","05/03/1986",0,4.7,24,6.5,"9032"
"13569","   8 ","06/03/1986",0,7.1,24.5,8,"9032"
"13570","   6.5 ","07/03/1986",0,6.1,22.5,6.5,"9032"
"13571","   7.5 ","08/03/1986",0,6.8,24.5,7.5,"9032"
"13572","    8.5 ","09/03/1986",0,5.8,24,8.5,"9032"
"13573","    9.5 ","10/03/1986",0,7.2,26,9.5,"9032"
"13574","   9.5 ","11/03/1986",0,10.1,26.5,9.5,"9032"
"13575","   6.5 ","12/03/1986",0,7.6,26.5,6.5,"9032"
"13576","   12 ","13/03/1986",0,7.3,23.5,12,"9032"
"13577","    7.5 ","14/03/1986",0,11.8,24,7.5,"9032"
"13578","   7 ","15/03/1986",0,8,25.5,7,"9032"
"13579","    8 ","16/03/1986",0,6.7,27,8,"9032"
"13580","   11 ","17/03/1986",0,9.2,26.5,11,"9032"
"13581","    11.5 ","18/03/1986",0,8,26,11.5,"9032"
"13582","    10.5 ","19/03/1986",0,7.7,26,10.5,"9032"
"13583","   7.5 ","20/03/1986",0,9.2,25.5,7.5,"9032"
"13584","   4.5 ","21/03/1986",0,5.9,16.5,4.5,"9032"
"13585","   0 ","22/03/1986",0,4.9,17.5,0,"9032"
"13586","   0 ","23/03/1986",0,5,20.5,0,"9032"
"13587","   1.5 ","24/03/1986",0,5.9,19.5,1.5,"9032"
"13588","   2.5 ","25/03/1986",0,4.4,21.5,2.5,"9032"
"13589","   3.5 ","26/03/1986",0,5.1,23.5,3.5,"9032"
"13590","    6.5 ","27/03/1986",0,3.9,23,6.5,"9032"
"13591","   9 ","28/03/1986",0,7.1,22.5,9,"9032"
"13592","   5.5 ","29/03/1986",0,7.7,23.5,5.5,"9032"
"13593","   9.5 ","30/03/1986",0,8.2,24.5,9.5,"9032"
"13594","   9 ","31/03/1986",0,7.1,25.5,9,"9032"
"13595","   9 ","01/04/1986",0,7.2,26.5,9,"9032"
"13596","   12 ","02/04/1986",0,6,26.5,12,"9032"
"13597","   11.5 ","03/04/1986",0,8.1,26.5,11.5,"9032"
"13598","    12 ","04/04/1986",0,11.5,28,12,"9032"
"13599","   12 ","05/04/1986",0,7.5,28.5,12,"9032"
"13600","   11.5 ","06/04/1986",0,4.7,27.5,11.5,"9032"
"13601","    10.5 ","07/04/1986",0,7.6,27,10.5,"9032"
"13602","    10 ","08/04/1986",0,9.3,28,10,"9032"
"13603","    10.5 ","09/04/1986",0,9.3,29,10.5,"9032"
"13604","   11.5 ","10/04/1986",0,7.3,26.5,11.5,"9032"
"13605","    11 ","11/04/1986",0,7.6,27,11,"9032"
"13606","    13 ","12/04/1986",1,6.3,27,13,"9032"
"13607","   13 ","13/04/1986",0,8.4,27.5,13,"9032"
"13608","   12.5 ","14/04/1986",2.2,4.2,26.5,12.5,"9032"
"13609","   12.5 ","15/04/1986",0,4.2,25.5,12.5,"9032"
"13610","   10 ","16/04/1986",0.3,3.9,23.5,10,"9032"
"13611","    10.5 ","17/04/1986",0,5.6,23,10.5,"9032"
"13612","   12.5 ","18/04/1986",0.7,5.1,23.5,12.5,"9032"
"13613","    11 ","19/04/1986",0.3,5.4,25,11,"9032"
"13614","   10.5 ","20/04/1986",0.5,4.3,25.5,10.5,"9032"
"13615","    9 ","21/04/1986",0.3,4.1,24,9,"9032"
"13616","    9.5 ","22/04/1986",0.5,2.9,24,9.5,"9032"
"13617","    9 ","23/04/1986",0,5.9,21,9,"9032"
"13618","   8 ","24/04/1986",4.8,4.9,22.5,8,"9032"
"13619","   8 ","25/04/1986",0,4.6,21.5,8,"9032"
"13620","   11 ","26/04/1986",0,4.3,23.5,11,"9032"
"13621","   10.5 ","27/04/1986",6.9,4.8,23.5,10.5,"9032"
"13622","    10 ","28/04/1986",0,4.9,24,10,"9032"
"13623","   11.5 ","29/04/1986",1.5,3.4,23.5,11.5,"9032"
"13624","   11 ","30/04/1986",6,3.9,22.5,11,"9032"
"13625","   9 ","01/05/1986",1,5.4,24.5,9,"9032"
"13626","   11.5 ","02/05/1986",4.7,5.6,23.5,11.5,"9032"
"13627","   9.5 ","03/05/1986",0,6.5,22.5,9.5,"9032"
"13628","   9 ","04/05/1986",0,5.6,23.5,9,"9032"
"13629","   12.5 ","05/05/1986",0.5,2.9,23.5,12.5,"9032"
"13630","   12 ","06/05/1986",0,4.7,24.5,12,"9032"
"13631","    13 ","07/05/1986",1.9,4.8,25,13,"9032"
"13632","   12 ","08/05/1986",0,4.9,25.5,12,"9032"
"13633","   13.5 ","09/05/1986",0,7.4,25.5,13.5,"9032"
"13634","    13.5 ","10/05/1986",0,7,27,13.5,"9032"
"13635","    13.5 ","11/05/1986",0.9,5.8,28,13.5,"9032"
"13636","    14.5 ","12/05/1986",0,7.7,28,14.5,"9032"
"13637","    15 ","13/05/1986",0,7.1,29,15,"9032"
"13638","   14 ","14/05/1986",0,8,29.5,14,"9032"
"13639","    14 ","15/05/1986",0,7.1,28,14,"9032"
"13640","    14.5 ","16/05/1986",1.3,6.3,29,14.5,"9032"
"13641","    13 ","17/05/1986",0,4.9,27,13,"9032"
"13642","   13 ","18/05/1986",9.5,5.3,25.5,13,"9032"
"13643","   12 ","19/05/1986",0,3.9,23.5,12,"9032"
"13644","    10 ","20/05/1986",5.4,4.7,22,10,"9032"
"13645","    10 ","21/05/1986",0.3,2.9,22,10,"9032"
"13646","   12 ","22/05/1986",1,5.4,23.5,12,"9032"
"13647","   11.5 ","23/05/1986",1.5,3.8,25.5,11.5,"9032"
"13648","    9.5 ","24/05/1986",0,7.3,25,9.5,"9032"
"13649","    11.5 ","25/05/1986",11.5,6,23,11.5,"9032"
"13650","    11.5 ","26/05/1986",9.3,2.6,21,11.5,"9032"
"13651","    11 ","27/05/1986",1,3.6,21,11,"9032"
"13652","   12 ","28/05/1986",4.5,4.4,20.5,12,"9032"
"13653","   12.5 ","29/05/1986",2.6,3.6,21.5,12.5,"9032"
"13654","    12 ","30/05/1986",3.5,3.5,22,12,"9032"
"13655","   14 ","31/05/1986",0,2.9,20.5,14,"9032"
"13656","   12 ","01/06/1986",5.5,4.9,22.5,12,"9032"
"13657","   12 ","02/06/1986",6.3,3.6,24.5,12,"9032"
"13658","    13.5 ","03/06/1986",16.5,3.3,21,13.5,"9032"
"13659","   12 ","04/06/1986",6.8,4.7,22.5,12,"9032"
"13660","    12 ","05/06/1986",7.3,6.3,24,12,"9032"
"13661","    12.5 ","06/06/1986",6.1,4.3,23,12.5,"9032"
"13662","   12 ","07/06/1986",0,6.4,24.5,12,"9032"
"13663","    12.5 ","08/06/1986",0.2,4.9,24,12.5,"9032"
"13664","   12 ","09/06/1986",0,5.1,24.5,12,"9032"
"13665","   13 ","10/06/1986",2,4.6,21.5,13,"9032"
"13666","    13.5 ","11/06/1986",3,3,23,13.5,"9032"
"13667","    11 ","12/06/1986",3.3,3.2,22,11,"9032"
"13668","   12.5 ","13/06/1986",6.5,5.6,23.5,12.5,"9032"
"13669","   12.5 ","14/06/1986",0.5,6.2,21.5,12.5,"9032"
"13670","    10 ","15/06/1986",7,3.2,22,10,"9032"
"13671","    11.5 ","16/06/1986",15.7,3,23,11.5,"9032"
"13672","   12 ","17/06/1986",9,4.7,23.5,12,"9032"
"13673","   11.5 ","18/06/1986",0,3.7,21.5,11.5,"9032"
"13674","   11.5 ","19/06/1986",14,5.3,21.5,11.5,"9032"
"13675","   12.5 ","20/06/1986",0,4.3,23.5,12.5,"9032"
"13676","    12.5 ","21/06/1986",4.5,4.4,22,12.5,"9032"
"13677","   11.5 ","22/06/1986",4,2.2,22.5,11.5,"9032"
"13678","    11 ","23/06/1986",0,3.4,22,11,"9032"
"13679","   13.5 ","24/06/1986",13,4.3,20.5,13.5,"9032"
"13680","   11 ","25/06/1986",0,4.2,22.5,11,"9032"
"13681","    12.5 ","26/06/1986",2.2,4.1,22,12.5,"9032"
"13682","    12 ","27/06/1986",2.8,5.7,22,12,"9032"
"13683","   12.5 ","28/06/1986",5.9,3.9,23.5,12.5,"9032"
"13684","   12 ","29/06/1986",1.6,5.7,23.5,12,"9032"
"13685","   10 ","30/06/1986",3.1,3.1,23.5,10,"9032"
"13686","   12.5 ","01/07/1986",2.6,5.4,22.5,12.5,"9032"
"13687","    12 ","02/07/1986",0,3.4,23,12,"9032"
"13688","   10.5 ","03/07/1986",0,4.9,22.5,10.5,"9032"
"13689","    10.5 ","04/07/1986",0,6.8,24,10.5,"9032"
"13690","    10.5 ","05/07/1986",11.5,6.2,24,10.5,"9032"
"13691","    13 ","06/07/1986",3.5,5.5,24,13,"9032"
"13692","    10.5 ","07/07/1986",0,2.6,20,10.5,"9032"
"13693","    10 ","08/07/1986",4.5,4.3,20,10,"9032"
"13694","   11 ","09/07/1986",10.5,3.2,21.5,11,"9032"
"13695","    10.5 ","10/07/1986",5.2,3.3,22,10.5,"9032"
"13696","   9.5 ","11/07/1986",3.9,4,20.5,9.5,"9032"
"13697","    11.5 ","12/07/1986",0.2,3.2,21,11.5,"9032"
"13698","   12 ","13/07/1986",9.3,2.4,20.5,12,"9032"
"13699","   9.5 ","14/07/1986",0,3.9,22.5,9.5,"9032"
"13700","    8 ","15/07/1986",0,3.9,21,8,"9032"
"13701","    8.5 ","16/07/1986",0,2.3,19,8.5,"9032"
"13702","    8.5 ","17/07/1986",1.3,5.8,23,8.5,"9032"
"13703","    10 ","18/07/1986",0,4.5,23,10,"9032"
"13704","   11.5 ","19/07/1986",0.5,4.4,21.5,11.5,"9032"
"13705","    10 ","20/07/1986",0,3.9,22,10,"9032"
"13706","   12.5 ","21/07/1986",6.1,3.4,22.5,12.5,"9032"
"13707","    10 ","22/07/1986",0,3.7,23,10,"9032"
"13708","   12 ","23/07/1986",3.5,3.6,22.5,12,"9032"
"13709","    12 ","24/07/1986",0,4.3,22,12,"9032"
"13710","   11 ","25/07/1986",2.4,5.1,23.5,11,"9032"
"13711","   10.5 ","26/07/1986",12.3,6.6,23.5,10.5,"9032"
"13712","   8.5 ","27/07/1986",0,6.8,23.5,8.5,"9032"
"13713","    11.5 ","28/07/1986",11,7.8,24,11.5,"9032"
"13714","   10 ","29/07/1986",3.6,5.5,23.5,10,"9032"
"13715","    10.5 ","30/07/1986",0,5.2,24,10.5,"9032"
"13716","   11 ","31/07/1986",0,4.7,24.5,11,"9032"
"13717","    11.5 ","01/08/1986",0,6,25,11.5,"9032"
"13718","   10.5 ","02/08/1986",0,6.6,25.5,10.5,"9032"
"13719","   10 ","03/08/1986",0,6.1,23.5,10,"9032"
"13720","    10 ","04/08/1986",0,5.1,23,10,"9032"
"13721","    12 ","05/08/1986",3.5,6.3,24,12,"9032"
"13722","    10.5 ","06/08/1986",11.5,3.6,23,10.5,"9032"
"13723","    12 ","07/08/1986",0,5,24,12,"9032"
"13724","    12 ","08/08/1986",20,3.4,22,12,"9032"
"13725","   10 ","09/08/1986",0.4,2.2,22.5,10,"9032"
"13726","    12 ","10/08/1986",8,2.8,21,12,"9032"
"13727","    12 ","11/08/1986",7.5,4,22,12,"9032"
"13728","   12 ","12/08/1986",0.5,3.8,23.5,12,"9032"
"13729","    12 ","13/08/1986",0,3.7,23,12,"9032"
"13730","    12.5 ","14/08/1986",20,4,21,12.5,"9032"
"13731","    11 ","15/08/1986",8.4,3.7,21,11,"9032"
"13732","    10 ","16/08/1986",0.3,4.5,23,10,"9032"
"13733","    12 ","17/08/1986",2,5.9,25,12,"9032"
"13734","    12.5 ","18/08/1986",5,2.9,23,12.5,"9032"
"13735","    11 ","19/08/1986",0,5.3,24,11,"9032"
"13736","    12 ","20/08/1986",0,6.3,24,12,"9032"
"13737","   9 ","21/08/1986",0,4.9,24.5,9,"9032"
"13738","   10 ","22/08/1986",0,4.8,22.5,10,"9032"
"13739","    11.5 ","23/08/1986",32.8,4.8,23,11.5,"9032"
"13740","   11 ","24/08/1986",0,4.7,21.5,11,"9032"
"13741","   11 ","25/08/1986",0,5.9,24.5,11,"9032"
"13742","    12.5 ","26/08/1986",12,3.2,23,12.5,"9032"
"13743","   11.5 ","27/08/1986",7,3.7,22.5,11.5,"9032"
"13744","   11 ","28/08/1986",10,4.4,22.5,11,"9032"
"13745","   10.5 ","29/08/1986",3,3,20.5,10.5,"9032"
"13746","   9.5 ","30/08/1986",0.2,3.5,20.5,9.5,"9032"
"13747","    9.5 ","31/08/1986",0,3.7,22,9.5,"9032"
"13748","    9.5 ","01/09/1986",0,3.1,23,9.5,"9032"
"13749","   12 ","02/09/1986",2,5.6,23.5,12,"9032"
"13750","   13 ","03/09/1986",0,3.2,20.5,13,"9032"
"13751","   13 ","04/09/1986",0.9,4.9,22.5,13,"9032"
"13752","   11.5 ","05/09/1986",0,2.7,23.5,11.5,"9032"
"13753","   12.5 ","06/09/1986",0,5.2,23.5,12.5,"9032"
"13754","    12 ","07/09/1986",0,4.6,24,12,"9032"
"13755","   11 ","08/09/1986",10.1,2,22.5,11,"9032"
"13756","    10.5 ","09/09/1986",4.9,4.2,23,10.5,"9032"
"13757","   11.5 ","10/09/1986",0,5.1,24.5,11.5,"9032"
"13758","   12 ","11/09/1986",2.5,4.5,24.5,12,"9032"
"13759","   11.5 ","12/09/1986",0,4.9,23.5,11.5,"9032"
"13760","   12.5 ","13/09/1986",2,2.9,21.5,12.5,"9032"
"13761","   8.5 ","14/09/1986",0,4.2,22.5,8.5,"9032"
"13762","    12 ","15/09/1986",0,4,23,12,"9032"
"13763","   11.5 ","16/09/1986",0,5.9,23.5,11.5,"9032"
"13764","   11.5 ","17/09/1986",0,2.9,20.5,11.5,"9032"
"13765","    11 ","18/09/1986",11.3,3.1,21,11,"9032"
"13766","    12 ","19/09/1986",0.8,2.1,18,12,"9032"
"13767","   11.5 ","20/09/1986",0,4,22.5,11.5,"9032"
"13768","   10.5 ","21/09/1986",0,5,24.5,10.5,"9032"
"13769","    10 ","22/09/1986",0,5.8,23,10,"9032"
"13770","    11.5 ","23/09/1986",0,2.5,24,11.5,"9032"
"13771","   12 ","24/09/1986",4,2.4,25.5,12,"9032"
"13772","    10 ","25/09/1986",0,3.5,24,10,"9032"
"13773","    11 ","26/09/1986",18,4,25,11,"9032"
"13774","    12.5 ","27/09/1986",0,4.3,24,12.5,"9032"
"13775","    13.5 ","28/09/1986",5.5,3.5,24,13.5,"9032"
"13776","    12 ","29/09/1986",3,2.5,21,12,"9032"
"13777","    12 ","30/09/1986",0,5.5,23,12,"9032"
"13778","    4.5 ","01/11/1986",0,3.9,23,4.5,"9032"
"13779","    6 ","02/11/1986",0,2.9,22,6,"9032"
"13780","   10 ","03/11/1986",7.5,2.7,18.5,10,"9032"
"13781","   8.5 ","04/11/1986",0,3.8,22.5,8.5,"9032"
"13782","   11 ","05/11/1986",1.8,3.3,23.5,11,"9032"
"13783","    10 ","06/11/1986",0,4.9,25,10,"9032"
"13784","   10.5 ","07/11/1986",0,6.2,25.5,10.5,"9032"
"13785","    10.5 ","08/11/1986",0,4.8,25,10.5,"9032"
"13786","   7.5 ","09/11/1986",0,5.6,23.5,7.5,"9032"
"13787","   10 ","10/11/1986",0,3.9,22.5,10,"9032"
"13788","    10.5 ","11/11/1986",0,2,22,10.5,"9032"
"13789","   11.5 ","12/11/1986",2.8,2.6,19.5,11.5,"9032"
"13790","   11.5 ","13/11/1986",0.3,1.7,16.5,11.5,"9032"
"13791","    9.5 ","14/11/1986",0,2.4,21,9.5,"9032"
"13792","   7.5 ","15/11/1986",0,3.3,23.5,7.5,"9032"
"13793","   10.5 ","16/11/1986",0,4.2,23.5,10.5,"9032"
"13794","   11 ","17/11/1986",0,5.3,25.5,11,"9032"
"13795","   10 ","18/11/1986",0,4.2,26.5,10,"9032"
"13796","   9.5 ","19/11/1986",0,5.2,26.5,9.5,"9032"
"13797","   9.5 ","20/11/1986",0,4.8,25.5,9.5,"9032"
"13798","    10 ","21/11/1986",0,5,25,10,"9032"
"13799","   11 ","22/11/1986",0,6.1,24.5,11,"9032"
"13800","   9.5 ","23/11/1986",0,4.1,24.5,9.5,"9032"
"13801","   10 ","24/11/1986",1.8,3.8,21.5,10,"9032"
"13802","   10.5 ","25/11/1986",0,4.6,21.5,10.5,"9032"
"13803","    10.5 ","26/11/1986",0,2,21,10.5,"9032"
"13804","   11.5 ","27/11/1986",1.5,1.4,16.5,11.5,"9032"
"13805","   9 ","28/11/1986",0,1.6,15.5,9,"9032"
"13806","   6.5 ","29/11/1986",0,2.4,18.5,6.5,"9032"
"13807","   6 ","30/11/1986",0,3.9,23.5,6,"9032"
"13808","   8.5 ","01/12/1986",0,4.1,22.5,8.5,"9032"
"13809","    7.5 ","02/12/1986",0,2.8,20,7.5,"9032"
"13810","   10.5 ","03/12/1986",0,2.5,17.5,10.5,"9032"
"13811","   7.5 ","04/12/1986",0,3.6,19.5,7.5,"9032"
"13812","   9 ","05/12/1986",0,1.6,17.5,9,"9032"
"13813","   7.5 ","06/12/1986",0,2.6,20.5,7.5,"9032"
"13814","    8 ","07/12/1986",0,3.1,23,8,"9032"
"13815","    9.5 ","08/12/1986",0,5.1,23,9.5,"9032"
"13816","    8 ","09/12/1986",0,4,22,8,"9032"
"13817","   9 ","10/12/1986",0,3.9,22.5,9,"9032"
"13818","   7 ","11/12/1986",0,4.9,23.5,7,"9032"
"13819","    9.5 ","12/12/1986",0,4.2,23,9.5,"9032"
"13820","    9 ","13/12/1986",0,3.9,22,9,"9032"
"13821","   7 ","14/12/1986",0,3.4,22.5,7,"9032"
"13822","   6.5 ","15/12/1986",0,4.5,22.5,6.5,"9032"
"13823","   5.5 ","16/12/1986",0,4.9,22.5,5.5,"9032"
"13824","    7 ","17/12/1986",0,5,23,7,"9032"
"13825","   8.5 ","18/12/1986",0,3.8,23.5,8.5,"9032"
"13826","    6.5 ","19/12/1986",0,3.6,24,6.5,"9032"
"13827","    7.5 ","20/12/1986",0,5,17,7.5,"9032"
"13828","   7 ","21/12/1986",0,2.1,18.5,7,"9032"
"13829","   8 ","22/12/1986",0,4.8,20.5,8,"9032"
"13830","   7 ","23/12/1986",0,4.9,20.5,7,"9032"
"13831","    5.5 ","24/12/1986",0,4,22,5.5,"9032"
"13832","   6 ","25/12/1986",0,4.8,21.5,6,"9032"
"13833","    9.5 ","26/12/1986",0,4.1,22,9.5,"9032"
"13834","   8.5 ","27/12/1986",0,4.8,22.5,8.5,"9032"
"13835","   7 ","28/12/1986",0,4.1,21.5,7,"9032"
"13836","    6.5 ","29/12/1986",0,5.2,21,6.5,"9032"
"13837","    7.5 ","30/12/1986",0,4.1,19,7.5,"9032"
"13838","   4.5 ","31/12/1986",0,3.8,19.5,4.5,"9032"
"13839","   4.5 ","01/01/1987",0,3.1,21.5,4.5,"9032"
"13840","   7 ","02/01/1987",0,4.7,19.5,7,"9032"
"13841","   5 ","03/01/1987",0,4.1,19.5,5,"9032"
"13842","   3 ","04/01/1987",0,3.8,19.5,3,"9032"
"13843","   4 ","05/01/1987",0,4.3,21.5,4,"9032"
"13844","   6 ","06/01/1987",0,5,23.5,6,"9032"
"13845","    9 ","07/01/1987",0,5,24,9,"9032"
"13846","   9 ","08/01/1987",0,4.9,25.5,9,"9032"
"13847","    9.5 ","09/01/1987",0,5.1,26,9.5,"9032"
"13848","   9 ","10/01/1987",0,3.4,23.5,9,"9032"
"13849","   4 ","11/01/1987",0,3.4,21.5,4,"9032"
"13850","    2 ","12/01/1987",0,2.5,22,2,"9032"
"13851","    5 ","13/01/1987",0,5.5,20,5,"9032"
"13852","    7.5 ","14/01/1987",0,5.1,22,7.5,"9032"
"13853","   9.5 ","15/01/1987",0,5,22.5,9.5,"9032"
"13854","   8 ","16/01/1987",0,4.9,22.5,8,"9032"
"13855","   9 ","17/01/1987",0,4.7,22.5,9,"9032"
"13856","    10 ","18/01/1987",0,6.3,25,10,"9032"
"13857","    9.5 ","19/01/1987",0,1.9,24,9.5,"9032"
"13858","   10.5 ","20/01/1987",0,5.1,24.5,10.5,"9032"
"13859","    10.5 ","21/01/1987",0,7.9,20,10.5,"9032"
"13860","    8.5 ","22/01/1987",0,5.1,23,8.5,"9032"
"13861","    0.5 ","23/01/1987",0,8.1,21,0.5,"9032"
"13862","    4.5 ","24/01/1987",0,5.3,23,4.5,"9032"
"13863","    7 ","25/01/1987",0,3.5,23,7,"9032"
"13864","    5.5 ","26/01/1987",0,4,20,5.5,"9032"
"13865","   2.5 ","27/01/1987",0,5,19.5,2.5,"9032"
"13866","    3.5 ","28/01/1987",0,5,24,3.5,"9032"
"13867","    6 ","29/01/1987",0,6.6,23,6,"9032"
"13868","   6 ","30/01/1987",0,5.9,23.5,6,"9032"
"13869","    6 ","31/01/1987",0,6.9,25,6,"9032"
"13870","    8.5 ","01/02/1987",0,3.4,21,8.5,"9032"
"13871","    8 ","02/02/1987",1.5,2.3,21,8,"9032"
"13872","    7.5 ","03/02/1987",0,4.1,21,7.5,"9032"
"13873","    7 ","04/02/1987",0,4.2,20,7,"9032"
"13874","   6.5 ","05/02/1987",0,4.9,22.5,6.5,"9032"
"13875","   7.5 ","06/02/1987",0,4.8,20.5,7.5,"9032"
"13876","    4 ","07/02/1987",0,2.2,10,4,"9032"
"13877","   0.5 ","08/02/1987",0,4.8,18.5,0.5,"9032"
"13878","    2.5 ","09/02/1987",0,4.1,20,2.5,"9032"
"13879","    2.5 ","10/02/1987",0,2.9,20,2.5,"9032"
"13880","    5 ","11/02/1987",0,4.9,21,5,"9032"
"13881","   7 ","12/02/1987",0,5.1,23.5,7,"9032"
"13882","    9 ","13/02/1987",0,4.1,22,9,"9032"
"13883","   10 ","14/02/1987",0,7.8,23.5,10,"9032"
"13884","   9.5 ","15/02/1987",0,7.4,25.5,9.5,"9032"
"13885","    9 ","16/02/1987",0,8.5,25,9,"9032"
"13886","    8 ","17/02/1987",0,6.3,26,8,"9032"
"13887","   7 ","18/02/1987",0,7.9,23.5,7,"9032"
"13888","   10 ","19/02/1987",0,7.1,24.5,10,"9032"
"13889","   9 ","20/02/1987",0,6.7,23.5,9,"9032"
"13890","    10.5 ","21/02/1987",0,5,23,10.5,"9032"
"13891","    9.5 ","22/02/1987",0,7.3,23,9.5,"9032"
"13892","   10 ","23/02/1987",0,5.8,23.5,10,"9032"
"13893","   10.5 ","24/02/1987",0,8.9,24.5,10.5,"9032"
"13894","    12.5 ","25/02/1987",0,6.1,25,12.5,"9032"
"13895","   9.5 ","26/02/1987",0,8.9,24.5,9.5,"9032"
"13896","    10.5 ","27/02/1987",0,8.5,24,10.5,"9032"
"13897","   12.5 ","28/02/1987",0,8.6,24.5,12.5,"9032"
"13898","   13 ","01/03/1987",0,8.8,24.5,13,"9032"
"13899","   10.5 ","02/03/1987",0,7.6,24.5,10.5,"9032"
"13900","   9 ","03/03/1987",0,3.5,23.5,9,"9032"
"13901","   8.5 ","04/03/1987",0,4.7,16.5,8.5,"9032"
"13902","    3 ","05/03/1987",4.3,1.8,7.5,3,"9032"
"13903","   1 ","06/03/1987",0,5.5,14.5,1,"9032"
"13904","    3.5 ","07/03/1987",0,6.9,20,3.5,"9032"
"13905","    8 ","08/03/1987",0,6.3,20,8,"9032"
"13906","    9 ","09/03/1987",0,8.8,23,9,"9032"
"13907","    7.5 ","10/03/1987",0,7.7,24,7.5,"9032"
"13908","   9.5 ","11/03/1987",0,7.1,24.5,9.5,"9032"
"13909","    7.5 ","12/03/1987",0,7.3,21,7.5,"9032"
"13910","   9 ","13/03/1987",0,4.9,21.5,9,"9032"
"13911","   10 ","14/03/1987",0,5,22.5,10,"9032"
"13912","   9.5 ","15/03/1987",0,6,24.5,9.5,"9032"
"13913","    10.5 ","16/03/1987",0,5.9,24,10.5,"9032"
"13914","   10 ","17/03/1987",0,8,23.5,10,"9032"
"13915","    12.5 ","18/03/1987",0,8.7,27,12.5,"9032"
"13916","    10.5 ","19/03/1987",0,7.4,27,10.5,"9032"
"13917","    11 ","20/03/1987",0,8.8,26,11,"9032"
"13918","   13.5 ","21/03/1987",0,9.1,28.5,13.5,"9032"
"13919","    13 ","22/03/1987",0,9.9,27,13,"9032"
"13920","    14.5 ","23/03/1987",0,9.9,27,14.5,"9032"
"13921","    16 ","24/03/1987",0,7.6,27,16,"9032"
"13922","   10.5 ","25/03/1987",0,6.6,26.5,10.5,"9032"
"13923","   14 ","26/03/1987",0,5.8,27.5,14,"9032"
"13924","    12.5 ","27/03/1987",0.8,5.8,19,12.5,"9032"
"13925","   10.5 ","28/03/1987",8,5.8,17.5,10.5,"9032"
"13926","    8 ","29/03/1987",0,5,22,8,"9032"
"13927","   9.5 ","30/03/1987",0,6.5,23.5,9.5,"9032"
"13928","   6.5 ","31/03/1987",0,7.2,23.5,6.5,"9032"
"13929","    9 ","01/04/1987",0,5,25,9,"9032"
"13930","   8 ","02/04/1987",0,5,26.5,8,"9032"
"13931","    10 ","03/04/1987",0,6.8,27,10,"9032"
"13932","   12.5 ","04/04/1987",0,8.1,24.5,12.5,"9032"
"13933","    9 ","05/04/1987",0,5.1,25,9,"9032"
"13934","   11.5 ","06/04/1987",0,4,25.5,11.5,"9032"
"13935","   12 ","07/04/1987",0,5.9,27.5,12,"9032"
"13936","    13.5 ","08/04/1987",0,9,27,13.5,"9032"
"13937","   13 ","09/04/1987",0,10.8,26.5,13,"9032"
"13938","    10.5 ","10/04/1987",0,9.9,25,10.5,"9032"
"13939","   11 ","11/04/1987",0,10,24.5,11,"9032"
"13940","    9.5 ","12/04/1987",0,5.8,24,9.5,"9032"
"13941","    10.5 ","13/04/1987",0,6,26,10.5,"9032"
"13942","   8 ","14/04/1987",0,4,20.5,8,"9032"
"13943","    11 ","15/04/1987",0,4.1,23,11,"9032"
"13944","    12.5 ","16/04/1987",0,4.7,26,12.5,"9032"
"13945","   12 ","17/04/1987",0.6,5.9,25.5,12,"9032"
"13946","   10 ","18/04/1987",0,5,26.5,10,"9032"
"13947","    11.5 ","19/04/1987",0,5,27,11.5,"9032"
"13948","    12.5 ","20/04/1987",6,2.9,25,12.5,"9032"
"13949","   11.5 ","21/04/1987",2.4,2.3,21.5,11.5,"9032"
"13950","    10.5 ","22/04/1987",7.7,3.9,21,10.5,"9032"
"13951","    8.5 ","23/04/1987",7.8,4.7,22,8.5,"9032"
"13952","   10 ","24/04/1987",0,2.2,23.5,10,"9032"
"13953","    8.5 ","25/04/1987",0,5.5,22,8.5,"9032"
"13954","    9 ","26/04/1987",0,8.2,24,9,"9032"
"13955","    9.5 ","27/04/1987",5.6,5.7,21,9.5,"9032"
"13956","   9.5 ","28/04/1987",0,5,22.5,9.5,"9032"
"13957","    8.5 ","29/04/1987",5.7,3.6,21,8.5,"9032"
"13958","    10 ","30/04/1987",0,5,24,10,"9032"
"13959","    11 ","01/05/1987",0,6.9,24,11,"9032"
"13960","   11.5 ","02/05/1987",0,5.1,23.5,11.5,"9032"
"13961","   11 ","03/05/1987",0,5,24.5,11,"9032"
"13962","    10.5 ","04/05/1987",0,8.9,26,10.5,"9032"
"13963","   11 ","05/05/1987",0,8.1,25.5,11,"9032"
"13964","    11 ","06/05/1987",0,6.9,24,11,"9032"
"13965","    12 ","07/05/1987",6.3,3.8,23,12,"9032"
"13966","   9.5 ","08/05/1987",6.8,5.2,22.5,9.5,"9032"
"13967","    10 ","09/05/1987",11.7,7.3,21,10,"9032"
"13968","   8.5 ","10/05/1987",0,2.8,21.5,8.5,"9032"
"13969","   11.5 ","11/05/1987",0,2.6,22.5,11.5,"9032"
"13970","    10 ","12/05/1987",8.9,4.6,25,10,"9032"
"13971","    8 ","13/05/1987",0,5,24,8,"9032"
"13972","   9.5 ","14/05/1987",4,4.6,24.5,9.5,"9032"
"13973","   10.5 ","15/05/1987",0.2,6.7,24.5,10.5,"9032"
"13974","    11 ","16/05/1987",0,7.3,25,11,"9032"
"13975","   12 ","17/05/1987",0,5,25.5,12,"9032"
"13976","   12.5 ","18/05/1987",0,4.7,24.5,12.5,"9032"
"13977","   12 ","19/05/1987",0,6.6,24.5,12,"9032"
"13978","    11.5 ","20/05/1987",0,6.4,25,11.5,"9032"
"13979","   15.5 ","21/05/1987",0,7.2,27.5,15.5,"9032"
"13980","   11.5 ","22/05/1987",0,8,26.5,11.5,"9032"
"13981","    10.5 ","23/05/1987",0,5.6,26,10.5,"9032"
"13982","    11 ","24/05/1987",0,9.2,26,11,"9032"
"13983","   11 ","25/05/1987",0,6.3,26.5,11,"9032"
"13984","   12.5 ","26/05/1987",0,6.8,25.5,12.5,"9032"
"13985","    13 ","27/05/1987",18.5,8.1,27,13,"9032"
"13986","   12.5 ","28/05/1987",10.7,6.8,25.5,12.5,"9032"
"13987","   11.5 ","29/05/1987",0,6.1,27.5,11.5,"9032"
"13988","    12 ","30/05/1987",0,5.7,26,12,"9032"
"13989","   12 ","31/05/1987",0,4.7,24.5,12,"9032"
"13990","    12.5 ","01/06/1987",0.3,4.5,23,12.5,"9032"
"13991","   12 ","02/06/1987",0,3.2,24.5,12,"9032"
"13992","   11.5 ","03/06/1987",4.1,1.8,22.5,11.5,"9032"
"13993","    10.5 ","04/06/1987",5.2,1.2,22,10.5,"9032"
"13994","   11 ","05/06/1987",28.2,4.3,20.5,11,"9032"
"13995","   10.5 ","06/06/1987",4.9,2.9,14.5,10.5,"9032"
"13996","    11 ","07/06/1987",0,4.6,18,11,"9032"
"13997","    12 ","08/06/1987",9.9,6,22,12,"9032"
"13998","   12.5 ","09/06/1987",6.5,2.3,23.5,12.5,"9032"
"13999","   13.5 ","10/06/1987",14.5,5,24.5,13.5,"9032"
"14000","   12.5 ","11/06/1987",4.5,3.6,23.5,12.5,"9032"
"14001","   13 ","12/06/1987",11.5,4.5,23.5,13,"9032"
"14002","    14 ","13/06/1987",1,4.9,24,14,"9032"
"14003","    13.5 ","14/06/1987",3,5.5,25,13.5,"9032"
"14004","   12 ","15/06/1987",10.5,5.1,23.5,12,"9032"
"14005","   11.5 ","16/06/1987",8.4,3.1,19.5,11.5,"9032"
"14006","   12 ","17/06/1987",0,4.6,23.5,12,"9032"
"14007","   11 ","18/06/1987",12.2,5.5,24.5,11,"9032"
"14008","   12 ","19/06/1987",4,4,23.5,12,"9032"
"14009","   11.5 ","20/06/1987",0,4.6,23.5,11.5,"9032"
"14010","   13.5 ","21/06/1987",0,4.7,25.5,13.5,"9032"
"14011","    14.5 ","22/06/1987",0,5,24,14.5,"9032"
"14012","   13 ","23/06/1987",2.2,4,24.5,13,"9032"
"14013","   13.5 ","24/06/1987",0,5.4,23.5,13.5,"9032"
"14014","    12.5 ","25/06/1987",0,7,24,12.5,"9032"
"14015","   12 ","26/06/1987",16.3,4.4,21.5,12,"9032"
"14016","    12.5 ","27/06/1987",0,3.7,25,12.5,"9032"
"14017","   12 ","28/06/1987",0,6.3,25.5,12,"9032"
"14018","    11 ","29/06/1987",0,6.8,26,11,"9032"
"14019","   12.5 ","30/06/1987",4,4.5,22.5,12.5,"9032"
"14020","   12 ","01/07/1987",0,4,24.5,12,"9032"
"14021","   12 ","02/07/1987",0,7.2,24.5,12,"9032"
"14022","    11.5 ","03/07/1987",12.5,5.7,24,11.5,"9032"
"14023","   12 ","04/07/1987",0.6,3.1,24.5,12,"9032"
"14024","    12.5 ","05/07/1987",1.1,6.7,24,12.5,"9032"
"14025","   11 ","06/07/1987",0.6,5.4,23.5,11,"9032"
"14026","   11.5 ","07/07/1987",23,8.4,22.5,11.5,"9032"
"14027","    12.5 ","08/07/1987",0,5.7,24,12.5,"9032"
"14028","    12 ","09/07/1987",0,4.1,24,12,"9032"
"14029","   12.5 ","10/07/1987",0,4.3,23.5,12.5,"9032"
"14030","   11.5 ","11/07/1987",0,2.7,24.5,11.5,"9032"
"14031","    11 ","12/07/1987",11,2.4,25,11,"9032"
"14032","   11.5 ","13/07/1987",0,4.2,24.5,11.5,"9032"
"14033","    12 ","14/07/1987",0,2.9,24,12,"9032"
"14034","   12.5 ","15/07/1987",0,3,24.5,12.5,"9032"
"14035","    12 ","16/07/1987",0,5,25,12,"9032"
"14036","   11.5 ","17/07/1987",0,5,24.5,11.5,"9032"
"14037","    12.5 ","18/07/1987",0,4.9,25,12.5,"9032"
"14038","   12.5 ","19/07/1987",0,5.1,24.5,12.5,"9032"
"14039","    13 ","20/07/1987",0,5,25,13,"9032"
"14040","    12.5 ","21/07/1987",8.6,3.4,23,12.5,"9032"
"14041","    11.5 ","22/07/1987",0,2.9,21,11.5,"9032"
"14042","   12.5 ","23/07/1987",4,2.7,24.5,12.5,"9032"
"14043","    12 ","24/07/1987",5.5,2.8,23,12,"9032"
"14044","    10.5 ","25/07/1987",6.5,2.6,22,10.5,"9032"
"14045","   11 ","26/07/1987",2.7,2.5,22.5,11,"9032"
"14046","   11.5 ","27/07/1987",10.8,2.5,22.5,11.5,"9032"
"14047","    11.5 ","28/07/1987",2.6,2.6,22,11.5,"9032"
"14048","   12 ","29/07/1987",12.5,1,21.5,12,"9032"
"14049","   12.5 ","30/07/1987",7.3,2.1,22.5,12.5,"9032"
"14050","    11.5 ","31/07/1987",14.6,4.6,23,11.5,"9032"
"14051","    12.5 ","01/08/1987",10.2,2.3,22,12.5,"9032"
"14052","   11.5 ","02/08/1987",8.1,3,22.5,11.5,"9032"
"14053","    11 ","03/08/1987",3.3,4.3,23,11,"9032"
"14054","   12 ","04/08/1987",1.3,3.4,23.5,12,"9032"
"14055","    12.5 ","05/08/1987",7.2,3.1,22,12.5,"9032"
"14056","    10.5 ","06/08/1987",4.1,4.2,23,10.5,"9032"
"14057","    11.5 ","07/08/1987",0.9,3.8,24,11.5,"9032"
"14058","   11 ","08/08/1987",0,4,24.5,11,"9032"
"14059","   12 ","09/08/1987",0,4.1,24.5,12,"9032"
"14060","    12.5 ","10/08/1987",0,5,24,12.5,"9032"
"14061","    12.5 ","11/08/1987",0,4.4,24,12.5,"9032"
"14062","    12.5 ","12/08/1987",0,5.1,25,12.5,"9032"
"14063","   11.5 ","13/08/1987",14.5,4.3,25.5,11.5,"9032"
"14064","    11 ","14/08/1987",4.5,4.5,25,11,"9032"
"14065","   11.5 ","15/08/1987",0,5.1,24.5,11.5,"9032"
"14066","   12 ","16/08/1987",0,5,24.5,12,"9032"
"14067","    12 ","17/08/1987",0,4.9,24,12,"9032"
"14068","   12 ","18/08/1987",0,5.1,24.5,12,"9032"
"14069","    12.5 ","19/08/1987",3.8,3.7,24,12.5,"9032"
"14070","   12 ","20/08/1987",4.1,3.9,24.5,12,"9032"
"14071","    12.5 ","21/08/1987",2.2,4.4,24,12.5,"9032"
"14072","   12 ","22/08/1987",4.4,4.4,23.5,12,"9032"
"14073","   11.5 ","23/08/1987",9.1,3.1,23.5,11.5,"9032"
"14074","    11 ","24/08/1987",0,4.1,23,11,"9032"
"14075","    10.5 ","25/08/1987",0,4,22,10.5,"9032"
"14076","   10 ","26/08/1987",0,3.8,23.5,10,"9032"
"14077","   12.5 ","27/08/1987",3.1,4.2,23.5,12.5,"9032"
"14078","    12 ","28/08/1987",0,2.2,22,12,"9032"
"14079","    12 ","29/08/1987",7.3,2.1,21,12,"9032"
"14080","   11 ","30/08/1987",5.2,4.1,23.5,11,"9032"
"14081","   11.5 ","31/08/1987",10.4,5.5,24.5,11.5,"9032"
"14082","    12 ","01/09/1987",4.8,4.5,24,12,"9032"
"14083","   12.5 ","02/09/1987",0,5.2,24.5,12.5,"9032"
"14084","    12 ","03/09/1987",0,3.9,24,12,"9032"
"14085","   12 ","04/09/1987",0,4.8,24.5,12,"9032"
"14086","   12.5 ","05/09/1987",0,5.2,24.5,12.5,"9032"
"14087","   11 ","06/09/1987",0,3.9,23.5,11,"9032"
"14088","    11.5 ","07/09/1987",5.8,4.8,23,11.5,"9032"
"14089","   12 ","08/09/1987",2.3,3.5,23.5,12,"9032"
"14090","    12.5 ","09/09/1987",0,5.9,24,12.5,"9032"
"14091","    12 ","10/09/1987",0,4.8,24,12,"9032"
"14092","   12 ","11/09/1987",0,5.1,24.5,12,"9032"
"14093","   12.5 ","12/09/1987",0,4.9,24.5,12.5,"9032"
"14094","    12.5 ","13/09/1987",0,4.7,24,12.5,"9032"
"14095","    12 ","14/09/1987",0,4.3,24,12,"9032"
"14096","    12.5 ","15/09/1987",0,5,25,12.5,"9032"
"14097","    12 ","16/09/1987",0,6.1,25,12,"9032"
"14098","   12 ","17/09/1987",0,4.8,25.5,12,"9032"
"14099","    13 ","18/09/1987",0,4.9,25,13,"9032"
"14100","    12.5 ","19/09/1987",0,4.7,24,12.5,"9032"
"14101","    12 ","20/09/1987",0,5.1,24,12,"9032"
"14102","    12 ","21/09/1987",10,5.1,24,12,"9032"
"14103","   12.5 ","22/09/1987",0,5.1,24.5,12.5,"9032"
"14104","    12 ","23/09/1987",0,5,24,12,"9032"
"14105","   12 ","24/09/1987",0,5,24.5,12,"9032"
"14106","   12.5 ","25/09/1987",0,4.1,24.5,12.5,"9032"
"14107","    12 ","26/09/1987",0,5,24,12,"9032"
"14108","   12 ","27/09/1987",0,4.6,24.5,12,"9032"
"14109","    12.5 ","28/09/1987",9.8,5.2,24,12.5,"9032"
"14110","   12 ","29/09/1987",7.6,3.5,20.5,12,"9032"
"14111","   11.5 ","30/09/1987",5.4,2.4,19.5,11.5,"9032"
"14112","    9 ","01/10/1987",0,4,19,9,"9032"
"14113","   9.5 ","02/10/1987",0,4,22.5,9.5,"9032"
"14114","   8.5 ","03/10/1987",0,4.1,21.5,8.5,"9032"
"14115","    7.5 ","04/10/1987",0,4,21,7.5,"9032"
"14116","   8 ","05/10/1987",0,3.7,22.5,8,"9032"
"14117","    8.5 ","06/10/1987",0,4.1,23,8.5,"9032"
"14118","   10 ","07/10/1987",0,4,22.5,10,"9032"
"14119","    9 ","08/10/1987",0,4.2,23,9,"9032"
"14120","   9.5 ","09/10/1987",0,4.9,23.5,9.5,"9032"
"14121","    10.5 ","10/10/1987",0,5,24,10.5,"9032"
"14122","   12 ","11/10/1987",0,4.7,23.5,12,"9032"
"14123","    10 ","12/10/1987",0,5.2,24,10,"9032"
"14124","    10 ","13/10/1987",0,5.1,23,10,"9032"
"14125","    12 ","14/10/1987",0,5,24,12,"9032"
"14126","   12.5 ","15/10/1987",0,4.9,24.5,12.5,"9032"
"14127","    12 ","16/10/1987",0,5.1,24,12,"9032"
"14128","   12.5 ","17/10/1987",0,4.9,24.5,12.5,"9032"
"14129","    12 ","18/10/1987",0,5.1,24,12,"9032"
"14130","   5 ","19/10/1987",0,4.9,24.5,5,"9032"
"14131","    5.5 ","20/10/1987",0,4.9,25,5.5,"9032"
"14132","    9 ","21/10/1987",0,5.6,23,9,"9032"
"14133","    11 ","22/10/1987",0,4,24,11,"9032"
"14134","   11.5 ","23/10/1987",0,5.1,24.5,11.5,"9032"
"14135","    7 ","24/10/1987",0,5.3,25,7,"9032"
"14136","    8.5 ","25/10/1987",0,4.9,24,8.5,"9032"
"14137","   12 ","26/10/1987",0,5.1,24.5,12,"9032"
"14138","    11 ","27/10/1987",0,5,24,11,"9032"
"14139","   11 ","28/10/1987",0,5,24.5,11,"9032"
"14140","    10 ","29/10/1987",0,4.1,24,10,"9032"
"14141","   10 ","30/10/1987",0,5.7,24.5,10,"9032"
"14142","    4.5 ","31/10/1987",0,5.1,24,4.5,"9032"
"14143","   5 ","01/11/1987",0,5,22.5,5,"9032"
"14144","    4 ","02/11/1987",0,8.1,22,4,"9032"
"14145","   6 ","03/11/1987",0,6.3,22.5,6,"9032"
"14146","   6 ","04/11/1987",0,4.8,23.5,6,"9032"
"14147","    5 ","05/11/1987",0,4.8,22,5,"9032"
"14148","   3.5 ","06/11/1987",0,6.2,21.5,3.5,"9032"
"14149","    7 ","07/11/1987",0,4.7,23,7,"9032"
"14150","   8.5 ","08/11/1987",0,5.9,24.5,8.5,"9032"
"14151","   9 ","09/11/1987",10,2.4,22.5,9,"9032"
"14152","   9.5 ","10/11/1987",2,1.4,15.5,9.5,"9032"
"14153","    5.5 ","11/11/1987",0,4,19,5.5,"9032"
"14154","   6 ","12/11/1987",0,2.3,19.5,6,"9032"
"14155","   6.5 ","13/11/1987",0,2.5,22.5,6.5,"9032"
"14156","    8 ","14/11/1987",0,4.1,24,8,"9032"
"14157","    10.5 ","15/11/1987",0,6.7,22,10.5,"9032"
"14158","    8 ","16/11/1987",0,5.1,22,8,"9032"
"14159","   8.5 ","17/11/1987",0,5.1,22.5,8.5,"9032"
"14160","   8 ","18/11/1987",0,2.5,22.5,8,"9032"
"14161","   8.5 ","19/11/1987",0,3.3,20.5,8.5,"9032"
"14162","   9 ","20/11/1987",0,4.8,21.5,9,"9032"
"14163","    7.5 ","21/11/1987",0,2.5,22,7.5,"9032"
"14164","    8.5 ","22/11/1987",0,4.4,22,8.5,"9032"
"14165","    8.5 ","23/11/1987",0,1.3,23,8.5,"9032"
"14166","    9 ","24/11/1987",0,4.1,22,9,"9032"
"14167","   8 ","25/11/1987",0,6.2,22.5,8,"9032"
"14168","    8.5 ","26/11/1987",0,4.1,23,8.5,"9032"
"14169","    11 ","27/11/1987",1.5,1,23,11,"9032"
"14170","   11 ","28/11/1987",0,5.5,23.5,11,"9032"
"14171","   11.5 ","29/11/1987",0,3.2,21.5,11.5,"9032"
"14172","    10.5 ","30/11/1987",0,7.7,23,10.5,"9032"
"14173","    11 ","01/12/1987",0,2.9,22,11,"9032"
"14174","    10 ","02/12/1987",0,4.1,23,10,"9032"
"14175","    7 ","03/12/1987",0,4.3,23,7,"9032"
"14176","    8 ","04/12/1987",0,4,22,8,"9032"
"14177","    7 ","05/12/1987",0,5.6,22,7,"9032"
"14178","    8 ","06/12/1987",0,6.9,24,8,"9032"
"14179","    7 ","07/12/1987",0,7.1,24,7,"9032"
"14180","    7 ","08/12/1987",0,5.9,22,7,"9032"
"14181","   7.5 ","09/12/1987",0,4.1,22.5,7.5,"9032"
"14182","    7 ","10/12/1987",0,5.1,22,7,"9032"
"14183","   7.5 ","11/12/1987",0,4,22.5,7.5,"9032"
"14184","    7 ","12/12/1987",0,3.1,23,7,"9032"
"14185","   8 ","13/12/1987",0,4.1,23.5,8,"9032"
"14186","    8.5 ","14/12/1987",0,3.2,23,8.5,"9032"
"14187","   8 ","15/12/1987",0,5.1,23.5,8,"9032"
"14188","    7.5 ","16/12/1987",0,5,23,7.5,"9032"
"14189","   7 ","17/12/1987",0,6.1,23.5,7,"9032"
"14190","    8.5 ","18/12/1987",0,4.9,24,8.5,"9032"
"14191","   9.5 ","19/12/1987",0,5.3,24.5,9.5,"9032"
"14192","    10 ","20/12/1987",0,5,24,10,"9032"
"14193","   10.5 ","21/12/1987",0,5,24.5,10.5,"9032"
"14194","    11 ","22/12/1987",0,5.2,24,11,"9032"
"14195","    11.5 ","23/12/1987",0,4.7,23,11.5,"9032"
"14196","   10 ","24/12/1987",0,4.6,23.5,10,"9032"
"14197","    11 ","25/12/1987",0,5,24,11,"9032"
"14198","   11.5 ","26/12/1987",0,5,24.5,11.5,"9032"
"14199","    11 ","27/12/1987",0,5,24,11,"9032"
"14200","   11.5 ","28/12/1987",0,5.6,23.5,11.5,"9032"
"14201","   9 ","29/12/1987",0,3.9,20.5,9,"9032"
"14202","   7 ","30/12/1987",0,3.9,21.5,7,"9032"
"14203","    9.5 ","31/12/1987",0,4.1,21,9.5,"9032"
"14204","    5.5 ","01/01/1988",0,4.9,20,5.5,"9032"
"14205","    2 ","02/01/1988",0.4,5.6,22,2,"9032"
"14206","    2 ","03/01/1988",0,4.9,22,2,"9032"
"14207","    3.5 ","04/01/1988",0,5,24,3.5,"9032"
"14208","    3 ","05/01/1988",0,4.1,25,3,"9032"
"14209","   5 ","06/01/1988",0,5.1,25.5,5,"9032"
"14210","   5.5 ","07/01/1988",0,5,25.5,5.5,"9032"
"14211","    5 ","08/01/1988",0,5.6,26,5,"9032"
"14212","    5 ","09/01/1988",0,4.3,26,5,"9032"
"14213","    5.5 ","10/01/1988",0,5,26,5.5,"9032"
"14214","    5.5 ","11/01/1988",0,4.9,26,5.5,"9032"
"14215","    5 ","12/01/1988",0,6.1,25,5,"9032"
"14216","    5 ","13/01/1988",0,4.8,22,5,"9032"
"14217","    9 ","14/01/1988",0,4.1,22,9,"9032"
"14218","   9 ","15/01/1988",0,5.1,22.5,9,"9032"
"14219","    9.5 ","16/01/1988",0,5.2,22,9.5,"9032"
"14220","   9 ","17/01/1988",0,5.1,22.5,9,"9032"
"14221","    8 ","18/01/1988",0.5,5.5,22,8,"9032"
"14222","   8 ","19/01/1988",0,5,22.5,8,"9032"
"14223","    8.5 ","20/01/1988",0,5,22,8.5,"9032"
"14224","   8 ","21/01/1988",0,5,22.5,8,"9032"
"14225","    9 ","22/01/1988",0,5.2,22,9,"9032"
"14226","   9.5 ","23/01/1988",0,4.2,22.5,9.5,"9032"
"14227","    9 ","24/01/1988",0,5,22,9,"9032"
"14228","    9.5 ","25/01/1988",0,5.1,22,9.5,"9032"
"14229","   4 ","26/01/1988",0,5.1,22.5,4,"9032"
"14230","    3.5 ","27/01/1988",0,5.1,23,3.5,"9032"
"14231","    2 ","28/01/1988",0,4.9,22,2,"9032"
"14232","   2 ","29/01/1988",0,5,22.5,2,"9032"
"14233","   4.5 ","30/01/1988",0,5.5,23.5,4.5,"9032"
"14234","    9 ","31/01/1988",0,4.9,23,9,"9032"
"14235","    9 ","01/02/1988",0,5,25,9,"9032"
"14236","   6 ","02/02/1988",0,4.9,23.5,6,"9032"
"14237","    4.5 ","03/02/1988",0,5.1,25,4.5,"9032"
"14238","    5.5 ","04/02/1988",0,4.9,24,5.5,"9032"
"14239","   6 ","05/02/1988",0,5,24.5,6,"9032"
"14240","    4 ","06/02/1988",0,4.2,15,4,"9032"
"14241","  -1.5 ","07/02/1988",0,5.7,20.5,-1.5,"9032"
"14242","    2.5 ","08/02/1988",0,4,22,2.5,"9032"
"14243","   6 ","09/02/1988",0,5.9,22.5,6,"9032"
"14244","    5 ","10/02/1988",0,4.9,22,5,"9032"
"14245","   6.5 ","11/02/1988",0,4.8,19.5,6.5,"9032"
"14246","    4 ","12/02/1988",0,4.1,19,4,"9032"
"14247","   3 ","13/02/1988",1.4,3.9,18.5,3,"9032"
"14248","   3.5 ","14/02/1988",0,3.7,19.5,3.5,"9032"
"14249","    5 ","15/02/1988",0,4.9,23,5,"9032"
"14250","   6.5 ","16/02/1988",0,5.1,23.5,6.5,"9032"
"14251","    6 ","17/02/1988",0,4.6,25,6,"9032"
"14252","   7 ","18/02/1988",0,5.4,25.5,7,"9032"
"14253","    7.5 ","19/02/1988",0,5,27,7.5,"9032"
"14254","    8 ","20/02/1988",0,5,25,8,"9032"
"14255","   3.5 ","21/02/1988",0,1.9,17.5,3.5,"9032"
"14256","  -2 ","22/02/1988",0,3,23.5,-2,"9032"
"14257","    6 ","23/02/1988",0,4.9,25,6,"9032"
"14258","   6.5 ","24/02/1988",0,5.1,24.5,6.5,"9032"
"14259","    3 ","25/02/1988",0,4.4,24,3,"9032"
"14260","    5.5 ","26/02/1988",0,5.6,23,5.5,"9032"
"14261","  -1 ","27/02/1988",0,4.9,23.5,-1,"9032"
"14262","   4 ","28/02/1988",0,5,24.5,4,"9032"
"14263","   6.5 ","29/02/1988",0,5.1,24.5,6.5,"9032"
"14264","   9.5 ","01/03/1988",8.1,2.9,20.5,9.5,"9032"
"14265","    10.5 ","02/03/1988",0,5.2,21,10.5,"9032"
"14266","   10 ","03/03/1988",0,4.1,21.5,10,"9032"
"14267","   11 ","04/03/1988",35,2.1,16.5,11,"9032"
"14268","    5.5 ","05/03/1988",3.2,2,16,5.5,"9032"
"14269","    9.5 ","06/03/1988",0,5,20,9.5,"9032"
"14270","    10 ","07/03/1988",0,4.9,22,10,"9032"
"14271","   10.5 ","08/03/1988",0,5.1,22.5,10.5,"9032"
"14272","    11 ","09/03/1988",0,4.2,23,11,"9032"
"14273","   11.5 ","10/03/1988",0,5.8,24.5,11.5,"9032"
"14274","    9.5 ","11/03/1988",0,4.6,24,9.5,"9032"
"14275","   9 ","12/03/1988",0,5.2,25.5,9,"9032"
"14276","    10.5 ","13/03/1988",0,5.9,26,10.5,"9032"
"14277","    10 ","14/03/1988",0,6.2,27,10,"9032"
"14278","   9 ","15/03/1988",0,3.9,24.5,9,"9032"
"14279","   8 ","16/03/1988",0,4,23.5,8,"9032"
"14280","    7.5 ","17/03/1988",0,5.1,24,7.5,"9032"
"14281","    7 ","18/03/1988",0,5,24,7,"9032"
"14282","    4 ","19/03/1988",0,4.6,25,4,"9032"
"14283","   3.5 ","20/03/1988",0,5.3,25.5,3.5,"9032"
"14284","   9.5 ","21/03/1988",0,4.2,24.5,9.5,"9032"
"14285","   10 ","22/03/1988",0,5.8,23.5,10,"9032"
"14286","    10.5 ","23/03/1988",0,5.1,23,10.5,"9032"
"14287","   9 ","24/03/1988",0,5.1,24.5,9,"9032"
"14288","    9.5 ","25/03/1988",0,6.8,25,9.5,"9032"
"14289","   10 ","26/03/1988",0,6.1,25.5,10,"9032"
"14290","   10.5 ","27/03/1988",0,6.1,24.5,10.5,"9032"
"14291","    9.5 ","28/03/1988",0,5.9,24,9.5,"9032"
"14292","   7.5 ","29/03/1988",0,4.9,25.5,7.5,"9032"
"14293","    10 ","30/03/1988",0,4.9,25,10,"9032"
"14294","   10.5 ","31/03/1988",0,4.8,25.5,10.5,"9032"
"14295","   12 ","01/04/1988",0,5.2,25.5,12,"9032"
"14296","    9 ","02/04/1988",0,5.1,25,9,"9032"
"14297","   13 ","03/04/1988",0,6.8,25.5,13,"9032"
"14298","   12 ","04/04/1988",0,8.1,25.5,12,"9032"
"14299","    12 ","05/04/1988",0,12.6,27,12,"9032"
"14300","   11 ","06/04/1988",0,7.3,27.5,11,"9032"
"14301","    11.5 ","07/04/1988",0,6.8,25,11.5,"9032"
"14302","   10.5 ","08/04/1988",0,5.2,24.5,10.5,"9032"
"14303","   10 ","09/04/1988",0,3.9,22.5,10,"9032"
"14304","    9.5 ","10/04/1988",0,4.1,22,9.5,"9032"
"14305","    9 ","11/04/1988",0,4.8,21,9,"9032"
"14306","    8.5 ","12/04/1988",3.3,7.6,21,8.5,"9032"
"14307","   8 ","13/04/1988",0,4.9,21.5,8,"9032"
"14308","    9.5 ","14/04/1988",0,5,22,9.5,"9032"
"14309","   10 ","15/04/1988",0,5,22.5,10,"9032"
"14310","    11.5 ","16/04/1988",0,5.1,22,11.5,"9032"
"14311","    10 ","17/04/1988",0,4.9,24,10,"9032"
"14312","   11 ","18/04/1988",0,5,25.5,11,"9032"
"14313","    12 ","19/04/1988",0,4.2,26,12,"9032"
"14314","   12.5 ","20/04/1988",0,5,27.5,12.5,"9032"
"14315","    13 ","21/04/1988",0,5.9,27,13,"9032"
"14316","   13.5 ","22/04/1988",0,4.8,29.5,13.5,"9032"
"14317","    12 ","23/04/1988",0,4.9,29,12,"9032"
"14318","   12.5 ","24/04/1988",0,8.1,29.5,12.5,"9032"
"14319","   13 ","25/04/1988",0,7.6,30.5,13,"9032"
"14320","    13.5 ","26/04/1988",0,7,30,13.5,"9032"
"14321","   12.5 ","27/04/1988",0,5.4,29.5,12.5,"9032"
"14322","    12 ","28/04/1988",0,3.5,30,12,"9032"
"14323","   12 ","29/04/1988",0.8,6.2,26.5,12,"9032"
"14324","    13 ","30/04/1988",0,8.2,26,13,"9032"
"14325","   11 ","01/05/1988",0,7.8,26.5,11,"9032"
"14326","    12 ","02/05/1988",0,4.9,26,12,"9032"
"14327","   12.5 ","03/05/1988",0,9.5,27.5,12.5,"9032"
"14328","    12 ","04/05/1988",0,4.7,27,12,"9032"
"14329","    11.5 ","05/05/1988",0,8.5,25,11.5,"9032"
"14330","   11 ","06/05/1988",0,7.3,28.5,11,"9032"
"14331","    12 ","07/05/1988",0,8.1,29,12,"9032"
"14332","   12.5 ","08/05/1988",0,6.1,29.5,12.5,"9032"
"14333","    13 ","09/05/1988",0,10.8,30,13,"9032"
"14334","   13.5 ","10/05/1988",0,7.8,29.5,13.5,"9032"
"14335","    13 ","11/05/1988",0,6.8,25,13,"9032"
"14336","    12.5 ","12/05/1988",0,4.8,24,12.5,"9032"
"14337","   11 ","13/05/1988",0,5.5,23.5,11,"9032"
"14338","    10.5 ","14/05/1988",3.3,8.4,27,10.5,"9032"
"14339","    10 ","15/05/1988",3.3,8.2,26,10,"9032"
"14340","   11 ","16/05/1988",0,7.9,26.5,11,"9032"
"14341","    12.5 ","17/05/1988",0,7.2,26,12.5,"9032"
"14342","    10.5 ","18/05/1988",0,6.8,27,10.5,"9032"
"14343","   11.5 ","19/05/1988",0,8.1,26.5,11.5,"9032"
"14344","   13 ","20/05/1988",0,7.1,25.5,13,"9032"
"14345","    12.5 ","21/05/1988",0,7.8,26,12.5,"9032"
"14346","   11 ","22/05/1988",1.3,6.4,26.5,11,"9032"
"14347","    12.5 ","23/05/1988",0,5,27,12.5,"9032"
"14348","    12.5 ","24/05/1988",7.2,4.4,26,12.5,"9032"
"14349","   11.5 ","25/05/1988",9,6.8,27.5,11.5,"9032"
"14350","    13 ","26/05/1988",10,4.2,27,13,"9032"
"14351","   12 ","27/05/1988",10.4,6.2,23.5,12,"9032"
"14352","   10.5 ","28/05/1988",10.5,5.4,24.5,10.5,"9032"
"14353","   11.5 ","29/05/1988",0,5.1,26.5,11.5,"9032"
"14354","    12.5 ","30/05/1988",0,5,27,12.5,"9032"
"14355","   13.5 ","31/05/1988",0,4.8,27.5,13.5,"9032"
"14356","    13.5 ","01/06/1988",0,5.2,27,13.5,"9032"
"14357","   12.5 ","02/06/1988",1.9,6.9,26.5,12.5,"9032"
"14358","    13 ","03/06/1988",4.9,4.9,28,13,"9032"
"14359","   13.5 ","04/06/1988",0.9,5.7,26.5,13.5,"9032"
"14360","    12 ","05/06/1988",0,4.5,26,12,"9032"
"14361","   13.5 ","06/06/1988",0.8,7.3,24.5,13.5,"9032"
"14362","   12 ","07/06/1988",0,2.7,26.5,12,"9032"
"14363","   14 ","08/06/1988",0,7.4,26.5,14,"9032"
"14364","   12 ","09/06/1988",0,6.4,26.5,12,"9032"
"14365","   12 ","10/06/1988",0,7.6,25.5,12,"9032"
"14366","    11 ","11/06/1988",0,4.3,26,11,"9032"
"14367","    13 ","12/06/1988",1.2,6.4,24,13,"9032"
"14368","   12.5 ","13/06/1988",0,5.4,25.5,12.5,"9032"
"14369","    12 ","14/06/1988",0,4.4,26,12,"9032"
"14370","    13 ","15/06/1988",0,5.6,25,13,"9032"
"14371","   13 ","16/06/1988",0,4.5,22.5,13,"9032"
"14372","   12.5 ","17/06/1988",40.5,2.6,22.5,12.5,"9032"
"14373","   12.5 ","18/06/1988",25,2.6,20.5,12.5,"9032"
"14374","    11.5 ","19/06/1988",15,2.4,20,11.5,"9032"
"14375","    12 ","20/06/1988",8,2.2,20,12,"9032"
"14376","   12.5 ","21/06/1988",6,2.4,19.5,12.5,"9032"
"14377","    11.5 ","22/06/1988",12,3.2,22,11.5,"9032"
"14378","   12 ","23/06/1988",5,2.2,21.5,12,"9032"
"14379","   11 ","24/06/1988",25.1,2.5,22.5,11,"9032"
"14380","    11.5 ","25/06/1988",16,3.5,22,11.5,"9032"
"14381","   12 ","26/06/1988",25.6,3.1,22.5,12,"9032"
"14382","    12.5 ","27/06/1988",0,4.1,22,12.5,"9032"
"14383","   12 ","28/06/1988",16.6,4.1,24.5,12,"9032"
"14384","    11.5 ","29/06/1988",6.3,3.2,24,11.5,"9032"
"14385","   11 ","30/06/1988",2.5,3.6,24.5,11,"9032"
"14386","    12.5 ","01/07/1988",3,2.9,22,12.5,"9032"
"14387","   11.5 ","02/07/1988",0,4.4,24.5,11.5,"9032"
"14388","    12 ","03/07/1988",0,5.3,25,12,"9032"
"14389","    12 ","04/07/1988",0,5.3,24,12,"9032"
"14390","    13 ","05/07/1988",3.5,3.4,20,13,"9032"
"14391","   12 ","06/07/1988",0,5.2,24.5,12,"9032"
"14392","    11.5 ","07/07/1988",23.5,2.7,24,11.5,"9032"
"14393","    12 ","08/07/1988",16.4,2.3,24,12,"9032"
"14394","    10.5 ","09/07/1988",0,6.9,25,10.5,"9032"
"14395","   11 ","10/07/1988",0,5,24.5,11,"9032"
"14396","    10 ","11/07/1988",13.1,5.6,25,10,"9032"
"14397","   11.5 ","12/07/1988",0,6.7,25.5,11.5,"9032"
"14398","    12.5 ","13/07/1988",6.3,7,25,12.5,"9032"
"14399","   12 ","14/07/1988",5,3.8,25.5,12,"9032"
"14400","    12 ","15/07/1988",4,4.8,24,12,"9032"
"14401","   12.5 ","16/07/1988",0,5.5,24.5,12.5,"9032"
"14402","    11.5 ","17/07/1988",3.5,3.4,24,11.5,"9032"
"14403","   11 ","18/07/1988",9,3.7,24.5,11,"9032"
"14404","   11.5 ","19/07/1988",5.2,3.7,22.5,11.5,"9032"
"14405","    12 ","20/07/1988",5.1,2.9,19,12,"9032"
"14406","   12.5 ","21/07/1988",3.5,1.6,19.5,12.5,"9032"
"14407","    12.5 ","22/07/1988",4.6,1.5,20,12.5,"9032"
"14408","   10 ","23/07/1988",0,3.7,23.5,10,"9032"
"14409","    10.5 ","24/07/1988",0,5.3,23,10.5,"9032"
"14410","   12 ","25/07/1988",0,4.6,23.5,12,"9032"
"14411","    11 ","26/07/1988",3.2,4.8,24,11,"9032"
"14412","   13.5 ","27/07/1988",2.2,6.1,24.5,13.5,"9032"
"14413","    10.5 ","28/07/1988",15,4,24,10.5,"9032"
"14414","    11 ","29/07/1988",11.6,3.1,23,11,"9032"
"14415","   11.5 ","30/07/1988",0,4,24.5,11.5,"9032"
"14416","    12 ","31/07/1988",0,5.2,25,12,"9032"
"14417","   8 ","01/01/1989",0,4.7,22.5,8,"9032"
"14418","   8 ","02/01/1989",0,4,20.5,8,"9032"
"14419","    7.5 ","03/01/1989",0,4.1,21,7.5,"9032"
"14420","   6 ","04/01/1989",0,4.5,20.5,6,"9032"
"14421","    7 ","05/01/1989",0,4.5,24,7,"9032"
"14422","    8 ","06/01/1989",0,7.6,24,8,"9032"
"14423","   8.5 ","07/01/1989",0,4.3,22.5,8.5,"9032"
"14424","    9 ","08/01/1989",0,7.4,23,9,"9032"
"14425","   7.5 ","09/01/1989",0,6.4,23.5,7.5,"9032"
"14426","    7 ","10/01/1989",0,4.7,23,7,"9032"
"14427","    7 ","11/01/1989",0,4.9,23,7,"9032"
"14428","    7.5 ","12/01/1989",0,5.7,21,7.5,"9032"
"14429","    8 ","13/01/1989",0,5.1,21,8,"9032"
"14430","    7 ","14/01/1989",0,4.9,21,7,"9032"
"14431","    6.5 ","15/01/1989",10,5.3,22,6.5,"9032"
"14432","    8.5 ","16/01/1989",0,3.4,21,8.5,"9032"
"14433","    6 ","17/01/1989",0,4.2,20,6,"9032"
"14434","   7 ","18/01/1989",0,4.7,21.5,7,"9032"
"14435","    7.5 ","19/01/1989",0,5.6,21,7.5,"9032"
"14436","    8.5 ","20/01/1989",0,2.2,21,8.5,"9032"
"14437","   6.5 ","21/01/1989",0,1.1,15.5,6.5,"9032"
"14438","    5 ","22/01/1989",0,5.8,18,5,"9032"
"14439","    6 ","23/01/1989",0,7.1,19,6,"9032"
"14440","    8 ","24/01/1989",0,4.3,19,8,"9032"
"14441","    7 ","25/01/1989",0,4.9,21,7,"9032"
"14442","    8 ","26/01/1989",0,5.9,23,8,"9032"
"14443","   7 ","27/01/1989",0,5.6,23.5,7,"9032"
"14444","    6.5 ","28/01/1989",0,5.2,22,6.5,"9032"
"14445","   8 ","29/01/1989",0,5.7,20.5,8,"9032"
"14446","    8 ","30/01/1989",0,3.1,19,8,"9032"
"14447","    8 ","31/01/1989",0,4.1,20,8,"9032"
"14448","    7 ","01/02/1989",0,5.9,22,7,"9032"
"14449","    7 ","02/02/1989",0,4.9,23,7,"9032"
"14450","    8 ","03/02/1989",0,4.7,24,8,"9032"
"14451","   8 ","04/02/1989",0,5.4,23.5,8,"9032"
"14452","   7 ","05/02/1989",0,5.2,21.5,7,"9032"
"14453","    8.5 ","06/02/1989",0,3.9,22,8.5,"9032"
"14454","   7 ","07/02/1989",0.2,3.7,20.5,7,"9032"
"14455","    7.5 ","08/02/1989",0,3,20,7.5,"9032"
"14456","   7 ","09/02/1989",0,4.3,18.5,7,"9032"
"14457","   6 ","10/02/1989",0,3.1,20.5,6,"9032"
"14458","   6 ","11/02/1989",0,4.5,21.5,6,"9032"
"14459","    7 ","12/02/1989",0,7,22,7,"9032"
"14460","    8 ","13/02/1989",0,5.5,23,8,"9032"
"14461","    8 ","14/02/1989",0,5.7,23,8,"9032"
"14462","    8.5 ","15/02/1989",0,4.5,24,8.5,"9032"
"14463","    6 ","16/02/1989",0,5.8,22,6,"9032"
"14464","   7.5 ","17/02/1989",0,4,21.5,7.5,"9032"
"14465","    9 ","18/02/1989",0,4.7,21,9,"9032"
"14466","    8 ","19/02/1989",0,5.3,22,8,"9032"
"14467","   8.5 ","20/02/1989",0,4.8,22.5,8.5,"9032"
"14468","    7 ","21/02/1989",0,5.1,21,7,"9032"
"14469","    6 ","22/02/1989",0,4.2,19,6,"9032"
"14470","   1 ","23/02/1989",0,5.7,17.5,1,"9032"
"14471","    1.5 ","24/02/1989",0,5.9,21,1.5,"9032"
"14472","    3 ","25/02/1989",0,5.7,22,3,"9032"
"14473","    4 ","26/02/1989",0,4,23,4,"9032"
"14474","   4.5 ","27/02/1989",0,4.7,24.5,4.5,"9032"
"14475","    9 ","28/02/1989",0,5.6,25,9,"9032"
"14476","   9.5 ","01/03/1989",0,8.2,23.5,9.5,"9032"
"14477","    10.5 ","02/03/1989",0,7.7,25,10.5,"9032"
"14478","   11 ","03/03/1989",0,9.4,23.5,11,"9032"
"14479","   12 ","04/03/1989",0,9.7,23.5,12,"9032"
"14480","    6.5 ","05/03/1989",0,9,23,6.5,"9032"
"14481","    7.5 ","06/03/1989",0,9.4,20,7.5,"9032"
"14482","   4 ","07/03/1989",0,4.6,20.5,4,"9032"
"14483","    3.5 ","08/03/1989",0,5.3,21,3.5,"9032"
"14484","    3.5 ","09/03/1989",0,4.8,22,3.5,"9032"
"14485","    2 ","10/03/1989",0,4.8,22,2,"9032"
"14486","   2 ","11/03/1989",0,5.3,22.5,2,"9032"
"14487","   4 ","12/03/1989",0,5.1,22.5,4,"9032"
"14488","    6 ","13/03/1989",0,5,23,6,"9032"
"14489","   7.5 ","14/03/1989",0,5,23.5,7.5,"9032"
"14490","   8.5 ","15/03/1989",0,4.7,23.5,8.5,"9032"
"14491","    8 ","16/03/1989",0,5.4,25,8,"9032"
"14492","   8.5 ","17/03/1989",0,4.9,25.5,8.5,"9032"
"14493","   9 ","18/03/1989",0,5.1,25.5,9,"9032"
"14494","    8.5 ","19/03/1989",0,4.8,25,8.5,"9032"
"14495","    10 ","20/03/1989",0,5.2,23,10,"9032"
"14496","   9 ","21/03/1989",2.3,3.8,23.5,9,"9032"
"14497","   9 ","22/03/1989",0.3,4.5,20.5,9,"9032"
"14498","    8 ","23/03/1989",0,3.5,20,8,"9032"
"14499","   7.5 ","24/03/1989",0.7,3.5,19.5,7.5,"9032"
"14500","   8 ","25/03/1989",0,3.3,22.5,8,"9032"
"14501","    8 ","26/03/1989",0,4.8,22,8,"9032"
"14502","    8 ","27/03/1989",0,4.6,23,8,"9032"
"14503","    10.5 ","28/03/1989",0,5.3,23,10.5,"9032"
"14504","   8 ","29/03/1989",0,5.8,25.5,8,"9032"
"14505","    10 ","30/03/1989",0,5.9,25,10,"9032"
"14506","    10 ","31/03/1989",0,5.3,24,10,"9032"
"14507","    8 ","01/04/1989",0,4.9,24,8,"9032"
"14508","   9 ","02/04/1989",0,7.1,26.5,9,"9032"
"14509","   9.5 ","03/04/1989",0,6.1,25.5,9.5,"9032"
"14510","   9 ","04/04/1989",0,7.6,25.5,9,"9032"
"14511","    9 ","05/04/1989",0.2,5.8,22,9,"9032"
"14512","    7 ","06/04/1989",4.1,3,22,7,"9032"
"14513","    7.5 ","07/04/1989",0,8.6,25,7.5,"9032"
"14514","    8 ","08/04/1989",0,6.3,25,8,"9032"
"14515","    10.5 ","09/04/1989",0,8.6,26,10.5,"9032"
"14516","    10 ","10/04/1989",0,4.2,26,10,"9032"
"14517","   9 ","11/04/1989",8.7,5.2,21.5,9,"9032"
"14518","    9 ","12/04/1989",0.2,2.8,21,9,"9032"
"14519","    11 ","13/04/1989",1.9,5.9,25,11,"9032"
"14520","    9 ","14/04/1989",0,5.5,23,9,"9032"
"14521","    9.5 ","15/04/1989",0,5,24,9.5,"9032"
"14522","    8 ","16/04/1989",0,4.9,23,8,"9032"
"14523","   9 ","17/04/1989",0,4.2,24.5,9,"9032"
"14524","   11 ","18/04/1989",0,5,24.5,11,"9032"
"14525","   7 ","19/04/1989",0,5.2,23.5,7,"9032"
"14526","   8 ","20/04/1989",0,5.7,23.5,8,"9032"
"14527","   7 ","21/04/1989",0,4.9,24.5,7,"9032"
"14528","    9.5 ","22/04/1989",0,6.3,26,9.5,"9032"
"14529","    11.5 ","23/04/1989",0,7.5,25,11.5,"9032"
"14530","    10 ","24/04/1989",1.5,7.6,25,10,"9032"
"14531","   9.5 ","25/04/1989",0,4.9,24.5,9.5,"9032"
"14532","   8 ","26/04/1989",0,4.8,23.5,8,"9032"
"14533","    9 ","27/04/1989",0,4.9,23,9,"9032"
"14534","    10.5 ","28/04/1989",0,5.1,25,10.5,"9032"
"14535","   11 ","29/04/1989",0,4.9,26.5,11,"9032"
"14536","    12 ","30/04/1989",0,4.2,27,12,"9032"
"14537","   12.5 ","01/05/1989",0,5.6,22.5,12.5,"9032"
"14538","   9 ","02/05/1989",0,5.2,23.5,9,"9032"
"14539","   8.5 ","03/05/1989",0.3,4.3,24.5,8.5,"9032"
"14540","   9 ","04/05/1989",0,6.1,24.5,9,"9032"
"14541","   10 ","05/05/1989",0,4.8,23.5,10,"9032"
"14542","   11 ","06/05/1989",0,5.2,25.5,11,"9032"
"14543","    11 ","07/05/1989",1,4.7,24,11,"9032"
"14544","    9 ","08/05/1989",3.5,4.6,26,9,"9032"
"14545","   12 ","09/05/1989",0,4.3,24.5,12,"9032"
"14546","    10 ","10/05/1989",0,5.5,27,10,"9032"
"14547","   10.5 ","11/05/1989",0.4,5.2,23.5,10.5,"9032"
"14548","    11 ","12/05/1989",0,4.8,24,11,"9032"
"14549","    13 ","13/05/1989",0,5.4,26,13,"9032"
"14550","    14 ","14/05/1989",0.3,5.1,29,14,"9032"
"14551","    14.5 ","15/05/1989",0,5.1,27,14.5,"9032"
"14552","   13 ","16/05/1989",0,5,29.5,13,"9032"
"14553","   15.5 ","17/05/1989",0,4.9,26.5,15.5,"9032"
"14554","    13.5 ","18/05/1989",0,5.1,30,13.5,"9032"
"14555","    12 ","19/05/1989",1.2,5.5,29,12,"9032"
"14556","    13.5 ","20/05/1989",0,5.6,28,13.5,"9032"
"14557","    12.5 ","21/05/1989",0,4.8,28,12.5,"9032"
"14558","    12 ","22/05/1989",0,4.4,31,12,"9032"
"14559","    11 ","23/05/1989",1.9,7.3,29,11,"9032"
"14560","    12 ","24/05/1989",0,5.3,28,12,"9032"
"14561","   13 ","25/05/1989",0,4.9,27.5,13,"9032"
"14562","   11 ","26/05/1989",0,4.4,25.5,11,"9032"
"14563","   12.5 ","27/05/1989",0,5.3,22.5,12.5,"9032"
"14564","   10 ","28/05/1989",0,5.4,25.5,10,"9032"
"14565","    11 ","29/05/1989",7.2,5.3,27,11,"9032"
"14566","    11 ","30/05/1989",0,6,27,11,"9032"
"14567","   11.5 ","31/05/1989",0,5.8,25.5,11.5,"9032"
"14568","   12 ","01/06/1989",4.7,4.6,23.5,12,"9032"
"14569","    11 ","02/06/1989",0,5.1,24,11,"9032"
"14570","    11.5 ","03/06/1989",0,4.8,24,11.5,"9032"
"14571","   13.5 ","04/06/1989",0,5.1,26.5,13.5,"9032"
"14572","   12.5 ","05/06/1989",0,5.2,29.5,12.5,"9032"
"14573","    13 ","06/06/1989",0,4.8,28,13,"9032"
"14574","    14.5 ","07/06/1989",0,4.2,30,14.5,"9032"
"14575","   16 ","08/06/1989",0.3,6.2,29.5,16,"9032"
"14576","   14.5 ","09/06/1989",0.7,5.6,29.5,14.5,"9032"
"14577","   14 ","10/06/1989",0,4.9,27.5,14,"9032"
"14578","    14.5 ","11/06/1989",0.8,6,27,14.5,"9032"
"14579","   13 ","12/06/1989",0,4.9,26.5,13,"9032"
"14580","    13 ","13/06/1989",0,4.9,26,13,"9032"
"14581","   13 ","14/06/1989",3.6,3.7,23.5,13,"9032"
"14582","    10 ","15/06/1989",4.3,3.3,20,10,"9032"
"14583","    10.5 ","16/06/1989",0,5.1,21,10.5,"9032"
"14584","   13.5 ","17/06/1989",7.8,4.6,29.5,13.5,"9032"
"14585","    11 ","18/06/1989",0.4,4.5,20,11,"9032"
"14586","   10.5 ","19/06/1989",0,4.9,23.5,10.5,"9032"
"14587","   8.5 ","20/06/1989",0,5,22.5,8.5,"9032"
"14588","    11 ","21/06/1989",93,4.8,15,11,"9032"
"14589","    9.5 ","22/06/1989",5.6,2.5,19,9.5,"9032"
"14590","   10 ","23/06/1989",6.6,2.8,22.5,10,"9032"
"14591","    11 ","24/06/1989",1,4.7,22,11,"9032"
"14592","   12.5 ","25/06/1989",0,4,24.5,12.5,"9032"
"14593","    11.5 ","26/06/1989",5.5,4.7,22,11.5,"9032"
"14594","   12.5 ","27/06/1989",0,4.9,23.5,12.5,"9032"
"14595","    11 ","28/06/1989",16.7,5.9,23,11,"9032"
"14596","   10 ","29/06/1989",4.7,5.5,21.5,10,"9032"
"14597","    11.5 ","30/06/1989",1.3,2.7,21,11.5,"9032"
"14598","    10 ","01/07/1989",0.2,3.9,20,10,"9032"
"14599","   11.5 ","02/07/1989",0,4.9,20.5,11.5,"9032"
"14600","   10 ","03/07/1989",0.3,3.2,24.5,10,"9032"
"14601","   11 ","04/07/1989",8.2,4.2,24.5,11,"9032"
"14602","    10.5 ","05/07/1989",10,3.1,23,10.5,"9032"
"14603","    11.5 ","06/07/1989",10.6,3.2,15,11.5,"9032"
"14604","    9 ","07/07/1989",0,3.5,22,9,"9032"
"14605","    11 ","08/07/1989",0,1.6,20,11,"9032"
"14606","    11.5 ","09/07/1989",1.2,6.6,21,11.5,"9032"
"14607","    11 ","10/07/1989",0,4.9,23,11,"9032"
"14608","   12 ","11/07/1989",0.8,5.1,22.5,12,"9032"
"14609","   11.5 ","12/07/1989",1.3,2,18.5,11.5,"9032"
"14610","    10 ","13/07/1989",6.2,1.7,20,10,"9032"
"14611","   10 ","14/07/1989",0,3.4,22.5,10,"9032"
"14612","    10.5 ","15/07/1989",0.2,5.6,26,10.5,"9032"
"14613","    11 ","16/07/1989",0,3.6,27,11,"9032"
"14614","    11 ","17/07/1989",0,4.5,27,11,"9032"
"14615","    12 ","18/07/1989",0,3.8,25,12,"9032"
"14616","    12 ","19/07/1989",23.3,4.4,24,12,"9032"
"14617","    11 ","20/07/1989",0,3,23,11,"9032"
"14618","   11.5 ","21/07/1989",3.4,2.7,21.5,11.5,"9032"
"14619","   10.5 ","22/07/1989",0,3.2,21.5,10.5,"9032"
"14620","    10.5 ","23/07/1989",1.5,3.1,23,10.5,"9032"
"14621","   12.5 ","24/07/1989",0,2.9,22.5,12.5,"9032"
"14622","   10.5 ","25/07/1989",10.4,3.3,21.5,10.5,"9032"
"14623","    12.5 ","26/07/1989",26.3,3.4,20,12.5,"9032"
"14624","   11 ","27/07/1989",0,3.2,19.5,11,"9032"
"14625","    10 ","28/07/1989",15.8,2.5,20,10,"9032"
"14626","   11.5 ","29/07/1989",0,3.3,22.5,11.5,"9032"
"14627","    11.5 ","30/07/1989",0,4.8,23,11.5,"9032"
"14628","   12 ","31/07/1989",5,4.1,23.5,12,"9032"
"14629","   10.5 ","01/08/1989",1.5,3.5,22.5,10.5,"9032"
"14630","   9.5 ","02/08/1989",8,3.9,22.5,9.5,"9032"
"14631","   11.5 ","03/08/1989",3,3,21.5,11.5,"9032"
"14632","   11 ","04/08/1989",14.5,2.4,22.5,11,"9032"
"14633","    10 ","05/08/1989",0,2.7,23,10,"9032"
"14634","   12.5 ","06/08/1989",0,5.1,23.5,12.5,"9032"
"14635","   11.5 ","07/08/1989",1,2.3,23.5,11.5,"9032"
"14636","   11 ","08/08/1989",0,3,21.5,11,"9032"
"14637","   11.5 ","09/08/1989",6.1,1.9,20.5,11.5,"9032"
"14638","   12.5 ","10/08/1989",6,3.2,22.5,12.5,"9032"
"14639","   11.5 ","11/08/1989",0,3.9,21.5,11.5,"9032"
"14640","    10 ","12/08/1989",0,4.2,25,10,"9032"
"14641","    10.5 ","13/08/1989",0,3.9,23,10.5,"9032"
"14642","   10 ","14/08/1989",4.6,4.7,23.5,10,"9032"
"14643","    11 ","15/08/1989",1,3,22,11,"9032"
"14644","   13 ","16/08/1989",0,3.6,22.5,13,"9032"
"14645","    11.5 ","17/08/1989",12.2,5.4,20,11.5,"9032"
"14646","    11 ","18/08/1989",0,2.3,21,11,"9032"
"14647","    11 ","19/08/1989",27.7,3.4,21,11,"9032"
"14648","   10.5 ","20/08/1989",0,3.3,22.5,10.5,"9032"
"14649","   11.5 ","21/08/1989",0,4.5,22.5,11.5,"9032"
"14650","   9.5 ","22/08/1989",10,1.4,19.5,9.5,"9032"
"14651","    10 ","23/08/1989",5.6,3.4,20,10,"9032"
"14652","    10.5 ","24/08/1989",16.8,2,20,10.5,"9032"
"14653","    10.5 ","25/08/1989",0,3.8,22,10.5,"9032"
"14654","    8.5 ","26/08/1989",0,2.7,21,8.5,"9032"
"14655","   9 ","27/08/1989",10.6,3.1,22.5,9,"9032"
"14656","   10 ","28/08/1989",1.3,3.4,24.5,10,"9032"
"14657","   12 ","29/08/1989",0,4.7,23.5,12,"9032"
"14658","   10.5 ","30/08/1989",0,4.2,24.5,10.5,"9032"
"14659","    12.5 ","31/08/1989",0.2,5,22,12.5,"9032"
"14660","   12 ","01/09/1989",0,4.1,23.5,12,"9032"
"14661","   11.5 ","02/09/1989",18.1,4,20.5,11.5,"9032"
"14662","    11.5 ","03/09/1989",13.7,3.8,23,11.5,"9032"
"14663","   12 ","04/09/1989",13.3,3,21.5,12,"9032"
"14664","   12 ","05/09/1989",6.4,1.8,18.5,12,"9032"
"14665","   12 ","06/09/1989",1.9,2.7,20.5,12,"9032"
"14666","    12.5 ","07/09/1989",5.8,2.7,22,12.5,"9032"
"14667","    10.5 ","08/09/1989",0,4,27,10.5,"9032"
"14668","   10.5 ","09/09/1989",0,3.4,23.5,10.5,"9032"
"14669","   10.5 ","10/09/1989",0,4.1,22.5,10.5,"9032"
"14670","    12.5 ","11/09/1989",1.2,3.8,22,12.5,"9032"
"14671","   12 ","12/09/1989",1.7,2.7,21.5,12,"9032"
"14672","    11 ","13/09/1989",2,2.9,22,11,"9032"
"14673","    11 ","14/09/1989",0,3.3,20,11,"9032"
"14674","    11.5 ","15/09/1989",0,2.6,18,11.5,"9032"
"14675","   11.5 ","16/09/1989",0.8,3,14.5,11.5,"9032"
"14676","   11 ","17/09/1989",5.5,1.4,16.5,11,"9032"
"14677","    12 ","18/09/1989",0.8,2.3,20,12,"9032"
"14678","   11.5 ","19/09/1989",0.3,6,23.5,11.5,"9032"
"14679","    6 ","20/09/1989",0,3.1,21,6,"9032"
"14680","   8.5 ","21/09/1989",0,3.9,22.5,8.5,"9032"
"14681","    7 ","22/09/1989",8.1,1.6,22,7,"9032"
"14682","   7 ","23/09/1989",0,3.6,21.5,7,"9032"
"14683","    7 ","24/09/1989",11.3,2.4,22,7,"9032"
"14684","   9 ","25/09/1989",1.1,1.1,19.5,9,"9032"
"14685","   9 ","26/09/1989",0,2,16.5,9,"9032"
"14686","    8 ","27/09/1989",1.5,1.5,14,8,"9032"
"14687","   5.5 ","28/09/1989",3.6,1.3,13.5,5.5,"9032"
"14688","   7.5 ","29/09/1989",0,2.3,13.5,7.5,"9032"
"14689","    8.5 ","30/09/1989",0,2.4,18,8.5,"9032"
"14690","   11.5 ","01/10/1989",0.1,5.7,22.5,11.5,"9032"
"14691","   8.5 ","02/10/1989",0.3,4.2,23.5,8.5,"9032"
"14692","    10.5 ","03/10/1989",1,3.4,23,10.5,"9032"
"14693","    11 ","04/10/1989",0,3.6,23,11,"9032"
"14694","    11 ","05/10/1989",0,5,25,11,"9032"
"14695","    11 ","06/10/1989",4.1,3.5,24,11,"9032"
"14696","    12 ","07/10/1989",8.6,4.1,22,12,"9032"
"14697","   11.5 ","08/10/1989",7.5,1.9,20.5,11.5,"9032"
"14698","    11.5 ","09/10/1989",0,5.5,18,11.5,"9032"
"14699","   10.5 ","10/10/1989",0,4.3,19.5,10.5,"9032"
"14700","    7.5 ","11/10/1989",0,3.8,20,7.5,"9032"
"14701","    7 ","12/10/1989",0,3.6,20,7,"9032"
"14702","    5 ","13/10/1989",0,3.3,22,5,"9032"
"14703","    6 ","14/10/1989",0,2.9,22,6,"9032"
"14704","   7 ","15/10/1989",0,3.2,22.5,7,"9032"
"14705","   9 ","16/10/1989",0,4.2,24.5,9,"9032"
"14706","   9 ","17/10/1989",2.8,4.4,22.5,9,"9032"
"14707","   11 ","18/10/1989",0,3.7,17.5,11,"9032"
"14708","   8.5 ","19/10/1989",0,4.2,14.5,8.5,"9032"
"14709","    5 ","20/10/1989",0,3.2,19,5,"9032"
"14710","   7 ","21/10/1989",0,4.8,23.5,7,"9032"
"14711","    9 ","22/10/1989",0,4.9,25,9,"9032"
"14712","   7.5 ","23/10/1989",0,4.8,20.5,7.5,"9032"
"14713","    11.5 ","24/10/1989",0,5.3,23,11.5,"9032"
"14714","    12 ","25/10/1989",0,5,22,12,"9032"
"14715","    10.5 ","26/10/1989",0,4.8,23,10.5,"9032"
"14716","    10 ","27/10/1989",0,4.9,21,10,"9032"
"14717","    11 ","28/10/1989",0,5,17,11,"9032"
"14718","    10 ","29/10/1989",0,5,20,10,"9032"
"14719","    8.5 ","30/10/1989",0,4.9,23,8.5,"9032"
"14720","   9.5 ","31/10/1989",0,4.9,22.5,9.5,"9032"
"14721","   11.5 ","01/11/1989",0,5,24.5,11.5,"9032"
"14722","   8.5 ","02/11/1989",0,4.8,21.5,8.5,"9032"
"14723","    7 ","03/11/1989",0,4.8,21,7,"9032"
"14724","   7.5 ","04/11/1989",0,5.3,22.5,7.5,"9032"
"14725","   8 ","05/11/1989",0,5.1,24.5,8,"9032"
"14726","   9.5 ","06/11/1989",0,4.2,24.5,9.5,"9032"
"14727","    10 ","07/11/1989",0,5.9,24,10,"9032"
"14728","   10 ","08/11/1989",0,4.8,24.5,10,"9032"
"14729","    9.5 ","09/11/1989",0,4.7,23,9.5,"9032"
"14730","   10 ","10/11/1989",0,5.3,19.5,10,"9032"
"14731","   7.5 ","11/11/1989",0,4.7,20.5,7.5,"9032"
"14732","    7.5 ","12/11/1989",0,5.2,21,7.5,"9032"
"14733","   7.5 ","13/11/1989",0,4.7,23.5,7.5,"9032"
"14734","   9.5 ","14/11/1989",0,5.2,23.5,9.5,"9032"
"14735","   10 ","15/11/1989",0,5.2,23.5,10,"9032"
"14736","   11 ","16/11/1989",0,5.1,20.5,11,"9032"
"14737","   9 ","17/11/1989",0,4.8,22.5,9,"9032"
"14738","    8.5 ","18/11/1989",0,4.6,22,8.5,"9032"
"14739","    8 ","19/11/1989",0,5.5,23,8,"9032"
"14740","    10.5 ","20/11/1989",0,4.9,22,10.5,"9032"
"14741","    9 ","21/11/1989",0,5.1,23,9,"9032"
"14742","    7 ","22/11/1989",0.6,5.4,23,7,"9032"
"14743","   9 ","23/11/1989",0,3.1,21.5,9,"9032"
"14744","   9 ","24/11/1989",0,2.1,19.5,9,"9032"
"14745","   8.5 ","25/11/1989",0,2,20.5,8.5,"9032"
"14746","   7.5 ","26/11/1989",0,1.9,21.5,7.5,"9032"
"14747","    7.5 ","27/11/1989",0,3,22,7.5,"9032"
"14748","   8 ","28/11/1989",0,3.1,21.5,8,"9032"
"14749","   7.5 ","29/11/1989",0,1.7,19.5,7.5,"9032"
"14750","    9 ","30/11/1989",0,2.9,20,9,"9032"
"14751","    8 ","01/12/1989",0,2.9,20,8,"9032"
"14752","   7 ","02/12/1989",0,3,19.5,7,"9032"
"14753","    9 ","03/12/1989",5,3.1,19,9,"9032"
"14754","    6 ","04/12/1989",3.4,2.3,16,6,"9032"
"14755","    8.5 ","05/12/1989",0,2,17,8.5,"9032"
"14756","    7 ","06/12/1989",0,3.1,20,7,"9032"
"14757","    9 ","07/12/1989",0,2.9,18,9,"9032"
"14758","    8.5 ","08/12/1989",8.2,1.5,19,8.5,"9032"
"14759","    4 ","09/12/1989",0,2.9,16,4,"9032"
"14760","    4.5 ","10/12/1989",0,3,18,4.5,"9032"
"14761","    5.5 ","11/12/1989",0,3.2,21,5.5,"9032"
"14762","    6.5 ","12/12/1989",0,3.2,21,6.5,"9032"
"14763","    6.5 ","13/12/1989",0,3.5,20,6.5,"9032"
"14764","    7 ","14/12/1989",0,3,20,7,"9032"
"14765","    7 ","15/12/1989",0,3,20,7,"9032"
"14766","    6 ","16/12/1989",0,2.7,20,6,"9032"
"14767","   8.5 ","17/12/1989",0,3.2,19.5,8.5,"9032"
"14768","    8 ","18/12/1989",0,3.9,22,8,"9032"
"14769","   8 ","19/12/1989",0,2.5,21.5,8,"9032"
"14770","    9.5 ","20/12/1989",0,3.7,20,9.5,"9032"
"14771","    8.5 ","21/12/1989",0,3.1,20,8.5,"9032"
"14772","    8 ","22/12/1989",0,3.1,20,8,"9032"
"14773","   8 ","23/12/1989",0,4,16.5,8,"9032"
"14774","   -2.5 ","24/12/1989",0,2.7,17,-2.5,"9032"
"14775","   -2.5 ","25/12/1989",0,1.5,18,-2.5,"9032"
"14776","    1.5 ","26/12/1989",0,3.8,18,1.5,"9032"
"14777","   5.5 ","27/12/1989",0,3.1,19.5,5.5,"9032"
"14778","   6 ","28/12/1989",0,2.9,21.5,6,"9032"
"14779","   7 ","29/12/1989",0,4.8,20.5,7,"9032"
"14780","    7.5 ","30/12/1989",0,4.7,21,7.5,"9032"
"14781","    7 ","31/12/1989",0,5.1,21,7,"9032"
"14782","   9 ","01/01/1990",0,3.5,18.5,9,"9032"
"14783","    5.5 ","02/01/1990",0,3,21,5.5,"9032"
"14784","   6 ","03/01/1990",0,2.7,19.5,6,"9032"
"14785","    7 ","04/01/1990",0,4.2,21,7,"9032"
"14786","   7.5 ","05/01/1990",0,3.2,20.5,7.5,"9032"
"14787","    6.5 ","06/01/1990",0,3.8,20,6.5,"9032"
"14788","    6.5 ","07/01/1990",0,5.2,20,6.5,"9032"
"14789","    6.5 ","08/01/1990",0,3.9,19,6.5,"9032"
"14790","    6 ","09/01/1990",0,3,20,6,"9032"
"14791","    6.5 ","10/01/1990",0,3.1,18,6.5,"9032"
"14792","    6 ","11/01/1990",0,3,18,6,"9032"
"14793","    7 ","12/01/1990",2.6,1.4,16,7,"9032"
"14794","    7.5 ","13/01/1990",6.2,1.7,14,7.5,"9032"
"14795","   5.5 ","14/01/1990",0,2.5,17.5,5.5,"9032"
"14796","    6 ","15/01/1990",0,2.9,17,6,"9032"
"14797","    6 ","16/01/1990",0,2.2,20,6,"9032"
"14798","    6.5 ","17/01/1990",0,4.9,21,6.5,"9032"
"14799","   7.5 ","18/01/1990",0,4.9,22.5,7.5,"9032"
"14800","    8.5 ","19/01/1990",0,4.9,21,8.5,"9032"
"14801","    9 ","20/01/1990",0,4.3,22,9,"9032"
"14802","   7.5 ","21/01/1990",0,5.6,18.5,7.5,"9032"
"14803","   8.5 ","22/01/1990",0,5.2,20.5,8.5,"9032"
"14804","    7.5 ","23/01/1990",0,5.1,22,7.5,"9032"
"14805","    8.5 ","24/01/1990",0,4.1,22,8.5,"9032"
"14806","    11 ","25/01/1990",0,5,17,11,"9032"
"14807","   5.5 ","26/01/1990",0,3.8,18.5,5.5,"9032"
"14808","    7 ","27/01/1990",0,3.9,21,7,"9032"
"14809","    8 ","28/01/1990",0,4.1,22,8,"9032"
"14810","    9 ","29/01/1990",0,3,20,9,"9032"
"14811","   8 ","30/01/1990",0,4.3,20.5,8,"9032"
"14812","    7.5 ","31/01/1990",0,5.1,21,7.5,"9032"
"14813","    9 ","01/02/1990",0,3.5,20,9,"9032"
"14814","    8 ","02/02/1990",0,3.3,21,8,"9032"
"14815","    8.5 ","03/02/1990",0,4.1,22,8.5,"9032"
"14816","    7 ","04/02/1990",0,5.7,21,7,"9032"
"14817","   6 ","05/02/1990",0,4,23.5,6,"9032"
"14818","    8.5 ","06/02/1990",0,5,22,8.5,"9032"
"14819","    8.5 ","07/02/1990",0,4.1,23,8.5,"9032"
"14820","   8.5 ","08/02/1990",0,5.7,22.5,8.5,"9032"
"14821","   9 ","09/02/1990",0,5,23.5,9,"9032"
"14822","    9.5 ","10/02/1990",0,4.9,24,9.5,"9032"
"14823","   10.5 ","11/02/1990",0,4.2,23.5,10.5,"9032"
"14824","    7.5 ","12/02/1990",0,2.7,20,7.5,"9032"
"14825","   6.5 ","13/02/1990",0,2.4,19.5,6.5,"9032"
"14826","   7.5 ","14/02/1990",0,3.7,18.5,7.5,"9032"
"14827","    7 ","15/02/1990",0,3.2,19,7,"9032"
"14828","    6.5 ","16/02/1990",0,3.6,23,6.5,"9032"
"14829","   9 ","17/02/1990",0,5.1,21.5,9,"9032"
"14830","   5.5 ","18/02/1990",0,3,18.5,5.5,"9032"
"14831","   6.5 ","19/02/1990",0,2.8,18.5,6.5,"9032"
"14832","   8 ","20/02/1990",6.8,2.2,16.5,8,"9032"
"14833","    6.5 ","21/02/1990",0,3.8,18,6.5,"9032"
"14834","    5 ","22/02/1990",0,3.1,18,5,"9032"
"14835","    5 ","23/02/1990",0,1.9,16,5,"9032"
"14836","   2.5 ","24/02/1990",0,1.2,17.5,2.5,"9032"
"14837","   3 ","25/02/1990",0,3.9,18.5,3,"9032"
"14838","   4 ","26/02/1990",0,3,20.5,4,"9032"
"14839","   5 ","27/02/1990",0,4,21.5,5,"9032"
"14840","    6.5 ","28/02/1990",0,3,21,6.5,"9032"
"14841","   11.5 ","01/03/1990",0,4.4,24.5,11.5,"9032"
"14842","    11 ","02/03/1990",0,5.6,24,11,"9032"
"14843","    10.5 ","03/03/1990",0,5,25,10.5,"9032"
"14844","    12 ","04/03/1990",0,4.9,24,12,"9032"
"14845","    11 ","05/03/1990",0,4.2,23,11,"9032"
"14846","    9 ","06/03/1990",0,5.9,24,9,"9032"
"14847","   10 ","07/03/1990",0,4.7,24.5,10,"9032"
"14848","    8.5 ","08/03/1990",0,5.1,22,8.5,"9032"
"14849","   8 ","09/03/1990",0,4.5,21.5,8,"9032"
"14850","    7 ","10/03/1990",3,4.8,22,7,"9032"
"14851","    8.5 ","11/03/1990",0,3.6,21,8.5,"9032"
"14852","    8.5 ","12/03/1990",0,4.6,25,8.5,"9032"
"14853","   11 ","13/03/1990",0,5,27.5,11,"9032"
"14854","   13 ","14/03/1990",0,5,26.5,13,"9032"
"14855","    13.5 ","15/03/1990",0,4.8,24,13.5,"9032"
"14856","   10.5 ","16/03/1990",0,5.2,25.5,10.5,"9032"
"14857","    8 ","17/03/1990",0,5,24,8,"9032"
"14858","   6.5 ","18/03/1990",0,5,24.5,6.5,"9032"
"14859","   10.5 ","19/03/1990",0,4.6,22.5,10.5,"9032"
"14860","    8 ","20/03/1990",0,4.6,12,8,"9032"
"14861","    3 ","21/03/1990",0,5.6,21,3,"9032"
"14862","   7 ","22/03/1990",0,4.4,24.5,7,"9032"
"14863","   9 ","23/03/1990",0,5.8,24.5,9,"9032"
"14864","    8 ","24/03/1990",0,5.1,20,8,"9032"
"14865","    7 ","25/03/1990",1.6,2.7,21,7,"9032"
"14866","    8 ","26/03/1990",7.7,4.5,20,8,"9032"
"14867","    9 ","27/03/1990",2.5,3.2,20,9,"9032"
"14868","    9 ","28/03/1990",0,2.5,21,9,"9032"
"14869","   10.5 ","29/03/1990",0,4.1,22.5,10.5,"9032"
"14870","    11 ","30/03/1990",0,4.8,24,11,"9032"
"14871","   11 ","31/03/1990",0,4.8,23.5,11,"9032"
"14872","    11.5 ","01/04/1990",0,5.1,27,11.5,"9032"
"14873","   12 ","02/04/1990",0,5,27.5,12,"9032"
"14874","    10.5 ","03/04/1990",0,4.9,26,10.5,"9032"
"14875","   15 ","04/04/1990",3.1,7.4,24.5,15,"9032"
"14876","   11.5 ","05/04/1990",0,5.8,23.5,11.5,"9032"
"14877","   12 ","06/04/1990",0,4.2,24.5,12,"9032"
"14878","   9 ","07/04/1990",0,4.8,23.5,9,"9032"
"14879","   10 ","08/04/1990",0,4.8,26.5,10,"9032"
"14880","    10.5 ","09/04/1990",0,4.5,25,10.5,"9032"
"14881","   9 ","10/04/1990",0,5.3,23.5,9,"9032"
"14882","    9 ","11/04/1990",0,4.9,21,9,"9032"
"14883","    7 ","12/04/1990",0,5,22,7,"9032"
"14884","   11 ","13/04/1990",2,4.7,23.5,11,"9032"
"14885","   9 ","14/04/1990",1.5,4.7,25.5,9,"9032"
"14886","   9 ","15/04/1990",8,4,24.5,9,"9032"
"14887","   12 ","16/04/1990",5.6,2.9,22.5,12,"9032"
"14888","    8.5 ","17/04/1990",0,6.8,26,8.5,"9032"
"14889","    10 ","18/04/1990",0,5.9,25,10,"9032"
"14890","   9 ","19/04/1990",0,5,23.5,9,"9032"
"14891","    10 ","20/04/1990",0,4.2,24,10,"9032"
"14892","   10.5 ","21/04/1990",0,3.8,23.5,10.5,"9032"
"14893","    9.5 ","22/04/1990",0,4.3,21,9.5,"9032"
"14894","    10.5 ","23/04/1990",0,5.9,23,10.5,"9032"
"14895","    11.5 ","24/04/1990",0.9,2.8,19,11.5,"9032"
"14896","    11.5 ","25/04/1990",30.5,1.7,18,11.5,"9032"
"14897","    8 ","26/04/1990",0,4.7,21,8,"9032"
"14898","    9 ","27/04/1990",0,3.7,25,9,"9032"
"14899","    10 ","28/04/1990",0,5.1,26,10,"9032"
"14900","   13 ","29/04/1990",0,5.4,24.5,13,"9032"
"14901","   11.5 ","30/04/1990",0,4.2,25.5,11.5,"9032"
"14902","    15.5 ","01/05/1990",1.6,3.4,28,15.5,"9032"
"14903","   16.5 ","02/05/1990",8.2,5.5,28.5,16.5,"9032"
"14904","    13 ","03/05/1990",0,5.9,29,13,"9032"
"14905","   14 ","04/05/1990",12.2,6.8,26.5,14,"9032"
"14906","    12 ","05/05/1990",41.5,4.4,24,12,"9032"
"14907","   11.5 ","06/05/1990",16.2,2.2,16.5,11.5,"9032"
"14908","   9 ","07/05/1990",2.1,2.4,15.5,9,"9032"
"14909","    11.5 ","08/05/1990",0,3.7,20,11.5,"9032"
"14910","    12 ","09/05/1990",0,4.8,25,12,"9032"
"14911","    12 ","10/05/1990",0,5.1,27,12,"9032"
"14912","   12.5 ","11/05/1990",0,4.9,26.5,12.5,"9032"
"14913","    13 ","12/05/1990",8.3,9.4,25,13,"9032"
"14914","   11.5 ","13/05/1990",0,8.9,23.5,11.5,"9032"
"14915","    12 ","14/05/1990",0,5.1,24,12,"9032"
"14916","    12 ","15/05/1990",0,4.5,25,12,"9032"
"14917","    12.5 ","16/05/1990",0,7.2,27,12.5,"9032"
"14918","    12 ","17/05/1990",0,6.2,27,12,"9032"
"14919","   13 ","18/05/1990",0,7.1,25.5,13,"9032"
"14920","    14 ","19/05/1990",0,4.8,26,14,"9032"
"14921","    14 ","20/05/1990",5.5,5.3,26,14,"9032"
"14922","   13.5 ","21/05/1990",1.3,3.7,23.5,13.5,"9032"
"14923","   9 ","22/05/1990",0,4.1,21.5,9,"9032"
"14924","   9 ","23/05/1990",0,3.2,20.5,9,"9032"
"14925","   8 ","24/05/1990",0,4.5,23.5,8,"9032"
"14926","    10 ","25/05/1990",0,6,25,10,"9032"
"14927","   11 ","26/05/1990",0,6.2,27.5,11,"9032"
"14928","    11 ","27/05/1990",0,7.9,29,11,"9032"
"14929","   13 ","28/05/1990",0,7,30.5,13,"9032"
"14930","   14 ","29/05/1990",0,8.1,30.5,14,"9032"
"14931","    13.5 ","30/05/1990",0,7,30,13.5,"9032"
"14932","    13 ","31/05/1990",0,6.6,29,13,"9032"
"14933","    13.5 ","01/06/1990",0,8.3,27,13.5,"9032"
"14934","    16 ","02/06/1990",0,4.9,27,16,"9032"
"14935","   12 ","03/06/1990",0,4.8,26.5,12,"9032"
"14936","    13.5 ","04/06/1990",7.5,3.5,24,13.5,"9032"
"14937","    12 ","05/06/1990",0,3.8,24,12,"9032"
"14938","    11.5 ","06/06/1990",0,5.3,25,11.5,"9032"
"14939","    13 ","07/06/1990",13.2,3.2,26,13,"9032"
"14940","    12 ","08/06/1990",0,5.2,26,12,"9032"
"14941","    14 ","09/06/1990",0,4.9,25,14,"9032"
"14942","   12 ","10/06/1990",0,5.1,25.5,12,"9032"
"14943","    13 ","11/06/1990",4.3,3.2,20,13,"9032"
"14944","    9.5 ","12/06/1990",0,3.1,22,9.5,"9032"
"14945","    11.5 ","13/06/1990",0,4.4,24,11.5,"9032"
"14946","   11.5 ","14/06/1990",6.2,4.6,23.5,11.5,"9032"
"14947","   12 ","15/06/1990",0.9,3.7,25.5,12,"9032"
"14948","    10.5 ","16/06/1990",4.8,6,26,10.5,"9032"
"14949","    11 ","17/06/1990",0,5.4,26,11,"9032"
"14950","    13 ","18/06/1990",1.9,7.6,24,13,"9032"
"14951","    10.5 ","19/06/1990",0,5,24,10.5,"9032"
"14952","    13 ","20/06/1990",0.7,3.6,23,13,"9032"
"14953","   12 ","21/06/1990",5.6,4.4,20.5,12,"9032"
"14954","    11 ","22/06/1990",2.1,5,20,11,"9032"
"14955","    12 ","23/06/1990",1.1,9,23,12,"9032"
"14956","    12 ","24/06/1990",6.3,7.3,19,12,"9032"
"14957","    13 ","25/06/1990",8.1,2.4,18,13,"9032"
"14958","    10.5 ","26/06/1990",4.4,3.2,22,10.5,"9032"
"14959","    12.5 ","27/06/1990",1.8,3.7,24,12.5,"9032"
"14960","    13 ","28/06/1990",0.8,2.7,20,13,"9032"
"14961","    12.5 ","29/06/1990",10.5,4,22,12.5,"9032"
"14962","   12.5 ","30/06/1990",3.3,3,19.5,12.5,"9032"
"14963","    13 ","01/07/1990",6,3,20,13,"9032"
"14964","    12 ","02/07/1990",25.5,4.5,19,12,"9032"
"14965","    12.5 ","03/07/1990",0,3.8,22,12.5,"9032"
"14966","    14 ","04/07/1990",0.9,3,22,14,"9032"
"14967","    12.5 ","05/07/1990",0,4.1,22,12.5,"9032"
"14968","    12.5 ","06/07/1990",4.1,2,18,12.5,"9032"
"14969","   12 ","07/07/1990",39.2,2.9,22.5,12,"9032"
"14970","    12 ","08/07/1990",15.1,1.2,19,12,"9032"
"14971","    11 ","09/07/1990",20,3.9,20,11,"9032"
"14972","    10.5 ","10/07/1990",2.6,2.4,20,10.5,"9032"
"14973","   11.5 ","11/07/1990",7.8,2.6,20.5,11.5,"9032"
"14974","    10 ","12/07/1990",0,3.3,21,10,"9032"
"14975","    11.5 ","13/07/1990",10,2.8,21,11.5,"9032"
"14976","    10.5 ","14/07/1990",11.7,1.8,21,10.5,"9032"
"14977","   9.5 ","15/07/1990",3.5,3.4,25.5,9.5,"9032"
"14978","   13 ","16/07/1990",0,3,22.5,13,"9032"
"14979","   11.5 ","17/07/1990",9,2.7,23.5,11.5,"9032"
"14980","    11 ","18/07/1990",4.4,3.5,22,11,"9032"
"14981","    13.5 ","19/07/1990",0,4.2,25,13.5,"9032"
"14982","   12.5 ","20/07/1990",0,4.1,23.5,12.5,"9032"
"14983","   11.5 ","21/07/1990",6,5.8,23.5,11.5,"9032"
"14984","    11.5 ","22/07/1990",0,4.1,25,11.5,"9032"
"14985","    13 ","23/07/1990",0,4,22,13,"9032"
"14986","   10.5 ","24/07/1990",0,3,23.5,10.5,"9032"
"14987","   10.5 ","25/07/1990",0,4.8,23.5,10.5,"9032"
"14988","    10.5 ","26/07/1990",0,5.1,23,10.5,"9032"
"14989","    10 ","27/07/1990",0,2.9,21,10,"9032"
"14990","    12.5 ","28/07/1990",0.9,2.7,23,12.5,"9032"
"14991","    12 ","29/07/1990",0,2.6,19,12,"9032"
"14992","   11 ","30/07/1990",0,3.1,20.5,11,"9032"
"14993","   10.5 ","31/07/1990",0,4.6,22.5,10.5,"9032"
"14994","   11.5 ","01/08/1990",3.5,4.4,23.5,11.5,"9032"
"14995","   12 ","02/08/1990",0,3.9,22.5,12,"9032"
"14996","   9.5 ","03/08/1990",2.2,4.3,23.5,9.5,"9032"
"14997","    12 ","04/08/1990",0,5,25,12,"9032"
"14998","   12 ","05/08/1990",0,4,22.5,12,"9032"
"14999","    11 ","06/08/1990",1.3,3.1,18,11,"9032"
"15000","    10.5 ","07/08/1990",9.1,4.2,13,10.5,"9032"
"15001","   7.5 ","08/08/1990",1.1,2.2,22.5,7.5,"9032"
"15002","   10.5 ","09/08/1990",9.2,2.2,22.5,10.5,"9032"
"15003","    10 ","10/08/1990",0,4,23,10,"9032"
"15004","    11.5 ","11/08/1990",0,3.9,22,11.5,"9032"
"15005","    10.5 ","12/08/1990",0,5.2,23,10.5,"9032"
"15006","    10 ","13/08/1990",0,4.9,22,10,"9032"
"15007","   10.5 ","14/08/1990",4.7,4.7,21.5,10.5,"9032"
"15008","    11 ","15/08/1990",6.3,4.2,24,11,"9032"
"15009","    10 ","16/08/1990",3,4,23,10,"9032"
"15010","    11 ","17/08/1990",2.6,4.5,23,11,"9032"
"15011","   11 ","18/08/1990",0,4.2,23.5,11,"9032"
"15012","   12 ","19/08/1990",0,5.1,23.5,12,"9032"
"15013","   11 ","20/08/1990",0,5,23.5,11,"9032"
"15014","   11.5 ","21/08/1990",0,4.9,22.5,11.5,"9032"
"15015","    10 ","22/08/1990",2.4,3.5,23,10,"9032"
"15016","    13 ","23/08/1990",4.1,3.8,20,13,"9032"
"15017","   13 ","24/08/1990",20.8,4.8,23.5,13,"9032"
"15018","   12 ","25/08/1990",10,3,23.5,12,"9032"
"15019","   12 ","26/08/1990",16.3,3.2,24.5,12,"9032"
"15020","   10 ","27/08/1990",10.2,2.1,22.5,10,"9032"
"15021","   11 ","28/08/1990",6.9,2.9,19.7,11,"9032"
"15022","   12 ","29/08/1990",8.5,2.4,22.5,12,"9032"
"15023","   10.5 ","30/08/1990",20.3,1.6,19.5,10.5,"9032"
"15024","   8 ","31/08/1990",9.6,3.2,20.5,8,"9032"
"15025","    13 ","01/09/1990",9.8,3.7,21,13,"9032"
"15026","   12 ","02/09/1990",0,2.8,19.5,12,"9032"
"15027","   12 ","03/09/1990",9.1,4.3,20.5,12,"9032"
"15028","    12.5 ","04/09/1990",0,2.9,20,12.5,"9032"
"15029","   12 ","05/09/1990",0,3,19.5,12,"9032"
"15030","   11 ","06/09/1990",1.3,2.4,19.5,11,"9032"
"15031","   12 ","07/09/1990",1.6,2.7,17.5,12,"9032"
"15032","   12.5 ","08/09/1990",11.1,1.3,20.5,12.5,"9032"
"15033","   12.5 ","09/09/1990",12.2,2.2,17.5,12.5,"9032"
"15034","    10.5 ","10/09/1990",0,4.9,22,10.5,"9032"
"15035","   12 ","11/09/1990",0,4,19.5,12,"9032"
"15036","   10.5 ","12/09/1990",0,3,21.5,10.5,"9032"
"15037","    12 ","13/09/1990",43.5,3.5,22,12,"9032"
"15038","   12 ","14/09/1990",2,1.9,22.5,12,"9032"
"15039","    13 ","15/09/1990",0.9,2.9,23,13,"9032"
"15040","   13 ","16/09/1990",9.4,1.3,22.5,13,"9032"
"15041","    11.5 ","17/09/1990",10.3,2.2,21,11.5,"9032"
"15042","   11 ","18/09/1990",5,2.1,20.5,11,"9032"
"15043","   11 ","19/09/1990",0,3.2,22.5,11,"9032"
"15044","    11 ","20/09/1990",0,4,24,11,"9032"
"15045","    11 ","21/09/1990",0,4.8,24,11,"9032"
"15046","   13 ","22/09/1990",3.1,2.9,21.5,13,"9032"
"15047","    12.5 ","23/09/1990",5.1,4.1,22,12.5,"9032"
"15048","   12.5 ","24/09/1990",5.5,3.8,19.5,12.5,"9032"
"15049","    11.5 ","25/09/1990",0.8,3.7,22,11.5,"9032"
"15050","   11.5 ","26/09/1990",0,3.1,21.5,11.5,"9032"
"15051","   12.5 ","27/09/1990",0,3.1,20.5,12.5,"9032"
"15052","    9.5 ","28/09/1990",0,2.9,21,9.5,"9032"
"15053","   9.5 ","29/09/1990",0,4,23.5,9.5,"9032"
"15054","    9.5 ","30/09/1990",0,4.8,25,9.5,"9032"
"15055","    11 ","01/10/1990",0,4.2,24,11,"9032"
"15056","    10 ","02/10/1990",0,4,21,10,"9032"
"15057","   12.5 ","03/10/1990",3.4,3.3,21.5,12.5,"9032"
"15058","    10.5 ","04/10/1990",0,4.1,22,10.5,"9032"
"15059","    11.5 ","05/10/1990",0,5,20,11.5,"9032"
"15060","    9 ","06/10/1990",0,3.1,19,9,"9032"
"15061","   8.5 ","07/10/1990",0,3,22.5,8.5,"9032"
"15062","   9.5 ","08/10/1990",0,4,24.5,9.5,"9032"
"15063","   11.5 ","09/10/1990",0,4.6,23.5,11.5,"9032"
"15064","    12.5 ","10/10/1990",0,5,23,12.5,"9032"
"15065","    10.5 ","11/10/1990",0,5.1,22,10.5,"9032"
"15066","    10.5 ","12/10/1990",0,5.3,23,10.5,"9032"
"15067","   11 ","13/10/1990",0,4.8,21.5,11,"9032"
"15068","   11.5 ","14/10/1990",0,5.1,21.5,11.5,"9032"
"15069","    11 ","15/10/1990",5.8,4.7,22,11,"9032"
"15070","    10.5 ","16/10/1990",0,5,23,10.5,"9032"
"15071","    10 ","17/10/1990",26.7,4.7,22,10,"9032"
"15072","   9 ","18/10/1990",0,3,15.5,9,"9032"
"15073","    11 ","19/10/1990",1.1,3.1,20,11,"9032"
"15074","    10 ","20/10/1990",10,4,23,10,"9032"
"15075","    12.5 ","21/10/1990",9.1,3.1,23,12.5,"9032"
"15076","    12.5 ","22/10/1990",4.5,3.4,20,12.5,"9032"
"15077","   10.5 ","23/10/1990",0,4,20.5,10.5,"9032"
"15078","    9 ","24/10/1990",0,4.1,25,9,"9032"
"15079","    8.5 ","25/10/1990",0,4,15,8.5,"9032"
"15080","    9.5 ","26/10/1990",0,4.1,20,9.5,"9032"
"15081","    8.5 ","27/10/1990",3.3,3,15,8.5,"9032"
"15082","    8 ","28/10/1990",0,3.2,15,8,"9032"
"15083","    8 ","29/10/1990",0,3.1,14,8,"9032"
"15084","    9 ","30/10/1990",0,4,18,9,"9032"
"15085","   9.5 ","31/10/1990",0,3.9,19.5,9.5,"9032"
"15086","    9.5 ","01/11/1990",0,3,20,9.5,"9032"
"15087","   7 ","02/11/1990",0,3.1,21.5,7,"9032"
"15088","    9 ","03/11/1990",0,5,23,9,"9032"
"15089","    9 ","04/11/1990",0,4.9,23,9,"9032"
"15090","    9 ","05/11/1990",0,5,22,9,"9032"
"15091","   8.5 ","06/11/1990",0,4.9,23.5,8.5,"9032"
"15092","   10.5 ","07/11/1990",0,5,24.5,10.5,"9032"
"15093","    11 ","08/11/1990",0,5,21,11,"9032"
"15094","    11.5 ","09/11/1990",0,4.9,23,11.5,"9032"
"15095","    9 ","10/11/1990",0,4.9,22,9,"9032"
"15096","    9.5 ","11/11/1990",0,5.2,24,9.5,"9032"
"15097","    10 ","12/11/1990",0,2.8,20,10,"9032"
"15098","    4.5 ","13/11/1990",0,4,19,4.5,"9032"
"15099","   4.5 ","14/11/1990",0,2.8,20.5,4.5,"9032"
"15100","    9.5 ","15/11/1990",0,3.2,21,9.5,"9032"
"15101","   11 ","16/11/1990",0,3,19.5,11,"9032"
"15102","    11 ","17/11/1990",0,2.8,20,11,"9032"
"15103","    10.5 ","18/11/1990",0,4.1,22,10.5,"9032"
"15104","    7.5 ","19/11/1990",0,2.9,23,7.5,"9032"
"15105","    8.5 ","20/11/1990",0,5.2,23,8.5,"9032"
"15106","    10 ","21/11/1990",0,5,23,10,"9032"
"15107","    10.5 ","22/11/1990",0,4.1,24,10.5,"9032"
"15108","   8 ","23/11/1990",0,5.7,22.5,8,"9032"
"15109","   8 ","24/11/1990",0,5.2,22.5,8,"9032"
"15110","    9 ","25/11/1990",0,6.7,23,9,"9032"
"15111","   10 ","26/11/1990",0,3.2,23.5,10,"9032"
"15112","    11 ","27/11/1990",0,4.8,23,11,"9032"
"15113","    12.5 ","28/11/1990",0,5.1,22,12.5,"9032"
"15114","    10.5 ","29/11/1990",0,2.8,13,10.5,"9032"
"15115","    6 ","30/11/1990",0,3.3,15,6,"9032"
"15116","    10.5 ","01/12/1990",0,3.7,21,10.5,"9032"
"15117","    8.5 ","02/12/1990",0,4.2,20,8.5,"9032"
"15118","   9.5 ","03/12/1990",0,3.9,16.5,9.5,"9032"
"15119","    3 ","04/12/1990",0,3.1,19,3,"9032"
"15120","   6 ","05/12/1990",0,4.6,20.5,6,"9032"
"15121","    5.5 ","06/12/1990",0,4.4,20,5.5,"9032"
"15122","   3 ","07/12/1990",0,3,19.5,3,"9032"
"15123","   5.5 ","08/12/1990",0,2.1,21.5,5.5,"9032"
"15124","    6.5 ","09/12/1990",0,4.6,21,6.5,"9032"
"15125","    7 ","10/12/1990",0,3.1,20,7,"9032"
"15126","   9 ","11/12/1990",0,2.2,10.5,9,"9032"
"15127","   8 ","12/12/1990",0,2,13.5,8,"9032"
"15128","    6.5 ","13/12/1990",0,3.1,19,6.5,"9032"
"15129","   6 ","14/12/1990",0,3.9,18.5,6,"9032"
"15130","   4.5 ","15/12/1990",0,2,12.5,4.5,"9032"
"15131","    2.5 ","16/12/1990",0,2,15,2.5,"9032"
"15132","    2 ","17/12/1990",0,3,22,2,"9032"
"15133","   8.5 ","18/12/1990",0,2.2,22.5,8.5,"9032"
"15134","    6.5 ","19/12/1990",0,3.8,21,6.5,"9032"
"15135","    7.5 ","20/12/1990",0,3.2,23,7.5,"9032"
"15136","   7.5 ","21/12/1990",0,3.1,24.5,7.5,"9032"
"15137","   8.5 ","22/12/1990",0,4.8,24.5,8.5,"9032"
"15138","    7.5 ","23/12/1990",0,3,23,7.5,"9032"
"15139","    4 ","24/12/1990",0,2.9,20,4,"9032"
"15140","   6.5 ","25/12/1990",0,3.1,19.5,6.5,"9032"
"15141","    7.5 ","26/12/1990",0,3,19,7.5,"9032"
"15142","    6.5 ","27/12/1990",0,3,20,6.5,"9032"
"15143","    6 ","28/12/1990",0,4.9,21,6,"9032"
"15144","    7 ","29/12/1990",0,4.9,21,7,"9032"
"15145","    7 ","30/12/1990",0,4.1,19,7,"9032"
"15146","   6.5 ","31/12/1990",0,3.9,18.5,6.5,"9032"
"15147","    11 ","22/09/1992",3.5,0,24,11,"9032"
"15148","    12 ","23/09/1992",14,0,23,12,"9032"
"15149","    11.5 ","24/09/1992",29.5,0,20,11.5,"9032"
"15150","    11.5 ","25/09/1992",8,0,21,11.5,"9032"
"15151","    13 ","26/09/1992",3.2,0,20,13,"9032"
"15152","    12 ","27/09/1992",60,0,22,12,"9032"
"15153","   11 ","28/09/1992",2,0,18.5,11,"9032"
"15154","   9 ","29/09/1992",3,0,15.5,9,"9032"
"15155","    8 ","30/09/1992",0,0,15,8,"9032"
"15156","    6 ","01/10/1992",0,0.5,21,6,"9032"
"15157","    6 ","02/10/1992",1,1.5,20,6,"9032"
"15158","    7 ","03/10/1992",0.5,1.5,20,7,"9032"
"15159","   8 ","04/10/1992",3.8,3.5,21.5,8,"9032"
"15160","    11 ","05/10/1992",5.4,3.1,22,11,"9032"
"15161","   11 ","06/10/1992",0,2.7,22.5,11,"9032"
"15162","   10.5 ","07/10/1992",0,1.9,18.5,10.5,"9032"
"15163","    11.5 ","08/10/1992",2.5,7.5,19,11.5,"9032"
"15164","    11.5 ","09/10/1992",0,4.3,24,11.5,"9032"
"15165","    10 ","10/10/1992",0,7.9,24,10,"9032"
"15166","   10.5 ","11/10/1992",2,5.7,20.5,10.5,"9032"
"15167","   12 ","12/10/1992",13,7.2,18.5,12,"9032"
"15168","   10.5 ","13/10/1992",7.5,4.9,20.5,10.5,"9032"
"15169","    8 ","14/10/1992",0.6,2.1,22,8,"9032"
"15170","    8.5 ","15/10/1992",0,7.6,23,8.5,"9032"
"15171","   10 ","16/10/1992",4.2,1,25.5,10,"9032"
"15172","    11 ","17/10/1992",5.6,2.7,25,11,"9032"
"15173","    9 ","18/10/1992",31.5,2.5,27,9,"9032"
"15174","    10 ","19/10/1992",3,5.6,17,10,"9032"
"15175","    8.5 ","20/10/1992",0.7,2.5,19,8.5,"9032"
"15176","   8.5 ","21/10/1992",9,7.4,18.5,8.5,"9032"
"15177","    10 ","22/10/1992",0,3.7,20,10,"9032"
"15178","    10.5 ","23/10/1992",3,4.8,18,10.5,"9032"
"15179","    10 ","24/10/1992",0,2.2,20,10,"9032"
"15180","    9.5 ","25/10/1992",0,1.9,18,9.5,"9032"
"15181","    8 ","26/10/1992",0,5.4,14,8,"9032"
"15182","   8.5 ","27/10/1992",0,3.7,20.5,8.5,"9032"
"15183","    8 ","28/10/1992",0,6.9,18,8,"9032"
"15184","    9 ","29/10/1992",0,3.7,23,9,"9032"
"15185","   9 ","30/10/1992",0,2.3,22.5,9,"9032"
"15186","    10 ","31/10/1992",1.2,2.2,24,10,"9032"
"15187","   10 ","01/11/1992",0.1,3.6,22.5,10,"9032"
"15188","    10 ","02/11/1992",4.7,2,19,10,"9032"
"15189","   8.5 ","03/11/1992",1.7,2,20.5,8.5,"9032"
"15190","    8.5 ","04/11/1992",0,4.6,22,8.5,"9032"
"15191","    9 ","05/11/1992",6.5,1.7,20,9,"9032"
"15192","    10 ","06/11/1992",9,1.3,17,10,"9032"
"15193","    11 ","07/11/1992",19,1.1,16,11,"9032"
"15194","   8 ","08/11/1992",0,1,12.5,8,"9032"
"15195","    9.5 ","09/11/1992",2.2,4.4,22,9.5,"9032"
"15196","   9.5 ","10/11/1992",0,1.2,22.5,9.5,"9032"
"15197","   9.5 ","11/11/1992",0.1,2.7,23.5,9.5,"9032"
"15198","    11 ","12/11/1992",0,4.3,23,11,"9032"
"15199","   11.5 ","13/11/1992",0,1.8,20.5,11.5,"9032"
"15200","   9.5 ","14/11/1992",14.5,2.8,15.5,9.5,"9032"
"15201","   9 ","15/11/1992",5,5.7,17.5,9,"9032"
"15202","    8 ","16/11/1992",0,1.4,17,8,"9032"
"15203","    8 ","17/11/1992",0,4.1,20,8,"9032"
"15204","   7.5 ","18/11/1992",0,2.5,20.5,7.5,"9032"
"15205","    8 ","19/11/1992",0,2.5,21,8,"9032"
"15206","    7 ","20/11/1992",0,4.2,17,7,"9032"
"15207","   5.5 ","21/11/1992",0,4.1,22.5,5.5,"9032"
"15208","   6.5 ","22/11/1992",0,4.8,21.5,6.5,"9032"
"15209","    8 ","23/11/1992",0,6.5,22,8,"9032"
"15210","    8 ","24/11/1992",0,4.2,22,8,"9032"
"15211","    10 ","25/11/1992",0,5.8,23,10,"9032"
"15212","    8 ","26/11/1992",0,1.8,23,8,"9032"
"15213","   7.5 ","27/11/1992",0,6,20.5,7.5,"9032"
"15214","    7 ","28/11/1992",0,2.7,20,7,"9032"
"15215","    7 ","29/11/1992",0,4.4,20,7,"9032"
"15216","   6 ","30/11/1992",0,2.7,19.5,6,"9032"
"15217","    6.5 ","01/12/1992",0,6.2,20,6.5,"9032"
"15218","    4 ","02/12/1992",0,1,22,4,"9032"
"15219","    5.5 ","03/12/1992",0,3.2,21,5.5,"9032"
"15220","    5.5 ","04/12/1992",0,3.4,21,5.5,"9032"
"15221","   6.5 ","05/12/1992",0,7.3,21.5,6.5,"9032"
"15222","    7 ","06/12/1992",0,2,20,7,"9032"
"15223","    3 ","07/12/1992",0,3.4,22,3,"9032"
"15224","    9 ","08/12/1992",0,2.5,23,9,"9032"
"15225","    10 ","09/12/1992",0,3.2,21,10,"9032"
"15226","   8 ","10/12/1992",0,3.6,20.5,8,"9032"
"15227","    3.5 ","11/12/1992",0,3.2,19,3.5,"9032"
"15228","    5 ","12/12/1992",0,5.8,22,5,"9032"
"15229","    4 ","13/12/1992",0,1.7,23,4,"9032"
"15230","    8.5 ","14/12/1992",0,5,20,8.5,"9032"
"15231","    9 ","15/12/1992",0,1.4,16,9,"9032"
"15232","    6 ","16/12/1992",0,4.2,18,6,"9032"
"15233","    8 ","17/12/1992",3,4.3,22,8,"9032"
"15234","    6 ","18/12/1992",0,1.6,23,6,"9032"
"15235","    6 ","19/12/1992",0,2.7,20,6,"9032"
"15236","    5 ","20/12/1992",0,2.7,22,5,"9032"
"15237","    6 ","21/12/1992",0,1.8,22,6,"9032"
"15238","    5 ","22/12/1992",0,3,21,5,"9032"
"15239","    5 ","23/12/1992",0,2.5,20,5,"9032"
"15240","    5.5 ","24/12/1992",0,2.7,17,5.5,"9032"
"15241","   6 ","25/12/1992",0,2.6,19.5,6,"9032"
"15242","    8 ","26/12/1992",0,3.1,19,8,"9032"
"15243","    8 ","27/12/1992",0,3,21,8,"9032"
"15244","    6 ","28/12/1992",0,3.1,20,6,"9032"
"15245","    6 ","29/12/1992",0,0.7,19,6,"9032"
"15246","   5 ","30/12/1992",0,8.2,18.5,5,"9032"
"15247","    3 ","31/12/1992",0,0,21,3,"9032"
"15248","   5 ","01/01/1993",0,3.4,17.5,5,"9032"
"15249","   5 ","02/01/1993",0,3.4,18.5,5,"9032"
"15250","   5.5 ","03/01/1993",0,5.7,20.5,5.5,"9032"
"15251","   8.5 ","04/01/1993",0,4.3,21.5,8.5,"9032"
"15252","    7 ","05/01/1993",0,3.3,22,7,"9032"
"15253","    7 ","06/01/1993",0,4.1,21,7,"9032"
"15254","   7 ","07/01/1993",0,4.5,20.5,7,"9032"
"15255","    8.5 ","08/01/1993",0,5.2,20,8.5,"9032"
"15256","    6 ","09/01/1993",0,3.9,22,6,"9032"
"15257","    6.5 ","10/01/1993",0,2.9,23,6.5,"9032"
"15258","   8 ","11/01/1993",0,6.5,23.5,8,"9032"
"15259","   8.5 ","12/01/1993",0,3.7,22.5,8.5,"9032"
"15260","    9 ","13/01/1993",0.6,0.4,20,9,"9032"
"15261","    8 ","14/01/1993",0,6.2,21,8,"9032"
"15262","    8.5 ","15/01/1993",0,1.1,21,8.5,"9032"
"15263","   8.5 ","16/01/1993",0,2,21.5,8.5,"9032"
"15264","    9 ","17/01/1993",0,2.8,23,9,"9032"
"15265","    9 ","18/01/1993",0,0.9,23,9,"9032"
"15266","    9 ","19/01/1993",0,5.9,24,9,"9032"
"15267","    9 ","20/01/1993",0,3.5,21,9,"9032"
"15268","   8 ","21/01/1993",0,3.8,22.5,8,"9032"
"15269","   7 ","22/01/1993",0,1.7,19.5,7,"9032"
"15270","    7 ","23/01/1993",0,2.6,19,7,"9032"
"15271","   6 ","24/01/1993",0.5,2.5,17.5,6,"9032"
"15272","    6 ","25/01/1993",0,3.5,17,6,"9032"
"15273","   5.5 ","26/01/1993",0,2.4,20.5,5.5,"9032"
"15274","    3 ","27/01/1993",0,4.5,21,3,"9032"
"15275","    4 ","28/01/1993",0,5.3,22,4,"9032"
"15276","    9.5 ","29/01/1993",0,3.3,21,9.5,"9032"
"15277","    9.5 ","30/01/1993",0,3.5,21,9.5,"9032"
"15278","    9 ","31/01/1993",0,2.6,21,9,"9032"
"15279","    7 ","01/02/1993",0,4.9,22,7,"9032"
"15280","    7 ","02/02/1993",7,7.8,21,7,"9032"
"15281","    7 ","03/02/1993",0,4.1,19,7,"9032"
"15282","    6.5 ","04/02/1993",0,3.3,21,6.5,"9032"
"15283","    6.5 ","05/02/1993",0,3.3,19,6.5,"9032"
"15284","    6.5 ","06/02/1993",0,1.4,19,6.5,"9032"
"15285","   7 ","07/02/1993",2.5,3.9,19.5,7,"9032"
"15286","   4.5 ","08/02/1993",4,6,18.5,4.5,"9032"
"15287","    5 ","09/02/1993",0,5.4,19,5,"9032"
"15288","    6 ","10/02/1993",0,5,21,6,"9032"
"15289","    5 ","11/02/1993",0,7.4,24,5,"9032"
"15290","    6.5 ","12/02/1993",0,5.1,24,6.5,"9032"
"15291","    8 ","13/02/1993",0,2.9,25,8,"9032"
"15292","    7.5 ","14/02/1993",0,3.7,26,7.5,"9032"
"15293","   8.5 ","15/02/1993",0,6.5,23.5,8.5,"9032"
"15294","   8 ","16/02/1993",0,3.2,25.5,8,"9032"
"15295","    7.5 ","17/02/1993",0,1.9,26,7.5,"9032"
"15296","    8 ","18/02/1993",0,4.2,24,8,"9032"
"15297","   6.5 ","19/02/1993",0,6.1,23.5,6.5,"9032"
"15298","    8.5 ","20/02/1993",0,6.2,25,8.5,"9032"
"15299","    9.5 ","21/02/1993",0,5,25,9.5,"9032"
"15300","    9.5 ","22/02/1993",0,8,26,9.5,"9032"
"15301","    10.5 ","23/02/1993",0,4.7,24,10.5,"9032"
"15302","    10.5 ","24/02/1993",0,7.8,24,10.5,"9032"
"15303","    9.5 ","25/02/1993",0,7.6,24,9.5,"9032"
"15304","    9 ","26/02/1993",0,7.1,26,9,"9032"
"15305","    7.5 ","27/02/1993",0,5,24,7.5,"9032"
"15306","    8 ","28/02/1993",0,7.4,26,8,"9032"
"15307","    8.5 ","01/03/1993",0,5.9,26,8.5,"9032"
"15308","    8 ","02/03/1993",0,7.2,22,8,"9032"
"15309","   9 ","03/03/1993",0,3.9,22.5,9,"9032"
"15310","    7 ","04/03/1993",0,6.6,27,7,"9032"
"15311","    9.5 ","05/03/1993",0,5.4,24,9.5,"9032"
"15312","    7 ","06/03/1993",0,6.7,24,7,"9032"
"15313","   7 ","07/03/1993",0,5.4,28.5,7,"9032"
"15314","    7 ","08/03/1993",0,0.8,19,7,"9032"
"15315","    6.5 ","09/03/1993",11,4,20,6.5,"9032"
"15316","    7 ","10/03/1993",0,6.1,23,7,"9032"
"15317","    8.5 ","11/03/1993",0,7.2,24,8.5,"9032"
"15318","    9 ","12/03/1993",0,8.3,25,9,"9032"
"15319","    7.5 ","13/03/1993",0,4.1,22,7.5,"9032"
"15320","    7 ","14/03/1993",0,7,24,7,"9032"
"15321","    8 ","15/03/1993",0,4.5,25,8,"9032"
"15322","    11 ","16/03/1993",0,8.7,26,11,"9032"
"15323","   10 ","17/03/1993",0,7.7,25.5,10,"9032"
"15324","    10.5 ","18/03/1993",0,1.5,25,10.5,"9032"
"15325","    11 ","19/03/1993",0,3.5,27,11,"9032"
"15326","   8 ","20/03/1993",2,1.8,24.5,8,"9032"
"15327","    10 ","21/03/1993",0,6.6,24,10,"9032"
"15328","    10 ","22/03/1993",0,7.4,23,10,"9032"
"15329","    6 ","23/03/1993",0,8.3,24,6,"9032"
"15330","   10 ","24/03/1993",0,4.9,22.5,10,"9032"
"15331","    9.5 ","25/03/1993",14,6,26,9.5,"9032"
"15332","    11 ","26/03/1993",0,5.4,26,11,"9032"
"15333","    12 ","27/03/1993",0,6.1,25,12,"9032"
"15334","   12 ","28/03/1993",0,8.3,26.5,12,"9032"
"15335","    11.5 ","29/03/1993",0,4.2,27,11.5,"9032"
"15336","   13 ","30/03/1993",0,1.1,27.5,13,"9032"
"15337","    12.5 ","31/03/1993",0,2.9,27,12.5,"9032"
"15338","    11 ","01/04/1993",0,5.2,25,11,"9032"
"15339","   9 ","02/04/1993",0,2,25.5,9,"9032"
"15340","    10 ","03/04/1993",0,8.9,24,10,"9032"
"15341","    11 ","04/04/1993",0,7.2,23,11,"9032"
"15342","    8 ","05/04/1993",0,5.6,24,8,"9032"
"15343","    10 ","06/04/1993",0,4.8,25,10,"9032"
"15344","    11 ","07/04/1993",0,6.9,22,11,"9032"
"15345","    9 ","08/04/1993",0,7.5,25,9,"9032"
"15346","    9 ","09/04/1993",0,8.5,24,9,"9032"
"15347","    10 ","10/04/1993",0,6.8,24,10,"9032"
"15348","    11 ","11/04/1993",0,7.6,27,11,"9032"
"15349","    11 ","12/04/1993",0,8.3,27,11,"9032"
"15350","    12 ","13/04/1993",0,7.8,25,12,"9032"
"15351","    13 ","14/04/1993",0,8.4,26,13,"9032"
"15352","    10 ","15/04/1993",0,9.5,28,10,"9032"
"15353","    13 ","16/04/1993",0,9.1,28,13,"9032"
"15354","    12 ","17/04/1993",0,8.6,29,12,"9032"
"15355","    10 ","18/04/1993",0,6.6,28,10,"9032"
"15356","    11 ","19/04/1993",0,6.4,27,11,"9032"
"15357","    12 ","20/04/1993",0,5.2,25,12,"9032"
"15358","    10 ","21/04/1993",0,2.5,29,10,"9032"
"15359","    9 ","22/04/1993",4,3.6,28,9,"9032"
"15360","    7 ","23/04/1993",3.5,5.4,24,7,"9032"
"15361","    7 ","24/04/1993",0,2.2,26,7,"9032"
"15362","    12 ","25/04/1993",0,4.6,23,12,"9032"
"15363","    13 ","26/04/1993",0,1.4,27,13,"9032"
"15364","    11 ","27/04/1993",0,5.1,25,11,"9032"
"15365","    12 ","28/04/1993",2,2.8,25,12,"9032"
"15366","   10 ","29/04/1993",0.5,2.3,26.5,10,"9032"
"15367","    12 ","30/04/1993",0,1.5,25,12,"9032"
"15368","   8.5 ","01/05/1993",0,4.2,22.5,8.5,"9032"
"15369","    7 ","02/05/1993",0,5.5,22,7,"9032"
"15370","   8 ","03/05/1993",1,2.8,21.5,8,"9032"
"15371","   7 ","04/05/1993",5.9,3.9,21.5,7,"9032"
"15372","    8 ","05/05/1993",6.6,2.1,18,8,"9032"
"15373","    10 ","06/05/1993",0,4.7,20,10,"9032"
"15374","   7.5 ","07/05/1993",0,3.9,22.5,7.5,"9032"
"15375","    9 ","08/05/1993",0,3.7,21,9,"9032"
"15376","    9 ","09/05/1993",0,4,23,9,"9032"
"15377","   10.5 ","10/05/1993",0,4.9,22.5,10.5,"9032"
"15378","   10.5 ","11/05/1993",0,2.4,21.5,10.5,"9032"
"15379","   10 ","12/05/1993",0.2,4.2,21.5,10,"9032"
"15380","    11 ","13/05/1993",0,4.5,21,11,"9032"
"15381","    11 ","14/05/1993",21.5,1.7,20,11,"9032"
"15382","   11.5 ","15/05/1993",13.5,4.8,21.5,11.5,"9032"
"15383","   10 ","16/05/1993",16,3.7,21.5,10,"9032"
"15384","   10.5 ","17/05/1993",12.9,2.9,18.5,10.5,"9032"
"15385","   10 ","18/05/1993",0,1.7,21.5,10,"9032"
"15386","   11 ","19/05/1993",0.3,2.6,20.5,11,"9032"
"15387","   11 ","20/05/1993",3,2,18.5,11,"9032"
"15388","   11 ","21/05/1993",1.4,3.3,19.5,11,"9032"
"15389","   9.5 ","22/05/1993",2.5,6.8,19.5,9.5,"9032"
"15390","   9.5 ","23/05/1993",0,3.5,20.5,9.5,"9032"
"15391","    8.5 ","24/05/1993",4.8,4.8,22,8.5,"9032"
"15392","    8.5 ","25/05/1993",3.7,4.9,21,8.5,"9032"
"15393","   8.5 ","26/05/1993",0,6.2,20.5,8.5,"9032"
"15394","   6 ","27/05/1993",1.9,3.9,21.5,6,"9032"
"15395","   7 ","28/05/1993",0,3.3,21.5,7,"9032"
"15396","    8.5 ","29/05/1993",3.4,4.3,19,8.5,"9032"
"15397","   9 ","30/05/1993",15.3,2.5,19.5,9,"9032"
"15398","   8 ","31/05/1993",2.7,2.3,18.5,8,"9032"
"15399","   11 ","01/06/1993",5.6,1.3,16.5,11,"9032"
"15400","   8 ","02/06/1993",2.6,4.2,21.5,8,"9032"
"15401","   8 ","03/06/1993",12,1.6,20.5,8,"9032"
"15402","   10 ","04/06/1993",3,4.1,19.5,10,"9032"
"15403","   7.5 ","05/06/1993",0,2.3,20.5,7.5,"9032"
"15404","   10.5 ","06/06/1993",5.4,4.2,20.5,10.5,"9032"
"15405","   11 ","07/06/1993",2.1,2.9,19.5,11,"9032"
"15406","   9.5 ","08/06/1993",2,2.6,20.5,9.5,"9032"
"15407","   11 ","09/06/1993",0,2.6,20.5,11,"9032"
"15408","   11 ","10/06/1993",16.9,4.8,21.5,11,"9032"
"15409","    10 ","11/06/1993",7,2.2,19,10,"9032"
"15410","   10 ","12/06/1993",0,4.3,22.5,10,"9032"
"15411","    8 ","13/06/1993",10.8,5,24,8,"9032"
"15412","    11 ","14/06/1993",0,3.8,21,11,"9032"
"15413","   10 ","15/06/1993",0,3.2,21.5,10,"9032"
"15414","   11.5 ","16/06/1993",0,2,18.5,11.5,"9032"
"15415","    10.5 ","17/06/1993",0,2.2,19,10.5,"9032"
"15416","    10.5 ","18/06/1993",0,3.1,20,10.5,"9032"
"15417","    11 ","19/06/1993",0,3.1,20,11,"9032"
"15418","   10.5 ","20/06/1993",5.4,0.9,14.5,10.5,"9032"
"15419","   10.5 ","21/06/1993",17.5,6.1,16.5,10.5,"9032"
"15420","   11.5 ","22/06/1993",15.5,3.8,17.5,11.5,"9032"
"15421","   11.5 ","23/06/1993",5,2,19.5,11.5,"9032"
"15422","    10 ","24/06/1993",4.1,2.3,19,10,"9032"
"15423","   8 ","25/06/1993",3.5,2.1,18.5,8,"9032"
"15424","    7 ","26/06/1993",14.5,2.8,20,7,"9032"
"15425","    10 ","27/06/1993",0,1.8,17,10,"9032"
"15426","    8.5 ","28/06/1993",3.3,1.2,14,8.5,"9032"
"15427","    9.5 ","29/06/1993",0,0.3,14,9.5,"9032"
"15428","   8.5 ","30/06/1993",0,0.1,14.5,8.5,"9032"
"15429","ULO   NULO","01/07/1993",0,0,NA,NA,"9032"
"15430","ULO   NULO","02/07/1993",0,0,NA,NA,"9032"
"15431","ULO   NULO","03/07/1993",0,0,NA,NA,"9032"
"15432","ULO   NULO","04/07/1993",0,0,NA,NA,"9032"
"15433","ULO   NULO","05/07/1993",0,0,NA,NA,"9032"
"15434","ULO   NULO","06/07/1993",0,0,NA,NA,"9032"
"15435","ULO   NULO","07/07/1993",0,0,NA,NA,"9032"
"15436","ULO   NULO","08/07/1993",0,0,NA,NA,"9032"
"15437","ULO   NULO","09/07/1993",0,0,NA,NA,"9032"
"15438","ULO   NULO","10/07/1993",0,0,NA,NA,"9032"
"15439","ULO   NULO","11/07/1993",0,0,NA,NA,"9032"
"15440","ULO   NULO","12/07/1993",0,0,NA,NA,"9032"
"15441","ULO   NULO","13/07/1993",0,0,NA,NA,"9032"
"15442","ULO   NULO","14/07/1993",0,0,NA,NA,"9032"
"15443","ULO   NULO","15/07/1993",0,0,NA,NA,"9032"
"15444","ULO   NULO","16/07/1993",0,0,NA,NA,"9032"
"15445","ULO   NULO","17/07/1993",0,0,NA,NA,"9032"
"15446","ULO   NULO","18/07/1993",0,0,NA,NA,"9032"
"15447","ULO   NULO","19/07/1993",0,0,NA,NA,"9032"
"15448","ULO   NULO","20/07/1993",0,0,NA,NA,"9032"
"15449","ULO   NULO","21/07/1993",0,0,NA,NA,"9032"
"15450","ULO   NULO","22/07/1993",0,0,NA,NA,"9032"
"15451","ULO   NULO","23/07/1993",0,0,NA,NA,"9032"
"15452","ULO   NULO","24/07/1993",0,0,NA,NA,"9032"
"15453","ULO   NULO","25/07/1993",0,0,NA,NA,"9032"
"15454","ULO   NULO","26/07/1993",0,0,NA,NA,"9032"
"15455","ULO   NULO","27/07/1993",0,0,NA,NA,"9032"
"15456","ULO   NULO","28/07/1993",0,0,NA,NA,"9032"
"15457","ULO   NULO","29/07/1993",0,0,NA,NA,"9032"
"15458","ULO   NULO","30/07/1993",0,0,NA,NA,"9032"
"15459","ULO   NULO","31/07/1993",0,0,NA,NA,"9032"
"15460","   11 ","01/08/1993",5.6,1.3,16.5,11,"9032"
"15461","   8 ","02/08/1993",2.6,4.2,21.5,8,"9032"
"15462","   8 ","03/08/1993",12,1.6,20.5,8,"9032"
"15463","   10 ","04/08/1993",3,4.1,19.5,10,"9032"
"15464","   7.5 ","05/08/1993",0,2.3,20.5,7.5,"9032"
"15465","   10.5 ","06/08/1993",5.4,4.2,20.5,10.5,"9032"
"15466","   11 ","07/08/1993",2.1,2.9,19.5,11,"9032"
"15467","   9.5 ","08/08/1993",2,2.6,20.5,9.5,"9032"
"15468","   11 ","09/08/1993",0,2.6,20.5,11,"9032"
"15469","   11 ","10/08/1993",16.9,4.8,21.5,11,"9032"
"15470","    10 ","11/08/1993",7,2.2,19,10,"9032"
"15471","   10 ","12/08/1993",0,4.3,22.5,10,"9032"
"15472","    8 ","13/08/1993",10.8,5,24,8,"9032"
"15473","    11 ","14/08/1993",0,3.8,21,11,"9032"
"15474","   10 ","15/08/1993",0,3.2,21.5,10,"9032"
"15475","   11.5 ","16/08/1993",0,2,18.5,11.5,"9032"
"15476","    10.5 ","17/08/1993",0,2.2,19,10.5,"9032"
"15477","    10.5 ","18/08/1993",0,3.1,20,10.5,"9032"
"15478","    11 ","19/08/1993",0,3.1,20,11,"9032"
"15479","   10.5 ","20/08/1993",5.4,0.9,14.5,10.5,"9032"
"15480","   10.5 ","21/08/1993",17.5,6.1,16.5,10.5,"9032"
"15481","   11.5 ","22/08/1993",15.5,3.8,17.5,11.5,"9032"
"15482","   11.5 ","23/08/1993",5,2,19.5,11.5,"9032"
"15483","    10 ","24/08/1993",4.1,2.3,19,10,"9032"
"15484","   8 ","25/08/1993",3.5,2.1,18.5,8,"9032"
"15485","    7 ","26/08/1993",14.5,2.8,20,7,"9032"
"15486","    10 ","27/08/1993",0,1.8,17,10,"9032"
"15487","    8.5 ","28/08/1993",3.3,1.2,14,8.5,"9032"
"15488","    9.5 ","29/08/1993",0,0.3,14,9.5,"9032"
"15489","   8.5 ","30/08/1993",0,0.1,14.5,8.5,"9032"
"15490","ULO   NULO","31/08/1993",136.2,0,NA,NA,"9032"
"15491","   11 ","01/09/1993",5.6,1.3,16.5,11,"9032"
"15492","   8 ","02/09/1993",2.6,4.2,21.5,8,"9032"
"15493","   8 ","03/09/1993",12,1.6,20.5,8,"9032"
"15494","   10 ","04/09/1993",3,4.1,19.5,10,"9032"
"15495","   7.5 ","05/09/1993",0,2.3,20.5,7.5,"9032"
"15496","   10.5 ","06/09/1993",5.4,4.2,20.5,10.5,"9032"
"15497","   11 ","07/09/1993",2.1,2.9,19.5,11,"9032"
"15498","   9.5 ","08/09/1993",2,2.6,20.5,9.5,"9032"
"15499","   11 ","09/09/1993",0,2.6,20.5,11,"9032"
"15500","   11 ","10/09/1993",16.9,4.8,21.5,11,"9032"
"15501","    10 ","11/09/1993",7,2.2,19,10,"9032"
"15502","   10 ","12/09/1993",0,4.3,22.5,10,"9032"
"15503","    8 ","13/09/1993",10.8,5,24,8,"9032"
"15504","    11 ","14/09/1993",0,3.8,21,11,"9032"
"15505","   10 ","15/09/1993",0,3.2,21.5,10,"9032"
"15506","   11.5 ","16/09/1993",0,2,18.5,11.5,"9032"
"15507","    10.5 ","17/09/1993",0,2.2,19,10.5,"9032"
"15508","    10.5 ","18/09/1993",0,3.1,20,10.5,"9032"
"15509","    11 ","19/09/1993",0,3.1,20,11,"9032"
"15510","   10.5 ","20/09/1993",5.4,0.9,14.5,10.5,"9032"
"15511","   10.5 ","21/09/1993",17.5,6.1,16.5,10.5,"9032"
"15512","   11.5 ","22/09/1993",15.5,3.8,17.5,11.5,"9032"
"15513","   11.5 ","23/09/1993",5,2,19.5,11.5,"9032"
"15514","    10 ","24/09/1993",4.1,2.3,19,10,"9032"
"15515","   8 ","25/09/1993",3.5,2,18.5,8,"9032"
"15516","    7 ","26/09/1993",14.5,2.8,20,7,"9032"
"15517","    10 ","27/09/1993",0,1.8,17,10,"9032"
"15518","    8.5 ","28/09/1993",3.3,1.2,14,8.5,"9032"
"15519","    9.5 ","29/09/1993",0,0.3,14,9.5,"9032"
"15520","   8.5 ","30/09/1993",0,0.1,14.5,8.5,"9032"
"15521","   8.5 ","01/10/1993",0,1.3,17.5,8.5,"9032"
"15522","    9.5 ","02/10/1993",1.1,3.6,21,9.5,"9032"
"15523","   9.5 ","03/10/1993",0,0.9,18.5,9.5,"9032"
"15524","    9.5 ","04/10/1993",0,2.7,19,9.5,"9032"
"15525","   8 ","05/10/1993",0,2.8,19.5,8,"9032"
"15526","    9 ","06/10/1993",0,4.4,21,9,"9032"
"15527","    7 ","07/10/1993",0,4.3,23,7,"9032"
"15528","    7 ","08/10/1993",0,6.2,23,7,"9032"
"15529","   7 ","09/10/1993",0,5.2,23.5,7,"9032"
"15530","    6.5 ","10/10/1993",0,4.4,22,6.5,"9032"
"15531","   8.5 ","11/10/1993",0,5.2,22.5,8.5,"9032"
"15532","    6 ","12/10/1993",0,8.2,22,6,"9032"
"15533","   6.5 ","13/10/1993",0,3.5,22.5,6.5,"9032"
"15534","    5 ","14/10/1993",0,5.8,23,5,"9032"
"15535","   5.5 ","15/10/1993",0,4.3,21.5,5.5,"9032"
"15536","    7 ","16/10/1993",0,4.9,23,7,"9032"
"15537","    7 ","17/10/1993",0,4.5,24,7,"9032"
"15538","   8 ","18/10/1993",0,4.9,23.5,8,"9032"
"15539","    9 ","19/10/1993",0,4.4,24,9,"9032"
"15540","    9 ","20/10/1993",0,2.8,22,9,"9032"
"15541","    9.5 ","21/10/1993",12.8,2.5,22,9.5,"9032"
"15542","    7.5 ","22/10/1993",13.2,1.5,17,7.5,"9032"
"15543","   7 ","23/10/1993",0,2.1,19.5,7,"9032"
"15544","    8 ","24/10/1993",0,3,20,8,"9032"
"15545","    8 ","25/10/1993",0,3.2,21,8,"9032"
"15546","   7.5 ","26/10/1993",1.5,4.2,22.5,7.5,"9032"
"15547","   8.5 ","27/10/1993",4.5,2,18.5,8.5,"9032"
"15548","    7 ","28/10/1993",0,2.5,21,7,"9032"
"15549","   8.5 ","29/10/1993",2,1.8,15.5,8.5,"9032"
"15550","   7 ","30/10/1993",1.5,2.8,14.5,7,"9032"
"15551","    9.5 ","31/10/1993",1.5,1.8,20,9.5,"9032"
"15552","    7.5 ","01/11/1993",4.6,4.1,21,7.5,"9032"
"15553","    8.5 ","02/11/1993",7.2,3.4,20,8.5,"9032"
"15554","    7.5 ","03/11/1993",0,4.4,21,7.5,"9032"
"15555","   6.5 ","04/11/1993",0,4.7,22.5,6.5,"9032"
"15556","    7 ","05/11/1993",0,5.5,23,7,"9032"
"15557","    8 ","06/11/1993",0,3.5,22,8,"9032"
"15558","   9 ","07/11/1993",0,4.2,21.5,9,"9032"
"15559","    6.5 ","08/11/1993",0,2.4,21,6.5,"9032"
"15560","    6.5 ","09/11/1993",0,4.7,23,6.5,"9032"
"15561","    8 ","10/11/1993",0,2,18,8,"9032"
"15562","   6 ","11/11/1993",0,4.8,20.5,6,"9032"
"15563","    6.5 ","12/11/1993",0,3.6,22,6.5,"9032"
"15564","    7 ","13/11/1993",0,5.3,23,7,"9032"
"15565","   7.5 ","14/11/1993",0,3.1,22.5,7.5,"9032"
"15566","    6 ","15/11/1993",0,3.2,22,6,"9032"
"15567","    7 ","16/11/1993",0,3.1,22,7,"9032"
"15568","    10 ","17/11/1993",0,2.7,20,10,"9032"
"15569","   7.5 ","18/11/1993",0,3.7,20.5,7.5,"9032"
"15570","   6 ","19/11/1993",0,4.1,21.5,6,"9032"
"15571","    3 ","20/11/1993",0,4.2,19,3,"9032"
"15572","   4.5 ","21/11/1993",0,4.8,20.5,4.5,"9032"
"15573","   6 ","22/11/1993",0,3,19.5,6,"9032"
"15574","    5 ","23/11/1993",0,4.3,19,5,"9032"
"15575","   4 ","24/11/1993",0,3.6,20.5,4,"9032"
"15576","   4.5 ","25/11/1993",0,4.2,21.5,4.5,"9032"
"15577","    4.5 ","26/11/1993",0,3.2,21,4.5,"9032"
"15578","   5.5 ","27/11/1993",0,4.7,20.5,5.5,"9032"
"15579","    5 ","28/11/1993",0,2.5,20,5,"9032"
"15580","    6 ","29/11/1993",0,4.9,20,6,"9032"
"15581","    3.5 ","30/11/1993",0,3.9,20,3.5,"9032"
"15582","   2 ","01/12/1993",0,5.6,19.5,2,"9032"
"15583","    1.5 ","02/12/1993",0,3.7,20,1.5,"9032"
"15584","    4 ","03/12/1993",0,5.2,21,4,"9032"
"15585","    4 ","04/12/1993",0,2.2,19,4,"9032"
"15586","    5 ","05/12/1993",0,4.8,20,5,"9032"
"15587","    4 ","06/12/1993",0,3.2,21,4,"9032"
"15588","   4.5 ","07/12/1993",0,3.5,20.5,4.5,"9032"
"15589","    5.5 ","08/12/1993",0,3.2,21,5.5,"9032"
"15590","    4 ","09/12/1993",0,4.3,21,4,"9032"
"15591","   4.5 ","10/12/1993",0,2.4,20.5,4.5,"9032"
"15592","    6 ","11/12/1993",0,4.2,18,6,"9032"
"15593","    3.5 ","12/12/1993",0,3.1,20,3.5,"9032"
"15594","    4 ","13/12/1993",0,4.9,20,4,"9032"
"15595","   4 ","14/12/1993",0,2.5,19.5,4,"9032"
"15596","    4.5 ","15/12/1993",0,4.4,21,4.5,"9032"
"15597","   4 ","16/12/1993",0,4.5,18.5,4,"9032"
"15598","   3.5 ","17/12/1993",0,5,21.5,3.5,"9032"
"15599","    4.5 ","18/12/1993",0,3.7,21,4.5,"9032"
"15600","    3.5 ","19/12/1993",0,3.3,22,3.5,"9032"
"15601","    5 ","20/12/1993",0,5.8,22,5,"9032"
"15602","   3.5 ","21/12/1993",0,5.7,22.5,3.5,"9032"
"15603","   5.5 ","22/12/1993",0,5.1,24.5,5.5,"9032"
"15604","   5.5 ","23/12/1993",0,4,21.5,5.5,"9032"
"15605","    3 ","24/12/1993",0,4.8,23,3,"9032"
"15606","   3.5 ","25/12/1993",0,1.5,17.5,3.5,"9032"
"15607","  -1.5 ","26/12/1993",0,4.5,16.5,-1.5,"9032"
"15608","   -0.5 ","27/12/1993",0,5.3,21,-0.5,"9032"
"15609","    3 ","28/12/1993",0,4.8,19,3,"9032"
"15610","    3 ","29/12/1993",0,3.7,20,3,"9032"
"15611","    4 ","30/12/1993",0,3.2,19,4,"9032"
"15612","   4 ","31/12/1993",0,3.9,18.5,4,"9032"
"15613","   4.5 ","01/01/1994",0,2.1,17.5,4.5,"9032"
"15614","   4 ","02/01/1994",0,2.8,18.5,4,"9032"
"15615","    3 ","03/01/1994",0,3,18,3,"9032"
"15616","   2.5 ","04/01/1994",0,5.5,18.5,2.5,"9032"
"15617","   -1 ","05/01/1994",0,4.6,19,-1,"9032"
"15618","   1 ","06/01/1994",0,3.7,20.5,1,"9032"
"15619","   2 ","07/01/1994",0,4,19.5,2,"9032"
"15620","    2 ","08/01/1994",0,2.5,15,2,"9032"
"15621","   1 ","09/01/1994",0,4.2,18.5,1,"9032"
"15622","   3 ","10/01/1994",0,4.8,20.5,3,"9032"
"15623","    2.5 ","11/01/1994",0,4.1,19,2.5,"9032"
"15624","    3 ","12/01/1994",0,6.4,20,3,"9032"
"15625","    4 ","13/01/1994",0,3.2,20,4,"9032"
"15626","    4.5 ","14/01/1994",0,3.2,16,4.5,"9032"
"15627","    4 ","15/01/1994",0,2.8,19,4,"9032"
"15628","   4.5 ","16/01/1994",0,4,20.5,4.5,"9032"
"15629","   6 ","17/01/1994",0.2,1.6,18.5,6,"9032"
"15630","    5.5 ","18/01/1994",0,1.4,15,5.5,"9032"
"15631","    5 ","19/01/1994",0,2.5,18,5,"9032"
"15632","   3 ","20/01/1994",0,3,18.5,3,"9032"
"15633","    4.5 ","21/01/1994",0,2.5,18,4.5,"9032"
"15634","    4.5 ","22/01/1994",1.5,5.7,19,4.5,"9032"
"15635","   5 ","23/01/1994",0,0.8,16.5,5,"9032"
"15636","    4 ","24/01/1994",0,2.2,18,4,"9032"
"15637","    5 ","25/01/1994",0,2.7,21,5,"9032"
"15638","    5.5 ","26/01/1994",0,3.8,20,5.5,"9032"
"15639","    6 ","27/01/1994",0,4.6,22,6,"9032"
"15640","   5.5 ","28/01/1994",0,5.1,23.5,5.5,"9032"
"15641","    6.5 ","29/01/1994",0,4.4,22,6.5,"9032"
"15642","   4 ","30/01/1994",0,5.7,22.5,4,"9032"
"15643","    6 ","31/01/1994",0,4.7,22,6,"9032"
"15644","   5.5 ","01/02/1994",0,4.8,21.5,5.5,"9032"
"15645","   6 ","02/02/1994",0,4.6,20.5,6,"9032"
"15646","    5.5 ","03/02/1994",0,4.2,20,5.5,"9032"
"15647","   5.5 ","04/02/1994",0,6.2,22.5,5.5,"9032"
"15648","   5 ","05/02/1994",0,3.3,22.5,5,"9032"
"15649","   5.5 ","06/02/1994",0,6.6,22.5,5.5,"9032"
"15650","   3.5 ","07/02/1994",0,5.9,22.5,3.5,"9032"
"15651","   4.5 ","08/02/1994",0,4.3,22.5,4.5,"9032"
"15652","    6 ","09/02/1994",0,5.3,23,6,"9032"
"15653","   6 ","10/02/1994",0,4.4,21.5,6,"9032"
"15654","    6.5 ","11/02/1994",0,4.6,22,6.5,"9032"
"15655","    5 ","12/02/1994",0,6.2,22,5,"9032"
"15656","    6 ","13/02/1994",0,3.8,19,6,"9032"
"15657","    5.5 ","14/02/1994",0,5.8,18,5.5,"9032"
"15658","   5.5 ","15/02/1994",0,2.6,20.5,5.5,"9032"
"15659","    4 ","16/02/1994",0,2.6,19,4,"9032"
"15660","    5 ","17/02/1994",0,5.6,19,5,"9032"
"15661","   4.5 ","18/02/1994",0,5.5,21.5,4.5,"9032"
"15662","    7 ","19/02/1994",0,3.3,21,7,"9032"
"15663","   6 ","20/02/1994",0,3.5,21.5,6,"9032"
"15664","    8 ","21/02/1994",0,6.6,23,8,"9032"
"15665","    7.5 ","22/02/1994",0,6,23,7.5,"9032"
"15666","    7.5 ","23/02/1994",0,5.8,24,7.5,"9032"
"15667","    4.5 ","24/02/1994",0,6.9,20,4.5,"9032"
"15668","    6.5 ","25/02/1994",0,6.3,23,6.5,"9032"
"15669","    6 ","26/02/1994",0,7.2,22,6,"9032"
"15670","    5.5 ","27/02/1994",0,5.9,23,5.5,"9032"
"15671","    6.5 ","28/02/1994",0,7.1,22,6.5,"9032"
"15672","    6 ","01/03/1994",0,5.7,23,6,"9032"
"15673","   5 ","02/03/1994",0,4.3,21.5,5,"9032"
"15674","    4 ","03/03/1994",0,7.1,23,4,"9032"
"15675","    6 ","04/03/1994",0,7.2,23,6,"9032"
"15676","   7 ","05/03/1994",0,6.1,23.5,7,"9032"
"15677","   7 ","06/03/1994",0,6.5,24.5,7,"9032"
"15678","    8 ","07/03/1994",0,7.9,25,8,"9032"
"15679","    9.5 ","08/03/1994",0,9.6,24,9.5,"9032"
"15680","    9 ","09/03/1994",0,9.2,24,9,"9032"
"15681","   5.5 ","10/03/1994",0,4.6,24.5,5.5,"9032"
"15682","   5 ","11/03/1994",0,6.9,24.5,5,"9032"
"15683","   6 ","12/03/1994",0,5.9,23.5,6,"9032"
"15684","    7.5 ","13/03/1994",0,4.6,24,7.5,"9032"
"15685","    7 ","14/03/1994",0,6.4,23,7,"9032"
"15686","    6 ","15/03/1994",0,6.1,20,6,"9032"
"15687","   7.5 ","16/03/1994",0,8.6,20.5,7.5,"9032"
"15688","   4 ","17/03/1994",0,7.4,21.5,4,"9032"
"15689","   5.5 ","18/03/1994",0,6.7,23.5,5.5,"9032"
"15690","   7 ","19/03/1994",0,8.1,25.5,7,"9032"
"15691","    9 ","20/03/1994",0,7.8,25,9,"9032"
"15692","   8.5 ","21/03/1994",0,7.5,27.5,8.5,"9032"
"15693","    9.5 ","22/03/1994",0,7.2,26,9.5,"9032"
"15694","   9 ","23/03/1994",0,8.4,25.5,9,"9032"
"15695","    10 ","24/03/1994",0,8,26,10,"9032"
"15696","   8.5 ","25/03/1994",0,9.1,27.5,8.5,"9032"
"15697","    10 ","26/03/1994",0,9.2,27,10,"9032"
"15698","   12 ","27/03/1994",0,9.9,25.5,12,"9032"
"15699","    7.5 ","28/03/1994",0,9.1,25,7.5,"9032"
"15700","    6 ","29/03/1994",0,9.1,24,6,"9032"
"15701","    7 ","30/03/1994",0,8.6,24,7,"9032"
"15702","   6 ","31/03/1994",0,6.7,22.5,6,"9032"
"15703","   8.5 ","01/04/1994",1.1,6.8,23.5,8.5,"9032"
"15704","    8 ","02/04/1994",0.4,6.2,23,8,"9032"
"15705","   8 ","03/04/1994",0,7.8,25.5,8,"9032"
"15706","    10 ","04/04/1994",0,8,24,10,"9032"
"15707","    10 ","05/04/1994",0,8.9,25,10,"9032"
"15708","    7 ","06/04/1994",0,5.2,23,7,"9032"
"15709","   6.5 ","07/04/1994",1.1,4.7,23.5,6.5,"9032"
"15710","   8 ","08/04/1994",0,5.5,23.5,8,"9032"
"15711","    7 ","09/04/1994",0,7.2,24,7,"9032"
"15712","   8.5 ","10/04/1994",0,6.6,24.5,8.5,"9032"
"15713","    9.5 ","11/04/1994",1.1,5.9,25,9.5,"9032"
"15714","   10 ","12/04/1994",0,5.5,24.5,10,"9032"
"15715","   7.5 ","13/04/1994",0,6.3,24.5,7.5,"9032"
"15716","    9 ","14/04/1994",0,7.4,25,9,"9032"
"15717","    8 ","15/04/1994",0,7.5,25,8,"9032"
"15718","    8.5 ","16/04/1994",0,4.1,23,8.5,"9032"
"15719","    8.5 ","17/04/1994",16.8,4.8,19,8.5,"9032"
"15720","   7 ","18/04/1994",8.6,2.2,14.5,7,"9032"
"15721","   7 ","19/04/1994",0,5,19.5,7,"9032"
"15722","    7 ","20/04/1994",1.2,2.8,19,7,"9032"
"15723","   8 ","21/04/1994",0,5.2,18.5,8,"9032"
"15724","   7 ","22/04/1994",0,4.5,19.5,7,"9032"
"15725","    5.5 ","23/04/1994",0,8,22,5.5,"9032"
"15726","    8.5 ","24/04/1994",0,6.8,21,8.5,"9032"
"15727","    8.5 ","25/04/1994",0,8,24,8.5,"9032"
"15728","   7.5 ","26/04/1994",0,8.9,24.5,7.5,"9032"
"15729","   9 ","27/04/1994",0,8.6,25.5,9,"9032"
"15730","   8.5 ","28/04/1994",0,9.5,26.5,8.5,"9032"
"15731","   9.5 ","29/04/1994",0,8.5,27.5,9.5,"9032"
"15732","    7.5 ","30/04/1994",0,9.4,27,7.5,"9032"
"15733","    10.5 ","01/05/1994",0,5.3,24,10.5,"9032"
"15734","    11.5 ","02/05/1994",0,6.3,27,11.5,"9032"
"15735","    10 ","03/05/1994",2,6.2,25,10,"9032"
"15736","    10.5 ","04/05/1994",0,6.1,24,10.5,"9032"
"15737","    9 ","05/05/1994",43.5,6.1,25,9,"9032"
"15738","   6 ","06/05/1994",0,5.9,23.5,6,"9032"
"15739","    9 ","07/05/1994",0,8.9,26,9,"9032"
"15740","   8.5 ","08/05/1994",0,9.6,26.5,8.5,"9032"
"15741","   9.5 ","09/05/1994",0,9.5,27.5,9.5,"9032"
"15742","    10.5 ","10/05/1994",2.2,6,25,10.5,"9032"
"15743","    9 ","11/05/1994",17.2,7.2,23,9,"9032"
"15744","    9.5 ","12/05/1994",0,2.5,21,9.5,"9032"
"15745","   10 ","13/05/1994",10.5,4.2,21.5,10,"9032"
"15746","   8 ","14/05/1994",16.5,4.8,22.5,8,"9032"
"15747","   9.5 ","15/05/1994",1.6,3.5,20.5,9.5,"9032"
"15748","   9 ","16/05/1994",0,4.6,21.5,9,"9032"
"15749","    9.5 ","17/05/1994",5.2,4.2,23,9.5,"9032"
"15750","   8 ","18/05/1994",0,5.2,23.5,8,"9032"
"15751","   10.5 ","19/05/1994",3.2,4.8,21.5,10.5,"9032"
"15752","    9.5 ","20/05/1994",11.8,4.4,22,9.5,"9032"
"15753","    7 ","21/05/1994",0,3.5,23,7,"9032"
"15754","    8.5 ","22/05/1994",0,7.4,23,8.5,"9032"
"15755","    8 ","23/05/1994",0,6.8,24,8,"9032"
"15756","    8 ","24/05/1994",0,4.7,23,8,"9032"
"15757","    9.5 ","25/05/1994",0,6.1,26,9.5,"9032"
"15758","    10.5 ","26/05/1994",0,7.3,26,10.5,"9032"
"15759","   11 ","27/05/1994",3.5,2.1,23.5,11,"9032"
"15760","    11 ","28/05/1994",2.4,6.4,25,11,"9032"
"15761","   9 ","29/05/1994",0,7.2,25.5,9,"9032"
"15762","    9 ","30/05/1994",0,8.4,26,9,"9032"
"15763","    11 ","31/05/1994",0,6.7,24,11,"9032"
"15764","    8 ","01/06/1994",0,8.1,24,8,"9032"
"15765","    6 ","02/06/1994",0,8.3,25,6,"9032"
"15766","    8 ","03/06/1994",0,6.5,25,8,"9032"
"15767","    10 ","04/06/1994",5.5,4.9,23,10,"9032"
"15768","   10.5 ","05/06/1994",1,2.8,21.5,10.5,"9032"
"15769","   10.5 ","06/06/1994",0,2.4,22.5,10.5,"9032"
"15770","   10 ","07/06/1994",9.2,7.1,23.5,10,"9032"
"15771","    9.5 ","08/06/1994",1.8,6.2,25,9.5,"9032"
"15772","    11 ","09/06/1994",4.5,4.7,23,11,"9032"
"15773","   11 ","10/06/1994",10.3,1.7,17.5,11,"9032"
"15774","    11.5 ","11/06/1994",26.5,4.8,21,11.5,"9032"
"15775","    10 ","12/06/1994",7,1.8,16,10,"9032"
"15776","   10.5 ","13/06/1994",0.8,3.5,19.5,10.5,"9032"
"15777","   11.5 ","14/06/1994",15,3.1,20.5,11.5,"9032"
"15778","    11.5 ","15/06/1994",3.3,4.1,20,11.5,"9032"
"15779","   8 ","16/06/1994",0,7.1,22.5,8,"9032"
"15780","    7 ","17/06/1994",0,5.1,22,7,"9032"
"15781","    9 ","18/06/1994",4.6,3.4,20,9,"9032"
"15782","   9 ","19/06/1994",6.2,2.8,18.5,9,"9032"
"15783","    8.5 ","20/06/1994",1,2.1,19,8.5,"9032"
"15784","    9.5 ","21/06/1994",3.8,5.1,22,9.5,"9032"
"15785","    10.5 ","22/06/1994",5.7,3.7,21,10.5,"9032"
"15786","    10 ","23/06/1994",1.7,2.9,21,10,"9032"
"15787","    10 ","24/06/1994",0,1.9,19,10,"9032"
"15788","    10.5 ","25/06/1994",9.2,5,21,10.5,"9032"
"15789","    6.5 ","26/06/1994",0.7,4.4,21,6.5,"9032"
"15790","    8 ","27/06/1994",10,4.9,22,8,"9032"
"15791","   6.5 ","28/06/1994",0,2.7,18.5,6.5,"9032"
"15792","   8 ","29/06/1994",4.4,4.7,20.5,8,"9032"
"15793","   7.5 ","30/06/1994",0,2.7,13.5,7.5,"9032"
"15794","    9 ","01/07/1994",10,6.9,23,9,"9032"
"15795","   6.5 ","02/07/1994",2.7,5.6,21.5,6.5,"9032"
"15796","   8.5 ","03/07/1994",1.8,2.8,20.5,8.5,"9032"
"15797","    10 ","04/07/1994",7.1,4.4,21,10,"9032"
"15798","   7.5 ","05/07/1994",0,4.3,21.5,7.5,"9032"
"15799","    9.5 ","06/07/1994",6,5.2,22,9.5,"9032"
"15800","   8 ","07/07/1994",0,4.7,22.5,8,"9032"
"15801","   8 ","08/07/1994",13.8,4.6,19.5,8,"9032"
"15802","   8 ","09/07/1994",0,4.1,21.5,8,"9032"
"15803","   7.5 ","10/07/1994",5.6,3.4,20.5,7.5,"9032"
"15804","   10 ","11/07/1994",0,4.8,21.5,10,"9032"
"15805","   10.5 ","12/07/1994",0,4.4,22.5,10.5,"9032"
"15806","    10 ","13/07/1994",2.4,2.5,21,10,"9032"
"15807","   10.5 ","14/07/1994",3.7,3.9,21.5,10.5,"9032"
"15808","    8 ","15/07/1994",0,4.5,21,8,"9032"
"15809","   9 ","16/07/1994",17,4.8,20.5,9,"9032"
"15810","    5.5 ","17/07/1994",2.8,4.2,19,5.5,"9032"
"15811","   8 ","18/07/1994",0,1.4,17.5,8,"9032"
"15812","    6 ","19/07/1994",0.5,4.8,22,6,"9032"
"15813","   7.5 ","20/07/1994",3.1,4.8,22.5,7.5,"9032"
"15814","   8.5 ","21/07/1994",18,5.7,20.5,8.5,"9032"
"15815","    9.5 ","22/07/1994",10.7,4,20,9.5,"9032"
"15816","   9 ","23/07/1994",2.8,3.8,19.5,9,"9032"
"15817","   5.5 ","24/07/1994",5.2,2.2,17.5,5.5,"9032"
"15818","    8 ","25/07/1994",0,3.2,20,8,"9032"
"15819","    7 ","26/07/1994",0,5.1,22,7,"9032"
"15820","   8.5 ","27/07/1994",0,5,23.5,8.5,"9032"
"15821","    8 ","28/07/1994",1,5.1,22,8,"9032"
"15822","    7.5 ","29/07/1994",0,5.6,22,7.5,"9032"
"15823","   8 ","30/07/1994",0,4.2,22.5,8,"9032"
"15824","   10 ","31/07/1994",1.5,5.7,23.5,10,"9032"
"15825","    8 ","01/08/1994",0,4.3,20,8,"9032"
"15826","   7.5 ","02/08/1994",1,3.2,20.5,7.5,"9032"
"15827","   10.5 ","03/08/1994",1.2,1.6,18.5,10.5,"9032"
"15828","   10 ","04/08/1994",0,1.9,17.5,10,"9032"
"15829","    8 ","05/08/1994",0,1.3,20,8,"9032"
"15830","    10 ","06/08/1994",8.4,2.6,20,10,"9032"
"15831","    9.5 ","07/08/1994",11.2,5,21,9.5,"9032"
"15832","   8.5 ","08/08/1994",17.2,8.2,20.5,8.5,"9032"
"15833","    7 ","09/08/1994",2.4,3.9,20,7,"9032"
"15834","   6.5 ","10/08/1994",0,3.3,18.5,6.5,"9032"
"15835","   9 ","11/08/1994",1.8,1.6,17.5,9,"9032"
"15836","    9.5 ","12/08/1994",2.1,4.8,21,9.5,"9032"
"15837","    10.5 ","13/08/1994",16.3,2.2,19,10.5,"9032"
"15838","   10 ","14/08/1994",6.2,4.4,16.5,10,"9032"
"15839","    10.5 ","15/08/1994",1.1,1.8,19,10.5,"9032"
"15840","    10.5 ","16/08/1994",21,4.5,21,10.5,"9032"
"15841","   8 ","17/08/1994",11.5,2.8,19.5,8,"9032"
"15842","    9.5 ","18/08/1994",11.8,3.1,21,9.5,"9032"
"15843","    10 ","19/08/1994",0.6,3.6,20,10,"9032"
"15844","    9 ","20/08/1994",0,4.2,21,9,"9032"
"15845","    7 ","21/08/1994",0,5.2,22,7,"9032"
"15846","   7 ","22/08/1994",2.6,4.1,22.5,7,"9032"
"15847","   8.5 ","23/08/1994",1.3,2,18.5,8.5,"9032"
"15848","    9.5 ","24/08/1994",2.5,2.3,20,9.5,"9032"
"15849","   10 ","25/08/1994",2.2,4,20.5,10,"9032"
"15850","   10.5 ","26/08/1994",2.5,2.6,19.5,10.5,"9032"
"15851","    9 ","27/08/1994",0.2,1.7,19,9,"9032"
"15852","   10.5 ","28/08/1994",0,4.2,20.5,10.5,"9032"
"15853","   6.5 ","29/08/1994",0,4.7,21.5,6.5,"9032"
"15854","   8.5 ","30/08/1994",4.7,4.4,21.5,8.5,"9032"
"15855","   11.5 ","31/08/1994",1.4,1,16.5,11.5,"9032"
"15856","   11 ","01/09/1994",0,3.4,20.5,11,"9032"
"15857","    9.5 ","02/09/1994",13.6,2.1,18,9.5,"9032"
"15858","    10 ","03/09/1994",0.4,2.8,19,10,"9032"
"15859","   6.5 ","04/09/1994",0,2.8,19.5,6.5,"9032"
"15860","    8.5 ","05/09/1994",0,3.6,20,8.5,"9032"
"15861","    10 ","06/09/1994",2.2,2.7,20,10,"9032"
"15862","    10 ","07/09/1994",25,4.5,19,10,"9032"
"15863","    10 ","08/09/1994",16.8,2.5,18,10,"9032"
"15864","   10 ","09/09/1994",1,3.8,17.5,10,"9032"
"15865","   8 ","10/09/1994",1.6,2.8,19.5,8,"9032"
"15866","    9.5 ","11/09/1994",0,1.7,17,9.5,"9032"
"15867","    7 ","12/09/1994",3.2,2.8,20,7,"9032"
"15868","   10.5 ","13/09/1994",5.3,2.8,20.5,10.5,"9032"
"15869","   11 ","14/09/1994",2.8,3.6,21.5,11,"9032"
"15870","    10.5 ","15/09/1994",0,2.7,21,10.5,"9032"
"15871","    10.5 ","16/09/1994",11.4,3.3,19,10.5,"9032"
"15872","   9.5 ","17/09/1994",2.8,1.9,18.5,9.5,"9032"
"15873","    10.5 ","18/09/1994",3.5,2.3,18,10.5,"9032"
"15874","   9.5 ","19/09/1994",4.2,2.1,19.5,9.5,"9032"
"15875","    9.5 ","20/09/1994",5.2,4.3,20,9.5,"9032"
"15876","   9.5 ","21/09/1994",0,4.8,21.5,9.5,"9032"
"15877","   6 ","22/09/1994",0,6.2,22.5,6,"9032"
"15878","   6 ","23/09/1994",0,5,21.5,6,"9032"
"15879","    9.5 ","24/09/1994",7,4.2,22,9.5,"9032"
"15880","    10.5 ","25/09/1994",0,1.9,18,10.5,"9032"
"15881","    8.5 ","26/09/1994",0,5.2,21,8.5,"9032"
"15882","    6.5 ","27/09/1994",0,5.6,22,6.5,"9032"
"15883","   5 ","28/09/1994",0,4.9,20.5,5,"9032"
"15884","    5 ","29/09/1994",0,3.5,19,5,"9032"
"15885","   7 ","30/09/1994",1,3.2,18.5,7,"9032"
"15886","    10 ","01/10/1994",0,1.2,18,10,"9032"
"15887","    7.5 ","02/10/1994",12.2,4.9,22,7.5,"9032"
"15888","    9 ","03/10/1994",1.8,2.3,20,9,"9032"
"15889","    11 ","04/10/1994",0,3.2,21,11,"9032"
"15890","    11 ","05/10/1994",0.8,3.2,20,11,"9032"
"15891","    9 ","06/10/1994",0,2.5,22,9,"9032"
"15892","    9.5 ","07/10/1994",0,3.9,22,9.5,"9032"
"15893","    8 ","08/10/1994",0.5,3.5,22,8,"9032"
"15894","    8.5 ","09/10/1994",16.3,1,20,8.5,"9032"
"15895","   8 ","10/10/1994",0,3.1,16.5,8,"9032"
"15896","   8.5 ","11/10/1994",0,2.6,16.5,8.5,"9032"
"15897","    9 ","12/10/1994",5,1.7,17,9,"9032"
"15898","   8.5 ","13/10/1994",4.8,2.9,18.5,8.5,"9032"
"15899","    10 ","14/10/1994",5.1,5.2,21,10,"9032"
"15900","   11 ","15/10/1994",0,2.5,20.5,11,"9032"
"15901","   10 ","16/10/1994",0,4.1,21.5,10,"9032"
"15902","    8 ","17/10/1994",0,4.8,23,8,"9032"
"15903","   9 ","18/10/1994",0,3.3,21.5,9,"9032"
"15904","    8.5 ","19/10/1994",6.1,3.4,21,8.5,"9032"
"15905","   9.5 ","20/10/1994",0,5.1,21.5,9.5,"9032"
"15906","   8.5 ","21/10/1994",0,3.4,21.5,8.5,"9032"
"15907","    8 ","22/10/1994",0,6.9,23,8,"9032"
"15908","   6.5 ","23/10/1994",0,5.9,23.5,6.5,"9032"
"15909","    6.5 ","24/10/1994",0,5.8,22,6.5,"9032"
"15910","    6 ","25/10/1994",0,6.1,22,6,"9032"
"15911","    5 ","26/10/1994",0,3.5,21,5,"9032"
"15912","    6 ","27/10/1994",0,4.4,21,6,"9032"
"15913","   10 ","28/10/1994",0,4.1,20.5,10,"9032"
"15914","    7 ","29/10/1994",0,4.1,22,7,"9032"
"15915","   6.5 ","30/10/1994",0,3.8,20.5,6.5,"9032"
"15916","    7.5 ","31/10/1994",0.5,2.8,21,7.5,"9032"
"15917","    10 ","01/11/1994",0,2.9,19,10,"9032"
"15918","   7.5 ","02/11/1994",0,3.3,22.5,7.5,"9032"
"15919","    8 ","03/11/1994",0,3,21,8,"9032"
"15920","   7.5 ","04/11/1994",0,3.7,21.5,7.5,"9032"
"15921","    8 ","05/11/1994",0,5.7,18,8,"9032"
"15922","   7.5 ","06/11/1994",0.4,2,21.5,7.5,"9032"
"15923","    8 ","07/11/1994",0,3.8,22,8,"9032"
"15924","   5 ","08/11/1994",0,5.2,21.5,5,"9032"
"15925","    4 ","09/11/1994",0,5.2,21,4,"9032"
"15926","    2.5 ","10/11/1994",0,6.7,19,2.5,"9032"
"15927","    3.5 ","11/11/1994",0,4.6,21,3.5,"9032"
"15928","    6 ","12/11/1994",0,2.1,22,6,"9032"
"15929","   7.5 ","13/11/1994",0,5.3,21.5,7.5,"9032"
"15930","    5.5 ","14/11/1994",0,4.7,22,5.5,"9032"
"15931","    5 ","15/11/1994",0,3.5,19,5,"9032"
"15932","    6.5 ","16/11/1994",0,4.7,20,6.5,"9032"
"15933","    5.5 ","17/11/1994",0,4.7,21,5.5,"9032"
"15934","    5 ","18/11/1994",0,4.9,22,5,"9032"
"15935","    4 ","19/11/1994",0,4.8,22,4,"9032"
"15936","   5.5 ","20/11/1994",0,4.3,20.5,5.5,"9032"
"15937","    5 ","21/11/1994",0,4.8,22,5,"9032"
"15938","    4.5 ","22/11/1994",0,3.9,22,4.5,"9032"
"15939","    5.5 ","23/11/1994",0,1.7,18,5.5,"9032"
"15940","    4 ","24/11/1994",0,4.9,19,4,"9032"
"15941","    4.5 ","25/11/1994",0,3.9,20,4.5,"9032"
"15942","   5 ","26/11/1994",0,5.9,23.5,5,"9032"
"15943","    6 ","27/11/1994",0,6,24,6,"9032"
"15944","    7 ","28/11/1994",0,4.7,23,7,"9032"
"15945","   7 ","29/11/1994",0,3.1,21.5,7,"9032"
"15946","    9 ","30/11/1994",0,1.2,17,9,"9032"
"15947","   6.5 ","01/12/1994",0,2.3,18.5,6.5,"9032"
"15948","    5 ","02/12/1994",0,4.5,19,5,"9032"
"15949","    5 ","03/12/1994",33.2,4.1,19,5,"9032"
"15950","   6 ","04/12/1994",0,3.5,20.5,6,"9032"
"15951","   5.5 ","05/12/1994",0,4.1,21.5,5.5,"9032"
"15952","    6 ","06/12/1994",0,4.3,21,6,"9032"
"15953","    6.5 ","07/12/1994",0,3.5,20,6.5,"9032"
"15954","   5 ","08/12/1994",0,2.7,19.5,5,"9032"
"15955","   5.5 ","09/12/1994",0,5.9,20.5,5.5,"9032"
"15956","    5 ","10/12/1994",0,4.2,20,5,"9032"
"15957","    4.5 ","11/12/1994",0,3.2,20,4.5,"9032"
"15958","    6 ","12/12/1994",0,5.3,22,6,"9032"
"15959","   5 ","13/12/1994",0,4.9,21.5,5,"9032"
"15960","   6.5 ","14/12/1994",0,5,22.5,6.5,"9032"
"15961","   6 ","15/12/1994",0,4.3,21.5,6,"9032"
"15962","    5.5 ","16/12/1994",0,4.2,22,5.5,"9032"
"15963","    6.5 ","17/12/1994",0,3.2,18,6.5,"9032"
"15964","   6 ","18/12/1994",0,2.2,16.5,6,"9032"
"15965","   5.5 ","19/12/1994",0,4.1,20.5,5.5,"9032"
"15966","   6 ","20/12/1994",0,2.9,18.5,6,"9032"
"15967","    6.5 ","21/12/1994",0,3,20,6.5,"9032"
"15968","   7 ","22/12/1994",0,4.7,19.5,7,"9032"
"15969","    6.5 ","23/12/1994",0,1.5,19,6.5,"9032"
"15970","    5 ","24/12/1994",0,2.5,19,5,"9032"
"15971","    2 ","25/12/1994",0,5.2,19,2,"9032"
"15972","    3 ","26/12/1994",0,5.2,20,3,"9032"
"15973","   5 ","27/12/1994",0,5.2,21.5,5,"9032"
"15974","    7 ","28/12/1994",0,5.1,20,7,"9032"
"15975","    3.5 ","29/12/1994",0,4.8,21,3.5,"9032"
"15976","   5 ","30/12/1994",0,3.8,18.5,5,"9032"
"15977","    4.5 ","31/12/1994",0,4.4,20,4.5,"9032"
"15978","    5 ","01/01/1995",0,2.6,19,5,"9032"
"15979","   5 ","02/01/1995",0,2.5,16.5,5,"9032"
"15980","    6 ","03/01/1995",0,4.2,18,6,"9032"
"15981","   6 ","04/01/1995",0,2.1,18.5,6,"9032"
"15982","   6.5 ","05/01/1995",0,4.3,18.5,6.5,"9032"
"15983","    8 ","06/01/1995",0,4.3,20,8,"9032"
"15984","   4.5 ","07/01/1995",0,3.4,20.5,4.5,"9032"
"15985","    5 ","08/01/1995",0,5.1,21,5,"9032"
"15986","    4.5 ","09/01/1995",0,5.3,22,4.5,"9032"
"15987","    5 ","10/01/1995",0,4.1,20,5,"9032"
"15988","    4.5 ","11/01/1995",0,5,21,4.5,"9032"
"15989","    4.5 ","12/01/1995",0,4.9,22,4.5,"9032"
"15990","   4.5 ","13/01/1995",0,6.4,21.5,4.5,"9032"
"15991","    2.5 ","14/01/1995",0,5.3,19,2.5,"9032"
"15992","    2 ","15/01/1995",0,4.8,20,2,"9032"
"15993","    4 ","16/01/1995",0,4.8,21,4,"9032"
"15994","    4.5 ","17/01/1995",0,6.1,22,4.5,"9032"
"15995","    5 ","18/01/1995",0,4.7,20,5,"9032"
"15996","   4.5 ","19/01/1995",0,4.3,18.5,4.5,"9032"
"15997","   5.5 ","20/01/1995",0,4.6,20.5,5.5,"9032"
"15998","   6 ","21/01/1995",0,4.8,18.5,6,"9032"
"15999","    5 ","22/01/1995",0,3.7,20,5,"9032"
"16000","    4 ","23/01/1995",0,2.5,20,4,"9032"
"16001","    4.5 ","24/01/1995",0,2.7,21,4.5,"9032"
"16002","    6 ","25/01/1995",0,3.7,15,6,"9032"
"16003","   4.5 ","26/01/1995",0,3.7,20.5,4.5,"9032"
"16004","   5 ","27/01/1995",0,4.3,18.5,5,"9032"
"16005","   6 ","28/01/1995",0,3.7,21.5,6,"9032"
"16006","   7 ","29/01/1995",0,3.9,18.5,7,"9032"
"16007","    5.5 ","30/01/1995",0,2.3,11,5.5,"9032"
"16008","   5 ","31/01/1995",22.8,2.2,18.5,5,"9032"
"16009","    4.5 ","01/02/1995",0,3,17,4.5,"9032"
"16010","    4 ","02/02/1995",0,2.5,18,4,"9032"
"16011","   5 ","03/02/1995",0,2,16.5,5,"9032"
"16012","    3 ","04/02/1995",5.5,2.5,12,3,"9032"
"16013","    3.5 ","05/02/1995",0,3.1,16,3.5,"9032"
"16014","   4 ","06/02/1995",6.4,3,16.5,4,"9032"
"16015","   6 ","07/02/1995",0,4,18.5,6,"9032"
"16016","    5.5 ","08/02/1995",0,1.8,17,5.5,"9032"
"16017","    6 ","09/02/1995",1.2,1.8,17,6,"9032"
"16018","   5.5 ","10/02/1995",0.8,5.9,20.5,5.5,"9032"
"16019","    6.5 ","11/02/1995",0,6.4,21,6.5,"9032"
"16020","   3 ","12/02/1995",0,7.1,21.5,3,"9032"
"16021","   7 ","13/02/1995",0,7.8,24.5,7,"9032"
"16022","    6.5 ","14/02/1995",0,8.3,25,6.5,"9032"
"16023","   7.5 ","15/02/1995",0,6.9,23.5,7.5,"9032"
"16024","   7 ","16/02/1995",0,8.8,23.5,7,"9032"
"16025","    4 ","17/02/1995",0,6.8,23,4,"9032"
"16026","    4 ","18/02/1995",0,4.2,22,4,"9032"
"16027","   5 ","19/02/1995",0,6.2,22.5,5,"9032"
"16028","   6.5 ","20/02/1995",0,4.6,19.5,6.5,"9032"
"16029","    5 ","21/02/1995",0,5.5,20,5,"9032"
"16030","    4 ","22/02/1995",0,4.8,21,4,"9032"
"16031","    5 ","23/02/1995",0,3.7,18,5,"9032"
"16032","    3 ","24/02/1995",0,4.4,21,3,"9032"
"16033","   4 ","25/02/1995",0,5.4,21.5,4,"9032"
"16034","   6.5 ","26/02/1995",0,4.3,21.5,6.5,"9032"
"16035","    7 ","27/02/1995",0,4.8,22,7,"9032"
"16036","   6 ","28/02/1995",0,4.9,22.5,6,"9032"
"16037","   8.5 ","01/03/1995",3.2,3,20.5,8.5,"9032"
"16038","   6.5 ","02/03/1995",0,4.1,20.5,6.5,"9032"
"16039","    8 ","03/03/1995",0,5.3,22,8,"9032"
"16040","   8.5 ","04/03/1995",0,5.2,23.5,8.5,"9032"
"16041","    8.5 ","05/03/1995",7.2,1.9,19,8.5,"9032"
"16042","   7 ","06/03/1995",0,7.7,20.5,7,"9032"
"16043","   7 ","07/03/1995",0,8.7,20.5,7,"9032"
"16044","    4 ","08/03/1995",0,4.2,23,4,"9032"
"16045","    1 ","09/03/1995",0,5.2,23,1,"9032"
"16046","    3 ","10/03/1995",0,6.2,20,3,"9032"
"16047","   8 ","11/03/1995",0,5.7,22.5,8,"9032"
"16048","    7 ","12/03/1995",0,6.9,21,7,"9032"
"16049","    5.5 ","13/03/1995",0,8.2,22,5.5,"9032"
"16050","    5 ","14/03/1995",0,6.8,22,5,"9032"
"16051","    7 ","15/03/1995",0,3.9,21,7,"9032"
"16052","    3.5 ","16/03/1995",0.2,6.2,18,3.5,"9032"
"16053","    6 ","17/03/1995",0,6.4,20,6,"9032"
"16054","    4.5 ","18/03/1995",0,5.7,20,4.5,"9032"
"16055","    6 ","19/03/1995",0,7.8,21,6,"9032"
"16056","    8.5 ","20/03/1995",0,8.6,21,8.5,"9032"
"16057","    9 ","21/03/1995",0,8.9,24,9,"9032"
"16058","    10 ","22/03/1995",0,6.9,25,10,"9032"
"16059","    8 ","23/03/1995",0,7.1,27,8,"9032"
"16060","    9.5 ","24/03/1995",0,8.9,27,9.5,"9032"
"16061","   9.5 ","25/03/1995",0,8.1,26.5,9.5,"9032"
"16062","    9.5 ","26/03/1995",0,7.8,27,9.5,"9032"
"16063","   9 ","27/03/1995",0,7.8,27.5,9,"9032"
"16064","    8.5 ","28/03/1995",0,8.2,27,8.5,"9032"
"16065","   8 ","29/03/1995",0,6.5,25.5,8,"9032"
"16066","   9.5 ","30/03/1995",0,8.5,23.5,9.5,"9032"
"16067","   7 ","31/03/1995",0,7.8,26.5,7,"9032"
"16068","    11 ","01/04/1995",0,7.2,22,11,"9032"
"16069","   7 ","02/04/1995",0,6.9,22.5,7,"9032"
"16070","    9 ","03/04/1995",0,7.7,22,9,"9032"
"16071","    9.5 ","04/04/1995",0,7.8,22,9.5,"9032"
"16072","    11 ","05/04/1995",0,8.6,23,11,"9032"
"16073","    5 ","06/04/1995",0,8.9,24,5,"9032"
"16074","    6 ","07/04/1995",0,8.4,25,6,"9032"
"16075","   8 ","08/04/1995",0,8,24.5,8,"9032"
"16076","   10 ","09/04/1995",0,7.7,25.5,10,"9032"
"16077","    11 ","10/04/1995",0,7.9,24,11,"9032"
"16078","    8 ","11/04/1995",0,9.8,25,8,"9032"
"16079","    8 ","12/04/1995",0,9.1,25,8,"9032"
"16080","    8 ","13/04/1995",0,5.8,25,8,"9032"
"16081","    9.5 ","14/04/1995",0,5.1,22,9.5,"9032"
"16082","   9 ","15/04/1995",0,7,23.5,9,"9032"
"16083","    11 ","16/04/1995",0,7.8,25,11,"9032"
"16084","    9.5 ","17/04/1995",0,5.1,24,9.5,"9032"
"16085","   9 ","18/04/1995",1.5,6.7,23.5,9,"9032"
"16086","    9 ","19/04/1995",0,8.1,26,9,"9032"
"16087","    10 ","20/04/1995",0,8.3,25,10,"9032"
"16088","   9 ","21/04/1995",0,8.6,26.5,9,"9032"
"16089","    9.5 ","22/04/1995",0,6.3,28,9.5,"9032"
"16090","   10.5 ","23/04/1995",0,8.6,28.5,10.5,"9032"
"16091","    11 ","24/04/1995",0,8.2,26,11,"9032"
"16092","    10.5 ","25/04/1995",0,8.2,26,10.5,"9032"
"16093","    8.5 ","26/04/1995",0,2.1,20,8.5,"9032"
"16094","    6 ","27/04/1995",2.5,6.5,22,6,"9032"
"16095","   6.5 ","28/04/1995",0,6.1,23.5,6.5,"9032"
"16096","    9 ","29/04/1995",0,6.1,24,9,"9032"
"16097","   9 ","30/04/1995",9.2,3.6,22.5,9,"9032"
"16098","   8 ","01/05/1995",0,7.2,24.5,8,"9032"
"16099","    7.5 ","02/05/1995",4.1,5.6,24,7.5,"9032"
"16100","    8 ","03/05/1995",0,4.9,24,8,"9032"
"16101","    7.5 ","04/05/1995",0,5.9,25,7.5,"9032"
"16102","   9 ","05/05/1995",0,6.8,25.5,9,"9032"
"16103","    10.5 ","06/05/1995",0,7.3,26,10.5,"9032"
"16104","   12 ","07/05/1995",0,7.9,26.5,12,"9032"
"16105","    9.5 ","08/05/1995",0,8.8,26,9.5,"9032"
"16106","   10.5 ","09/05/1995",0,8.7,26.5,10.5,"9032"
"16107","    12 ","10/05/1995",0,8.6,27,12,"9032"
"16108","   9.5 ","11/05/1995",0,6,26.5,9.5,"9032"
"16109","   10 ","12/05/1995",0,6.7,26.5,10,"9032"
"16110","    11 ","13/05/1995",0,6.2,27,11,"9032"
"16111","   11.5 ","14/05/1995",0,7.5,28.5,11.5,"9032"
"16112","    10 ","15/05/1995",0,5.8,27,10,"9032"
"16113","   10.5 ","16/05/1995",4.6,7.1,26.5,10.5,"9032"
"16114","   11 ","17/05/1995",0,5.7,25.5,11,"9032"
"16115","    10 ","18/05/1995",1,6.8,27,10,"9032"
"16116","    11 ","19/05/1995",0,5.8,26,11,"9032"
"16117","    8.5 ","20/05/1995",0,7.2,26,8.5,"9032"
"16118","   11.5 ","21/05/1995",4.6,3.9,25.5,11.5,"9032"
"16119","   14 ","22/05/1995",0,6.3,26.5,14,"9032"
"16120","    12 ","23/05/1995",0,6.5,26,12,"9032"
"16121","    10 ","24/05/1995",11,5,26,10,"9032"
"16122","    10 ","25/05/1995",0,5.2,23,10,"9032"
"16123","   9.5 ","26/05/1995",8.7,2.7,17.5,9.5,"9032"
"16124","   10 ","27/05/1995",3.3,3.5,21.5,10,"9032"
"16125","   9.5 ","28/05/1995",0,3,22.5,9.5,"9032"
"16126","   10.5 ","29/05/1995",19,3.5,21.5,10.5,"9032"
"16127","    11 ","30/05/1995",0,4.2,22,11,"9032"
"16128","   11.5 ","31/05/1995",4.4,4.2,20.5,11.5,"9032"
"16129","   7 ","01/06/1995",0,8.5,24.5,7,"9032"
"16130","    7 ","02/06/1995",0,7.5,25,7,"9032"
"16131","   6.5 ","03/06/1995",0,7.9,26.5,6.5,"9032"
"16132","    7 ","04/06/1995",0,8.4,27,7,"9032"
"16133","    8 ","05/06/1995",0,7.7,27,8,"9032"
"16134","    11 ","06/06/1995",0,6.9,26,11,"9032"
"16135","   11 ","07/06/1995",0,5,26.5,11,"9032"
"16136","   12 ","08/06/1995",0.4,8.1,28.5,12,"9032"
"16137","    11.5 ","09/06/1995",0,6.4,26,11.5,"9032"
"16138","   10 ","10/06/1995",0,3.1,23.5,10,"9032"
"16139","   12 ","11/06/1995",7,4,21.5,12,"9032"
"16140","    11.5 ","12/06/1995",0.4,3.8,24,11.5,"9032"
"16141","    11 ","13/06/1995",2.3,3.1,21,11,"9032"
"16142","   10 ","14/06/1995",8.1,4.4,21.5,10,"9032"
"16143","    10 ","15/06/1995",17.9,3.2,21,10,"9032"
"16144","    11 ","16/06/1995",1.5,5.4,22,11,"9032"
"16145","    11.5 ","17/06/1995",19,7.9,21,11.5,"9032"
"16146","    10 ","18/06/1995",41,3.2,22,10,"9032"
"16147","    11.5 ","19/06/1995",17.7,3.6,21,11.5,"9032"
"16148","   11.5 ","20/06/1995",17,3.8,20.5,11.5,"9032"
"16149","    11 ","21/06/1995",21,4.7,21,11,"9032"
"16150","   11.5 ","22/06/1995",14.4,2.4,21.5,11.5,"9032"
"16151","    12.5 ","23/06/1995",2.7,3.4,23,12.5,"9032"
"16152","   12.5 ","24/06/1995",2.8,3.9,22.5,12.5,"9032"
"16153","    11 ","25/06/1995",3.4,4.4,22,11,"9032"
"16154","   10.5 ","26/06/1995",28.3,4.4,22.5,10.5,"9032"
"16155","    11.5 ","27/06/1995",2.5,5.1,22,11.5,"9032"
"16156","   11 ","28/06/1995",20,3.2,19.5,11,"9032"
"16157","    11 ","29/06/1995",3.3,1.3,17,11,"9032"
"16158","    11.5 ","30/06/1995",0,2.3,20,11.5,"9032"
"16159","   10.5 ","01/07/1995",5.1,5.1,15.5,10.5,"9032"
"16160","    9 ","02/07/1995",1.4,1.4,21,9,"9032"
"16161","   8.5 ","03/07/1995",0,0,22.5,8.5,"9032"
"16162","    11 ","04/07/1995",2.9,2.9,21,11,"9032"
"16163","   9 ","05/07/1995",0,0,22.5,9,"9032"
"16164","    10 ","06/07/1995",0,0,22,10,"9032"
"16165","   7.5 ","07/07/1995",0.2,0.2,20.5,7.5,"9032"
"16166","    9.5 ","08/07/1995",0,0,20,9.5,"9032"
"16167","   10 ","09/07/1995",0.5,0.5,20.5,10,"9032"
"16168","    9.5 ","10/07/1995",3,3,20,9.5,"9032"
"16169","   10 ","11/07/1995",2.5,2.5,16.5,10,"9032"
"16170","   10.5 ","12/07/1995",17.5,17.5,18.5,10.5,"9032"
"16171","   10 ","13/07/1995",2,2,19.5,10,"9032"
"16172","    10.5 ","14/07/1995",0,0,20,10.5,"9032"
"16173","   8 ","15/07/1995",0,0,20.5,8,"9032"
"16174","    8.5 ","16/07/1995",2.3,2.3,20,8.5,"9032"
"16175","   10.5 ","17/07/1995",1.5,1.5,21.5,10.5,"9032"
"16176","    9.5 ","18/07/1995",0,0,21,9.5,"9032"
"16177","   11 ","19/07/1995",6.2,6.2,22.5,11,"9032"
"16178","    11.5 ","20/07/1995",0,0,18,11.5,"9032"
"16179","    7.5 ","21/07/1995",0,0,22,7.5,"9032"
"16180","    7.5 ","22/07/1995",7.2,7.2,22,7.5,"9032"
"16181","   7 ","23/07/1995",0,0,22.5,7,"9032"
"16182","    9 ","24/07/1995",1,1,22,9,"9032"
"16183","    11 ","25/07/1995",0,0,21,11,"9032"
"16184","   10 ","26/07/1995",0.8,0.8,19.5,10,"9032"
"16185","    11 ","27/07/1995",0,0,19,11,"9032"
"16186","   10 ","28/07/1995",0,0,22.5,10,"9032"
"16187","    8 ","29/07/1995",3.5,3.5,23,8,"9032"
"16188","   10 ","30/07/1995",9.7,9.7,22.5,10,"9032"
"16189","   8.5 ","31/07/1995",1.1,1.1,22.5,8.5,"9032"
"16190","   8.5 ","01/08/1995",0.3,5.3,18.5,8.5,"9032"
"16191","    8.5 ","02/08/1995",2.6,4.6,23,8.5,"9032"
"16192","   9 ","03/08/1995",0,4,22.5,9,"9032"
"16193","   12 ","04/08/1995",0.6,1.7,21.5,12,"9032"
"16194","    12 ","05/08/1995",4.7,3.5,20,12,"9032"
"16195","    11.5 ","06/08/1995",8,2.7,20,11.5,"9032"
"16196","    12 ","07/08/1995",16.5,4.4,22,12,"9032"
"16197","   11 ","08/08/1995",1.5,3.2,18.5,11,"9032"
"16198","    11.5 ","09/08/1995",26.6,1.4,17,11.5,"9032"
"16199","    10.5 ","10/08/1995",9.5,3.1,19,10.5,"9032"
"16200","    11 ","11/08/1995",20,3.5,20,11,"9032"
"16201","    11 ","12/08/1995",10.2,4.2,16,11,"9032"
"16202","    11 ","13/08/1995",4.8,2.6,20,11,"9032"
"16203","   11 ","14/08/1995",16.3,4.7,20.5,11,"9032"
"16204","    11.5 ","15/08/1995",0,1.7,19,11.5,"9032"
"16205","   11 ","16/08/1995",19.4,2,18.5,11,"9032"
"16206","    11 ","17/08/1995",8.6,1.9,18,11,"9032"
"16207","    7.5 ","18/08/1995",1.8,1.4,18,7.5,"9032"
"16208","   10 ","19/08/1995",0.5,2.5,20.5,10,"9032"
"16209","    10.5 ","20/08/1995",2.4,1.1,18,10.5,"9032"
"16210","    10 ","21/08/1995",2.8,1.4,18,10,"9032"
"16211","   9 ","22/08/1995",46.2,5.4,19.5,9,"9032"
"16212","    10 ","23/08/1995",5.5,3,19,10,"9032"
"16213","   10.5 ","24/08/1995",9.2,3.5,20.5,10.5,"9032"
"16214","    11 ","25/08/1995",16.6,4.8,21,11,"9032"
"16215","    9 ","26/08/1995",1.1,2.9,21,9,"9032"
"16216","    11.5 ","27/08/1995",2.6,2,20,11.5,"9032"
"16217","   10.5 ","28/08/1995",0,3.1,20.5,10.5,"9032"
"16218","    11 ","29/08/1995",0,3,22,11,"9032"
"16219","    8.5 ","30/08/1995",1.4,1.3,17,8.5,"9032"
"16220","   10 ","31/08/1995",3.4,0.3,18.5,10,"9032"
"16221","    11.5 ","01/09/1995",3.2,3,18,11.5,"9032"
"16222","   10.5 ","02/09/1995",47.4,4.6,16.5,10.5,"9032"
"16223","   10 ","03/09/1995",16.4,2.8,18.5,10,"9032"
"16224","    11 ","04/09/1995",1.7,1.6,18,11,"9032"
"16225","    9 ","05/09/1995",15.8,3.6,20,9,"9032"
"16226","   10 ","06/09/1995",0,1.7,17.5,10,"9032"
"16227","    7.5 ","07/09/1995",0,5.4,22,7.5,"9032"
"16228","    5.5 ","08/09/1995",0,5.4,21,5.5,"9032"
"16229","    4 ","09/09/1995",0,6.1,22,4,"9032"
"16230","    8.5 ","10/09/1995",0,6.7,22,8.5,"9032"
"16231","    11 ","11/09/1995",0,1.1,20,11,"9032"
"16232","    10.5 ","12/09/1995",0,3,20,10.5,"9032"
"16233","   7.5 ","13/09/1995",0,4.4,21.5,7.5,"9032"
"16234","    8 ","14/09/1995",0,4.8,21,8,"9032"
"16235","    10.5 ","15/09/1995",17.5,4.3,22,10.5,"9032"
"16236","   12 ","16/09/1995",0,2.9,21.5,12,"9032"
"16237","   8.5 ","17/09/1995",0,3.7,22.5,8.5,"9032"
"16238","    8.5 ","18/09/1995",0,3.1,22,8.5,"9032"
"16239","   11 ","19/09/1995",0,4.4,22.5,11,"9032"
"16240","    9 ","20/09/1995",7.5,1.8,17,9,"9032"
"16241","   10.5 ","21/09/1995",0,3.5,19.5,10.5,"9032"
"16242","   10 ","22/09/1995",0,2,20.5,10,"9032"
"16243","   9.5 ","23/09/1995",4.5,3.2,21.5,9.5,"9032"
"16244","   8 ","24/09/1995",2,3.2,20.5,8,"9032"
"16245","    10 ","25/09/1995",3.6,2.4,22,10,"9032"
"16246","    11 ","26/09/1995",2.2,3.4,21,11,"9032"
"16247","   11.5 ","27/09/1995",3.7,3.7,22.5,11.5,"9032"
"16248","   11 ","28/09/1995",16.7,3.6,20.5,11,"9032"
"16249","    12 ","29/09/1995",0.6,4.8,23,12,"9032"
"16250","    5 ","30/09/1995",0,5.7,23,5,"9032"
"16251","    5.5 ","01/10/1995",0,6.3,22,5.5,"9032"
"16252","   9 ","02/10/1995",0,3.8,22.5,9,"9032"
"16253","    8.5 ","03/10/1995",0,4.6,22,8.5,"9032"
"16254","    9.5 ","04/10/1995",0,4.1,23,9.5,"9032"
"16255","   8.5 ","05/10/1995",0,6.2,22.5,8.5,"9032"
"16256","    8.5 ","06/10/1995",0,5.4,20,8.5,"9032"
"16257","    8 ","07/10/1995",0,4.8,21,8,"9032"
"16258","    8.5 ","08/10/1995",0,5.6,22,8.5,"9032"
"16259","    4 ","09/10/1995",0,6.6,23,4,"9032"
"16260","    1.5 ","10/10/1995",0,6.5,22,1.5,"9032"
"16261","   2 ","11/10/1995",0,4.3,20.5,2,"9032"
"16262","    1 ","12/10/1995",0,5.4,21,1,"9032"
"16263","    6.5 ","13/10/1995",0,2,19,6.5,"9032"
"16264","   9 ","14/10/1995",0.5,1.5,14.5,9,"9032"
"16265","   4 ","15/10/1995",4.5,4,16.5,4,"9032"
"16266","    1 ","16/10/1995",0,5.5,20,1,"9032"
"16267","   3 ","17/10/1995",0,3.5,21.5,3,"9032"
"16268","    6.5 ","18/10/1995",0,4.8,22,6.5,"9032"
"16269","    10 ","19/10/1995",0,4.6,21,10,"9032"
"16270","   10.5 ","20/10/1995",11.1,1.2,15.5,10.5,"9032"
"16271","   8 ","21/10/1995",5.6,1.4,17.5,8,"9032"
"16272","   7.5 ","22/10/1995",0,4.1,20.5,7.5,"9032"
"16273","   8 ","23/10/1995",0,3.2,21.5,8,"9032"
"16274","    7 ","24/10/1995",0,3.4,21,7,"9032"
"16275","    8 ","25/10/1995",8.6,3.1,20,8,"9032"
"16276","   8.5 ","26/10/1995",2.7,2.7,20.5,8.5,"9032"
"16277","   9 ","27/10/1995",0,5,22.5,9,"9032"
"16278","    6 ","28/10/1995",0,4.5,21,6,"9032"
"16279","    8.5 ","29/10/1995",6,2.8,21,8.5,"9032"
"16280","   6 ","30/10/1995",6.8,3.1,19.5,6,"9032"
"16281","   8 ","31/10/1995",0,4.4,22.5,8,"9032"
"16282","    8.5 ","01/11/1995",0,4.1,23,8.5,"9032"
"16283","    7 ","02/11/1995",0,3.4,22,7,"9032"
"16284","    8 ","03/11/1995",0,3.1,22,8,"9032"
"16285","   9 ","04/11/1995",4.6,3.7,21.5,9,"9032"
"16286","    7 ","05/11/1995",0,6.4,23,7,"9032"
"16287","   8.5 ","06/11/1995",0,2.9,21.5,8.5,"9032"
"16288","    8 ","07/11/1995",0,4.4,23,8,"9032"
"16289","    10 ","08/11/1995",0,4.7,21,10,"9032"
"16290","   7.5 ","09/11/1995",0,4.2,22.5,7.5,"9032"
"16291","   6.5 ","10/11/1995",0,4.2,22.5,6.5,"9032"
"16292","   9 ","11/11/1995",0,3.4,20.5,9,"9032"
"16293","    8 ","12/11/1995",0,5,22,8,"9032"
"16294","   6.5 ","13/11/1995",0,5.6,21.5,6.5,"9032"
"16295","    6.5 ","14/11/1995",0,4.8,20,6.5,"9032"
"16296","   5.5 ","15/11/1995",0,3.9,21.5,5.5,"9032"
"16297","   9.5 ","16/11/1995",0,4.1,20.5,9.5,"9032"
"16298","   7.5 ","17/11/1995",0,1.7,19.5,7.5,"9032"
"16299","    7 ","18/11/1995",0.8,5,20,7,"9032"
"16300","   6 ","19/11/1995",11.2,1.2,16.5,6,"9032"
"16301","    7.5 ","20/11/1995",0,1.1,15,7.5,"9032"
"16302","    8.5 ","21/11/1995",0,3.7,12,8.5,"9032"
"16303","    6 ","22/11/1995",22,0.1,14,6,"9032"
"16304","    5.5 ","23/11/1995",0,3.2,19,5.5,"9032"
"16305","    6 ","24/11/1995",0,3.5,16,6,"9032"
"16306","   4.5 ","25/11/1995",0,3.5,17.5,4.5,"9032"
"16307","    1.5 ","26/11/1995",0,6.3,20,1.5,"9032"
"16308","    2 ","27/11/1995",0,3.8,20,2,"9032"
"16309","   3.5 ","28/11/1995",0,5.2,19.5,3.5,"9032"
"16310","    3.5 ","29/11/1995",0,4.1,20,3.5,"9032"
"16311","   3.5 ","30/11/1995",0,4.4,20.5,3.5,"9032"
"16312","    5 ","01/12/1995",0,3.1,20,5,"9032"
"16313","    5.5 ","02/12/1995",0,5.4,22,5.5,"9032"
"16314","    6 ","03/12/1995",0,5,22,6,"9032"
"16315","   4.5 ","04/12/1995",0,5.5,21.5,4.5,"9032"
"16316","   4 ","05/12/1995",0,6.8,21.5,4,"9032"
"16317","   4 ","06/12/1995",0,6.1,20.5,4,"9032"
"16318","    3.5 ","07/12/1995",0,4.6,21,3.5,"9032"
"16319","    6 ","08/12/1995",0,4,20,6,"9032"
"16320","    5.5 ","09/12/1995",0,1.6,18,5.5,"9032"
"16321","    6.5 ","10/12/1995",0,3,17,6.5,"9032"
"16322","   3 ","11/12/1995",0,3.4,18.5,3,"9032"
"16323","   5 ","12/12/1995",0,4.5,18.5,5,"9032"
"16324","    3 ","13/12/1995",0,3.9,18,3,"9032"
"16325","    4.5 ","14/12/1995",0,4.3,20,4.5,"9032"
"16326","   5 ","15/12/1995",0,3,20.5,5,"9032"
"16327","   4.5 ","16/12/1995",0,5.7,18.5,4.5,"9032"
"16328","    6 ","17/12/1995",0,4.8,18,6,"9032"
"16329","   7 ","18/12/1995",0,5.8,19.5,7,"9032"
"16330","    3 ","19/12/1995",0,6.2,19,3,"9032"
"16331","   4.5 ","20/12/1995",0,3.5,20.5,4.5,"9032"
"16332","   7 ","21/12/1995",0,5.5,18.5,7,"9032"
"16333","    6 ","22/12/1995",0,3.4,18,6,"9032"
"16334","   6 ","23/12/1995",0,4.3,19.5,6,"9032"
"16335","    4.5 ","24/12/1995",0,4.5,19,4.5,"9032"
"16336","   7 ","25/12/1995",0,2.9,17.5,7,"9032"
"16337","    6 ","26/12/1995",23.7,0.8,18,6,"9032"
"16338","   4 ","27/12/1995",9.8,3.2,18.5,4,"9032"
"16339","    3 ","28/12/1995",0,3.2,20,3,"9032"
"16340","   4 ","29/12/1995",0,4.5,19.5,4,"9032"
"16341","   5 ","30/12/1995",42.5,4.1,17.5,5,"9032"
"16342","   2.5 ","31/12/1995",0,3.2,12.5,2.5,"9032"
"16343","   -3 ","01/01/1996",0,4.1,17,-3,"9032"
"16344","   1.5 ","02/01/1996",0,6.7,16.5,1.5,"9032"
"16345","    2 ","03/01/1996",0,5.1,19,2,"9032"
"16346","   3.5 ","04/01/1996",0,5.9,19.5,3.5,"9032"
"16347","   3.5 ","05/01/1996",0,6.7,20.5,3.5,"9032"
"16348","    4 ","06/01/1996",0,5.7,21,4,"9032"
"16349","   3 ","07/01/1996",0,3.5,18.5,3,"9032"
"16350","   1.5 ","08/01/1996",0,5.8,16.5,1.5,"9032"
"16351","   1 ","09/01/1996",0,4.8,17.5,1,"9032"
"16352","    1.5 ","10/01/1996",0,5.1,20,1.5,"9032"
"16353","    3.5 ","11/01/1996",0,4.4,19,3.5,"9032"
"16354","    1 ","12/01/1996",0,4.5,17,1,"9032"
"16355","   -0.5 ","13/01/1996",0,5.6,18,-0.5,"9032"
"16356","  -0.5 ","14/01/1996",0,5.2,20.5,-0.5,"9032"
"16357","   -2 ","15/01/1996",0,5.9,21,-2,"9032"
"16358","  -1.5 ","16/01/1996",0,5.6,19.5,-1.5,"9032"
"16359","    2 ","17/01/1996",0,5.3,20,2,"9032"
"16360","    2 ","18/01/1996",0,5.3,20,2,"9032"
"16361","   1.5 ","19/01/1996",0,5.4,19.5,1.5,"9032"
"16362","   2.5 ","20/01/1996",0,5.7,20.5,2.5,"9032"
"16363","    3 ","21/01/1996",0,4.4,20,3,"9032"
"16364","    3.5 ","22/01/1996",0,5.3,21,3.5,"9032"
"16365","    3 ","23/01/1996",0,7.4,21,3,"9032"
"16366","   3.5 ","24/01/1996",0,6.5,21.5,3.5,"9032"
"16367","   4 ","25/01/1996",0,5.6,22.5,4,"9032"
"16368","   4 ","26/01/1996",0,6.2,22.5,4,"9032"
"16369","   3.5 ","27/01/1996",0,4.5,18.5,3.5,"9032"
"16370","   1.5 ","28/01/1996",0,4.9,20.5,1.5,"9032"
"16371","    4.5 ","29/01/1996",0,5.4,22,4.5,"9032"
"16372","   4.5 ","30/01/1996",0,5.3,21.5,4.5,"9032"
"16373","    4 ","31/01/1996",0,5.9,21,4,"9032"
"16374","   5.5 ","01/02/1996",0,5.4,19.5,5.5,"9032"
"16375","    4 ","02/02/1996",0,6.1,20,4,"9032"
"16376","    4.5 ","03/02/1996",0,5.9,20,4.5,"9032"
"16377","   3 ","04/02/1996",0,3.8,17.5,3,"9032"
"16378","  0.0","05/02/1996",0,5.7,17.5,0,"9032"
"16379","    0.5 ","06/02/1996",0,4.4,19,0.5,"9032"
"16380","    2 ","07/02/1996",0,5.3,20,2,"9032"
"16381","   2.5 ","08/02/1996",0,4.9,20.5,2.5,"9032"
"16382","    4 ","09/02/1996",0,5.6,21,4,"9032"
"16383","    6 ","10/02/1996",0,5.9,20,6,"9032"
"16384","    4.5 ","11/02/1996",0,3.2,21,4.5,"9032"
"16385","    6 ","12/02/1996",0,2.1,17,6,"9032"
"16386","   1 ","13/02/1996",0,5.2,19.5,1,"9032"
"16387","    3.5 ","14/02/1996",0,4.8,23,3.5,"9032"
"16388","   7 ","15/02/1996",0,5.7,22.5,7,"9032"
"16389","   5.5 ","16/02/1996",0,5.9,20.5,5.5,"9032"
"16390","   6 ","17/02/1996",0,5.9,21.5,6,"9032"
"16391","   4.5 ","18/02/1996",0,5.2,21.5,4.5,"9032"
"16392","    5 ","19/02/1996",0,6.3,22,5,"9032"
"16393","    6 ","20/02/1996",0,6.6,24,6,"9032"
"16394","    6 ","21/02/1996",0,8.1,24,6,"9032"
"16395","   4 ","22/02/1996",0,7.3,23.5,4,"9032"
"16396","   4.5 ","23/02/1996",0,6.4,24.5,4.5,"9032"
"16397","   5.5 ","24/02/1996",0,7.3,23.5,5.5,"9032"
"16398","   5 ","25/02/1996",0,6.4,24.5,5,"9032"
"16399","    5.5 ","26/02/1996",0,6.7,25,5.5,"9032"
"16400","    6 ","27/02/1996",0,8.2,25,6,"9032"
"16401","   5.5 ","28/02/1996",0,6.7,23.5,5.5,"9032"
"16402","   7.5 ","01/03/1996",0,6.7,23.5,7.5,"9032"
"16403","    6 ","02/03/1996",0,8.2,24,6,"9032"
"16404","   6 ","03/03/1996",0,8,25.5,6,"9032"
"16405","    7 ","04/03/1996",0,8.1,24,7,"9032"
"16406","    5.5 ","05/03/1996",0,6.5,25,5.5,"9032"
"16407","   6.5 ","06/03/1996",0,7.8,24.5,6.5,"9032"
"16408","    6 ","07/03/1996",0,4.3,22,6,"9032"
"16409","    5 ","08/03/1996",0,5.1,20,5,"9032"
"16410","   2 ","09/03/1996",0,3.2,16.5,2,"9032"
"16411","    0 ","10/03/1996",0,6,17,0,"9032"
"16412","    0.5 ","11/03/1996",0,5.9,20,0.5,"9032"
"16413","    2 ","12/03/1996",0,8.7,23,2,"9032"
"16414","    5.5 ","13/03/1996",0,6.3,23,5.5,"9032"
"16415","    7 ","14/03/1996",0,9.7,25,7,"9032"
"16416","    6 ","15/03/1996",0,8.6,25,6,"9032"
"16417","    8 ","16/03/1996",0,7.6,23,8,"9032"
"16418","   9 ","17/03/1996",0,9.6,25.5,9,"9032"
"16419","   4.5 ","18/03/1996",0,8.5,24.5,4.5,"9032"
"16420","   2 ","19/03/1996",0,6.8,21.5,2,"9032"
"16421","    3.5 ","20/03/1996",0,6.1,22,3.5,"9032"
"16422","   4.5 ","21/03/1996",0,4,21.5,4.5,"9032"
"16423","   5.5 ","22/03/1996",1.3,6.8,19.5,5.5,"9032"
"16424","    5 ","23/03/1996",0,8.6,21,5,"9032"
"16425","   6 ","24/03/1996",0,7.8,22.5,6,"9032"
"16426","   5 ","25/03/1996",0,7.7,23.5,5,"9032"
"16427","    7.5 ","26/03/1996",0,5.7,21,7.5,"9032"
"16428","   5 ","27/03/1996",0.4,9.5,21.5,5,"9032"
"16429","    6 ","28/03/1996",0,8.2,22,6,"9032"
"16430","    5.5 ","29/03/1996",0,8.9,23,5.5,"9032"
"16431","    6.5 ","30/03/1996",0,9.2,26,6.5,"9032"
"16432","    7 ","31/03/1996",0.8,9.7,25,7,"9032"
"16433","    5 ","01/04/1996",0,7,24,5,"9032"
"16434","    5.5 ","02/04/1996",0,7.6,24,5.5,"9032"
"16435","    7.5 ","03/04/1996",0,7.5,25,7.5,"9032"
"16436","   7 ","04/04/1996",0,8.9,24.5,7,"9032"
"16437","   8 ","05/04/1996",0,9.1,23.5,8,"9032"
"16438","   8.5 ","06/04/1996",0,7.7,21.5,8.5,"9032"
"16439","    9 ","07/04/1996",0,6.9,20,9,"9032"
"16440","   8 ","08/04/1996",0,7.5,20.5,8,"9032"
"16441","   3 ","09/04/1996",0,6.5,22.5,3,"9032"
"16442","    6 ","10/04/1996",0,7.5,24,6,"9032"
"16443","   6 ","11/04/1996",0,9.7,23.5,6,"9032"
"16444","    9 ","12/04/1996",0,9.2,25,9,"9032"
"16445","    6.5 ","13/04/1996",0,0.9,24,6.5,"9032"
"16446","    7 ","14/04/1996",0,8.2,25,7,"9032"
"16447","   7 ","15/04/1996",0,6.6,25.5,7,"9032"
"16448","    4.5 ","16/04/1996",0,4.6,22,4.5,"9032"
"16449","   6 ","17/04/1996",1.5,4.9,20.5,6,"9032"
"16450","   7 ","18/04/1996",0,7.8,25.5,7,"9032"
"16451","    8.5 ","19/04/1996",0,5.6,25,8.5,"9032"
"16452","   8.5 ","20/04/1996",0,8.5,25.5,8.5,"9032"
"16453","    9 ","21/04/1996",0.6,8.4,25,9,"9032"
"16454","   9 ","22/04/1996",0,8.4,25.5,9,"9032"
"16455","   8 ","23/04/1996",0,0.8,25.5,8,"9032"
"16456","    6.5 ","24/04/1996",1.2,4.8,21,6.5,"9032"
"16457","   7 ","25/04/1996",23.1,4.9,21.5,7,"9032"
"16458","   7.5 ","26/04/1996",0,7.8,24.5,7.5,"9032"
"16459","   6.5 ","27/04/1996",0,7.8,21.5,6.5,"9032"
"16460","    7.5 ","28/04/1996",0,7.1,25,7.5,"9032"
"16461","    8.5 ","29/04/1996",0,3.5,22,8.5,"9032"
"16462","   9 ","30/04/1996",3.2,3.6,21.5,9,"9032"
"16463","   8 ","01/05/1996",0,4.3,22.5,8,"9032"
"16464","    9 ","02/05/1996",0,6.1,25,9,"9032"
"16465","   9.5 ","03/05/1996",0,6.2,24.5,9.5,"9032"
"16466","   8.5 ","04/05/1996",0,7.2,26.5,8.5,"9032"
"16467","    7.5 ","05/05/1996",0,9.1,27,7.5,"9032"
"16468","    9 ","06/05/1996",0,6.8,26,9,"9032"
"16469","    10 ","07/05/1996",0,5.3,25,10,"9032"
"16470","   8.5 ","08/05/1996",4.7,5.3,24.5,8.5,"9032"
"16471","    9 ","09/05/1996",0,6,24,9,"9032"
"16472","   8 ","10/05/1996",0,8.6,26.5,8,"9032"
"16473","    7 ","11/05/1996",0,7.4,26,7,"9032"
"16474","   9 ","12/05/1996",0,9,24.5,9,"9032"
"16475","    10 ","13/05/1996",0.4,6.8,25,10,"9032"
"16476","    8 ","14/05/1996",0,8.4,25,8,"9032"
"16477","    8.5 ","15/05/1996",0.3,7,25,8.5,"9032"
"16478","    7.5 ","16/05/1996",0,7.7,24,7.5,"9032"
"16479","   6.5 ","17/05/1996",0,7.4,23.5,6.5,"9032"
"16480","    9 ","18/05/1996",0,5.3,25,9,"9032"
"16481","    7.5 ","19/05/1996",0,7.7,26,7.5,"9032"
"16482","   8 ","20/05/1996",0,8.5,27.5,8,"9032"
"16483","    7 ","21/05/1996",0,9.6,28,7,"9032"
"16484","    7.5 ","22/05/1996",0,8.7,28,7.5,"9032"
"16485","   10 ","23/05/1996",0,9.8,28.5,10,"9032"
"16486","    10 ","24/05/1996",1.5,6.1,28,10,"9032"
"16487","   11 ","25/05/1996",0,7.9,28.5,11,"9032"
"16488","    11.5 ","26/05/1996",0,7.1,28,11.5,"9032"
"16489","   12.5 ","27/05/1996",7.8,6.8,26.5,12.5,"9032"
"16490","   10 ","28/05/1996",0,6.1,26.5,10,"9032"
"16491","    11.5 ","29/05/1996",0,6.5,27,11.5,"9032"
"16492","    10.5 ","30/05/1996",12,2.3,26,10.5,"9032"
"16493","    10.5 ","31/05/1996",4.4,7.1,24,10.5,"9032"
"16494","    10.5 ","01/06/1996",0.4,4.8,23,10.5,"9032"
"16495","    11 ","02/06/1996",0,7.7,24,11,"9032"
"16496","   8.5 ","03/06/1996",0,5.1,22.5,8.5,"9032"
"16497","    9 ","04/06/1996",0,5.3,23,9,"9032"
"16498","    9.5 ","05/06/1996",0,3.5,20,9.5,"9032"
"16499","    10 ","06/06/1996",8.3,7.4,21,10,"9032"
"16500","    9.5 ","07/06/1996",7.5,6.2,23,9.5,"9032"
"16501","   11 ","08/06/1996",0,4.1,21.5,11,"9032"
"16502","    8 ","09/06/1996",1,4.5,22,8,"9032"
"16503","   9 ","10/06/1996",0,5.5,24.5,9,"9032"
"16504","    9 ","11/06/1996",0,3.2,22,9,"9032"
"16505","    9.5 ","12/06/1996",1.3,3.8,24,9.5,"9032"
"16506","    8 ","13/06/1996",0.8,4.4,22,8,"9032"
"16507","    9 ","14/06/1996",0,4.4,21,9,"9032"
"16508","    10 ","15/06/1996",2.3,1.5,19,10,"9032"
"16509","   10.5 ","16/06/1996",0,3.1,22.5,10.5,"9032"
"16510","    11 ","17/06/1996",2.8,3.8,22,11,"9032"
"16511","   10 ","18/06/1996",1.8,3.2,21.5,10,"9032"
"16512","   9.5 ","19/06/1996",14.8,3,18.5,9.5,"9032"
"16513","   9 ","20/06/1996",10.5,2.2,20.5,9,"9032"
"16514","    9.5 ","21/06/1996",1.5,4.4,23,9.5,"9032"
"16515","    10.5 ","22/06/1996",0,2.8,22,10.5,"9032"
"16516","   11 ","23/06/1996",4.2,4.3,21.5,11,"9032"
"16517","    9.5 ","24/06/1996",0,5.8,23,9.5,"9032"
"16518","    10 ","25/06/1996",4.4,3.5,21,10,"9032"
"16519","    11 ","26/06/1996",0,4.4,19,11,"9032"
"16520","   9 ","27/06/1996",4,4,19.5,9,"9032"
"16521","    8 ","28/06/1996",0,4.2,22,8,"9032"
"16522","   8.5 ","29/06/1996",6.3,1.1,20.5,8.5,"9032"
"16523","    10 ","30/06/1996",9.5,1.7,19,10,"9032"
"16524","   6.5 ","01/07/1996",0,5.8,22.5,6.5,"9032"
"16525","   7 ","02/07/1996",0,4.2,22.5,7,"9032"
"16526","   7.5 ","03/07/1996",0,3.5,20.5,7.5,"9032"
"16527","   11.5 ","04/07/1996",10,2,20.5,11.5,"9032"
"16528","   10.5 ","05/07/1996",3.1,4,22.5,10.5,"9032"
"16529","    11.5 ","06/07/1996",1,6.7,23,11.5,"9032"
"16530","    9.5 ","07/07/1996",36.2,2.2,20,9.5,"9032"
"16531","   10 ","08/07/1996",1,6.3,22.5,10,"9032"
"16532","    7.5 ","09/07/1996",0,5.6,25,7.5,"9032"
"16533","   9.5 ","10/07/1996",0,6.4,24.5,9.5,"9032"
"16534","   9 ","11/07/1996",0,5.4,24.5,9,"9032"
"16535","   8.5 ","12/07/1996",3.6,4.9,22.5,8.5,"9032"
"16536","   8.5 ","13/07/1996",0,4.2,23.5,8.5,"9032"
"16537","    10.5 ","14/07/1996",0,1.6,21,10.5,"9032"
"16538","    11 ","15/07/1996",0,2.9,22,11,"9032"
"16539","    9 ","16/07/1996",7.1,3.6,23,9,"9032"
"16540","    10 ","17/07/1996",0.5,4.7,21,10,"9032"
"16541","   9 ","18/07/1996",21.5,3.5,21.5,9,"9032"
"16542","    9.5 ","19/07/1996",0,4.7,22,9.5,"9032"
"16543","    7.5 ","20/07/1996",0,5.4,23,7.5,"9032"
"16544","    8 ","21/07/1996",0,3.2,22,8,"9032"
"16545","   9 ","22/07/1996",7.7,2.5,21.5,9,"9032"
"16546","   10 ","23/07/1996",0.3,5.3,22.5,10,"9032"
"16547","    10.5 ","24/07/1996",0,6.5,23,10.5,"9032"
"16548","    9 ","25/07/1996",2.8,3.9,23,9,"9032"
"16549","    9.5 ","26/07/1996",4.6,5.7,22,9.5,"9032"
"16550","   9.5 ","27/07/1996",0,2.5,22.5,9.5,"9032"
"16551","    9.5 ","28/07/1996",1.4,6.6,23,9.5,"9032"
"16552","    10 ","29/07/1996",0,3.4,22,10,"9032"
"16553","   10 ","30/07/1996",0,2.8,19.5,10,"9032"
"16554","   9.5 ","31/07/1996",5.7,2.7,19.5,9.5,"9032"
"16555","    8.5 ","01/08/1996",0.7,3.2,21,8.5,"9032"
"16556","   8.5 ","02/08/1996",0,2.3,19.5,8.5,"9032"
"16557","   9.5 ","03/08/1996",0,6.7,25.5,9.5,"9032"
"16558","   7 ","04/08/1996",0,6.6,24.5,7,"9032"
"16559","   8 ","05/08/1996",3.7,3.9,22.5,8,"9032"
"16560","    9.5 ","06/08/1996",0,5.1,22,9.5,"9032"
"16561","   8.5 ","07/08/1996",0,4.9,21.5,8.5,"9032"
"16562","   9 ","08/08/1996",7.5,3.2,21.5,9,"9032"
"16563","   10.5 ","09/08/1996",1.5,1.1,15.5,10.5,"9032"
"16564","    10.5 ","10/08/1996",0,3,20,10.5,"9032"
"16565","    8.5 ","11/08/1996",0,4.8,22,8.5,"9032"
"16566","   8.5 ","12/08/1996",4.7,4.8,22.5,8.5,"9032"
"16567","   7 ","13/08/1996",0,5.2,18.5,7,"9032"
"16568","   7 ","14/08/1996",0,3,19.5,7,"9032"
"16569","    9.5 ","15/08/1996",0,2.7,19,9.5,"9032"
"16570","    10 ","16/08/1996",9.2,2.1,17,10,"9032"
"16571","    10 ","17/08/1996",1.2,1.9,18,10,"9032"
"16572","   10.5 ","18/08/1996",2.1,0.6,20.5,10.5,"9032"
"16573","    9 ","19/08/1996",3.1,2.6,19,9,"9032"
"16574","    10 ","20/08/1996",0,4.6,19,10,"9032"
"16575","   10 ","21/08/1996",0,0,18.5,10,"9032"
"16576","    10 ","22/08/1996",1.8,2,16,10,"9032"
"16577","   10.5 ","23/08/1996",8.5,2.4,19.5,10.5,"9032"
"16578","    11 ","24/08/1996",6.6,3.1,20,11,"9032"
"16579","    10 ","25/08/1996",9.8,0.4,21,10,"9032"
"16580","    10 ","26/08/1996",1.5,0.7,21,10,"9032"
"16581","   8.5 ","27/08/1996",1.5,2.6,20.5,8.5,"9032"
"16582","    9 ","28/08/1996",0,2.9,22,9,"9032"
"16583","   9 ","29/08/1996",3.1,3.4,22.8,9,"9032"
"16584","   8 ","30/08/1996",0,4.8,22.5,8,"9032"
"16585","   7.5 ","31/08/1996",0,5.6,22.5,7.5,"9032"
"16586","    8.5 ","01/09/1996",9.5,3.1,20,8.5,"9032"
"16587","    9 ","02/09/1996",0,4.5,21,9,"9032"
"16588","    8 ","03/09/1996",9,2.9,23,8,"9032"
"16589","   8 ","04/09/1996",0.8,3.7,20.5,8,"9032"
"16590","    9 ","05/09/1996",5.5,4.1,22,9,"9032"
"16591","    10 ","06/09/1996",0,3.4,21,10,"9032"
"16592","   8 ","07/09/1996",0.8,3.6,21.5,8,"9032"
"16593","   8 ","08/09/1996",1.5,3,21.5,8,"9032"
"16594","    9.5 ","09/09/1996",4.1,2.5,20,9.5,"9032"
"16595","    10 ","10/09/1996",0,2.2,19,10,"9032"
"16596","   10 ","11/09/1996",8.6,5.2,22.5,10,"9032"
"16597","   10.5 ","12/09/1996",0,4.6,22.5,10.5,"9032"
"16598","    10 ","13/09/1996",0,5.9,23,10,"9032"
"16599","    8 ","14/09/1996",15.2,6.4,24,8,"9032"
"16600","   7.5 ","15/09/1996",0,4.8,23.5,7.5,"9032"
"16601","    8 ","16/09/1996",0.9,4.7,22,8,"9032"
"16602","    9.5 ","17/09/1996",0,4.4,22,9.5,"9032"
"16603","    9 ","18/09/1996",0,5.2,25,9,"9032"
"16604","   10 ","19/09/1996",7.1,4.8,22.5,10,"9032"
"16605","   10.5 ","20/09/1996",0,5.6,23.5,10.5,"9032"
"16606","    11 ","21/09/1996",0,2.3,22,11,"9032"
"16607","    12 ","22/09/1996",0,3.8,22,12,"9032"
"16608","    12 ","23/09/1996",4.6,2.1,22,12,"9032"
"16609","   9.5 ","24/09/1996",0.7,2.8,21.5,9.5,"9032"
"16610","    9.5 ","25/09/1996",0,3.2,21,9.5,"9032"
"16611","   9 ","26/09/1996",0,5.2,23.5,9,"9032"
"16612","    9 ","27/09/1996",1.5,4.2,23,9,"9032"
"16613","    10 ","28/09/1996",0,4.4,21,10,"9032"
"16614","    10 ","29/09/1996",0,1.8,17,10,"9032"
"16615","   9.5 ","30/09/1996",0,1,17.5,9.5,"9032"
"16616","ULO   NULO","01/10/1996",0,0,NA,NA,"9032"
"16617","ULO   NULO","02/10/1996",0,0,NA,NA,"9032"
"16618","ULO   NULO","03/10/1996",0,0,NA,NA,"9032"
"16619","ULO   NULO","04/10/1996",0,0,NA,NA,"9032"
"16620","ULO   NULO","05/10/1996",0,0,NA,NA,"9032"
"16621","ULO   NULO","06/10/1996",0,0,NA,NA,"9032"
"16622","ULO   NULO","07/10/1996",0,0,NA,NA,"9032"
"16623","ULO   NULO","08/10/1996",0,0,NA,NA,"9032"
"16624","ULO   NULO","09/10/1996",0,0,NA,NA,"9032"
"16625","ULO   NULO","10/10/1996",0,0,NA,NA,"9032"
"16626","ULO   NULO","11/10/1996",0,0,NA,NA,"9032"
"16627","ULO   NULO","12/10/1996",0,0,NA,NA,"9032"
"16628","ULO   NULO","13/10/1996",0,0,NA,NA,"9032"
"16629","ULO   NULO","14/10/1996",0,0,NA,NA,"9032"
"16630","ULO   NULO","15/10/1996",0,0,NA,NA,"9032"
"16631","ULO   NULO","16/10/1996",0,0,NA,NA,"9032"
"16632","ULO   NULO","17/10/1996",0,0,NA,NA,"9032"
"16633","ULO   NULO","18/10/1996",0,0,NA,NA,"9032"
"16634","ULO   NULO","19/10/1996",0,0,NA,NA,"9032"
"16635","ULO   NULO","20/10/1996",0,0,NA,NA,"9032"
"16636","ULO   NULO","21/10/1996",0,0,NA,NA,"9032"
"16637","ULO   NULO","22/10/1996",0,0,NA,NA,"9032"
"16638","ULO   NULO","23/10/1996",0,0,NA,NA,"9032"
"16639","ULO   NULO","24/10/1996",0,0,NA,NA,"9032"
"16640","ULO   NULO","25/10/1996",0,0,NA,NA,"9032"
"16641","ULO   NULO","26/10/1996",0,0,NA,NA,"9032"
"16642","ULO   NULO","27/10/1996",0,0,NA,NA,"9032"
"16643","ULO   NULO","28/10/1996",0,0,NA,NA,"9032"
"16644","ULO   NULO","29/10/1996",0,0,NA,NA,"9032"
"16645","ULO   NULO","30/10/1996",0,0,NA,NA,"9032"
"16646","ULO   NULO","31/10/1996",0,0,NA,NA,"9032"
"16647","ULO   NULO","01/11/1996",0,0,NA,NA,"9032"
"16648","ULO   NULO","02/11/1996",0,0,NA,NA,"9032"
"16649","ULO   NULO","03/11/1996",0,0,NA,NA,"9032"
"16650","ULO   NULO","04/11/1996",0,0,NA,NA,"9032"
"16651","ULO   NULO","05/11/1996",0,0,NA,NA,"9032"
"16652","ULO   NULO","06/11/1996",0,0,NA,NA,"9032"
"16653","ULO   NULO","07/11/1996",0,0,NA,NA,"9032"
"16654","ULO   NULO","08/11/1996",0,0,NA,NA,"9032"
"16655","ULO   NULO","09/11/1996",0,0,NA,NA,"9032"
"16656","ULO   NULO","10/11/1996",0,0,NA,NA,"9032"
"16657","ULO   NULO","11/11/1996",0,0,NA,NA,"9032"
"16658","ULO   NULO","12/11/1996",0,0,NA,NA,"9032"
"16659","ULO   NULO","13/11/1996",0,0,NA,NA,"9032"
"16660","ULO   NULO","14/11/1996",0,0,NA,NA,"9032"
"16661","ULO   NULO","15/11/1996",0,0,NA,NA,"9032"
"16662","ULO   NULO","16/11/1996",0,0,NA,NA,"9032"
"16663","ULO   NULO","17/11/1996",0,0,NA,NA,"9032"
"16664","ULO   NULO","18/11/1996",0,0,NA,NA,"9032"
"16665","ULO   NULO","19/11/1996",0,0,NA,NA,"9032"
"16666","ULO   NULO","20/11/1996",0,0,NA,NA,"9032"
"16667","ULO   NULO","21/11/1996",0,0,NA,NA,"9032"
"16668","ULO   NULO","22/11/1996",0,0,NA,NA,"9032"
"16669","ULO   NULO","23/11/1996",0,0,NA,NA,"9032"
"16670","ULO   NULO","24/11/1996",0,0,NA,NA,"9032"
"16671","ULO   NULO","25/11/1996",0,0,NA,NA,"9032"
"16672","ULO   NULO","26/11/1996",0,0,NA,NA,"9032"
"16673","ULO   NULO","27/11/1996",0,0,NA,NA,"9032"
"16674","ULO   NULO","28/11/1996",0,0,NA,NA,"9032"
"16675","ULO   NULO","29/11/1996",0,0,NA,NA,"9032"
"16676","ULO   NULO","30/11/1996",0,0,NA,NA,"9032"
"16677","ULO   NULO","01/12/1996",0,0,NA,NA,"9032"
"16678","ULO   NULO","02/12/1996",0,0,NA,NA,"9032"
"16679","ULO   NULO","03/12/1996",0,0,NA,NA,"9032"
"16680","ULO   NULO","04/12/1996",0,0,NA,NA,"9032"
"16681","ULO   NULO","05/12/1996",0,0,NA,NA,"9032"
"16682","ULO   NULO","06/12/1996",0,0,NA,NA,"9032"
"16683","ULO   NULO","07/12/1996",0,0,NA,NA,"9032"
"16684","ULO   NULO","08/12/1996",0,0,NA,NA,"9032"
"16685","ULO   NULO","09/12/1996",0,0,NA,NA,"9032"
"16686","ULO   NULO","10/12/1996",0,0,NA,NA,"9032"
"16687","ULO   NULO","11/12/1996",0,0,NA,NA,"9032"
"16688","ULO   NULO","12/12/1996",0,0,NA,NA,"9032"
"16689","ULO   NULO","13/12/1996",0,0,NA,NA,"9032"
"16690","ULO   NULO","14/12/1996",0,0,NA,NA,"9032"
"16691","ULO   NULO","15/12/1996",0,0,NA,NA,"9032"
"16692","ULO   NULO","16/12/1996",0,0,NA,NA,"9032"
"16693","ULO   NULO","17/12/1996",0,0,NA,NA,"9032"
"16694","ULO   NULO","18/12/1996",0,0,NA,NA,"9032"
"16695","ULO   NULO","19/12/1996",0,0,NA,NA,"9032"
"16696","ULO   NULO","20/12/1996",0,0,NA,NA,"9032"
"16697","ULO   NULO","21/12/1996",0,0,NA,NA,"9032"
"16698","ULO   NULO","22/12/1996",0,0,NA,NA,"9032"
"16699","ULO   NULO","23/12/1996",0,0,NA,NA,"9032"
"16700","ULO   NULO","24/12/1996",0,0,NA,NA,"9032"
"16701","ULO   NULO","25/12/1996",0,0,NA,NA,"9032"
"16702","ULO   NULO","26/12/1996",0,0,NA,NA,"9032"
"16703","ULO   NULO","27/12/1996",0,0,NA,NA,"9032"
"16704","ULO   NULO","28/12/1996",0,0,NA,NA,"9032"
"16705","ULO   NULO","29/12/1996",0,0,NA,NA,"9032"
"16706","ULO   NULO","30/12/1996",0,0,NA,NA,"9032"
"16707","ULO   NULO","31/12/1996",0,0,NA,NA,"9032"
"16708","    3 ","01/01/1997",0,4.2,18,3,"9032"
"16709","   4.5 ","02/01/1997",0,2.6,17.5,4.5,"9032"
"16710","    4.5 ","03/01/1997",0.3,4.4,18,4.5,"9032"
"16711","   3.5 ","04/01/1997",0,5.1,20.5,3.5,"9032"
"16712","    4 ","05/01/1997",0,2.3,21,4,"9032"
"16713","   6 ","06/01/1997",0,6.2,21.5,6,"9032"
"16714","   6.5 ","07/01/1997",0,5.2,18.5,6.5,"9032"
"16715","    7.5 ","08/01/1997",0,5,16,7.5,"9032"
"16716","    5 ","09/01/1997",0,4.7,17,5,"9032"
"16717","    6 ","10/01/1997",0,5.8,17,6,"9032"
"16718","    3.5 ","11/01/1997",0,7.1,17,3.5,"9032"
"16719","   0.0","12/01/1997",0,6.1,18,0,"9032"
"16720","   1 ","13/01/1997",0,5.4,18.5,1,"9032"
"16721","    3 ","14/01/1997",0.3,2.7,17,3,"9032"
"16722","    4.5 ","15/01/1997",0,3.8,18,4.5,"9032"
"16723","    3 ","16/01/1997",0,5.4,20,3,"9032"
"16724","    2.5 ","17/01/1997",0,4.3,19,2.5,"9032"
"16725","   4.5 ","18/01/1997",0,2.7,17.5,4.5,"9032"
"16726","   1.5 ","19/01/1997",0,4.3,19.5,1.5,"9032"
"16727","    3 ","20/01/1997",0,3.2,17,3,"9032"
"16728","    3 ","21/01/1997",0,5.8,18,3,"9032"
"16729","   3 ","22/01/1997",0,5.2,19.5,3,"9032"
"16730","    3 ","23/01/1997",0,5.4,20,3,"9032"
"16731","   3 ","24/01/1997",0,4.6,20.5,3,"9032"
"16732","    3 ","25/01/1997",0,6,20,3,"9032"
"16733","    4.5 ","26/01/1997",0,5.1,20,4.5,"9032"
"16734","   3.5 ","27/01/1997",0,5.2,20.5,3.5,"9032"
"16735","    3 ","28/01/1997",0,5.1,19,3,"9032"
"16736","   3 ","29/01/1997",0,2.8,17.5,3,"9032"
"16737","    2 ","30/01/1997",0,5,20,2,"9032"
"16738","   3.5 ","31/01/1997",0,3.9,18.5,3.5,"9032"
"16739","   5 ","01/02/1997",0,6.2,20.5,5,"9032"
"16740","    5 ","02/02/1997",0,4.8,20,5,"9032"
"16741","    3.5 ","03/02/1997",0,5.7,21,3.5,"9032"
"16742","   5 ","04/02/1997",0,4.6,19.5,5,"9032"
"16743","   6 ","05/02/1997",0,2,19.5,6,"9032"
"16744","   5 ","06/02/1997",0,4.3,19.5,5,"9032"
"16745","   6.5 ","07/02/1997",0,5,21.5,6.5,"9032"
"16746","    7 ","08/02/1997",0,4.1,19,7,"9032"
"16747","   6.5 ","09/02/1997",0,4.7,20.5,6.5,"9032"
"16748","    6 ","10/02/1997",0,3.6,19,6,"9032"
"16749","   5 ","11/02/1997",0,4,19.2,5,"9032"
"16750","    6 ","12/02/1997",0,7.8,21,6,"9032"
"16751","   4.5 ","13/02/1997",0,6.7,22.5,4.5,"9032"
"16752","    4.5 ","14/02/1997",0,5.9,22,4.5,"9032"
"16753","   3 ","15/02/1997",0,4.4,19.5,3,"9032"
"16754","    3.5 ","16/02/1997",0,4.4,20,3.5,"9032"
"16755","    2.5 ","17/02/1997",0,5,20,2.5,"9032"
"16756","    3 ","18/02/1997",0,5.2,21,3,"9032"
"16757","   5 ","19/02/1997",0,7.8,22.5,5,"9032"
"16758","   6 ","20/02/1997",0,8.9,21.5,6,"9032"
"16759","   3 ","21/02/1997",0,8.4,23.5,3,"9032"
"16760","    4 ","22/02/1997",0,6.8,22,4,"9032"
"16761","    5 ","23/02/1997",0,4.9,23,5,"9032"
"16762","   7 ","24/02/1997",0,6.8,23.5,7,"9032"
"16763","    5 ","25/02/1997",0,7.2,24,5,"9032"
"16764","    8 ","26/02/1997",0,7.8,22,8,"9032"
"16765","   8.5 ","27/02/1997",0,6,23.5,8.5,"9032"
"16766","   6.5 ","28/02/1997",0,9.4,25.5,6.5,"9032"
"16767","    8.5 ","01/03/1997",0,9.7,26,8.5,"9032"
"16768","    6.5 ","02/03/1997",0,9.3,26,6.5,"9032"
"16769","   7 ","03/03/1997",0,9.3,26.5,7,"9032"
"16770","    8 ","04/03/1997",0,6.5,26,8,"9032"
"16771","    6 ","05/03/1997",0,7.8,26,6,"9032"
"16772","   7 ","06/03/1997",0,3.5,17.5,7,"9032"
"16773","   3 ","07/03/1997",0,5.2,20.5,3,"9032"
"16774","    4.5 ","08/03/1997",0,4.1,20,4.5,"9032"
"16775","   7 ","09/03/1997",0,5.4,21.5,7,"9032"
"16776","    5 ","10/03/1997",0,5,23,5,"9032"
"16777","   6.5 ","11/03/1997",2.3,4.2,21.5,6.5,"9032"
"16778","   7.5 ","12/03/1997",0,4.9,20.5,7.5,"9032"
"16779","    7 ","13/03/1997",0,7.7,22,7,"9032"
"16780","    6.5 ","14/03/1997",0,6.8,24,6.5,"9032"
"16781","   5.5 ","15/03/1997",0,6.4,23.5,5.5,"9032"
"16782","    7.5 ","16/03/1997",3,4.2,24,7.5,"9032"
"16783","   8 ","17/03/1997",0,4.8,22.5,8,"9032"
"16784","    5.5 ","18/03/1997",0,4.3,23,5.5,"9032"
"16785","   6.5 ","19/03/1997",20,3.9,18.5,6.5,"9032"
"16786","    4 ","20/03/1997",2,2.4,14,4,"9032"
"16787","    3.5 ","21/03/1997",11,5.6,19,3.5,"9032"
"16788","    5.5 ","22/03/1997",11.3,2.3,15,5.5,"9032"
"16789","    2.5 ","23/03/1997",0,4.2,18,2.5,"9032"
"16790","   4 ","24/03/1997",0,6.4,19.5,4,"9032"
"16791","    7 ","25/03/1997",0,7.3,23,7,"9032"
"16792","   6 ","26/03/1997",0,6.9,23.5,6,"9032"
"16793","    6.5 ","27/03/1997",0,7.5,23,6.5,"9032"
"16794","    6.5 ","28/03/1997",0,4.9,21,6.5,"9032"
"16795","    6.5 ","29/03/1997",0,6.3,24,6.5,"9032"
"16796","    7.5 ","30/03/1997",0,6.1,24,7.5,"9032"
"16797","    7.5 ","31/03/1997",0,3,21,7.5,"9032"
"16798","    8 ","01/04/1997",0,9.6,24,8,"9032"
"16799","   8.5 ","02/04/1997",0,9.7,25.5,8.5,"9032"
"16800","    8.5 ","03/04/1997",0,7.1,23,8.5,"9032"
"16801","    10.5 ","04/04/1997",0.6,7.2,21,10.5,"9032"
"16802","    9 ","05/04/1997",0,2.7,19,9,"9032"
"16803","    6.5 ","06/04/1997",8.9,4.2,22,6.5,"9032"
"16804","   7.5 ","07/04/1997",23.6,5.6,23.5,7.5,"9032"
"16805","   8 ","08/04/1997",0,3.5,20.5,8,"9032"
"16806","    7.5 ","09/04/1997",14.5,3.8,21,7.5,"9032"
"16807","    8 ","10/04/1997",2.3,1.9,18,8,"9032"
"16808","   7.5 ","11/04/1997",1,3.6,18.5,7.5,"9032"
"16809","    6.5 ","12/04/1997",0,4.9,20,6.5,"9032"
"16810","   8 ","13/04/1997",0,5.1,20.5,8,"9032"
"16811","   8.5 ","14/04/1997",0,3.5,21.5,8.5,"9032"
"16812","   7 ","15/04/1997",0,7.1,22.5,7,"9032"
"16813","    8.5 ","16/04/1997",18.9,3.3,21,8.5,"9032"
"16814","   8 ","17/04/1997",7.7,3.1,18.5,8,"9032"
"16815","    9 ","18/04/1997",0,3.8,20,9,"9032"
"16816","   9 ","19/04/1997",0.2,4.6,19.5,9,"9032"
"16817","    4 ","20/04/1997",16.1,3,19,4,"9032"
"16818","    6.5 ","21/04/1997",3.8,3.9,19,6.5,"9032"
"16819","   5.5 ","22/04/1997",0,6.1,21.5,5.5,"9032"
"16820","   6.5 ","23/04/1997",0,8.4,23.5,6.5,"9032"
"16821","   8 ","24/04/1997",0,9.8,23.5,8,"9032"
"16822","    10 ","25/04/1997",0,9.9,25,10,"9032"
"16823","   6 ","26/04/1997",0,5.8,22.5,6,"9032"
"16824","    7.5 ","27/04/1997",0,7.8,20,7.5,"9032"
"16825","   5 ","28/04/1997",0,8.2,23.5,5,"9032"
"16826","   6 ","29/04/1997",0,8.4,25.5,6,"9032"
"16827","    8 ","30/04/1997",0,9.3,25,8,"9032"
"16828","    9 ","01/05/1997",0,9.9,26,9,"9032"
"16829","   11 ","02/05/1997",0,9,26.5,11,"9032"
"16830","    8.5 ","03/05/1997",0,6.8,25,8.5,"9032"
"16831","   5 ","04/05/1997",0,3.6,19.5,5,"9032"
"16832","   6 ","05/05/1997",0,5.4,22.5,6,"9032"
"16833","   6.5 ","06/05/1997",0,9.2,24.5,6.5,"9032"
"16834","    6.5 ","07/05/1997",0,4.7,24,6.5,"9032"
"16835","    8 ","08/05/1997",2.5,3.2,21,8,"9032"
"16836","   7 ","09/05/1997",4,3.2,21.5,7,"9032"
"16837","    9 ","10/05/1997",5.7,3.1,21,9,"9032"
"16838","    7 ","11/05/1997",2.2,4.3,19,7,"9032"
"16839","   7.5 ","12/05/1997",0,4.6,21.5,7.5,"9032"
"16840","   7 ","13/05/1997",0,8.9,22.5,7,"9032"
"16841","   8.5 ","14/05/1997",0,4.5,21.5,8.5,"9032"
"16842","    8 ","15/05/1997",1.6,2.3,20,8,"9032"
"16843","   6 ","16/05/1997",2.2,2.8,20.5,6,"9032"
"16844","   6.5 ","17/05/1997",0,5.1,21.5,6.5,"9032"
"16845","    8 ","18/05/1997",6.1,3.1,22,8,"9032"
"16846","    7 ","19/05/1997",0,5.9,23,7,"9032"
"16847","    10 ","20/05/1997",19.2,5.9,19,10,"9032"
"16848","   8 ","21/05/1997",0,3.2,20.5,8,"9032"
"16849","    7 ","22/05/1997",0.6,2.8,19,7,"9032"
"16850","    6.5 ","23/05/1997",2.6,2.8,20,6.5,"9032"
"16851","    6.5 ","24/05/1997",5.2,6.5,20,6.5,"9032"
"16852","   9 ","25/05/1997",8,2.6,21.5,9,"9032"
"16853","    9 ","26/05/1997",3.8,3.3,21,9,"9032"
"16854","    9.5 ","27/05/1997",0,5.4,25,9.5,"9032"
"16855","   9.5 ","28/05/1997",0,4.1,26.5,9.5,"9032"
"16856","    6 ","29/05/1997",0,5.3,22,6,"9032"
"16857","    8.5 ","30/05/1997",0,7.2,23,8.5,"9032"
"16858","   9.5 ","31/05/1997",0,6.4,24.5,9.5,"9032"
"16859","    9 ","01/06/1997",1.1,4.5,24,9,"9032"
"16860","    8.5 ","02/06/1997",29.6,8.2,22,8.5,"9032"
"16861","    7 ","03/06/1997",0,5.5,23,7,"9032"
"16862","    6.5 ","04/06/1997",0,7.3,25,6.5,"9032"
"16863","    6 ","05/06/1997",0,9.2,25,6,"9032"
"16864","    9.5 ","06/06/1997",0,4.4,25,9.5,"9032"
"16865","    10.5 ","07/06/1997",2.6,4.8,24,10.5,"9032"
"16866","    9.5 ","08/06/1997",0,5.7,25,9.5,"9032"
"16867","   10 ","09/06/1997",2.1,4.2,24.5,10,"9032"
"16868","    11 ","10/06/1997",0,5.1,24,11,"9032"
"16869","    10.5 ","11/06/1997",0,5,24,10.5,"9032"
"16870","   10 ","12/06/1997",0,7.1,25.5,10,"9032"
"16871","   8 ","13/06/1997",0,9.4,27.5,8,"9032"
"16872","   8 ","14/06/1997",0,8,28.5,8,"9032"
"16873","   10 ","15/06/1997",1,9.9,26.5,10,"9032"
"16874","   12 ","16/06/1997",0,0.8,24.5,12,"9032"
"16875","   11 ","17/06/1997",1.2,6.7,25.5,11,"9032"
"16876","    13 ","18/06/1997",0,4.5,24,13,"9032"
"16877","    10 ","19/06/1997",0,3.7,23,10,"9032"
"16878","   10 ","20/06/1997",2.1,6.3,23.5,10,"9032"
"16879","   9 ","21/06/1997",3.9,4,22.5,9,"9032"
"16880","   10 ","22/06/1997",0,4.5,22.5,10,"9032"
"16881","   11 ","23/06/1997",19,2.8,19.5,11,"9032"
"16882","   9 ","24/06/1997",29.5,4.2,17.5,9,"9032"
"16883","    9.5 ","25/06/1997",2,2.5,19,9.5,"9032"
"16884","    10 ","26/06/1997",2,4.2,22,10,"9032"
"16885","    10 ","27/06/1997",1.8,2.3,21,10,"9032"
"16886","    11 ","28/06/1997",1.3,3.5,22,11,"9032"
"16887","   10 ","29/06/1997",0,4.9,22.5,10,"9032"
"16888","    10.5 ","30/06/1997",6.6,2.4,20,10.5,"9032"
"16889","    10 ","01/07/1997",39.3,5.7,19,10,"9032"
"16890","    10 ","02/07/1997",12,1.8,20,10,"9032"
"16891","   11 ","03/07/1997",0,5.3,22.5,11,"9032"
"16892","   9 ","04/07/1997",2.7,5.1,23.5,9,"9032"
"16893","   10 ","05/07/1997",6,3,20.5,10,"9032"
"16894","   9.5 ","06/07/1997",1.5,4.1,22.5,9.5,"9032"
"16895","    10.5 ","07/07/1997",6.5,3,20,10.5,"9032"
"16896","   8 ","08/07/1997",2.8,4.6,21.5,8,"9032"
"16897","   8.5 ","09/07/1997",0,4.7,20.5,8.5,"9032"
"16898","    6.5 ","10/07/1997",0,6.9,23,6.5,"9032"
"16899","   8 ","11/07/1997",0,6.5,25.5,8,"9032"
"16900","    9.5 ","12/07/1997",5.2,5.2,23,9.5,"9032"
"16901","   9 ","13/07/1997",0,2.4,21.5,9,"9032"
"16902","   10 ","14/07/1997",0.6,3.7,20.5,10,"9032"
"16903","   10.5 ","15/07/1997",43.1,3.7,22.5,10.5,"9032"
"16904","    10 ","16/07/1997",1.6,3,22,10,"9032"
"16905","   10.5 ","17/07/1997",7.4,3.2,20.5,10.5,"9032"
"16906","   10 ","18/07/1997",12.7,2.5,17.5,10,"9032"
"16907","    9.5 ","19/07/1997",5,2.9,19,9.5,"9032"
"16908","   10 ","20/07/1997",3.9,3.5,20.5,10,"9032"
"16909","    7.5 ","21/07/1997",1.9,4.4,23,7.5,"9032"
"16910","   8.5 ","22/07/1997",0,5.5,23.5,8.5,"9032"
"16911","    11.5 ","23/07/1997",5.8,4.5,22,11.5,"9032"
"16912","   9.5 ","24/07/1997",0.7,3,20.5,9.5,"9032"
"16913","   9.5 ","25/07/1997",38.5,6.8,21.5,9.5,"9032"
"16914","    9.5 ","26/07/1997",20,4.8,21,9.5,"9032"
"16915","   9.5 ","27/07/1997",0,4.9,21.5,9.5,"9032"
"16916","    9 ","28/07/1997",1.6,3.8,22,9,"9032"
"16917","   8.5 ","29/07/1997",4,4.7,21.5,8.5,"9032"
"16918","   9 ","30/07/1997",0,4,21.5,9,"9032"
"16919","    8.5 ","31/07/1997",0.5,3.6,23,8.5,"9032"
"16920","    8.3 ","01/08/1997",2.3,5.4,23,8.3,"9032"
"16921","    9.5 ","02/08/1997",16.5,4.9,21,9.5,"9032"
"16922","   9 ","03/08/1997",9.3,3.8,20.5,9,"9032"
"16923","    7.5 ","04/08/1997",2.7,2.1,19,7.5,"9032"
"16924","    9 ","05/08/1997",9.8,3.4,20,9,"9032"
"16925","   7.5 ","06/08/1997",0,4.8,22.5,7.5,"9032"
"16926","   8.5 ","07/08/1997",0,6.7,23.5,8.5,"9032"
"16927","    9.5 ","08/08/1997",1.3,4.6,23,9.5,"9032"
"16928","    9.5 ","09/08/1997",0,3.7,21,9.5,"9032"
"16929","   8 ","10/08/1997",0,6.7,23.5,8,"9032"
"16930","   7.5 ","11/08/1997",0,6.3,23.5,7.5,"9032"
"16931","   7.5 ","12/08/1997",4.5,4.7,23.5,7.5,"9032"
"16932","   8.5 ","13/08/1997",0.8,2.5,19.5,8.5,"9032"
"16933","   9.5 ","14/08/1997",0,4.9,22.5,9.5,"9032"
"16934","    9.5 ","15/08/1997",2.8,4.2,23,9.5,"9032"
"16935","   7.5 ","16/08/1997",8.1,5.8,23.5,7.5,"9032"
"16936","   8 ","17/08/1997",1.4,3,21.5,8,"9032"
"16937","   10 ","18/08/1997",21.9,5.2,21.5,10,"9032"
"16938","    7.5 ","19/08/1997",2,3.3,20,7.5,"9032"
"16939","   7 ","20/08/1997",0,3.8,21.5,7,"9032"
"16940","    8 ","21/08/1997",3,5.7,23,8,"9032"
"16941","    8.5 ","22/08/1997",0,6,25,8.5,"9032"
"16942","   7.5 ","23/08/1997",0,6.8,23.5,7.5,"9032"
"16943","    6.5 ","24/08/1997",1.2,4.1,23,6.5,"9032"
"16944","   8 ","25/08/1997",8.1,5.3,21.5,8,"9032"
"16945","    10.5 ","26/08/1997",2.5,2.5,20,10.5,"9032"
"16946","   10.5 ","27/08/1997",18.8,3.4,21.5,10.5,"9032"
"16947","    9.5 ","28/08/1997",1,2.2,21,9.5,"9032"
"16948","   10.5 ","29/08/1997",8.8,3.9,20.5,10.5,"9032"
"16949","   7.5 ","30/08/1997",0,4,21.5,7.5,"9032"
"16950","   7 ","31/08/1997",3.8,5.8,22.5,7,"9032"
"16951","    8 ","01/09/1997",13.3,3.5,20,8,"9032"
"16952","    10 ","02/09/1997",0,5.5,21,10,"9032"
"16953","   10 ","03/09/1997",0,0.5,18.5,10,"9032"
"16954","   9.5 ","04/09/1997",15,2,17.5,9.5,"9032"
"16955","    9.5 ","05/09/1997",15.3,1.8,17,9.5,"9032"
"16956","   10 ","06/09/1997",23,3.6,18.5,10,"9032"
"16957","   10.5 ","07/09/1997",0,1.9,18.5,10.5,"9032"
"16958","    11.5 ","08/09/1997",12.7,3.5,20,11.5,"9032"
"16959","    11 ","09/09/1997",0,3.4,21,11,"9032"
"16960","    9.5 ","10/09/1997",0,5.3,21,9.5,"9032"
"16961","   9.5 ","11/09/1997",2.4,3.9,21.5,9.5,"9032"
"16962","    10.5 ","12/09/1997",15.1,5.6,22,10.5,"9032"
"16963","    10.5 ","13/09/1997",7.5,2.9,22,10.5,"9032"
"16964","   8.5 ","14/09/1997",1,2.7,19.5,8.5,"9032"
"16965","    10 ","15/09/1997",4.1,3.2,21,10,"9032"
"16966","    10 ","16/09/1997",0,4.4,21,10,"9032"
"16967","   11 ","17/09/1997",0.7,2.6,21.5,11,"9032"
"16968","   10 ","18/09/1997",0,4.4,21.5,10,"9032"
"16969","    9 ","19/09/1997",0,4.6,21,9,"9032"
"16970","    9 ","20/09/1997",1.6,6.4,16,9,"9032"
"16971","    10 ","21/09/1997",0,1.9,22,10,"9032"
"16972","   9.5 ","22/09/1997",0.7,2.8,22.5,9.5,"9032"
"16973","    9.5 ","23/09/1997",2,3.2,23,9.5,"9032"
"16974","    10 ","24/09/1997",5.9,2.9,22,10,"9032"
"16975","    11 ","25/09/1997",1.4,0,16,11,"9032"
"16976","    10.5 ","26/09/1997",0,4.3,20,10.5,"9032"
"16977","    10 ","27/09/1997",0,3.7,22,10,"9032"
"16978","    10 ","28/09/1997",0,4.3,23,10,"9032"
"16979","   9 ","29/09/1997",0,4.2,21.5,9,"9032"
"16980","    10 ","30/09/1997",0,3.8,23,10,"9032"
"16981","    11.5 ","01/10/1997",0.1,1.8,20,11.5,"9032"
"16982","    10.5 ","02/10/1997",0,3.1,21,10.5,"9032"
"16983","   10.5 ","03/10/1997",0.7,3.1,22.5,10.5,"9032"
"16984","    8 ","04/10/1997",0,4.8,22,8,"9032"
"16985","    8 ","05/10/1997",0,3.8,21,8,"9032"
"16986","    8 ","06/10/1997",13.5,2.8,21,8,"9032"
"16987","    8.5 ","07/10/1997",2.8,2.7,22,8.5,"9032"
"16988","   11.5 ","08/10/1997",4.2,2.2,20.5,11.5,"9032"
"16989","   11.5 ","09/10/1997",3.5,1.5,21.5,11.5,"9032"
"16990","   11 ","10/10/1997",1,2.1,19.5,11,"9032"
"16991","   11 ","11/10/1997",0,5.3,21.5,11,"9032"
"16992","   11.5 ","12/10/1997",0,3.6,20.5,11.5,"9032"
"16993","    12.5 ","13/10/1997",17.9,1.9,18,12.5,"9032"
"16994","   8.5 ","14/10/1997",0,0.9,12.5,8.5,"9032"
"16995","   7 ","15/10/1997",3,1.6,13.5,7,"9032"
"16996","   5.5 ","16/10/1997",18.5,0.6,11.5,5.5,"9032"
"16997","    3.5 ","17/10/1997",0,0.7,8.5,3.5,"9032"
"16998","    1.5 ","18/10/1997",0,4.3,17,1.5,"9032"
"16999","   1 ","19/10/1997",0,4.2,17.5,1,"9032"
"17000","   2 ","20/10/1997",0,5.4,20.5,2,"9032"
"17001","   4 ","21/10/1997",0,6.8,20.5,4,"9032"
"17002","   4 ","22/10/1997",0,3.8,21.5,4,"9032"
"17003","   5 ","23/10/1997",0,5.7,21.5,5,"9032"
"17004","    6.5 ","24/10/1997",0,5.2,23,6.5,"9032"
"17005","   7.5 ","25/10/1997",0,6.8,22.5,7.5,"9032"
"17006","   6.5 ","26/10/1997",0,7.8,24.5,6.5,"9032"
"17007","   7 ","27/10/1997",0,5.8,22.5,7,"9032"
"17008","    8 ","28/10/1997",0,6.7,25,8,"9032"
"17009","    8 ","29/10/1997",0,4.4,24,8,"9032"
"17010","    8.5 ","30/10/1997",0,5.7,25,8.5,"9032"
"17011","   8.5 ","31/10/1997",0,4.9,23.5,8.5,"9032"
"17012","   9 ","01/11/1997",0,4.1,22.5,9,"9032"
"17013","   10 ","02/11/1997",0,2.9,19.5,10,"9032"
"17014","   10 ","03/11/1997",2.7,1.9,18.5,10,"9032"
"17015","   6.5 ","04/11/1997",0,2.9,19.5,6.5,"9032"
"17016","    6.5 ","05/11/1997",0,4.9,21,6.5,"9032"
"17017","    6 ","06/11/1997",0,4.3,21,6,"9032"
"17018","    4.5 ","07/11/1997",0,4.3,21,4.5,"9032"
"17019","   7.5 ","08/11/1997",0,3,17.5,7.5,"9032"
"17020","   9.5 ","09/11/1997",0,2.2,18.5,9.5,"9032"
"17021","    9 ","10/11/1997",8.3,6.6,21,9,"9032"
"17022","    9 ","11/11/1997",0.8,1.4,16,9,"9032"
"17023","    9.5 ","12/11/1997",0,0.2,17,9.5,"9032"
"17024","   5.5 ","13/11/1997",0,5.2,19.5,5.5,"9032"
"17025","    4 ","14/11/1997",0,7.5,23,4,"9032"
"17026","   5 ","15/11/1997",0,3.8,23.5,5,"9032"
"17027","    5 ","16/11/1997",0,3.3,20,5,"9032"
"17028","   6 ","17/11/1997",0,3.2,16.5,6,"9032"
"17029","    5.5 ","18/11/1997",0,2.2,20,5.5,"9032"
"17030","   9 ","19/11/1997",0.2,3.2,19.5,9,"9032"
"17031","    5.5 ","20/11/1997",0,3.9,20,5.5,"9032"
"17032","    6 ","21/11/1997",0,4,21,6,"9032"
"17033","   6.5 ","22/11/1997",0,3.5,20.5,6.5,"9032"
"17034","   6.5 ","23/11/1997",0,3,17.5,6.5,"9032"
"17035","   4.5 ","24/11/1997",0,3.9,19.5,4.5,"9032"
"17036","    6 ","25/11/1997",0,2,19,6,"9032"
"17037","    7 ","26/11/1997",0,4,19,7,"9032"
"17038","   5.5 ","27/11/1997",0,5.6,21.5,5.5,"9032"
"17039","   6.5 ","28/11/1997",0,4.1,20.5,6.5,"9032"
"17040","   4.5 ","29/11/1997",0,4.5,20.5,4.5,"9032"
"17041","    4.5 ","30/11/1997",0,4.2,20,4.5,"9032"
"17042","    5 ","01/12/1997",0,8,22,5,"9032"
"17043","   8 ","02/12/1997",0,4.8,19.5,8,"9032"
"17044","   5.5 ","03/12/1997",0,5.7,22.5,5.5,"9032"
"17045","    6.5 ","04/12/1997",0,3.3,24,6.5,"9032"
"17046","    7 ","05/12/1997",0,4.9,22,7,"9032"
"17047","    6.5 ","06/12/1997",0,6.1,23,6.5,"9032"
"17048","   6.5 ","07/12/1997",0,3.2,21.5,6.5,"9032"
"17049","    6 ","08/12/1997",0,5.4,24,6,"9032"
"17050","    7.5 ","09/12/1997",0,5.8,25,7.5,"9032"
"17051","   7 ","10/12/1997",0,6.6,23.5,7,"9032"
"17052","   8.5 ","11/12/1997",0,6,19.5,8.5,"9032"
"17053","    7 ","12/12/1997",0,4.8,15,7,"9032"
"17054","    8 ","13/12/1997",0,2.5,14,8,"9032"
"17055","   -1 ","14/12/1997",0,4.8,15,-1,"9032"
"17056","   0.0","15/12/1997",0,4.1,17,0,"9032"
"17057","   1.5 ","16/12/1997",0,4.9,17.5,1.5,"9032"
"17058","   3.5 ","17/12/1997",6.9,0.6,17.5,3.5,"9032"
"17059","    6 ","18/12/1997",4.9,1.6,10,6,"9032"
"17060","   5.5 ","19/12/1997",0,4.1,17.5,5.5,"9032"
"17061","    5.5 ","20/12/1997",0,4.8,17,5.5,"9032"
"17062","    6.5 ","21/12/1997",0,4.2,21,6.5,"9032"
"17063","    9.5 ","22/12/1997",0,3.7,19,9.5,"9032"
"17064","   10 ","23/12/1997",0,3.3,20.5,10,"9032"
"17065","    7 ","24/12/1997",0,4.3,20,7,"9032"
"17066","   8.5 ","25/12/1997",0,5.2,22.5,8.5,"9032"
"17067","    5 ","26/12/1997",0,6.4,22,5,"9032"
"17068","    6 ","27/12/1997",0,6.2,23,6,"9032"
"17069","    6.5 ","28/12/1997",0,6.6,23,6.5,"9032"
"17070","    2 ","29/12/1997",0,3.6,20,2,"9032"
"17071","    0.5 ","30/12/1997",0,5.2,19,0.5,"9032"
"17072","    3 ","31/12/1997",0,4,19,3,"9032"
"17073","    1 ","01/01/1998",0,4,16,1,"9032"
"17074","   1.5 ","02/01/1998",0,4.1,17.5,1.5,"9032"
"17075","   2.5 ","03/01/1998",0,6.2,20.5,2.5,"9032"
"17076","    3 ","04/01/1998",0,5.1,19,3,"9032"
"17077","    3.5 ","05/01/1998",0,4.9,20,3.5,"9032"
"17078","    6 ","06/01/1998",0,7,18,6,"9032"
"17079","    2 ","07/01/1998",0,5.8,18,2,"9032"
"17080","    4.5 ","08/01/1998",0,6.6,20,4.5,"9032"
"17081","   6.5 ","09/01/1998",0,6.2,20.5,6.5,"9032"
"17082","   4 ","10/01/1998",0,6.1,22.5,4,"9032"
"17083","    4 ","11/01/1998",0,7.3,23,4,"9032"
"17084","   4.5 ","12/01/1998",0,6.8,21.5,4.5,"9032"
"17085","    5 ","13/01/1998",0,8.2,21,5,"9032"
"17086","    5 ","14/01/1998",0,5.9,20,5,"9032"
"17087","   2.5 ","15/01/1998",0,5.1,18.5,2.5,"9032"
"17088","    1 ","16/01/1998",0,4.8,20,1,"9032"
"17089","   3 ","17/01/1998",6.7,1.7,15.5,3,"9032"
"17090","   6.5 ","18/01/1998",9,3,15.5,6.5,"9032"
"17091","    6 ","19/01/1998",3.2,0.9,13,6,"9032"
"17092","    5 ","20/01/1998",0,6.1,17,5,"9032"
"17093","    3.5 ","21/01/1998",0,4.1,20,3.5,"9032"
"17094","   5 ","22/01/1998",0,6.1,19.5,5,"9032"
"17095","    7.5 ","23/01/1998",0,5.7,20,7.5,"9032"
"17096","    5 ","24/01/1998",0,4.2,16,5,"9032"
"17097","    0.5 ","25/01/1998",0,5.3,19,0.5,"9032"
"17098","   2 ","26/01/1998",0,3.4,18.5,2,"9032"
"17099","   1.5 ","27/01/1998",0,5.1,18.5,1.5,"9032"
"17100","   2.5 ","28/01/1998",0,5.7,19.5,2.5,"9032"
"17101","    2 ","29/01/1998",0,5.7,19,2,"9032"
"17102","   3.5 ","30/01/1998",0,6.8,20.5,3.5,"9032"
"17103","   2.5 ","31/01/1998",0,7,21.5,2.5,"9032"
"17104","    5.5 ","01/02/1998",0,6.7,20,5.5,"9032"
"17105","   2 ","02/02/1998",0,6.5,14.5,2,"9032"
"17106","  -2 ","03/02/1998",0,5.5,18.5,-2,"9032"
"17107","   -0.5 ","04/02/1998",0,4.9,22,-0.5,"9032"
"17108","    3.5 ","05/02/1998",0,6.1,20,3.5,"9032"
"17109","    1 ","06/02/1998",0,7.9,19,1,"9032"
"17110","   3 ","07/02/1998",0,6.6,21.5,3,"9032"
"17111","   2.5 ","08/02/1998",0,7.9,20.5,2.5,"9032"
"17112","   5.5 ","09/02/1998",0,6.9,22.5,5.5,"9032"
"17113","    3 ","10/02/1998",0,5.7,22,3,"9032"
"17114","    2.5 ","11/02/1998",0,6.6,20,2.5,"9032"
"17115","    4.5 ","12/02/1998",0,5.9,20,4.5,"9032"
"17116","    4 ","13/02/1998",0,4.7,20,4,"9032"
"17117","    5 ","14/02/1998",0.3,3.3,15,5,"9032"
"17118","   4.5 ","15/02/1998",0,8.8,20.5,4.5,"9032"
"17119","   4.5 ","16/02/1998",0,8.8,22.5,4.5,"9032"
"17120","   3.5 ","17/02/1998",0,4.9,23.5,3.5,"9032"
"17121","   8 ","18/02/1998",0,5.4,24.5,8,"9032"
"17122","    6 ","19/02/1998",0,9.5,25,6,"9032"
"17123","   4 ","20/02/1998",0,8.2,22.5,4,"9032"
"17124","   6 ","21/02/1998",0,9.4,20.5,6,"9032"
"17125","    4 ","22/02/1998",0,9.8,24,4,"9032"
"17126","   4.5 ","23/02/1998",0,6.7,24.5,4.5,"9032"
"17127","   4.5 ","24/02/1998",0,6.8,23.5,4.5,"9032"
"17128","    7 ","25/02/1998",0,8.7,23,7,"9032"
"17129","   8.5 ","26/02/1998",0,8.8,22.5,8.5,"9032"
"17130","   2.5 ","27/02/1998",0,8.7,23.5,2.5,"9032"
"17131","    5.5 ","28/02/1998",0,9,24,5.5,"9032"
"17132","    5.5 ","01/03/1998",0,9.5,21,5.5,"9032"
"17133","   3.5 ","02/03/1998",0,7.6,22.5,3.5,"9032"
"17134","    4.5 ","03/03/1998",0,10.6,21,4.5,"9032"
"17135","    5.5 ","04/03/1998",0,7.8,21,5.5,"9032"
"17136","    6 ","05/03/1998",0,7,25,6,"9032"
"17137","    8.5 ","06/03/1998",0,8.8,25,8.5,"9032"
"17138","    8.5 ","07/03/1998",0,8.7,23,8.5,"9032"
"17139","    4 ","08/03/1998",0,10.3,25,4,"9032"
"17140","    7 ","09/03/1998",0,9.4,24,7,"9032"
"17141","    6 ","10/03/1998",0,7.3,23,6,"9032"
"17142","    3 ","11/03/1998",0,5.6,22,3,"9032"
"17143","    3.5 ","12/03/1998",0,6.2,22,3.5,"9032"
"17144","    5 ","13/03/1998",0,4.4,21,5,"9032"
"17145","    6 ","14/03/1998",0,5.7,23,6,"9032"
"17146","   6.5 ","15/03/1998",0,3.8,23.5,6.5,"9032"
"17147","   8 ","16/03/1998",0,3.5,21.5,8,"9032"
"17148","    5.5 ","17/03/1998",0,9.1,22,5.5,"9032"
"17149","    6 ","18/03/1998",0,11.4,24,6,"9032"
"17150","    4 ","19/03/1998",0,8.1,25,4,"9032"
"17151","    6 ","20/03/1998",0,11.4,25,6,"9032"
"17152","   9.5 ","21/03/1998",0,9.2,25.5,9.5,"9032"
"17153","    5 ","22/03/1998",0,7.3,20,5,"9032"
"17154","   1 ","23/03/1998",0,6.9,22.5,1,"9032"
"17155","    4.5 ","24/03/1998",0,8,25,4.5,"9032"
"17156","    7 ","25/03/1998",0,9.4,25,7,"9032"
"17157","   7 ","26/03/1998",0,8,25.5,7,"9032"
"17158","    8.5 ","27/03/1998",0,8.5,25,8.5,"9032"
"17159","   8 ","28/03/1998",0,9.2,26.5,8,"9032"
"17160","   9 ","29/03/1998",0,8.9,26.5,9,"9032"
"17161","   11.5 ","30/03/1998",0,9.9,24.5,11.5,"9032"
"17162","   7.5 ","31/03/1998",0,9.6,29.5,7.5,"9032"
"17163","    11.5 ","01/04/1998",0,4.8,28,11.5,"9032"
"17164","   10 ","02/04/1998",0,6.6,27.5,10,"9032"
"17165","    11 ","03/04/1998",0,10.6,29,11,"9032"
"17166","    10 ","04/04/1998",0,11,29,10,"9032"
"17167","    9 ","05/04/1998",0,11.6,29,9,"9032"
"17168","   13 ","06/04/1998",0,13.9,27.5,13,"9032"
"17169","   13 ","07/04/1998",0,13.9,26.5,13,"9032"
"17170","    10 ","08/04/1998",0,11.7,27,10,"9032"
"17171","    10 ","09/04/1998",0,10.4,27,10,"9032"
"17172","   7.5 ","10/04/1998",0,8.8,25.5,7.5,"9032"
"17173","    7 ","11/04/1998",0,7.4,25,7,"9032"
"17174","   7.5 ","12/04/1998",0,9.3,27.5,7.5,"9032"
"17175","    9 ","13/04/1998",0,9.8,28,9,"9032"
"17176","    11 ","14/04/1998",0,8.9,30,11,"9032"
"17177","    11.5 ","15/04/1998",0,11.4,29,11.5,"9032"
"17178","   11 ","16/04/1998",0,8.6,30.5,11,"9032"
"17179","    11.5 ","17/04/1998",0,10.4,29,11.5,"9032"
"17180","    12.5 ","18/04/1998",0,9.1,28,12.5,"9032"
"17181","   7.5 ","19/04/1998",0,10.6,25.5,7.5,"9032"
"17182","   7 ","20/04/1998",0,9.3,24.5,7,"9032"
"17183","   7.5 ","21/04/1998",0,7.5,23.5,7.5,"9032"
"17184","    8.5 ","22/04/1998",0,4.2,21,8.5,"9032"
"17185","    7 ","23/04/1998",0,4.1,20,7,"9032"
"17186","   7 ","24/04/1998",0,5.9,23.5,7,"9032"
"17187","    10 ","25/04/1998",0,9.1,25,10,"9032"
"17188","    11.5 ","26/04/1998",0,10.8,25,11.5,"9032"
"17189","   11.5 ","27/04/1998",0,11.5,25.5,11.5,"9032"
"17190","    8.5 ","28/04/1998",0,11.3,24,8.5,"9032"
"17191","    7.5 ","29/04/1998",0,12.4,23,7.5,"9032"
"17192","   7.5 ","30/04/1998",0,5.3,23.5,7.5,"9032"
"17193","    6.5 ","01/05/1998",0,10.6,25,6.5,"9032"
"17194","   8.5 ","02/05/1998",0,10.4,26.5,8.5,"9032"
"17195","    8.5 ","03/05/1998",0,9.2,27,8.5,"9032"
"17196","    8.5 ","04/05/1998",0,10.6,28,8.5,"9032"
"17197","   10 ","05/05/1998",0,12.7,29.5,10,"9032"
"17198","   10.5 ","06/05/1998",0,11.1,29.5,10.5,"9032"
"17199","    11 ","07/05/1998",0,13.7,30,11,"9032"
"17200","    13.5 ","08/05/1998",0,12,31,13.5,"9032"
"17201","    12 ","09/05/1998",0,11,31,12,"9032"
"17202","    12.5 ","10/05/1998",0,8.9,30,12.5,"9032"
"17203","    12 ","11/05/1998",0,9.6,30,12,"9032"
"17204","    12.5 ","12/05/1998",0,9.3,28,12.5,"9032"
"17205","    10.5 ","13/05/1998",0,12.4,30,10.5,"9032"
"17206","   10 ","14/05/1998",0,11,29.5,10,"9032"
"17207","    9.5 ","15/05/1998",0,9.8,28,9.5,"9032"
"17208","   7.5 ","16/05/1998",0,8.6,26.5,7.5,"9032"
"17209","   7.5 ","17/05/1998",0,9.4,26.5,7.5,"9032"
"17210","   6.5 ","18/05/1998",0,8.8,26.5,6.5,"9032"
"17211","   6.5 ","19/05/1998",0,9.4,26.5,6.5,"9032"
"17212","   6 ","20/05/1998",0,8.6,26.5,6,"9032"
"17213","    6.5 ","21/05/1998",0,9.9,27,6.5,"9032"
"17214","    8 ","22/05/1998",0,9.4,27,8,"9032"
"17215","   9 ","23/05/1998",0,10.4,27.5,9,"9032"
"17216","    10 ","24/05/1998",0,10.3,29,10,"9032"
"17217","   11.5 ","25/05/1998",0,10.3,29.5,11.5,"9032"
"17218","    10.5 ","26/05/1998",0,6.1,28,10.5,"9032"
"17219","   9 ","27/05/1998",0,7.6,27.5,9,"9032"
"17220","   10 ","28/05/1998",5,7.5,27.5,10,"9032"
"17221","   7.5 ","29/05/1998",0,8.8,26.5,7.5,"9032"
"17222","    8 ","30/05/1998",0,7.6,27,8,"9032"
"17223","    7 ","31/05/1998",0,8.2,26,7,"9032"
"17224","   9 ","01/06/1998",0,5.7,24.5,9,"9032"
"17225","   11.5 ","02/06/1998",0,8.2,26.5,11.5,"9032"
"17226","    11.5 ","03/06/1998",3.9,4.4,26,11.5,"9032"
"17227","    11 ","04/06/1998",0,6,24,11,"9032"
"17228","    10.5 ","05/06/1998",5.5,4.7,27,10.5,"9032"
"17229","   10 ","06/06/1998",14.9,6.5,24.5,10,"9032"
"17230","    9 ","07/06/1998",0,8,24,9,"9032"
"17231","   10.5 ","08/06/1998",0,8.6,25.5,10.5,"9032"
"17232","    10 ","09/06/1998",0,6,27,10,"9032"
"17233","   11.5 ","10/06/1998",10.9,8.1,26.5,11.5,"9032"
"17234","   11.5 ","11/06/1998",0,7.1,25.5,11.5,"9032"
"17235","    9 ","12/06/1998",0,6.7,27,9,"9032"
"17236","    9 ","13/06/1998",0,8.2,28,9,"9032"
"17237","   11 ","14/06/1998",0,8.6,27.5,11,"9032"
"17238","    11 ","15/06/1998",0,3.9,29,11,"9032"
"17239","    12.5 ","16/06/1998",0,7.9,28,12.5,"9032"
"17240","   12 ","17/06/1998",0,9.3,26.5,12,"9032"
"17241","    11 ","18/06/1998",0.7,6.6,27,11,"9032"
"17242","    10 ","19/06/1998",5.3,4.3,25,10,"9032"
"17243","    10.5 ","20/06/1998",15.8,8.3,25,10.5,"9032"
"17244","   10 ","21/06/1998",0,9.7,24.5,10,"9032"
"17245","   10.5 ","22/06/1998",0.6,7.9,24.5,10.5,"9032"
"17246","   9.5 ","23/06/1998",6.1,4.9,24.5,9.5,"9032"
"17247","    10.5 ","24/06/1998",0,4,23,10.5,"9032"
"17248","   11 ","25/06/1998",35.4,5.7,23.5,11,"9032"
"17249","   8.5 ","26/06/1998",0,7.5,22.5,8.5,"9032"
"17250","   11.5 ","27/06/1998",4.4,4.1,24.5,11.5,"9032"
"17251","   11.5 ","28/06/1998",0,7.1,23.5,11.5,"9032"
"17252","    10.5 ","29/06/1998",4.9,4.1,25,10.5,"9032"
"17253","   10 ","30/06/1998",5.9,3.4,21.5,10,"9032"
"17254","   10.5 ","01/07/1998",5.6,3,21.5,10.5,"9032"
"17255","   11.5 ","02/07/1998",6.1,3.8,22.5,11.5,"9032"
"17256","    11.5 ","03/07/1998",2.7,2,28,11.5,"9032"
"17257","    10.5 ","04/07/1998",0,5.8,25,10.5,"9032"
"17258","    6.5 ","05/07/1998",0,7.9,24,6.5,"9032"
"17259","    8 ","06/07/1998",0,6.2,23,8,"9032"
"17260","   8 ","07/07/1998",0,7.6,23.5,8,"9032"
"17261","   8 ","08/07/1998",0,7.8,25.5,8,"9032"
"17262","   9 ","09/07/1998",3.1,3.2,20.5,9,"9032"
"17263","   10.5 ","10/07/1998",0.6,0.5,18.5,10.5,"9032"
"17264","   11 ","11/07/1998",4.6,5.4,23.5,11,"9032"
"17265","   9 ","12/07/1998",0,6.6,24.5,9,"9032"
"17266","    10 ","13/07/1998",0,6.7,25,10,"9032"
"17267","    9.5 ","14/07/1998",3.3,3.7,24,9.5,"9032"
"17268","   10.5 ","15/07/1998",1.9,7.1,23.5,10.5,"9032"
"17269","    10 ","16/07/1998",2.5,2.5,20,10,"9032"
"17270","   10 ","17/07/1998",0,4.8,22.5,10,"9032"
"17271","    10 ","18/07/1998",0,5.3,23,10,"9032"
"17272","   9.5 ","19/07/1998",0,7,23.5,9.5,"9032"
"17273","   9.5 ","20/07/1998",0,7.2,23.5,9.5,"9032"
"17274","   9.5 ","21/07/1998",8.5,5.3,21.5,9.5,"9032"
"17275","   8.5 ","22/07/1998",0.9,4.6,22.5,8.5,"9032"
"17276","    9 ","23/07/1998",10.1,1.7,21,9,"9032"
"17277","    10.5 ","24/07/1998",22.7,6.9,21,10.5,"9032"
"17278","   8 ","25/07/1998",0,5.8,22.5,8,"9032"
"17279","   8.5 ","26/07/1998",0,4.7,22.5,8.5,"9032"
"17280","    10 ","27/07/1998",0.9,3.2,22,10,"9032"
"17281","   10.5 ","28/07/1998",12.5,3.8,22.5,10.5,"9032"
"17282","   10 ","29/07/1998",0,3.7,20.5,10,"9032"
"17283","    10 ","30/07/1998",0,5.4,18,10,"9032"
"17284","    8.5 ","31/07/1998",6.1,2.8,21,8.5,"9032"
"17285","    9 ","01/08/1998",2.6,3,20,9,"9032"
"17286","   10 ","02/08/1998",10.2,4.3,21.5,10,"9032"
"17287","    10 ","03/08/1998",0,2.8,20,10,"9032"
"17288","    11 ","04/08/1998",13.1,4.3,23,11,"9032"
"17289","   10.5 ","05/08/1998",12.9,8.7,21.5,10.5,"9032"
"17290","    10 ","06/08/1998",3.7,2,21,10,"9032"
"17291","    10.5 ","07/08/1998",0,0.3,19,10.5,"9032"
"17292","    10.5 ","08/08/1998",3.7,4.3,23,10.5,"9032"
"17293","   9 ","09/08/1998",1,3.4,18.5,9,"9032"
"17294","    7 ","10/08/1998",0,4.6,20,7,"9032"
"17295","    8.5 ","11/08/1998",6,3.3,21,8.5,"9032"
"17296","    9 ","12/08/1998",0,4.6,22,9,"9032"
"17297","   9 ","13/08/1998",2.3,3.8,22.5,9,"9032"
"17298","    9 ","14/08/1998",69.2,7.6,21,9,"9032"
"17299","   10 ","15/08/1998",0,4.4,21.5,10,"9032"
"17300","   9.5 ","16/08/1998",0,3.2,19.5,9.5,"9032"
"17301","   10.5 ","17/08/1998",0,4.2,22.5,10.5,"9032"
"17302","   9 ","18/08/1998",3.9,4.2,21.5,9,"9032"
"17303","    10 ","19/08/1998",3.8,2.5,21,10,"9032"
"17304","    10 ","20/08/1998",0.8,1.4,17,10,"9032"
"17305","   10 ","21/08/1998",19.2,3.2,20.5,10,"9032"
"17306","   11 ","22/08/1998",1.2,3.1,20.5,11,"9032"
"17307","   11.5 ","23/08/1998",5.1,4.9,21.5,11.5,"9032"
"17308","    11.5 ","24/08/1998",18.8,5.8,23,11.5,"9032"
"17309","   9.5 ","25/08/1998",1.6,4.7,23.5,9.5,"9032"
"17310","    10 ","26/08/1998",0.8,4.4,23,10,"9032"
"17311","    11.5 ","27/08/1998",0,3,21,11.5,"9032"
"17312","    11.5 ","28/08/1998",8.2,2.9,20,11.5,"9032"
"17313","    10.5 ","29/08/1998",54.6,7.3,21,10.5,"9032"
"17314","    11 ","30/08/1998",2.7,2.2,20,11,"9032"
"17315","   11 ","31/08/1998",8.8,3.5,20.5,11,"9032"
"17316","    10 ","01/09/1998",2,3,20,10,"9032"
"17317","   10.5 ","02/09/1998",5.1,2,20.5,10.5,"9032"
"17318","   12 ","03/09/1998",0,3.3,19.5,12,"9032"
"17319","   9 ","04/09/1998",0,1.5,18.5,9,"9032"
"17320","   10.5 ","05/09/1998",5.5,1.7,18.5,10.5,"9032"
"17321","   11.5 ","06/09/1998",20.2,3.7,19.5,11.5,"9032"
"17322","    11 ","07/09/1998",16.4,1.4,20,11,"9032"
"17323","   11 ","08/09/1998",1,0.5,17.5,11,"9032"
"17324","   10.5 ","09/09/1998",8.4,4.2,20.5,10.5,"9032"
"17325","    10 ","10/09/1998",10.2,1.9,22,10,"9032"
"17326","    10 ","11/09/1998",0.6,2.6,19,10,"9032"
"17327","    12 ","12/09/1998",2.3,5.7,21,12,"9032"
"17328","   9 ","13/09/1998",0,2.7,20.5,9,"9032"
"17329","    9 ","14/09/1998",14.8,4.1,19,9,"9032"
"17330","    11 ","15/09/1998",15,1.8,17,11,"9032"
"17331","    11.5 ","16/09/1998",24.5,2,17,11.5,"9032"
"17332","    11.5 ","17/09/1998",15,3.5,20,11.5,"9032"
"17333","    11 ","18/09/1998",2.7,2.5,19,11,"9032"
"17334","    10.5 ","19/09/1998",13.4,3.4,21,10.5,"9032"
"17335","   11 ","20/09/1998",4.2,2.8,21.5,11,"9032"
"17336","    11 ","21/09/1998",5.6,2.3,20,11,"9032"
"17337","    11 ","22/09/1998",1.5,3.5,20,11,"9032"
"17338","   9 ","23/09/1998",3.4,2.6,19.5,9,"9032"
"17339","    11 ","24/09/1998",24.3,3.1,20,11,"9032"
"17340","   11.5 ","25/09/1998",9.5,4.5,20.5,11.5,"9032"
"17341","   11.5 ","26/09/1998",25.5,5,20.5,11.5,"9032"
"17342","   11.5 ","27/09/1998",5.7,2.5,20.5,11.5,"9032"
"17343","    11.5 ","28/09/1998",3,1.1,20,11.5,"9032"
"17344","    11.5 ","29/09/1998",18.5,3.6,18,11.5,"9032"
"17345","    11 ","30/09/1998",11,2.6,19,11,"9032"
"17346","   11 ","01/10/1998",0,6.5,21.5,11,"9032"
"17347","   10 ","02/10/1998",3,1.2,20.5,10,"9032"
"17348","   10.5 ","03/10/1998",22,3.9,18.5,10.5,"9032"
"17349","    10.5 ","04/10/1998",11,3.8,19,10.5,"9032"
"17350","    8 ","05/10/1998",1.2,2.1,20,8,"9032"
"17351","    8.5 ","06/10/1998",18.8,3.3,21,8.5,"9032"
"17352","   10.5 ","07/10/1998",6.4,2.8,19.5,10.5,"9032"
"17353","    9.5 ","08/10/1998",0,1.4,15,9.5,"9032"
"17354","   9.5 ","09/10/1998",0.8,0.9,16.5,9.5,"9032"
"17355","    9.5 ","10/10/1998",0,2.5,17,9.5,"9032"
"17356","   9.5 ","11/10/1998",0.8,0.4,17.5,9.5,"9032"
"17357","   10.5 ","12/10/1998",10.2,1.9,15.5,10.5,"9032"
"17358","    9.5 ","13/10/1998",3,2.7,18,9.5,"9032"
"17359","   10 ","14/10/1998",26.4,3.5,16.5,10,"9032"
"17360","    9 ","15/10/1998",0,3.1,19,9,"9032"
"17361","    8.5 ","16/10/1998",0,3.7,21,8.5,"9032"
"17362","    9 ","17/10/1998",26.3,5.5,21,9,"9032"
"17363","   11.5 ","18/10/1998",0,2.5,21.5,11.5,"9032"
"17364","    11 ","19/10/1998",0,3.6,21,11,"9032"
"17365","    7.5 ","20/10/1998",0,2.8,19,7.5,"9032"
"17366","    8 ","21/10/1998",6.6,0,17,8,"9032"
"17367","    8 ","22/10/1998",2.6,0,11,8,"9032"
"17368","    7 ","23/10/1998",2.2,0,10,7,"9032"
"17369","   7 ","24/10/1998",0,0,12.5,7,"9032"
"17370","    7.5 ","25/10/1998",1.7,0,13,7.5,"9032"
"17371","    7.5 ","26/10/1998",0.2,0,17,7.5,"9032"
"17372","    10 ","27/10/1998",0,0,19,10,"9032"
"17373","   8.5 ","28/10/1998",0,0,19.5,8.5,"9032"
"17374","    8 ","29/10/1998",0,0,21,8,"9032"
"17375","    6.5 ","30/10/1998",0,0,21,6.5,"9032"
"17376","   8 ","31/10/1998",0,0,21.5,8,"9032"
"17377","    8 ","01/11/1998",0,0,22,8,"9032"
"17378","    7 ","02/11/1998",0,0,21,7,"9032"
"17379","   9 ","03/11/1998",1,0,21.5,9,"9032"
"17380","    8.5 ","04/11/1998",0,0,19,8.5,"9032"
"17381","    7 ","05/11/1998",0,0,18,7,"9032"
"17382","    6 ","06/11/1998",0,0,20,6,"9032"
"17383","    6.5 ","07/11/1998",0,0,21,6.5,"9032"
"17384","   7.5 ","08/11/1998",0,0,19.5,7.5,"9032"
"17385","    8.5 ","09/11/1998",0,0,23,8.5,"9032"
"17386","    8.5 ","10/11/1998",9.2,0,19,8.5,"9032"
"17387","    7.5 ","11/11/1998",0,0,19,7.5,"9032"
"17388","    7.5 ","12/11/1998",0,0,20,7.5,"9032"
"17389","    8 ","13/11/1998",0,0,21,8,"9032"
"17390","   8.5 ","14/11/1998",0,0,20.5,8.5,"9032"
"17391","   11 ","15/11/1998",9.6,0,18.5,11,"9032"
"17392","   9.5 ","16/11/1998",0,0,17.5,9.5,"9032"
"17393","    9 ","17/11/1998",0,0,19,9,"9032"
"17394","   6.5 ","18/11/1998",0,0,19.5,6.5,"9032"
"17395","   7 ","19/11/1998",0,0,20.5,7,"9032"
"17396","    8 ","20/11/1998",0,0,21,8,"9032"
"17397","   10 ","21/11/1998",0,0,19.5,10,"9032"
"17398","    9 ","22/11/1998",0,0,18,9,"9032"
"17399","   9.5 ","23/11/1998",1.3,0,18.5,9.5,"9032"
"17400","    9.5 ","24/11/1998",1,0,16,9.5,"9032"
"17401","   9.5 ","25/11/1998",1,0,17.5,9.5,"9032"
"17402","   8.5 ","26/11/1998",1.1,0,17.5,8.5,"9032"
"17403","    8.5 ","27/11/1998",0,0,17,8.5,"9032"
"17404","    3.5 ","28/11/1998",0,0,18,3.5,"9032"
"17405","    6 ","29/11/1998",0,0,19,6,"9032"
"17406","ULO    6 ","30/11/1998",0,0,NA,NA,"9032"
"17407","   4 ","01/12/1998",0,0,16.5,4,"9032"
"17408","    3 ","02/12/1998",6,0,17,3,"9032"
"17409","   3.5 ","03/12/1998",0,0,19.5,3.5,"9032"
"17410","    5 ","04/12/1998",0,0,20,5,"9032"
"17411","    6.5 ","05/12/1998",0,0,20,6.5,"9032"
"17412","    6.5 ","06/12/1998",0,0,20,6.5,"9032"
"17413","    7 ","07/12/1998",0,0,20,7,"9032"
"17414","   7.5 ","08/12/1998",8,0,18.5,7.5,"9032"
"17415","   7 ","09/12/1998",0,0,18.5,7,"9032"
"17416","   6.5 ","10/12/1998",0,0,20.5,6.5,"9032"
"17417","   6.5 ","11/12/1998",0,0,19.5,6.5,"9032"
"17418","    7 ","12/12/1998",0,0,19,7,"9032"
"17419","    6 ","13/12/1998",0,0,17,6,"9032"
"17420","    4.5 ","14/12/1998",0,0,11,4.5,"9032"
"17421","   4.5 ","15/12/1998",0,0,16.5,4.5,"9032"
"17422","   3 ","16/12/1998",0,0,17.5,3,"9032"
"17423","   3.5 ","17/12/1998",0,0,16.5,3.5,"9032"
"17424","   3.5 ","18/12/1998",0,0,17.5,3.5,"9032"
"17425","    3.5 ","19/12/1998",0,0,19,3.5,"9032"
"17426","    6 ","20/12/1998",0,0,21,6,"9032"
"17427","   5.5 ","21/12/1998",10,0,19.5,5.5,"9032"
"17428","   6 ","22/12/1998",0,0,19.5,6,"9032"
"17429","   4.5 ","23/12/1998",0,0,19.5,4.5,"9032"
"17430","   5 ","24/12/1998",0,0,19.5,5,"9032"
"17431","    7 ","25/12/1998",0,0,20,7,"9032"
"17432","    6 ","26/12/1998",0,0,19,6,"9032"
"17433","    6 ","27/12/1998",0,0,18,6,"9032"
"17434","   7 ","28/12/1998",0,0,18.5,7,"9032"
"17435","   5.5 ","29/12/1998",0,0,17.5,5.5,"9032"
"17436","    2.5 ","30/12/1998",0,0,17,2.5,"9032"
"17437","ULO    3 ","31/12/1998",0,0,NA,NA,"9032"
"17438","    7 ","01/01/2002",0,0,17,7,"9032"
"17439","    5.5 ","02/01/2002",0,0,17,5.5,"9032"
"17440","    5.5 ","03/01/2002",0,0,19,5.5,"9032"
"17441","    5 ","04/01/2002",0,0,19,5,"9032"
"17442","   5 ","05/01/2002",0,0,19.5,5,"9032"
"17443","   3.5 ","06/01/2002",0,0,18.5,3.5,"9032"
"17444","    2.5 ","07/01/2002",0,0,17,2.5,"9032"
"17445","    1.5 ","08/01/2002",0,0,19,1.5,"9032"
"17446","    3.5 ","09/01/2002",0,0,21,3.5,"9032"
"17447","   4 ","10/01/2002",0,0,18.5,4,"9032"
"17448","    7.5 ","11/01/2002",0,0,15,7.5,"9032"
"17449","    5 ","12/01/2002",8,0,19,5,"9032"
"17450","   4 ","13/01/2002",12,0,16.5,4,"9032"
"17451","    5 ","14/01/2002",0,0,17,5,"9032"
"17452","    2.5 ","15/01/2002",0,0,20,2.5,"9032"
"17453","    4 ","16/01/2002",0,0,20,4,"9032"
"17454","    5 ","17/01/2002",0,0,21,5,"9032"
"17455","   6 ","18/01/2002",0,0,19.5,6,"9032"
"17456","    4.5 ","19/01/2002",0,0,20,4.5,"9032"
"17457","    6.5 ","20/01/2002",0,0,20,6.5,"9032"
"17458","   6.5 ","21/01/2002",0,0,20.5,6.5,"9032"
"17459","   6.5 ","22/01/2002",0,0,21.5,6.5,"9032"
"17460","    6.5 ","23/01/2002",0,0,21,6.5,"9032"
"17461","    5 ","24/01/2002",0,0,20,5,"9032"
"17462","    4 ","25/01/2002",0,0,20,4,"9032"
"17463","    4.5 ","26/01/2002",0,0,19,4.5,"9032"
"17464","   6 ","27/01/2002",0,0,21.5,6,"9032"
"17465","   7 ","28/01/2002",0,0,23.5,7,"9032"
"17466","   7 ","29/01/2002",0,0,23.5,7,"9032"
"17467","    7 ","30/01/2002",0,0,21,7,"9032"
"17468","   7 ","31/01/2002",0,0,20.5,7,"9032"
"17469","   6 ","01/02/2002",0,0,19.5,6,"9032"
"17470","   4 ","02/02/2002",0,0,19.5,4,"9032"
"17471","   3.5 ","03/02/2002",0,0,20.5,3.5,"9032"
"17472","    6 ","04/02/2002",0,0,21,6,"9032"
"17473","   6.5 ","05/02/2002",0,0,20.5,6.5,"9032"
"17474","    8 ","06/02/2002",0,0,20,8,"9032"
"17475","    5.5 ","07/02/2002",0,0,20,5.5,"9032"
"17476","    4.5 ","08/02/2002",0,0,19,4.5,"9032"
"17477","    6 ","09/02/2002",0,0,19,6,"9032"
"17478","    3 ","10/02/2002",1.3,0,19,3,"9032"
"17479","    3.5 ","11/02/2002",0,0,15,3.5,"9032"
"17480","    7 ","12/02/2002",1.2,0,13,7,"9032"
"17481","   5.5 ","13/02/2002",0,0,15.5,5.5,"9032"
"17482","   6 ","14/02/2002",0,0,20.5,6,"9032"
"17483","    6 ","15/02/2002",0,0,20,6,"9032"
"17484","   4.5 ","16/02/2002",0,0,19.5,4.5,"9032"
"17485","    5 ","17/02/2002",0,0,23,5,"9032"
"17486","    6.5 ","18/02/2002",0,0,23,6.5,"9032"
"17487","   7 ","19/02/2002",0,0,20.5,7,"9032"
"17488","    7.5 ","20/02/2002",0,0,20,7.5,"9032"
"17489","   7 ","21/02/2002",0,0,17.5,7,"9032"
"17490","   6.5 ","22/02/2002",9,0,16.5,6.5,"9032"
"17491","    0.5 ","23/02/2002",0,0,19,0.5,"9032"
"17492","   2.5 ","24/02/2002",0,0,19.5,2.5,"9032"
"17493","    5.5 ","25/02/2002",0,0,21,5.5,"9032"
"17494","   6.5 ","26/02/2002",0,0,19.5,6.5,"9032"
"17495","    5 ","27/02/2002",0,0,21,5,"9032"
"17496","    9 ","28/02/2002",0,0,21,9,"9032"
"17497","   8 ","01/03/2002",0,0,20.5,8,"9032"
"17498","   9 ","02/03/2002",0,0,23.5,9,"9032"
"17499","   6.5 ","03/03/2002",0,0,23.5,6.5,"9032"
"17500","   8.5 ","04/03/2002",0,0,20.5,8.5,"9032"
"17501","    7 ","05/03/2002",0,0,23,7,"9032"
"17502","   7.5 ","06/03/2002",0,0,19.5,7.5,"9032"
"17503","    6.5 ","07/03/2002",0,0,23,6.5,"9032"
"17504","    7.5 ","08/03/2002",0,0,23,7.5,"9032"
"17505","    7.5 ","09/03/2002",0,0,24,7.5,"9032"
"17506","    8 ","10/03/2002",0,0,20,8,"9032"
"17507","    6 ","11/03/2002",0,0,22,6,"9032"
"17508","    8.5 ","12/03/2002",4.7,0,22,8.5,"9032"
"17509","   8.5 ","13/03/2002",0,0,23.5,8.5,"9032"
"17510","    8.5 ","14/03/2002",0,0,23,8.5,"9032"
"17511","   8.5 ","15/03/2002",0,0,25.5,8.5,"9032"
"17512","   8.5 ","16/03/2002",0,0,25.5,8.5,"9032"
"17513","   9.5 ","17/03/2002",0,0,26.5,9.5,"9032"
"17514","    10.5 ","18/03/2002",0,0,26,10.5,"9032"
"17515","   10.5 ","19/03/2002",0,0,25.5,10.5,"9032"
"17516","   10 ","20/03/2002",0,0,23.5,10,"9032"
"17517","   8.5 ","21/03/2002",0,0,21.5,8.5,"9032"
"17518","    7 ","22/03/2002",0,0,19,7,"9032"
"17519","    6.5 ","23/03/2002",0,0,22,6.5,"9032"
"17520","   6.5 ","24/03/2002",0,0,22.5,6.5,"9032"
"17521","    9 ","25/03/2002",0,0,25,9,"9032"
"17522","    9.5 ","26/03/2002",0,0,27,9.5,"9032"
"17523","    10 ","27/03/2002",0,0,24,10,"9032"
"17524","    8 ","28/03/2002",0,0,25,8,"9032"
"17525","    9 ","29/03/2002",0,0,25,9,"9032"
"17526","   10 ","30/03/2002",0,0,25.5,10,"9032"
"17527","   10 ","31/03/2002",0,0,26.5,10,"9032"
"17528","    7 ","01/04/2002",0,0,23,7,"9032"
"17529","    10 ","02/04/2002",8.7,0,23,10,"9032"
"17530","    10 ","03/04/2002",0,0,25,10,"9032"
"17531","    8 ","04/04/2002",0.7,0,23,8,"9032"
"17532","   8.5 ","05/04/2002",0,0,23.5,8.5,"9032"
"17533","    8 ","06/04/2002",1,0,21,8,"9032"
"17534","   8.5 ","07/04/2002",0.4,0,20.5,8.5,"9032"
"17535","    7.5 ","08/04/2002",0,0,21,7.5,"9032"
"17536","   7.5 ","09/04/2002",6.6,0,22.5,7.5,"9032"
"17537","    8 ","10/04/2002",0,0,17,8,"9032"
"17538","    6 ","11/04/2002",5.8,0,20,6,"9032"
"17539","   6 ","12/04/2002",0,0,21.5,6,"9032"
"17540","    6 ","13/04/2002",0,0,22,6,"9032"
"17541","   7.5 ","14/04/2002",0,0,21.5,7.5,"9032"
"17542","   8.5 ","15/04/2002",1,0,21.5,8.5,"9032"
"17543","    8 ","16/04/2002",0,0,23,8,"9032"
"17544","   8 ","17/04/2002",0,0,24.5,8,"9032"
"17545","   7.5 ","18/04/2002",0,0,25.5,7.5,"9032"
"17546","    8.5 ","19/04/2002",0,0,25,8.5,"9032"
"17547","    9 ","20/04/2002",0,0,25,9,"9032"
"17548","    9.5 ","21/04/2002",0,0,26,9.5,"9032"
"17549","   9 ","22/04/2002",0,0,24.5,9,"9032"
"17550","   9 ","23/04/2002",0,0,25.5,9,"9032"
"17551","   9 ","24/04/2002",0,0,26.5,9,"9032"
"17552","   8.5 ","25/04/2002",0,0,24.5,8.5,"9032"
"17553","   8 ","26/04/2002",0,0,26.5,8,"9032"
"17554","   11 ","27/04/2002",0,0,27.5,11,"9032"
"17555","   10.5 ","28/04/2002",0,0,27.5,10.5,"9032"
"17556","   11 ","29/04/2002",0,0,26.5,11,"9032"
"17557","   11.5 ","30/04/2002",0,0,26.5,11.5,"9032"
"17558","   11.5 ","01/05/2002",0,0,26.5,11.5,"9032"
"17559","    13 ","02/05/2002",0,0,25,13,"9032"
"17560","    11 ","03/05/2002",0,0,25,11,"9032"
"17561","   11 ","04/05/2002",0,0,24.5,11,"9032"
"17562","   10 ","05/05/2002",0,0,24.5,10,"9032"
"17563","   9 ","06/05/2002",0,0,24.5,9,"9032"
"17564","   10 ","07/05/2002",3,0,25.5,10,"9032"
"17565","   11 ","08/05/2002",0,0,24.5,11,"9032"
"17566","    11 ","09/05/2002",0,0,25,11,"9032"
"17567","    9 ","10/05/2002",0,0,25,9,"9032"
"17568","    9 ","11/05/2002",0,0,24,9,"9032"
"17569","   11 ","12/05/2002",1,0,21.5,11,"9032"
"17570","   10 ","13/05/2002",0,0,21.5,10,"9032"
"17571","   10 ","14/05/2002",0,0,17.5,10,"9032"
"17572","    10 ","15/05/2002",0,0,22,10,"9032"
"17573","    10 ","16/05/2002",0,0,23,10,"9032"
"17574","   9 ","17/05/2002",0,0,20.5,9,"9032"
"17575","   10 ","18/05/2002",0,0,22.5,10,"9032"
"17576","   8.5 ","19/05/2002",0,0,21.5,8.5,"9032"
"17577","   10 ","20/05/2002",0,0,22.5,10,"9032"
"17578","    8.5 ","21/05/2002",0,0,24,8.5,"9032"
"17579","   5.5 ","22/05/2002",0,0,24.5,5.5,"9032"
"17580","   8 ","23/05/2002",0,0,24.5,8,"9032"
"17581","    10.5 ","24/05/2002",0,0,25,10.5,"9032"
"17582","    9.5 ","25/05/2002",0,0,25,9.5,"9032"
"17583","    10 ","26/05/2002",0,0,25,10,"9032"
"17584","    9.5 ","27/05/2002",0,0,26,9.5,"9032"
"17585","    9.5 ","28/05/2002",0,0,26,9.5,"9032"
"17586","    11 ","29/05/2002",0,0,24,11,"9032"
"17587","    10 ","30/05/2002",0,0,24,10,"9032"
"17588","   10.5 ","31/05/2002",0,0,24.5,10.5,"9032"
"17589","    10.5 ","01/06/2002",8.4,0,23,10.5,"9032"
"17590","    8.5 ","02/06/2002",0,0,22,8.5,"9032"
"17591","    9 ","03/06/2002",6.3,0,23,9,"9032"
"17592","   9 ","04/06/2002",0.5,0,23.5,9,"9032"
"17593","   11 ","05/06/2002",0,0,21.5,11,"9032"
"17594","   11 ","06/06/2002",5,0,19.5,11,"9032"
"17595","   11 ","07/06/2002",10.8,0,20.5,11,"9032"
"17596","   10.5 ","08/06/2002",12,0,19.5,10.5,"9032"
"17597","   11 ","09/06/2002",1,0,19.5,11,"9032"
"17598","   12 ","10/06/2002",0,0,21.5,12,"9032"
"17599","   11.5 ","11/06/2002",24,0,22.5,11.5,"9032"
"17600","    9 ","12/06/2002",0,0,23,9,"9032"
"17601","   10 ","13/06/2002",3.2,0,22.5,10,"9032"
"17602","   11 ","14/06/2002",9,0,20.5,11,"9032"
"17603","   10.5 ","15/06/2002",0,0,22.5,10.5,"9032"
"17604","    9.5 ","16/06/2002",0,0,24,9.5,"9032"
"17605","    8.5 ","17/06/2002",0,0,25,8.5,"9032"
"17606","   8 ","18/06/2002",0,0,24.5,8,"9032"
"17607","   7.5 ","19/06/2002",0,0,24.5,7.5,"9032"
"17608","    11 ","20/06/2002",0.3,0,21,11,"9032"
"17609","   10.5 ","21/06/2002",1.2,0,16.5,10.5,"9032"
"17610","    8.5 ","22/06/2002",0.3,0,17,8.5,"9032"
"17611","    9 ","23/06/2002",0,0,20,9,"9032"
"17612","    10 ","24/06/2002",0,0,24,10,"9032"
"17613","    9 ","25/06/2002",0,0,23,9,"9032"
"17614","   9.5 ","26/06/2002",5.7,0,24.5,9.5,"9032"
"17615","   8 ","27/06/2002",0,0,22.5,8,"9032"
"17616","   10.5 ","28/06/2002",12.3,0,21.5,10.5,"9032"
"17617","    10.5 ","29/06/2002",0,0,21,10.5,"9032"
"17618","    10.5 ","30/06/2002",0,0,24,10.5,"9032"
"17619","   12 ","01/07/2002",3.4,0,22.5,12,"9032"
"17620","   10 ","02/07/2002",0.8,0,22.5,10,"9032"
"17621","   9.5 ","03/07/2002",0,0,23.5,9.5,"9032"
"17622","    9.5 ","04/07/2002",13,0,20,9.5,"9032"
"17623","    10 ","05/07/2002",0,0,22,10,"9032"
"17624","   10 ","06/07/2002",0,0,19.5,10,"9032"
"17625","   10.5 ","07/07/2002",5.5,0,20.5,10.5,"9032"
"17626","   9.5 ","08/07/2002",5.2,0,20.5,9.5,"9032"
"17627","    10 ","09/07/2002",1,0,19,10,"9032"
"17628","   8.5 ","10/07/2002",2,0,20.5,8.5,"9032"
"17629","    11 ","11/07/2002",0,0,21,11,"9032"
"17630","   10.5 ","12/07/2002",14.7,0,18.5,10.5,"9032"
"17631","    10.5 ","13/07/2002",0,0,20,10.5,"9032"
"17632","    11 ","14/07/2002",1.5,0,17,11,"9032"
"17633","    10 ","15/07/2002",1.8,0,18,10,"9032"
"17634","    9.5 ","16/07/2002",21,0,20,9.5,"9032"
"17635","   9 ","17/07/2002",0,0,20.5,9,"9032"
"17636","   9 ","18/07/2002",0,0,19.5,9,"9032"
"17637","   9.5 ","19/07/2002",0,0,21.5,9.5,"9032"
"17638","   10 ","20/07/2002",4,0,20.5,10,"9032"
"17639","    10.5 ","21/07/2002",17.3,0,21,10.5,"9032"
"17640","    8.5 ","22/07/2002",0,0,15,8.5,"9032"
"17641","    7 ","23/07/2002",0,0,19,7,"9032"
"17642","    6.5 ","24/07/2002",0,0,21,6.5,"9032"
"17643","    6.5 ","25/07/2002",2.2,0,22,6.5,"9032"
"17644","   9.5 ","26/07/2002",8.5,0,21.5,9.5,"9032"
"17645","    9.5 ","27/07/2002",0,0,22,9.5,"9032"
"17646","    9.5 ","28/07/2002",1.5,0,23,9.5,"9032"
"17647","    10 ","29/07/2002",3.2,0,20,10,"9032"
"17648","   9.5 ","30/07/2002",0,0,20.5,9.5,"9032"
"17649","    9.5 ","31/07/2002",0,0,22,9.5,"9032"
"17650","   8 ","01/08/2002",0,0,19.5,8,"9032"
"17651","    9.5 ","02/08/2002",0,0,19,9.5,"9032"
"17652","    7.5 ","03/08/2002",0,0,21,7.5,"9032"
"17653","   7.5 ","04/08/2002",0,0,20.5,7.5,"9032"
"17654","   9.5 ","05/08/2002",0,0,19.5,9.5,"9032"
"17655","   10 ","06/08/2002",0,0,20.5,10,"9032"
"17656","    10 ","07/08/2002",0,0,21,10,"9032"
"17657","    10 ","08/08/2002",0,0,21,10,"9032"
"17658","   10 ","09/08/2002",0,0,22.5,10,"9032"
"17659","   8.5 ","10/08/2002",6.3,0,21.5,8.5,"9032"
"17660","   10.5 ","11/08/2002",0.7,0,21.5,10.5,"9032"
"17661","    11 ","12/08/2002",4.8,0,20,11,"9032"
"17662","    10.5 ","13/08/2002",5.5,0,20,10.5,"9032"
"17663","    10.5 ","14/08/2002",0,0,20,10.5,"9032"
"17664","   10.5 ","15/08/2002",6.5,0,19.5,10.5,"9032"
"17665","   9 ","16/08/2002",5,0,21.5,9,"9032"
"17666","    9 ","17/08/2002",0,0,22,9,"9032"
"17667","   9 ","18/08/2002",2.3,0,22.5,9,"9032"
"17668","    9 ","19/08/2002",0.9,0,21,9,"9032"
"17669","    9 ","20/08/2002",11.8,0,21,9,"9032"
"17670","    8.5 ","21/08/2002",1.5,0,21,8.5,"9032"
"17671","    8 ","22/08/2002",7.1,0,21,8,"9032"
"17672","    9.5 ","23/08/2002",0,0,18,9.5,"9032"
"17673","    9.5 ","24/08/2002",0,0,22,9.5,"9032"
"17674","    10 ","25/08/2002",5.3,0,22,10,"9032"
"17675","   9.5 ","26/08/2002",4,0,20.5,9.5,"9032"
"17676","    8 ","27/08/2002",0,0,21,8,"9032"
"17677","    8.5 ","28/08/2002",2.2,0,21,8.5,"9032"
"17678","   10 ","29/08/2002",0,0,17.5,10,"9032"
"17679","   9.5 ","30/08/2002",0.7,0,17.5,9.5,"9032"
"17680","    10.5 ","31/08/2002",0,0,20,10.5,"9032"
"17681","    10 ","01/09/2002",0,0,19,10,"9032"
"17682","    10 ","02/09/2002",0,0,20,10,"9032"
"17683","    11 ","03/09/2002",0.5,0,19,11,"9032"
"17684","   11 ","04/09/2002",4,0,22.5,11,"9032"
"17685","   10 ","05/09/2002",7.9,0,21.5,10,"9032"
"17686","    11 ","06/09/2002",16.2,0,20,11,"9032"
"17687","    10 ","07/09/2002",1.5,0,19,10,"9032"
"17688","    10.5 ","08/09/2002",2.2,0,20,10.5,"9032"
"17689","   11 ","09/09/2002",5,0,21.5,11,"9032"
"17690","    9.5 ","10/09/2002",4.5,0,21,9.5,"9032"
"17691","   11 ","11/09/2002",41.5,0,20.5,11,"9032"
"17692","   11 ","12/09/2002",7.5,0,18.5,11,"9032"
"17693","    11 ","13/09/2002",15,0,17,11,"9032"
"17694","    10.5 ","14/09/2002",2,0,19,10.5,"9032"
"17695","   10 ","15/09/2002",6,0,19.5,10,"9032"
"17696","   10.5 ","16/09/2002",0,0,21.5,10.5,"9032"
"17697","   8.5 ","17/09/2002",0,0,22.5,8.5,"9032"
"17698","   9 ","18/09/2002",4,0,21.5,9,"9032"
"17699","   11 ","19/09/2002",0,0,20.5,11,"9032"
"17700","   9.5 ","20/09/2002",18,0,18.5,9.5,"9032"
"17701","    6 ","21/09/2002",12.5,0,18,6,"9032"
"17702","    8 ","22/09/2002",0,0,18,8,"9032"
"17703","    5 ","23/09/2002",0,0,18,5,"9032"
"17704","    7 ","24/09/2002",2.5,0,17,7,"9032"
"17705","    9 ","25/09/2002",2.5,0,17,9,"9032"
"17706","    10 ","26/09/2002",0,0,18,10,"9032"
"17707","    10 ","27/09/2002",13.2,0,16,10,"9032"
"17708","    11 ","28/09/2002",8,0,15,11,"9032"
"17709","    10 ","29/09/2002",0,0,15,10,"9032"
"17710","    10 ","30/09/2002",0,0,21,10,"9032"
"17711","    9 ","01/10/2002",0,0,21,9,"9032"
"17712","    8.5 ","02/10/2002",0,0,22,8.5,"9032"
"17713","    9 ","03/10/2002",1.2,0,22,9,"9032"
"17714","   12 ","04/10/2002",6,0,20.5,12,"9032"
"17715","   10.5 ","05/10/2002",3.6,0,17.5,10.5,"9032"
"17716","   8.5 ","06/10/2002",7.8,0,21.5,8.5,"9032"
"17717","   9.5 ","07/10/2002",8.9,0,20.5,9.5,"9032"
"17718","   8.5 ","08/10/2002",0,0,18.5,8.5,"9032"
"17719","    9 ","09/10/2002",14.3,0,20,9,"9032"
"17720","   8.5 ","10/10/2002",21.2,0,18.5,8.5,"9032"
"17721","   10 ","11/10/2002",11.2,0,18.5,10,"9032"
"17722","    9 ","12/10/2002",0,0,20,9,"9032"
"17723","    9 ","13/10/2002",0,0,20,9,"9032"
"17724","   9 ","14/10/2002",0,0,18.5,9,"9032"
"17725","    8.5 ","15/10/2002",0,0,21,8.5,"9032"
"17726","    8 ","16/10/2002",0,0,21,8,"9032"
"17727","    8 ","17/10/2002",0,0,21,8,"9032"
"17728","   7.5 ","18/10/2002",14,0,20.5,7.5,"9032"
"17729","    7 ","19/10/2002",2.2,0,20,7,"9032"
"17730","   7 ","20/10/2002",0,0,20.5,7,"9032"
"17731","   7 ","21/10/2002",0,0,19.5,7,"9032"
"17732","    7 ","22/10/2002",0,0,20,7,"9032"
"17733","   7.5 ","23/10/2002",0,0,21.5,7.5,"9032"
"17734","   9 ","24/10/2002",0,0,20.5,9,"9032"
"17735","    9 ","25/10/2002",0,0,20,9,"9032"
"17736","    9.5 ","26/10/2002",0,0,22,9.5,"9032"
"17737","    8.5 ","27/10/2002",0,0,22,8.5,"9032"
"17738","    8 ","28/10/2002",0,0,20,8,"9032"
"17739","   8.5 ","29/10/2002",0,0,20.5,8.5,"9032"
"17740","   8.5 ","30/10/2002",0,0,20.5,8.5,"9032"
"17741","   9 ","31/10/2002",16,0,18.5,9,"9032"
"17742","    9.5 ","01/11/2002",4,0,18,9.5,"9032"
"17743","    9 ","02/11/2002",9.4,0,17,9,"9032"
"17744","    8.5 ","03/11/2002",6,0,16,8.5,"9032"
"17745","    8 ","04/11/2002",0,0,20,8,"9032"
"17746","    10 ","05/11/2002",0,0,19,10,"9032"
"17747","    8 ","06/11/2002",0.4,0,13,8,"9032"
"17748","   7 ","07/11/2002",0,0,20.5,7,"9032"
"17749","    9 ","08/11/2002",0,0,21,9,"9032"
"17750","   9 ","09/11/2002",0,0,20.5,9,"9032"
"17751","    9 ","10/11/2002",0,0,22,9,"9032"
"17752","    9 ","11/11/2002",0,0,19,9,"9032"
"17753","    9 ","12/11/2002",0,0,19,9,"9032"
"17754","    5 ","13/11/2002",1,0,15,5,"9032"
"17755","   6 ","14/11/2002",0,0,18.5,6,"9032"
"17756","   8.5 ","15/11/2002",0,0,18.5,8.5,"9032"
"17757","    8 ","16/11/2002",0,0,18,8,"9032"
"17758","    1 ","17/11/2002",0,0,17,1,"9032"
"17759","   2 ","18/11/2002",0,0,20.5,2,"9032"
"17760","    3 ","19/11/2002",0,0,18,3,"9032"
"17761","   3 ","20/11/2002",0,0,17.5,3,"9032"
"17762","   1.5 ","21/11/2002",0,0,13.5,1.5,"9032"
"17763","   -2 ","22/11/2002",0,0,13,-2,"9032"
"17764","  -1 ","23/11/2002",0,0,15.5,-1,"9032"
"17765","    1.5 ","24/11/2002",0,0,18,1.5,"9032"
"17766","    3.5 ","25/11/2002",0,0,19,3.5,"9032"
"17767","    6 ","26/11/2002",0,0,21,6,"9032"
"17768","   4 ","27/11/2002",0,0,19.5,4,"9032"
"17769","   6 ","28/11/2002",0,0,16.5,6,"9032"
"17770","    6 ","29/11/2002",0,0,21,6,"9032"
"17771","    7.5 ","30/11/2002",0,0,20,7.5,"9032"
"17772","   6.5 ","01/12/2002",0,0,20.5,6.5,"9032"
"17773","   7.5 ","02/12/2002",0,0,22.5,7.5,"9032"
"17774","    7.5 ","03/12/2002",0,0,22,7.5,"9032"
"17775","    7.5 ","04/12/2002",0,0,22,7.5,"9032"
"17776","    5.5 ","05/12/2002",0,0,20,5.5,"9032"
"17777","    5 ","06/12/2002",0,0,20,5,"9032"
"17778","    5 ","07/12/2002",0,0,17,5,"9032"
"17779","   8 ","08/12/2002",0,0,12.5,8,"9032"
"17780","   5 ","09/12/2002",0,0,19.5,5,"9032"
"17781","   6 ","10/12/2002",0,0,18.5,6,"9032"
"17782","    7.5 ","11/12/2002",0,0,16,7.5,"9032"
"17783","    5 ","12/12/2002",0,0,16,5,"9032"
"17784","   4 ","13/12/2002",0,0,16.5,4,"9032"
"17785","   3.5 ","14/12/2002",0,0,15.5,3.5,"9032"
"17786","    6.5 ","15/12/2002",0,0,18,6.5,"9032"
"17787","    6.5 ","16/12/2002",0,0,18,6.5,"9032"
"17788","    4 ","17/12/2002",0,0,17,4,"9032"
"17789","    5 ","18/12/2002",0,0,20,5,"9032"
"17790","    5 ","19/12/2002",0,0,20,5,"9032"
"17791","    2 ","20/12/2002",0,0,17,2,"9032"
"17792","   2.5 ","21/12/2002",0,0,21.5,2.5,"9032"
"17793","    4 ","22/12/2002",0,0,18,4,"9032"
"17794","    6 ","23/12/2002",0,0,18,6,"9032"
"17795","    7 ","24/12/2002",0,0,19,7,"9032"
"17796","    9 ","25/12/2002",0,0,19,9,"9032"
"17797","    8.5 ","26/12/2002",0,0,20,8.5,"9032"
"17798","   6 ","27/12/2002",0,0,18.5,6,"9032"
"17799","    6.5 ","28/12/2002",0,0,16,6.5,"9032"
"17800","    4.5 ","29/12/2002",0,0,19,4.5,"9032"
"17801","    6.5 ","30/12/2002",0,0,20,6.5,"9032"
"17802","    7 ","31/12/2002",0,0,20,7,"9032"
"17803","    5 ","01/01/2003",0,0,20,5,"9032"
"17804","    7 ","02/01/2003",0,0,15,7,"9032"
"17805","    1.5 ","03/01/2003",0,0,17,1.5,"9032"
"17806","    4.5 ","04/01/2003",0,0,17,4.5,"9032"
"17807","    5.5 ","05/01/2003",0,0,17,5.5,"9032"
"17808","    5 ","06/01/2003",0,0,18,5,"9032"
"17809","    5.5 ","07/01/2003",0,0,11,5.5,"9032"
"17810","   3.5 ","08/01/2003",0,0,17.5,3.5,"9032"
"17811","   5 ","09/01/2003",0,0,19.5,5,"9032"
"17812","   7.5 ","10/01/2003",0,0,20.5,7.5,"9032"
"17813","   7 ","11/01/2003",0,0,20.5,7,"9032"
"17814","    7 ","12/01/2003",0,0,14,7,"9032"
"17815","    6.5 ","13/01/2003",0,0,14,6.5,"9032"
"17816","   3 ","14/01/2003",0,0,15.5,3,"9032"
"17817","    1 ","15/01/2003",0,0,17,1,"9032"
"17818","    3.5 ","16/01/2003",0,0,17,3.5,"9032"
"17819","    2.5 ","17/01/2003",0,0,15,2.5,"9032"
"17820","    3.5 ","18/01/2003",0,0,17,3.5,"9032"
"17821","    3 ","19/01/2003",0,0,18,3,"9032"
"17822","    3.5 ","20/01/2003",0,0,20,3.5,"9032"
"17823","    4.5 ","21/01/2003",0,0,19,4.5,"9032"
"17824","   6 ","22/01/2003",0,0,20.5,6,"9032"
"17825","   4 ","23/01/2003",0,0,11.5,4,"9032"
"17826","    2.5 ","24/01/2003",0,0,17,2.5,"9032"
"17827","   4.5 ","25/01/2003",0,0,17.5,4.5,"9032"
"17828","    6 ","26/01/2003",0,0,17,6,"9032"
"17829","    5 ","27/01/2003",0,0,15,5,"9032"
"17830","    2.5 ","28/01/2003",0,0,18,2.5,"9032"
"17831","   5.5 ","29/01/2003",0,0,18.5,5.5,"9032"
"17832","    6 ","30/01/2003",0,0,18,6,"9032"
"17833","    5.5 ","31/01/2003",0,0,19,5.5,"9032"
"17834","    5.5 ","01/02/2003",0,0,18,5.5,"9032"
"17835","   6 ","02/02/2003",0,0,22.5,6,"9032"
"17836","    7 ","03/02/2003",0,0,22,7,"9032"
"17837","    7.5 ","04/02/2003",0,0,22,7.5,"9032"
"17838","    6.5 ","05/02/2003",0,0,22,6.5,"9032"
"17839","    7 ","06/02/2003",0,0,24,7,"9032"
"17840","   5 ","07/02/2003",0,0,22.5,5,"9032"
"17841","    6.5 ","08/02/2003",0,0,22,6.5,"9032"
"17842","    6.5 ","09/02/2003",0,0,23,6.5,"9032"
"17843","    8 ","10/02/2003",0,0,23,8,"9032"
"17844","   7 ","11/02/2003",0,0,22.5,7,"9032"
"17845","   6.5 ","12/02/2003",0,0,23.5,6.5,"9032"
"17846","    6 ","13/02/2003",0,0,23,6,"9032"
"17847","   6 ","14/02/2003",0,0,22.5,6,"9032"
"17848","   5.5 ","15/02/2003",0,0,20.5,5.5,"9032"
"17849","   5 ","16/02/2003",0,0,20.5,5,"9032"
"17850","    3 ","17/02/2003",0,0,21,3,"9032"
"17851","   6 ","18/02/2003",0,0,20.5,6,"9032"
"17852","   2.5 ","19/02/2003",0,0,19.5,2.5,"9032"
"17853","    8 ","20/02/2003",0,0,20,8,"9032"
"17854","    7 ","21/02/2003",0,0,20,7,"9032"
"17855","   3.5 ","22/02/2003",0,0,20.5,3.5,"9032"
"17856","   4.5 ","23/02/2003",0,0,23.5,4.5,"9032"
"17857","    4.5 ","24/02/2003",0,0,24,4.5,"9032"
"17858","    7.5 ","25/02/2003",0,0,23,7.5,"9032"
"17859","    8.5 ","26/02/2003",0,0,25,8.5,"9032"
"17860","    8.5 ","27/02/2003",0,0,25,8.5,"9032"
"17861","   8 ","28/02/2003",0,0,22.5,8,"9032"
"17862","    8 ","01/03/2003",0,0,25,8,"9032"
"17863","    8 ","02/03/2003",0,0,25,8,"9032"
"17864","    11 ","03/03/2003",0,0,24,11,"9032"
"17865","   9 ","04/03/2003",0,0,25.5,9,"9032"
"17866","   9.5 ","05/03/2003",0,0,24.5,9.5,"9032"
"17867","   10 ","06/03/2003",0,0,25.5,10,"9032"
"17868","    10 ","07/03/2003",0,0,25,10,"9032"
"17869","    10 ","08/03/2003",0,0,26,10,"9032"
"17870","   10 ","09/03/2003",0,0,21.5,10,"9032"
"17871","   7.5 ","10/03/2003",0,0,25.5,7.5,"9032"
"17872","    10 ","11/03/2003",0,0,24,10,"9032"
"17873","    10 ","12/03/2003",0,0,23,10,"9032"
"17874","    8.5 ","13/03/2003",0,0,23,8.5,"9032"
"17875","   9.5 ","14/03/2003",0,0,19.5,9.5,"9032"
"17876","    9 ","15/03/2003",0,0,21,9,"9032"
"17877","    8 ","16/03/2003",0,0,22,8,"9032"
"17878","    5 ","17/03/2003",0,0,23,5,"9032"
"17879","    7 ","18/03/2003",0,0,22,7,"9032"
"17880","    9 ","19/03/2003",0,0,24,9,"9032"
"17881","    6 ","20/03/2003",0,0,24,6,"9032"
"17882","    7.5 ","21/03/2003",0,0,23,7.5,"9032"
"17883","    8 ","22/03/2003",0,0,24,8,"9032"
"17884","   5.5 ","23/03/2003",0,0,23.5,5.5,"9032"
"17885","   8 ","24/03/2003",0,0,23.5,8,"9032"
"17886","    8 ","25/03/2003",0,0,22,8,"9032"
"17887","   6.5 ","26/03/2003",0,0,22.5,6.5,"9032"
"17888","    7 ","27/03/2003",0,0,20,7,"9032"
"17889","    6 ","28/03/2003",0,0,20,6,"9032"
"17890","    6 ","29/03/2003",0,0,18,6,"9032"
"17891","    4 ","30/03/2003",35,0,16,4,"9032"
"17892","   3 ","31/03/2003",0,0,22.5,3,"9032"
"17893","    4 ","01/04/2003",0,0,21,4,"9032"
"17894","   7.5 ","02/04/2003",0,0,20.5,7.5,"9032"
"17895","   7.5 ","03/04/2003",0,0,22.5,7.5,"9032"
"17896","   9.5 ","04/04/2003",0,0,24.5,9.5,"9032"
"17897","   11 ","05/04/2003",0,0,25.5,11,"9032"
"17898","   10.5 ","06/04/2003",0,0,26.5,10.5,"9032"
"17899","    11.5 ","07/04/2003",0,0,26,11.5,"9032"
"17900","    10.5 ","08/04/2003",0,0,25,10.5,"9032"
"17901","    9 ","09/04/2003",0,0,17,9,"9032"
"17902","    9 ","10/04/2003",1.2,0,21,9,"9032"
"17903","   10 ","11/04/2003",0,0,21.5,10,"9032"
"17904","    10 ","12/04/2003",0,0,22,10,"9032"
"17905","   8.5 ","13/04/2003",0,0,21.5,8.5,"9032"
"17906","   9.5 ","14/04/2003",5,0,22.5,9.5,"9032"
"17907","   9.5 ","15/04/2003",0.5,0,24.5,9.5,"9032"
"17908","   12 ","16/04/2003",0,0,25.5,12,"9032"
"17909","    9 ","17/04/2003",0,0,26,9,"9032"
"17910","    9 ","18/04/2003",0,0,26,9,"9032"
"17911","   8 ","19/04/2003",0,0,24.5,8,"9032"
"17912","   9 ","20/04/2003",5.2,0,25.5,9,"9032"
"17913","    8.5 ","21/04/2003",5,0,21,8.5,"9032"
"17914","   10 ","22/04/2003",0,0,22.5,10,"9032"
"17915","    11 ","23/04/2003",0,0,25,11,"9032"
"17916","    11 ","24/04/2003",0,0,26,11,"9032"
"17917","    11.5 ","25/04/2003",0,0,24,11.5,"9032"
"17918","   11.5 ","26/04/2003",0,0,26.5,11.5,"9032"
"17919","    11.5 ","27/04/2003",0,0,27,11.5,"9032"
"17920","    14 ","28/04/2003",0,0,27,14,"9032"
"17921","    12 ","29/04/2003",0,0,26,12,"9032"
"17922","    10 ","30/04/2003",0,0,26,10,"9032"
"17923","    11.5 ","01/05/2003",0,0,27,11.5,"9032"
"17924","    11.5 ","02/05/2003",0,0,27,11.5,"9032"
"17925","    13 ","03/05/2003",0,0,28,13,"9032"
"17926","   14 ","04/05/2003",0,0,27.5,14,"9032"
"17927","    12 ","05/05/2003",0,0,29,12,"9032"
"17928","   13 ","06/05/2003",0.8,0,27.5,13,"9032"
"17929","   13 ","07/05/2003",0,0,28.5,13,"9032"
"17930","   13 ","08/05/2003",0,0,27.5,13,"9032"
"17931","    13.5 ","09/05/2003",0,0,28,13.5,"9032"
"17932","    13 ","10/05/2003",0,0,27,13,"9032"
"17933","   12 ","11/05/2003",0,0,26.5,12,"9032"
"17934","   11 ","12/05/2003",0,0,24.5,11,"9032"
"17935","    9 ","13/05/2003",0,0,25,9,"9032"
"17936","   9 ","14/05/2003",0.1,0,24.5,9,"9032"
"17937","    11 ","15/05/2003",0,0,25,11,"9032"
"17938","    12 ","16/05/2003",0,0,25,12,"9032"
"17939","   11.5 ","17/05/2003",0,0,25.5,11.5,"9032"
"17940","    9 ","18/05/2003",0,0,26,9,"9032"
"17941","    10.5 ","19/05/2003",0,0,26,10.5,"9032"
"17942","   9.5 ","20/05/2003",0,0,26.5,9.5,"9032"
"17943","    10.5 ","21/05/2003",0,0,24,10.5,"9032"
"17944","    10.5 ","22/05/2003",0,0,25,10.5,"9032"
"17945","   10 ","23/05/2003",0.1,0,22.5,10,"9032"
"17946","    8 ","24/05/2003",2.2,0,23,8,"9032"
"17947","    11 ","25/05/2003",2.2,0,22,11,"9032"
"17948","    9.5 ","26/05/2003",0,0,22,9.5,"9032"
"17949","    9.5 ","27/05/2003",0,0,21,9.5,"9032"
"17950","    10 ","28/05/2003",30,0,18,10,"9032"
"17951","   10.5 ","29/05/2003",0,0,21.5,10.5,"9032"
"17952","    10.5 ","30/05/2003",0,0,25,10.5,"9032"
"17953","    12.5 ","31/05/2003",0,0,25,12.5,"9032"
"17954","    11.5 ","01/06/2003",5.5,7.6,24,11.5,"9032"
"17955","   11 ","02/06/2003",19,8.3,21.5,11,"9032"
"17956","   11 ","03/06/2003",12.5,5.8,20.5,11,"9032"
"17957","   9.5 ","04/06/2003",21,1.8,19.5,9.5,"9032"
"17958","   11 ","05/06/2003",5.5,6.1,20.5,11,"9032"
"17959","   12 ","06/06/2003",1.4,2.8,22.5,12,"9032"
"17960","    12.5 ","07/06/2003",0,2.4,22,12.5,"9032"
"17961","    12 ","08/06/2003",12.2,2.8,21,12,"9032"
"17962","   11 ","09/06/2003",0,1,20.5,11,"9032"
"17963","    11.5 ","10/06/2003",7.5,2.8,22,11.5,"9032"
"17964","    11 ","11/06/2003",2.4,3.4,22,11,"9032"
"17965","    11 ","12/06/2003",0,2.3,23,11,"9032"
"17966","   12 ","13/06/2003",0.7,4.2,23.5,12,"9032"
"17967","   12.5 ","14/06/2003",4.5,4.5,21.5,12.5,"9032"
"17968","    10 ","15/06/2003",7.5,2.5,21,10,"9032"
"17969","   10.5 ","16/06/2003",8.6,7.3,19.5,10.5,"9032"
"17970","   10.5 ","17/06/2003",6,3.8,15.5,10.5,"9032"
"17971","   10.5 ","18/06/2003",12.5,3.2,18.5,10.5,"9032"
"17972","    10.5 ","19/06/2003",0.5,5.1,20,10.5,"9032"
"17973","    11 ","20/06/2003",1.8,8.9,19,11,"9032"
"17974","   11 ","21/06/2003",15,8.2,20.5,11,"9032"
"17975","   11 ","22/06/2003",3.6,3.3,20.5,11,"9032"
"17976","   11 ","23/06/2003",0,4.8,22.5,11,"9032"
"17977","    10.5 ","24/06/2003",0.5,1.9,23,10.5,"9032"
"17978","   9.5 ","25/06/2003",0,8.1,21.5,9.5,"9032"
"17979","   10.5 ","26/06/2003",8.9,9.9,20.5,10.5,"9032"
"17980","    9.5 ","27/06/2003",2.7,2.8,20,9.5,"9032"
"17981","    10 ","28/06/2003",4.5,1.8,19,10,"9032"
"17982","    10.5 ","29/06/2003",7.8,6.2,16,10.5,"9032"
"17983","    10 ","30/06/2003",4.5,4.8,18,10,"9032"
"17984","    10 ","01/07/2003",9,0.4,17,10,"9032"
"17985","    8 ","02/07/2003",0,5.2,20,8,"9032"
"17986","    10 ","03/07/2003",0,0.5,20,10,"9032"
"17987","    10 ","04/07/2003",3.7,1.5,20,10,"9032"
"17988","   9 ","05/07/2003",2,1.5,19.5,9,"9032"
"17989","   9 ","06/07/2003",0,3.5,21.5,9,"9032"
"17990","   9.5 ","07/07/2003",4,8.4,21.5,9.5,"9032"
"17991","    10.5 ","08/07/2003",8.9,4.4,21,10.5,"9032"
"17992","   7.5 ","09/07/2003",0,4.4,19.5,7.5,"9032"
"17993","    8.5 ","10/07/2003",0,0.4,20,8.5,"9032"
"17994","    7.5 ","11/07/2003",0,6.4,22,7.5,"9032"
"17995","   10 ","12/07/2003",0,3,22.5,10,"9032"
"17996","    8.5 ","13/07/2003",0,3.8,22,8.5,"9032"
"17997","    8.5 ","14/07/2003",0,6.1,22,8.5,"9032"
"17998","    10.5 ","15/07/2003",37.5,6.2,22,10.5,"9032"
"17999","    10 ","16/07/2003",1.1,5.1,19,10,"9032"
"18000","    11 ","17/07/2003",0,5.2,20,11,"9032"
"18001","   8 ","18/07/2003",5.4,4.7,21.5,8,"9032"
"18002","   7 ","19/07/2003",4.3,4.4,17.5,7,"9032"
"18003","    8 ","20/07/2003",1.8,3.2,20,8,"9032"
"18004","    8.5 ","21/07/2003",0,4.7,21,8.5,"9032"
"18005","    10.5 ","22/07/2003",0,4.9,22,10.5,"9032"
"18006","   10.5 ","23/07/2003",0,3,22.5,10.5,"9032"
"18007","    9.5 ","24/07/2003",0.9,5.3,21,9.5,"9032"
"18008","    11 ","25/07/2003",1,8.5,21,11,"9032"
"18009","    11 ","26/07/2003",13.2,3.6,20,11,"9032"
"18010","   11 ","27/07/2003",5.4,2.1,18.5,11,"9032"
"18011","   10.5 ","28/07/2003",3.4,5.3,20.5,10.5,"9032"
"18012","    10.5 ","29/07/2003",0,5.3,20,10.5,"9032"
"18013","    9 ","30/07/2003",0,8.4,20,9,"9032"
"18014","   11 ","31/07/2003",0,3.1,18.5,11,"9032"
"18015","    7 ","01/08/2003",5.7,5.1,20,7,"9032"
"18016","   8.5 ","02/08/2003",0,5.5,22.5,8.5,"9032"
"18017","    8 ","03/08/2003",0,4.2,22,8,"9032"
"18018","    9 ","04/08/2003",5.5,4,21,9,"9032"
"18019","   8 ","05/08/2003",6.3,7.9,20.5,8,"9032"
"18020","   9.5 ","06/08/2003",2.8,2.9,20.5,9.5,"9032"
"18021","    8 ","07/08/2003",10,3.4,22,8,"9032"
"18022","    8.5 ","08/08/2003",1,6.3,21,8.5,"9032"
"18023","    8 ","09/08/2003",1.6,3.9,23,8,"9032"
"18024","    8.5 ","10/08/2003",29.4,4.1,23,8.5,"9032"
"18025","    8 ","11/08/2003",0,2.9,21,8,"9032"
"18026","    10 ","12/08/2003",13.7,5.5,22,10,"9032"
"18027","    9.5 ","13/08/2003",1.3,4.3,19,9.5,"9032"
"18028","   10.5 ","14/08/2003",6.5,5.2,19.5,10.5,"9032"
"18029","    9.5 ","15/08/2003",0,3.2,20,9.5,"9032"
"18030","    11 ","16/08/2003",2.6,5.4,19,11,"9032"
"18031","    8 ","17/08/2003",0,4.9,20,8,"9032"
"18032","   9 ","18/08/2003",14.7,3.9,19.5,9,"9032"
"18033","    10 ","19/08/2003",4.4,3.8,21,10,"9032"
"18034","   10 ","20/08/2003",4,5.6,17.5,10,"9032"
"18035","   10.5 ","21/08/2003",0.3,3.4,15.5,10.5,"9032"
"18036","   10.5 ","22/08/2003",1.9,3.7,21.5,10.5,"9032"
"18037","    11 ","23/08/2003",0.2,9.7,20,11,"9032"
"18038","    10 ","24/08/2003",3.3,7.3,20,10,"9032"
"18039","    9.5 ","25/08/2003",0,2.6,21,9.5,"9032"
"18040","    10.5 ","26/08/2003",18,6.2,21,10.5,"9032"
"18041","    9.5 ","27/08/2003",0.3,8.8,19,9.5,"9032"
"18042","    11 ","28/08/2003",0.6,11.8,21,11,"9032"
"18043","   10 ","29/08/2003",2.7,3.8,21.5,10,"9032"
"18044","   11.5 ","30/08/2003",0.7,12.1,21.5,11.5,"9032"
"18045","   11.5 ","31/08/2003",19,4.3,21.5,11.5,"9032"
"18046","    10 ","01/09/2003",16.3,0,20,10,"9032"
"18047","   10 ","02/09/2003",2.6,0,20.5,10,"9032"
"18048","    11 ","03/09/2003",1.5,0,21,11,"9032"
"18049","    10.5 ","04/09/2003",18.3,0,20,10.5,"9032"
"18050","   11 ","05/09/2003",0,0,17.5,11,"9032"
"18051","   10.5 ","06/09/2003",17.5,0,17.5,10.5,"9032"
"18052","   10.5 ","07/09/2003",0,0,18.5,10.5,"9032"
"18053","    10.5 ","08/09/2003",0,0,18,10.5,"9032"
"18054","    9 ","09/09/2003",0,0,21,9,"9032"
"18055","    9.5 ","10/09/2003",0,0,22,9.5,"9032"
"18056","    9.5 ","11/09/2003",0,0,22,9.5,"9032"
"18057","   10 ","12/09/2003",0,0,21.5,10,"9032"
"18058","   9 ","13/09/2003",8.9,0,21.5,9,"9032"
"18059","   10.5 ","14/09/2003",1.3,0,17.5,10.5,"9032"
"18060","    10.5 ","15/09/2003",3.7,0,17,10.5,"9032"
"18061","   9.5 ","16/09/2003",17.2,0,20.5,9.5,"9032"
"18062","   10 ","17/09/2003",0.3,0,20.5,10,"9032"
"18063","    11 ","18/09/2003",2.3,0,20,11,"9032"
"18064","    10.5 ","19/09/2003",0,0,23,10.5,"9032"
"18065","    10.5 ","20/09/2003",4.7,0,22,10.5,"9032"
"18066","   11 ","21/09/2003",0,0,23.5,11,"9032"
"18067","    10 ","22/09/2003",3,0,23,10,"9032"
"18068","    11.5 ","23/09/2003",0,0,21,11.5,"9032"
"18069","   12 ","24/09/2003",3.5,0,21.5,12,"9032"
"18070","    10 ","25/09/2003",68.5,0,21,10,"9032"
"18071","   11 ","26/09/2003",0,0,22.5,11,"9032"
"18072","   10.5 ","27/09/2003",14.2,0,19.5,10.5,"9032"
"18073","   10.5 ","28/09/2003",2,0,16.5,10.5,"9032"
"18074","    10 ","29/09/2003",1.3,0,15,10,"9032"
"18075","    7.5 ","30/09/2003",0,0,13,7.5,"9032"
"18076","   7 ","01/10/2003",0,0,16.5,7,"9032"
"18077","   6.5 ","02/10/2003",2.7,0,17.5,6.5,"9032"
"18078","    7.5 ","03/10/2003",0.6,0,20,7.5,"9032"
"18079","    10.5 ","04/10/2003",25.7,0,20,10.5,"9032"
"18080","   10.5 ","05/10/2003",30.7,0,17.5,10.5,"9032"
"18081","    10 ","06/10/2003",3.7,0,18,10,"9032"
"18082","    10 ","07/10/2003",2.4,0,21,10,"9032"
"18083","   11.5 ","08/10/2003",0.8,0,17.5,11.5,"9032"
"18084","   11 ","09/10/2003",0,0,21.5,11,"9032"
"18085","   10 ","10/10/2003",5.6,0,22.5,10,"9032"
"18086","    10.5 ","11/10/2003",0,0,22,10.5,"9032"
"18087","   10.5 ","12/10/2003",0,0,22.5,10.5,"9032"
"18088","   10.5 ","13/10/2003",0.4,0,20.5,10.5,"9032"
"18089","   11 ","14/10/2003",5,0,18.5,11,"9032"
"18090","    10.5 ","15/10/2003",0,0,20,10.5,"9032"
"18091","   10.5 ","16/10/2003",1.4,0,19.5,10.5,"9032"
"18092","   10 ","17/10/2003",0,0,19.5,10,"9032"
"18093","    9 ","18/10/2003",0,0,15,9,"9032"
"18094","    8.5 ","19/10/2003",0,0,18,8.5,"9032"
"18095","   7.5 ","20/10/2003",0,0,18.5,7.5,"9032"
"18096","   7 ","21/10/2003",0,0,19.5,7,"9032"
"18097","   7 ","22/10/2003",2,0,18.5,7,"9032"
"18098","   9 ","23/10/2003",4.2,0,19.5,9,"9032"
"18099","   8.5 ","24/10/2003",0,0,20.5,8.5,"9032"
"18100","    8.5 ","25/10/2003",0,0,21,8.5,"9032"
"18101","    8.5 ","26/10/2003",2.2,0,20,8.5,"9032"
"18102","   9.5 ","27/10/2003",0,0,20.5,9.5,"9032"
"18103","    8 ","28/10/2003",0,0,20,8,"9032"
"18104","   7 ","29/10/2003",0,0,22.5,7,"9032"
"18105","    7.5 ","30/10/2003",0,0,23,7.5,"9032"
"18106","    8 ","31/10/2003",9.5,0,23,8,"9032"
"18107","    9.5 ","01/11/2003",3.6,0,20,9.5,"9032"
"18108","   7.5 ","02/11/2003",1.1,0,17.5,7.5,"9032"
"18109","   9.5 ","03/11/2003",0,0,19.5,9.5,"9032"
"18110","    9.5 ","04/11/2003",0,0,20,9.5,"9032"
"18111","   7.5 ","05/11/2003",0,0,20.5,7.5,"9032"
"18112","   5 ","06/11/2003",0,0,20.5,5,"9032"
"18113","   5 ","07/11/2003",0,0,20.5,5,"9032"
"18114","    8.5 ","08/11/2003",0,0,18,8.5,"9032"
"18115","   8 ","09/11/2003",0,0,18.5,8,"9032"
"18116","   7 ","10/11/2003",0,0,19.5,7,"9032"
"18117","   8 ","11/11/2003",0,0,20.5,8,"9032"
"18118","    6.5 ","12/11/2003",0,0,23,6.5,"9032"
"18119","    8.5 ","13/11/2003",0,0,19,8.5,"9032"
"18120","   8.5 ","14/11/2003",0,0,19.5,8.5,"9032"
"18121","    6.5 ","15/11/2003",0,0,21,6.5,"9032"
"18122","    7.5 ","16/11/2003",0,0,21,7.5,"9032"
"18123","    8.5 ","17/11/2003",0,0,22,8.5,"9032"
"18124","    9 ","18/11/2003",0,0,21,9,"9032"
"18125","    6 ","19/11/2003",0,0,22,6,"9032"
"18126","    3 ","20/11/2003",0,0,22,3,"9032"
"18127","    5 ","21/11/2003",0,0,22,5,"9032"
"18128","    8 ","22/11/2003",0,0,22,8,"9032"
"18129","    8 ","23/11/2003",0,0,22,8,"9032"
"18130","    7 ","24/11/2003",0,0,20,7,"9032"
"18131","   7 ","25/11/2003",0,0,20.5,7,"9032"
"18132","   7.5 ","26/11/2003",0,0,21.5,7.5,"9032"
"18133","    7.5 ","27/11/2003",0,0,20,7.5,"9032"
"18134","   6.5 ","28/11/2003",0,0,14.5,6.5,"9032"
"18135","    1.5 ","29/11/2003",0,0,18,1.5,"9032"
"18136","   6 ","30/11/2003",0,0,18.5,6,"9032"
"18137","    4.5 ","01/12/2003",0,0,18,4.5,"9032"
"18138","    3.5 ","02/12/2003",0,0,16,3.5,"9032"
"18139","    3 ","03/12/2003",0,0,17,3,"9032"
"18140","    2.5 ","04/12/2003",0,0,19,2.5,"9032"
"18141","    2 ","05/12/2003",0,0,15,2,"9032"
"18142","    5.5 ","06/12/2003",0,0,15,5.5,"9032"
"18143","   3 ","07/12/2003",0,0,15.5,3,"9032"
"18144","   3 ","08/12/2003",0,0,16.5,3,"9032"
"18145","   4 ","09/12/2003",0,0,16.5,4,"9032"
"18146","    4 ","10/12/2003",0,0,19,4,"9032"
"18147","    5 ","11/12/2003",0,0,20,5,"9032"
"18148","    6 ","12/12/2003",0,0,21,6,"9032"
"18149","    7 ","13/12/2003",0,0,21,7,"9032"
"18150","    4 ","14/12/2003",0,0,21,4,"9032"
"18151","   3 ","15/12/2003",0,0,19.5,3,"9032"
"18152","    3 ","16/12/2003",0,0,17,3,"9032"
"18153","    1.5 ","17/12/2003",0,0,14,1.5,"9032"
"18154","   1 ","18/12/2003",0,0,15.5,1,"9032"
"18155","    0 ","19/12/2003",0,0,15,0,"9032"
"18156","   0 ","20/12/2003",0,0,15.5,0,"9032"
"18157","   2 ","21/12/2003",0,0,17.5,2,"9032"
"18158","   2.5 ","22/12/2003",0,0,17.5,2.5,"9032"
"18159","   3.5 ","23/12/2003",0,0,16.5,3.5,"9032"
"18160","    1 ","24/12/2003",0,0,17,1,"9032"
"18161","   6 ","25/12/2003",0,0,17.5,6,"9032"
"18162","    5 ","26/12/2003",0,0,19,5,"9032"
"18163","    5.5 ","27/12/2003",0,0,21,5.5,"9032"
"18164","   7 ","28/12/2003",0,0,21.5,7,"9032"
"18165","   6.5 ","29/12/2003",0,0,21.5,6.5,"9032"
"18166","   6.5 ","30/12/2003",0,0,20.5,6.5,"9032"
"18167","   4.5 ","31/12/2003",0,0,19.5,4.5,"9032"
"18168","    5 ","01/01/2004",0,0,19,5,"9032"
"18169","   3.5 ","02/01/2004",0,0,18.5,3.5,"9032"
"18170","    6 ","03/01/2004",0,0,19,6,"9032"
"18171","    6.5 ","04/01/2004",0,0,19,6.5,"9032"
"18172","    6 ","05/01/2004",0,0,20,6,"9032"
"18173","   5 ","06/01/2004",0,0,17.5,5,"9032"
"18174","   5.5 ","07/01/2004",0,0,18.5,5.5,"9032"
"18175","    4.5 ","08/01/2004",0,0,18,4.5,"9032"
"18176","    6 ","09/01/2004",8.6,0,18,6,"9032"
"18177","   5 ","10/01/2004",8.4,0,17.5,5,"9032"
"18178","    3.5 ","11/01/2004",0,0,13,3.5,"9032"
"18179","   3 ","12/01/2004",0,0,17.5,3,"9032"
"18180","    3 ","13/01/2004",0,0,18,3,"9032"
"18181","    3.5 ","14/01/2004",0.5,0,19,3.5,"9032"
"18182","    4 ","15/01/2004",0,0,16,4,"9032"
"18183","   7 ","16/01/2004",32.5,0,11.5,7,"9032"
"18184","    6.5 ","17/01/2004",0,0,12,6.5,"9032"
"18185","    6 ","18/01/2004",0,0,18,6,"9032"
"18186","   2 ","19/01/2004",0,0,19.5,2,"9032"
"18187","   5.5 ","20/01/2004",0,0,19.5,5.5,"9032"
"18188","    8.5 ","21/01/2004",0,0,18,8.5,"9032"
"18189","   6.5 ","22/01/2004",0,0,21.5,6.5,"9032"
"18190","    5.5 ","23/01/2004",0,0,21,5.5,"9032"
"18191","   5.5 ","24/01/2004",0,0,17.5,5.5,"9032"
"18192","   5 ","25/01/2004",0,0,18.5,5,"9032"
"18193","   6.5 ","26/01/2004",0,0,17.5,6.5,"9032"
"18194","   4 ","27/01/2004",0,0,17.5,4,"9032"
"18195","    5.5 ","28/01/2004",0,0,17,5.5,"9032"
"18196","   6.5 ","29/01/2004",0,0,17.5,6.5,"9032"
"18197","    6.5 ","30/01/2004",10,0,16,6.5,"9032"
"18198","    0.5 ","31/01/2004",0,0,15,0.5,"9032"
"18199","   2 ","01/02/2004",0,5.7,17.5,2,"9032"
"18200","    3 ","02/02/2004",0,6.7,20,3,"9032"
"18201","    3 ","03/02/2004",0,5.1,18,3,"9032"
"18202","    5.5 ","04/02/2004",0,3.3,17,5.5,"9032"
"18203","   6.5 ","05/02/2004",0,3.3,19.5,6.5,"9032"
"18204","   8 ","06/02/2004",0,3.3,21.5,8,"9032"
"18205","   3.5 ","07/02/2004",0,3.3,19.5,3.5,"9032"
"18206","    5 ","08/02/2004",0,3.6,22,5,"9032"
"18207","    7 ","09/02/2004",0,2.3,22,7,"9032"
"18208","    6.5 ","10/02/2004",0,7,21,6.5,"9032"
"18209","    7 ","11/02/2004",0,6.6,20,7,"9032"
"18210","   8 ","12/02/2004",0,4.9,19.5,8,"9032"
"18211","   8 ","13/02/2004",0.2,4.1,18.5,8,"9032"
"18212","   6 ","14/02/2004",0,5.3,19.5,6,"9032"
"18213","    6 ","15/02/2004",0,6.3,18,6,"9032"
"18214","   7.5 ","16/02/2004",0,3.6,17.5,7.5,"9032"
"18215","    2 ","17/02/2004",0,5.6,16,2,"9032"
"18216","    1 ","18/02/2004",0,5.3,17,1,"9032"
"18217","    3 ","19/02/2004",0,5.2,21,3,"9032"
"18218","   3 ","20/02/2004",0,3.6,21.5,3,"9032"
"18219","    6.5 ","21/02/2004",0,4.6,22,6.5,"9032"
"18220","   8.5 ","22/02/2004",0,5.9,20.5,8.5,"9032"
"18221","    8 ","23/02/2004",0,8.1,20,8,"9032"
"18222","    8 ","24/02/2004",0,6.8,18,8,"9032"
"18223","    6 ","25/02/2004",0,7.4,20,6,"9032"
"18224","    5 ","26/02/2004",0,6.6,20,5,"9032"
"18225","    4 ","27/02/2004",0,7.3,21,4,"9032"
"18226","    5 ","28/02/2004",0,9,22,5,"9032"
"18227","    8 ","29/02/2004",0,7.4,22,8,"9032"
"18228","    8 ","01/03/2004",0,9.1,23,8,"9032"
"18229","    9 ","02/03/2004",0,6.1,22,9,"9032"
"18230","    11 ","03/03/2004",0,8.9,23,11,"9032"
"18231","    9 ","04/03/2004",0,6.1,23,9,"9032"
"18232","    9 ","05/03/2004",0,5.7,24,9,"9032"
"18233","    10 ","06/03/2004",0,8.6,24,10,"9032"
"18234","    7.5 ","07/03/2004",0,6.3,23,7.5,"9032"
"18235","    8 ","08/03/2004",0,7.4,19,8,"9032"
"18236","    8 ","09/03/2004",0,4.5,21,8,"9032"
"18237","    4.5 ","10/03/2004",0,3.9,19,4.5,"9032"
"18238","    6.5 ","11/03/2004",0,5.6,21,6.5,"9032"
"18239","    6 ","12/03/2004",0,4.4,20,6,"9032"
"18240","    9 ","13/03/2004",0,8.9,20,9,"9032"
"18241","    9 ","14/03/2004",0,6.5,22,9,"9032"
"18242","    9 ","15/03/2004",0,6,21,9,"9032"
"18243","    9 ","16/03/2004",0,6.3,23,9,"9032"
"18244","    9 ","17/03/2004",0,5.1,20,9,"9032"
"18245","    10 ","18/03/2004",0,5.4,23,10,"9032"
"18246","    9.5 ","19/03/2004",0,7.4,19,9.5,"9032"
"18247","    8 ","20/03/2004",0,8.1,22,8,"9032"
"18248","    7 ","21/03/2004",0,7,22,7,"9032"
"18249","    5 ","22/03/2004",0,6,20,5,"9032"
"18250","    4 ","23/03/2004",0,5.7,20,4,"9032"
"18251","   5.5 ","24/03/2004",0,5.9,21.5,5.5,"9032"
"18252","   8 ","25/03/2004",0,7.2,22.5,8,"9032"
"18253","    8 ","26/03/2004",0,7.4,23,8,"9032"
"18254","   8.5 ","27/03/2004",0,6.2,20.5,8.5,"9032"
"18255","   8 ","28/03/2004",0,6.9,20.5,8,"9032"
"18256","    9 ","29/03/2004",1.8,3,16,9,"9032"
"18257","   7.5 ","30/03/2004",24.3,2.8,14.5,7.5,"9032"
"18258","    5 ","31/03/2004",2.3,2.7,14,5,"9032"
"18259","    7 ","01/04/2004",5.2,3.2,16,7,"9032"
"18260","    6 ","02/04/2004",0,8.4,19,6,"9032"
"18261","   6.5 ","03/04/2004",2.3,8.9,19.5,6.5,"9032"
"18262","    6.5 ","04/04/2004",0,7.4,20,6.5,"9032"
"18263","   7 ","05/04/2004",0.6,3.9,20.5,7,"9032"
"18264","    9.5 ","06/04/2004",0,6.1,20,9.5,"9032"
"18265","    9.5 ","07/04/2004",0,8.1,22,9.5,"9032"
"18266","   9.5 ","08/04/2004",0,5.3,21.5,9.5,"9032"
"18267","   9.5 ","09/04/2004",0,9.5,22.5,9.5,"9032"
"18268","    9 ","10/04/2004",0,4.1,23,9,"9032"
"18269","    11 ","11/04/2004",0,5.2,23,11,"9032"
"18270","    11.5 ","12/04/2004",0,9.8,22,11.5,"9032"
"18271","   10.5 ","13/04/2004",0,9.8,21.5,10.5,"9032"
"18272","   5 ","14/04/2004",0,6.8,22.5,5,"9032"
"18273","   9.5 ","15/04/2004",0,8.6,23.5,9.5,"9032"
"18274","    10 ","16/04/2004",0.6,7.3,24,10,"9032"
"18275","   9 ","17/04/2004",0,9.5,24.5,9,"9032"
"18276","   7 ","18/04/2004",0,8.7,23.5,7,"9032"
"18277","    5.5 ","19/04/2004",0,9.1,24,5.5,"9032"
"18278","    7 ","20/04/2004",0,9.4,24,7,"9032"
"18279","   10 ","21/04/2004",0,6.4,21.5,10,"9032"
"18280","    10.5 ","22/04/2004",0,7,23,10.5,"9032"
"18281","   10.5 ","23/04/2004",0,8.5,22.5,10.5,"9032"
"18282","    11 ","24/04/2004",0,8.7,24,11,"9032"
"18283","    10.5 ","25/04/2004",0,7,25,10.5,"9032"
"18284","   11 ","26/04/2004",10,4,23.5,11,"9032"
"18285","    10 ","27/04/2004",23,8.7,19,10,"9032"
"18286","    7.5 ","28/04/2004",0,5.2,22,7.5,"9032"
"18287","    10 ","29/04/2004",0,4.4,21,10,"9032"
"18288","   10 ","30/04/2004",0,3.9,22.5,10,"9032"
"18289","    11 ","01/05/2004",8.8,3.3,21,11,"9032"
"18290","   9 ","02/05/2004",11.3,5.3,18.5,9,"9032"
"18291","    6.5 ","03/05/2004",6,3.5,18,6.5,"9032"
"18292","    6.5 ","04/05/2004",0,9.6,19,6.5,"9032"
"18293","   7 ","05/05/2004",8,3.7,18.5,7,"9032"
"18294","    8 ","06/05/2004",0,2,19,8,"9032"
"18295","    7 ","07/05/2004",2.9,2.2,18,7,"9032"
"18296","    7 ","08/05/2004",0,5.5,19,7,"9032"
"18297","    10 ","09/05/2004",9,8.4,19,10,"9032"
"18298","    7.5 ","10/05/2004",0,4.7,20,7.5,"9032"
"18299","    8 ","11/05/2004",10,3.6,22,8,"9032"
"18300","    8 ","12/05/2004",0,5.1,22,8,"9032"
"18301","    11 ","13/05/2004",0,7.4,24,11,"9032"
"18302","    11 ","14/05/2004",0,5.6,24,11,"9032"
"18303","   9 ","15/05/2004",0,6.4,24.5,9,"9032"
"18304","    7 ","16/05/2004",0,6.2,20,7,"9032"
"18305","    11 ","17/05/2004",0,8,22,11,"9032"
"18306","    11.5 ","18/05/2004",0,4.7,22,11.5,"9032"
"18307","   11 ","19/05/2004",0,3.3,20.5,11,"9032"
"18308","    11 ","20/05/2004",21,6.3,21,11,"9032"
"18309","   10 ","21/05/2004",0,8.3,22.5,10,"9032"
"18310","   11 ","22/05/2004",0,8.1,23.5,11,"9032"
"18311","    12 ","23/05/2004",0,10.1,25,12,"9032"
"18312","    10.5 ","24/05/2004",0,10.5,25,10.5,"9032"
"18313","    11 ","25/05/2004",0,7.3,25,11,"9032"
"18314","   11 ","26/05/2004",0,6.4,25.5,11,"9032"
"18315","   12 ","27/05/2004",0,5.6,25.5,12,"9032"
"18316","   12.5 ","28/05/2004",0,7.2,24.5,12.5,"9032"
"18317","   13 ","29/05/2004",0,4.6,24.5,13,"9032"
"18318","    12.5 ","30/05/2004",0,5.2,24,12.5,"9032"
"18319","    10.5 ","31/05/2004",8,4.6,22,10.5,"9032"
"18320","    10 ","01/06/2004",0,3.7,22,10,"9032"
"18321","    10 ","02/06/2004",5.8,3,20,10,"9032"
"18322","    11 ","03/06/2004",14.3,2.1,17,11,"9032"
"18323","    11.5 ","04/06/2004",1,3.2,22,11.5,"9032"
"18324","    11 ","05/06/2004",0,2.2,21,11,"9032"
"18325","    10 ","06/06/2004",0,1.6,20,10,"9032"
"18326","   11.5 ","07/06/2004",4.1,4.5,18.5,11.5,"9032"
"18327","    11.5 ","08/06/2004",0.4,2.9,18,11.5,"9032"
"18328","   11 ","09/06/2004",5,2.8,18.5,11,"9032"
"18329","   9 ","10/06/2004",5.8,3.8,19.5,9,"9032"
"18330","    10.5 ","11/06/2004",0,5.2,22,10.5,"9032"
"18331","   11.5 ","12/06/2004",4,0.7,20.5,11.5,"9032"
"18332","   11 ","13/06/2004",0,2.2,23.5,11,"9032"
"18333","    12 ","14/06/2004",0,2,23,12,"9032"
"18334","    11 ","15/06/2004",8.9,6.4,23,11,"9032"
"18335","   10 ","16/06/2004",8.9,3.9,20.5,10,"9032"
"18336","    10 ","17/06/2004",10,7.8,17,10,"9032"
"18337","    7 ","18/06/2004",4.1,1.5,19,7,"9032"
"18338","    7 ","19/06/2004",0,3.2,21,7,"9032"
"18339","    8 ","20/06/2004",9,2.5,20,8,"9032"
"18340","    8 ","21/06/2004",0,4,21,8,"9032"
"18341","    8 ","22/06/2004",19,3.8,20,8,"9032"
"18342","    10.5 ","23/06/2004",0,2,19,10.5,"9032"
"18343","    10.5 ","24/06/2004",24.3,2.5,19,10.5,"9032"
"18344","   11 ","25/06/2004",2.6,3.2,20.5,11,"9032"
"18345","    8.5 ","26/06/2004",0,1.2,21,8.5,"9032"
"18346","    11 ","27/06/2004",0,2.9,20,11,"9032"
"18347","    8 ","28/06/2004",17.8,4.9,19,8,"9032"
"18348","    9 ","29/06/2004",1.4,5.2,21,9,"9032"
"18349","   12 ","30/06/2004",0,3.5,21.5,12,"9032"
"18350","    11 ","01/07/2004",0,7.8,21,11,"9032"
"18351","    9 ","02/07/2004",5.3,5.1,21,9,"9032"
"18352","    10 ","03/07/2004",18.1,5.8,20,10,"9032"
"18353","    10 ","04/07/2004",1,9.4,21,10,"9032"
"18354","    7.5 ","05/07/2004",8,4.7,20,7.5,"9032"
"18355","   9.5 ","06/07/2004",0,1.6,21.5,9.5,"9032"
"18356","    10 ","07/07/2004",3.8,5.1,21,10,"9032"
"18357","    10 ","08/07/2004",1,3.4,22,10,"9032"
"18358","   10 ","09/07/2004",0.5,4.5,20.5,10,"9032"
"18359","   9.5 ","10/07/2004",0,5.7,20.5,9.5,"9032"
"18360","    10 ","11/07/2004",16.8,2.2,20,10,"9032"
"18361","    9.5 ","12/07/2004",0,3.4,17,9.5,"9032"
"18362","    6.5 ","13/07/2004",0,5.4,21,6.5,"9032"
"18363","    7 ","14/07/2004",9.8,5.8,22,7,"9032"
"18364","   9.5 ","15/07/2004",0,5,19.5,9.5,"9032"
"18365","    10 ","16/07/2004",27.4,5.9,20,10,"9032"
"18366","    9 ","17/07/2004",4.6,6.4,21,9,"9032"
"18367","    8 ","18/07/2004",14.3,3.5,19,8,"9032"
"18368","    10 ","19/07/2004",0,7.6,22,10,"9032"
"18369","    10 ","20/07/2004",18,3.7,20,10,"9032"
"18370","   9.5 ","21/07/2004",6.7,5.2,20.5,9.5,"9032"
"18371","   9 ","22/07/2004",2.3,3.2,19.5,9,"9032"
"18372","    10 ","23/07/2004",0,1.5,19,10,"9032"
"18373","   10.5 ","24/07/2004",0.5,2,19.5,10.5,"9032"
"18374","    9.5 ","25/07/2004",3,3.7,19,9.5,"9032"
"18375","    8 ","26/07/2004",3,4,18,8,"9032"
"18376","    8 ","27/07/2004",2,3.8,19,8,"9032"
"18377","    8.5 ","28/07/2004",0,2.3,20,8.5,"9032"
"18378","    9 ","29/07/2004",0,3.5,21,9,"9032"
"18379","    9.5 ","30/07/2004",0,5.9,21,9.5,"9032"
"18380","    10 ","31/07/2004",11.6,4.2,20,10,"9032"
"18381","    10 ","01/08/2004",2.9,3.8,21,10,"9032"
"18382","   11 ","02/08/2004",0.8,3,18.5,11,"9032"
"18383","    10.5 ","03/08/2004",21.8,1.3,18,10.5,"9032"
"18384","    9.5 ","04/08/2004",0.8,4.4,19,9.5,"9032"
"18385","   10 ","05/08/2004",0,6,21.5,10,"9032"
"18386","    9 ","06/08/2004",4.9,7,22,9,"9032"
"18387","    8.5 ","07/08/2004",3.5,6.6,22,8.5,"9032"
"18388","   10 ","08/08/2004",0,4,21.5,10,"9032"
"18389","    9.5 ","09/08/2004",3.1,4.4,22,9.5,"9032"
"18390","   10 ","10/08/2004",0.5,5,21.5,10,"9032"
"18391","    11 ","11/08/2004",0.2,6.3,22,11,"9032"
"18392","    9.5 ","12/08/2004",0,4,21,9.5,"9032"
"18393","   9.5 ","13/08/2004",0.8,3.3,18.5,9.5,"9032"
"18394","    10 ","14/08/2004",0,5.8,20,10,"9032"
"18395","    10.5 ","15/08/2004",11.3,2.9,19,10.5,"9032"
"18396","    10 ","16/08/2004",4.9,4.8,20,10,"9032"
"18397","    9.5 ","17/08/2004",20,5.3,21,9.5,"9032"
"18398","    10.5 ","18/08/2004",0,4.3,20,10.5,"9032"
"18399","    10.5 ","19/08/2004",0,4.9,23,10.5,"9032"
"18400","    11 ","20/08/2004",17.7,7.6,20,11,"9032"
"18401","    10 ","21/08/2004",0,5.7,23,10,"9032"
"18402","    11.5 ","22/08/2004",1.3,5.8,22,11.5,"9032"
"18403","    9 ","23/08/2004",0,5.2,22,9,"9032"
"18404","   8.5 ","24/08/2004",0,6.2,22.5,8.5,"9032"
"18405","   9.5 ","25/08/2004",0,3.3,20.5,9.5,"9032"
"18406","   8.5 ","26/08/2004",0,5.4,21.5,8.5,"9032"
"18407","    11 ","27/08/2004",8.6,3.2,21,11,"9032"
"18408","   10 ","28/08/2004",8.8,2.6,21.5,10,"9032"
"18409","    9 ","29/08/2004",1.2,3.8,21,9,"9032"
"18410","    10 ","30/08/2004",15.5,2.2,20,10,"9032"
"18411","    9 ","31/08/2004",0.4,3,20,9,"9032"
"18412","    10 ","01/09/2004",0,3.8,19,10,"9032"
"18413","    9 ","02/09/2004",0,5.3,20,9,"9032"
"18414","    8 ","03/09/2004",20.5,5.7,21,8,"9032"
"18415","    10 ","04/09/2004",7.2,3.2,20,10,"9032"
"18416","   11 ","05/09/2004",6,3.3,20.5,11,"9032"
"18417","    11.5 ","06/09/2004",11.9,5.7,19,11.5,"9032"
"18418","   10 ","07/09/2004",6.9,4.3,19.5,10,"9032"
"18419","    10.5 ","08/09/2004",5.3,4.2,21,10.5,"9032"
"18420","   10 ","09/09/2004",0,4.1,20.5,10,"9032"
"18421","   9.5 ","10/09/2004",0.4,1.7,21.5,9.5,"9032"
"18422","    10 ","11/09/2004",5.6,2.5,19,10,"9032"
"18423","   9.5 ","12/09/2004",19,3,18.5,9.5,"9032"
"18424","    10.5 ","13/09/2004",0,2.2,19,10.5,"9032"
"18425","   9.5 ","14/09/2004",0,6.6,18.5,9.5,"9032"
"18426","    10 ","15/09/2004",5.5,5.8,22,10,"9032"
"18427","    11.5 ","16/09/2004",0,4.3,23,11.5,"9032"
"18428","    12.5 ","17/09/2004",6.8,5,22,12.5,"9032"
"18429","    8.5 ","18/09/2004",0.8,3.2,20,8.5,"9032"
"18430","   8.5 ","19/09/2004",2.9,5.2,21.5,8.5,"9032"
"18431","    9 ","20/09/2004",0,3.4,21,9,"9032"
"18432","   8.5 ","21/09/2004",0,5,20.5,8.5,"9032"
"18433","   10.5 ","22/09/2004",0,3.1,19.5,10.5,"9032"
"18434","    8 ","23/09/2004",0,4.8,20,8,"9032"
"18435","   8.5 ","24/09/2004",0.9,4.2,20.5,8.5,"9032"
"18436","    10.5 ","25/09/2004",6.9,2.8,20,10.5,"9032"
"18437","    11 ","26/09/2004",5,0.4,19,11,"9032"
"18438","    9.5 ","27/09/2004",14.8,3.8,18,9.5,"9032"
"18439","    10 ","28/09/2004",1.4,2,19,10,"9032"
"18440","    10.5 ","29/09/2004",37.3,4.4,18,10.5,"9032"
"18441","   9.5 ","30/09/2004",5.7,2.3,17.5,9.5,"9032"
"18442","   8 ","01/10/2004",6.5,5.6,20.5,8,"9032"
"18443","    9.5 ","02/10/2004",0,6.1,21,9.5,"9032"
"18444","    9.5 ","03/10/2004",0,3.1,18,9.5,"9032"
"18445","   9 ","04/10/2004",0,2.1,14.5,9,"9032"
"18446","    9.5 ","05/10/2004",7.6,2.2,16,9.5,"9032"
"18447","   10 ","06/10/2004",11,3.2,16.5,10,"9032"
"18448","   10.5 ","07/10/2004",0,1.6,17.5,10.5,"9032"
"18449","    9.5 ","08/10/2004",16.5,1.2,16,9.5,"9032"
"18450","    10.5 ","09/10/2004",6.3,2.8,15,10.5,"9032"
"18451","   10.5 ","10/10/2004",0,3,18.5,10.5,"9032"
"18452","    9 ","11/10/2004",1.4,2.5,20,9,"9032"
"18453","    10.5 ","12/10/2004",4.2,1.5,15,10.5,"9032"
"18454","    9.5 ","13/10/2004",0,1.8,16,9.5,"9032"
"18455","   11 ","14/10/2004",0,1.6,20.5,11,"9032"
"18456","    9 ","15/10/2004",28.2,6.8,22,9,"9032"
"18457","    8.5 ","16/10/2004",0,3.8,22,8.5,"9032"
"18458","   8 ","17/10/2004",0,3.5,22.5,8,"9032"
"18459","   10.5 ","18/10/2004",0,5.9,22.5,10.5,"9032"
"18460","    10.5 ","19/10/2004",0,5.2,23,10.5,"9032"
"18461","   10.5 ","20/10/2004",0,5.9,23.5,10.5,"9032"
"18462","   9 ","21/10/2004",0,6,23.5,9,"9032"
"18463","    9.5 ","22/10/2004",0,6.6,23,9.5,"9032"
"18464","    9.5 ","23/10/2004",0,6.7,23,9.5,"9032"
"18465","    8.5 ","24/10/2004",0,4.2,22,8.5,"9032"
"18466","   8 ","25/10/2004",0,5,21.5,8,"9032"
"18467","    6.5 ","26/10/2004",0,3.8,21,6.5,"9032"
"18468","   8.5 ","27/10/2004",0,3.7,20.5,8.5,"9032"
"18469","    8.5 ","28/10/2004",0,4.3,21,8.5,"9032"
"18470","    9 ","29/10/2004",0,5.3,21,9,"9032"
"18471","   8 ","30/10/2004",0,4,20.5,8,"9032"
"18472","   9.5 ","31/10/2004",0,4.2,20.5,9.5,"9032"
"18473","   9.5 ","01/11/2004",0,5.6,22.5,9.5,"9032"
"18474","    8.5 ","02/11/2004",1.3,4.8,23,8.5,"9032"
"18475","    9 ","03/11/2004",0,4.2,22,9,"9032"
"18476","    9 ","04/11/2004",0,3.6,22,9,"9032"
"18477","    6.5 ","05/11/2004",0,3.4,22,6.5,"9032"
"18478","    1.5 ","06/11/2004",0,4.2,18,1.5,"9032"
"18479","   3 ","07/11/2004",0,4.8,20.5,3,"9032"
"18480","   3 ","08/11/2004",0,3.2,21.5,3,"9032"
"18481","   4 ","09/11/2004",0,4.8,21.5,4,"9032"
"18482","    5 ","10/11/2004",0,8.6,21,5,"9032"
"18483","   6 ","11/11/2004",0,5.5,20.5,6,"9032"
"18484","   3.5 ","12/11/2004",0,4.7,20.5,3.5,"9032"
"18485","    3 ","13/11/2004",0,4.8,20,3,"9032"
"18486","    3 ","14/11/2004",0,3.8,18,3,"9032"
"18487","    9 ","15/11/2004",0,3.5,20,9,"9032"
"18488","    5.5 ","16/11/2004",0,3.2,20,5.5,"9032"
"18489","    5.5 ","17/11/2004",0,5,21,5.5,"9032"
"18490","    7 ","18/11/2004",0,8.4,21,7,"9032"
"18491","    6.5 ","19/11/2004",0,3.4,21,6.5,"9032"
"18492","   6.5 ","20/11/2004",0,3,20.5,6.5,"9032"
"18493","   6.5 ","21/11/2004",0,2.6,21.5,6.5,"9032"
"18494","   6 ","22/11/2004",0,5.8,20.5,6,"9032"
"18495","   7 ","23/11/2004",0,5.7,21.5,7,"9032"
"18496","   8.5 ","24/11/2004",0,5.1,20.5,8.5,"9032"
"18497","    7.5 ","25/11/2004",0,3.7,21,7.5,"9032"
"18498","    7.5 ","26/11/2004",0,5.1,21,7.5,"9032"
"18499","   8 ","27/11/2004",0,6.2,22.5,8,"9032"
"18500","    8 ","28/11/2004",0,5.6,22,8,"9032"
"18501","   8.5 ","29/11/2004",0,5.4,22.5,8.5,"9032"
"18502","   11 ","30/11/2004",0,1.8,18.5,11,"9032"
"18503","   6.5 ","01/12/2004",0,4.2,21.5,6.5,"9032"
"18504","    7 ","02/12/2004",0,4.8,21,7,"9032"
"18505","    7 ","03/12/2004",0,3,21,7,"9032"
"18506","   5 ","04/12/2004",0,6.7,21.5,5,"9032"
"18507","    6 ","05/12/2004",0,4.6,22,6,"9032"
"18508","    7 ","06/12/2004",0,2.8,20,7,"9032"
"18509","    6 ","07/12/2004",0,4.3,20,6,"9032"
"18510","    5.5 ","08/12/2004",0,5.2,20,5.5,"9032"
"18511","   7 ","09/12/2004",0,4.2,20.5,7,"9032"
"18512","    7 ","10/12/2004",0,5.2,19,7,"9032"
"18513","    4.5 ","11/12/2004",0,3.5,15,4.5,"9032"
"18514","    3.5 ","12/12/2004",0,4.3,19,3.5,"9032"
"18515","   5 ","13/12/2004",0,2.8,18.5,5,"9032"
"18516","   6 ","14/12/2004",0,2.5,20.5,6,"9032"
"18517","   1 ","15/12/2004",0,1.2,14.5,1,"9032"
"18518","    6 ","16/12/2004",0,1.4,14,6,"9032"
"18519","   5.5 ","17/12/2004",0,1.6,16.5,5.5,"9032"
"18520","   4 ","18/12/2004",0,4.1,16.5,4,"9032"
"18521","    3.5 ","19/12/2004",0,2.3,15,3.5,"9032"
"18522","   2 ","20/12/2004",0,1.5,16.5,2,"9032"
"18523","   5 ","21/12/2004",0,3.7,18.5,5,"9032"
"18524","   7 ","22/12/2004",0,7.2,20.5,7,"9032"
"18525","    7 ","23/12/2004",0,4.1,19,7,"9032"
"18526","    7.5 ","24/12/2004",0,6.7,17,7.5,"9032"
"18527","   8 ","25/12/2004",0,4.2,16.5,8,"9032"
"18528","    1.5 ","26/12/2004",0,5.2,17,1.5,"9032"
"18529","    3 ","27/12/2004",0,4.2,17,3,"9032"
"18530","    2.5 ","28/12/2004",0,3.5,17,2.5,"9032"
"18531","    1 ","29/12/2004",0,4.4,16,1,"9032"
"18532","   2 ","30/12/2004",0,4.7,18.5,2,"9032"
"18533","   3 ","31/12/2004",0,5.5,20.5,3,"9032"
"18534","   5.5 ","01/01/2005",0,3.1,21.5,5.5,"9032"
"18535","   6 ","02/01/2005",0,5.4,20.5,6,"9032"
"18536","   5.5 ","03/01/2005",0,5.4,21.5,5.5,"9032"
"18537","   6 ","04/01/2005",0,4.6,20.5,6,"9032"
"18538","    6 ","05/01/2005",0,6.5,21,6,"9032"
"18539","    6.5 ","06/01/2005",0,3.8,21,6.5,"9032"
"18540","    6.5 ","07/01/2005",0,4.9,20,6.5,"9032"
"18541","    6 ","08/01/2005",0,4.3,20,6,"9032"
"18542","    6 ","09/01/2005",0,4.9,19,6,"9032"
"18543","    5.5 ","10/01/2005",0,4.6,17,5.5,"9032"
"18544","   3.5 ","11/01/2005",0,3.7,17.5,3.5,"9032"
"18545","   6.5 ","12/01/2005",0,3.2,17.5,6.5,"9032"
"18546","    4 ","13/01/2005",0,5,19,4,"9032"
"18547","    4.5 ","14/01/2005",0,4.6,18,4.5,"9032"
"18548","    2 ","15/01/2005",0,2.8,18,2,"9032"
"18549","   2 ","16/01/2005",0,2,14.5,2,"9032"
"18550","   -1.5 ","17/01/2005",0,2.8,16,-1.5,"9032"
"18551","   2.5 ","18/01/2005",0,2.5,13.5,2.5,"9032"
"18552","   2 ","19/01/2005",0,3.6,14.5,2,"9032"
"18553","   2.5 ","20/01/2005",0,4,16.5,2.5,"9032"
"18554","   4 ","21/01/2005",0,3.8,17.5,4,"9032"
"18555","    6 ","22/01/2005",8.5,1.3,17,6,"9032"
"18556","    5 ","23/01/2005",0,0.8,16,5,"9032"
"18557","   3 ","24/01/2005",0,3.3,16.5,3,"9032"
"18558","    6 ","25/01/2005",0,4.8,18,6,"9032"
"18559","    5.5 ","26/01/2005",0,4.3,21,5.5,"9032"
"18560","   6.5 ","27/01/2005",0,5,21.5,6.5,"9032"
"18561","   7 ","28/01/2005",0,6.7,22.5,7,"9032"
"18562","   8 ","29/01/2005",0,4.9,21.5,8,"9032"
"18563","    8 ","30/01/2005",0,6.9,22,8,"9032"
"18564","    7.5 ","31/01/2005",0,4.1,20,7.5,"9032"
"18565","   7.5 ","01/02/2005",0,5.9,17.5,7.5,"9032"
"18566","    6 ","02/02/2005",0,4.2,20,6,"9032"
"18567","   6.5 ","03/02/2005",0,6.6,18.5,6.5,"9032"
"18568","   5 ","04/02/2005",0,3.5,18.5,5,"9032"
"18569","    6.5 ","05/02/2005",0,4.1,19,6.5,"9032"
"18570","    7.5 ","06/02/2005",0,5.1,21,7.5,"9032"
"18571","    7.5 ","07/02/2005",0,5.6,22,7.5,"9032"
"18572","    9 ","08/02/2005",0,6.5,23,9,"9032"
"18573","    8 ","09/02/2005",0,4.2,23,8,"9032"
"18574","    4 ","10/02/2005",0,4.4,19,4,"9032"
"18575","    4.5 ","11/02/2005",0,5,20,4.5,"9032"
"18576","   5.5 ","12/02/2005",0,6.1,22.5,5.5,"9032"
"18577","    8.5 ","13/02/2005",0,5.7,20,8.5,"9032"
"18578","    7.5 ","14/02/2005",0,4.8,20,7.5,"9032"
"18579","    7.5 ","15/02/2005",0,8,21,7.5,"9032"
"18580","    7.5 ","16/02/2005",0,5.9,22,7.5,"9032"
"18581","    7 ","17/02/2005",0,5.6,21,7,"9032"
"18582","    5 ","18/02/2005",0,5.6,19,5,"9032"
"18583","   5.5 ","19/02/2005",0,4.8,20.5,5.5,"9032"
"18584","    7.5 ","20/02/2005",0,5.4,22,7.5,"9032"
"18585","   6 ","21/02/2005",0,6.5,21.5,6,"9032"
"18586","    6 ","22/02/2005",0,6.1,21,6,"9032"
"18587","    6 ","23/02/2005",0,3,20,6,"9032"
"18588","    6 ","24/02/2005",0,4.9,17,6,"9032"
"18589","    5 ","25/02/2005",0,3.5,18,5,"9032"
"18590","    8 ","26/02/2005",0,4.1,19,8,"9032"
"18591","   7 ","27/02/2005",0,5.9,19.5,7,"9032"
"18592","   7 ","28/02/2005",0,6.1,19.5,7,"9032"
"18593","    8 ","01/03/2005",0,9,21,8,"9032"
"18594","    8 ","02/03/2005",0,6.1,24,8,"9032"
"18595","    9 ","03/03/2005",0,8.9,22,9,"9032"
"18596","    8 ","04/03/2005",0,7.1,21,8,"9032"
"18597","   9 ","05/03/2005",0.6,5.4,21.5,9,"9032"
"18598","    10 ","06/03/2005",0,7.6,20,10,"9032"
"18599","    9.5 ","07/03/2005",0,5.8,19,9.5,"9032"
"18600","    8 ","08/03/2005",0,4.6,20,8,"9032"
"18601","    8 ","09/03/2005",0,4.7,20,8,"9032"
"18602","    7 ","10/03/2005",0,6.6,21,7,"9032"
"18603","   6 ","11/03/2005",0,4.1,24.5,6,"9032"
"18604","    6 ","12/03/2005",0,6.4,25,6,"9032"
"18605","   9 ","13/03/2005",0,8.9,22.5,9,"9032"
"18606","   10.5 ","14/03/2005",0,5.4,20.5,10.5,"9032"
"18607","   10 ","15/03/2005",20,6.7,21.5,10,"9032"
"18608","   9 ","16/03/2005",5.3,9.5,17.5,9,"9032"
"18609","    7 ","17/03/2005",17.5,6.1,18,7,"9032"
"18610","    6.5 ","18/03/2005",12.9,7.6,17,6.5,"9032"
"18611","    7 ","19/03/2005",0,9.8,22,7,"9032"
"18612","    9 ","20/03/2005",0,9.8,24,9,"9032"
"18613","    10.5 ","21/03/2005",0,8.8,23,10.5,"9032"
"18614","    9 ","22/03/2005",0,10.2,23,9,"9032"
"18615","    9 ","23/03/2005",0,9.4,24,9,"9032"
"18616","    10 ","24/03/2005",0,10.3,23,10,"9032"
"18617","   10 ","25/03/2005",0,10.2,24.5,10,"9032"
"18618","   11.5 ","26/03/2005",0,9.6,24.5,11.5,"9032"
"18619","    10.5 ","27/03/2005",0,7.9,26,10.5,"9032"
"18620","    8.5 ","28/03/2005",0,9.2,24,8.5,"9032"
"18621","    11.5 ","29/03/2005",0,9.4,19,11.5,"9032"
"18622","    10 ","30/03/2005",0,7.8,22,10,"9032"
"18623","    11 ","31/03/2005",0,8.6,25,11,"9032"
"18624","   11 ","01/04/2005",0,5.8,30.5,11,"9032"
"18625","    12 ","02/04/2005",0,3.8,31,12,"9032"
"18626","    13.5 ","03/04/2005",0,3.9,32,13.5,"9032"
"18627","    15 ","04/04/2005",0,5.3,33,15,"9032"
"18628","    13 ","05/04/2005",0,4.8,34,13,"9032"
"18629","    14 ","06/04/2005",0,4,33,14,"9032"
"18630","    13 ","07/04/2005",0,4.3,31,13,"9032"
"18631","    12 ","08/04/2005",0,4,34,12,"9032"
"18632","    13 ","09/04/2005",0,3,34,13,"9032"
"18633","    12 ","10/04/2005",0,5.2,32,12,"9032"
"18634","    11 ","11/04/2005",0,4.2,33,11,"9032"
"18635","    11 ","12/04/2005",0,5.1,33,11,"9032"
"18636","    11 ","13/04/2005",0,8.3,31,11,"9032"
"18637","    14 ","14/04/2005",1.5,7.2,32,14,"9032"
"18638","    13 ","15/04/2005",3,7.2,32,13,"9032"
"18639","    11 ","16/04/2005",7.5,4.9,33,11,"9032"
"18640","   11 ","17/04/2005",0,8.4,33.5,11,"9032"
"18641","    12 ","18/04/2005",0,8.7,33,12,"9032"
"18642","    11 ","19/04/2005",0,2.5,33,11,"9032"
"18643","    11 ","20/04/2005",0,9,32,11,"9032"
"18644","    10.5 ","21/04/2005",0.2,5.7,33,10.5,"9032"
"18645","    11.5 ","22/04/2005",0,3.8,33,11.5,"9032"
"18646","    13.5 ","23/04/2005",0.7,6.4,34,13.5,"9032"
"18647","    14 ","24/04/2005",0,3.9,31,14,"9032"
"18648","    13 ","25/04/2005",0,5.5,32,13,"9032"
"18649","    10.5 ","26/04/2005",0,8.1,34,10.5,"9032"
"18650","    11 ","27/04/2005",0,7.6,33,11,"9032"
"18651","    13 ","28/04/2005",1,6.4,32,13,"9032"
"18652","    11 ","29/04/2005",0,4.8,34,11,"9032"
"18653","    13 ","30/04/2005",0,4,28,13,"9032"
"18654","    12 ","01/05/2005",0,5.6,25,12,"9032"
"18655","    12 ","02/05/2005",0,4.9,25,12,"9032"
"18656","    12.5 ","03/05/2005",0,3.3,24,12.5,"9032"
"18657","    9.5 ","04/05/2005",0,5.9,27,9.5,"9032"
"18658","    9.5 ","05/05/2005",0,7.5,32,9.5,"9032"
"18659","    9 ","06/05/2005",0,5.4,25,9,"9032"
"18660","    8 ","07/05/2005",0,6.7,22,8,"9032"
"18661","   11 ","08/05/2005",0,2,22.5,11,"9032"
"18662","   9.5 ","09/05/2005",0,9.4,23.5,9.5,"9032"
"18663","   11.5 ","10/05/2005",0,7.5,23.5,11.5,"9032"
"18664","   12 ","11/05/2005",0,6.3,23.5,12,"9032"
"18665","   9 ","12/05/2005",0,4.8,22.5,9,"9032"
"18666","   9.5 ","13/05/2005",0,7.9,23.5,9.5,"9032"
"18667","   11.5 ","14/05/2005",3,6.6,22.5,11.5,"9032"
"18668","    10 ","15/05/2005",3,5.1,20,10,"9032"
"18669","    9.5 ","16/05/2005",0,5.8,22,9.5,"9032"
"18670","    9 ","17/05/2005",0,7.7,23,9,"9032"
"18671","    9.5 ","18/05/2005",0,7.6,23,9.5,"9032"
"18672","   11.5 ","19/05/2005",0,8.3,23.5,11.5,"9032"
"18673","   8 ","20/05/2005",0,9.1,23.5,8,"9032"
"18674","   7.5 ","21/05/2005",0,8.2,22.5,7.5,"9032"
"18675","   8 ","22/05/2005",0,7.2,23.5,8,"9032"
"18676","   8 ","23/05/2005",0.7,8.1,23.5,8,"9032"
"18677","    10.5 ","24/05/2005",0,4.8,23,10.5,"9032"
"18678","    10 ","25/05/2005",0,5.8,24,10,"9032"
"18679","    11 ","26/05/2005",0,6.4,25,11,"9032"
"18680","    9.5 ","27/05/2005",0,6.2,22,9.5,"9032"
"18681","    9 ","28/05/2005",7.8,2.8,23,9,"9032"
"18682","    11 ","29/05/2005",0,5.2,21,11,"9032"
"18683","    10.5 ","30/05/2005",0.6,6.6,23,10.5,"9032"
"18684","    10.5 ","31/05/2005",0,7.3,23,10.5,"9032"
"18685","    11 ","01/06/2005",0,7.3,24,11,"9032"
"18686","    12 ","02/06/2005",0,7.1,25,12,"9032"
"18687","    13 ","03/06/2005",0,9,26,13,"9032"
"18688","   13.5 ","04/06/2005",0,10.3,27.5,13.5,"9032"
"18689","    13 ","05/06/2005",0,7.1,28,13,"9032"
"18690","    14 ","06/06/2005",0,7.9,27,14,"9032"
"18691","   13 ","07/06/2005",0,8.9,26.5,13,"9032"
"18692","    13.5 ","08/06/2005",0,8.9,27,13.5,"9032"
"18693","   12 ","09/06/2005",0,10.9,26.5,12,"9032"
"18694","    11.5 ","10/06/2005",0,9.8,27,11.5,"9032"
"18695","   13 ","11/06/2005",0,8.6,27.5,13,"9032"
"18696","   14 ","12/06/2005",19,10.4,27.5,14,"9032"
"18697","    11.5 ","13/06/2005",0,7.6,25,11.5,"9032"
"18698","   9.5 ","14/06/2005",0,6.2,23.5,9.5,"9032"
"18699","    12 ","15/06/2005",3.7,1.8,19,12,"9032"
"18700","    11 ","16/06/2005",0,5.3,19,11,"9032"
"18701","    11 ","17/06/2005",0,6.7,25,11,"9032"
"18702","   12 ","18/06/2005",0,7.9,25.5,12,"9032"
"18703","   11 ","19/06/2005",0,7.9,25.5,11,"9032"
"18704","   12 ","20/06/2005",3,5.2,21.5,12,"9032"
"18705","   9 ","21/06/2005",1.7,6.4,21.5,9,"9032"
"18706","    10.5 ","22/06/2005",0.6,3.7,17,10.5,"9032"
"18707","   11 ","23/06/2005",27.2,3.5,18.5,11,"9032"
"18708","    11 ","24/06/2005",10,4.9,20,11,"9032"
"18709","    11.5 ","25/06/2005",11.9,3.9,19,11.5,"9032"
"18710","   10.5 ","26/06/2005",0.3,3.1,19.5,10.5,"9032"
"18711","   11 ","27/06/2005",7.7,5.1,19.5,11,"9032"
"18712","    11 ","28/06/2005",0,4.4,19,11,"9032"
"18713","   10.5 ","29/06/2005",20,6.4,19.5,10.5,"9032"
"18714","    11 ","30/06/2005",0,8.9,21,11,"9032"
"18715","   10 ","01/07/2005",5.2,5.9,22.5,10,"9032"
"18716","   9.5 ","02/07/2005",0,4.1,22.5,9.5,"9032"
"18717","   10 ","03/07/2005",0,1.2,23.5,10,"9032"
"18718","    10 ","04/07/2005",7.2,2,20,10,"9032"
"18719","    11 ","05/07/2005",8,2.8,22,11,"9032"
"18720","    9.5 ","06/07/2005",0,3.4,21,9.5,"9032"
"18721","   9.5 ","07/07/2005",17,2.6,22.5,9.5,"9032"
"18722","   10 ","08/07/2005",0,5.6,22.5,10,"9032"
"18723","    9 ","09/07/2005",0,5.9,24,9,"9032"
"18724","    11.5 ","10/07/2005",0,7.8,21,11.5,"9032"
"18725","    11.5 ","11/07/2005",0,5,22,11.5,"9032"
"18726","    12 ","12/07/2005",2,6.6,20,12,"9032"
"18727","    11 ","13/07/2005",0,2,21,11,"9032"
"18728","    12 ","14/07/2005",1.4,4.2,23,12,"9032"
"18729","    13 ","15/07/2005",0,4.9,22,13,"9032"
"18730","    12.5 ","16/07/2005",0,5,21,12.5,"9032"
"18731","    11 ","17/07/2005",0,4.8,22,11,"9032"
"18732","   10.5 ","18/07/2005",17.5,3.5,20.5,10.5,"9032"
"18733","    10.5 ","19/07/2005",4.2,4.1,22,10.5,"9032"
"18734","    11.5 ","20/07/2005",0,5.2,20,11.5,"9032"
"18735","   10 ","21/07/2005",1.4,4.3,20.5,10,"9032"
"18736","   10.5 ","22/07/2005",22.2,4.2,20.5,10.5,"9032"
"18737","    9.5 ","23/07/2005",1,4.2,21,9.5,"9032"
"18738","   10.5 ","24/07/2005",2.6,2.3,22.5,10.5,"9032"
"18739","    11 ","25/07/2005",0,5,21,11,"9032"
"18740","   11.5 ","26/07/2005",28.2,5.1,19.5,11.5,"9032"
"18741","    9.5 ","27/07/2005",16.5,7.1,21,9.5,"9032"
"18742","    9.5 ","28/07/2005",6.7,4.3,21,9.5,"9032"
"18743","    8 ","29/07/2005",0,5.4,22,8,"9032"
"18744","    8.5 ","30/07/2005",0,4.9,22,8.5,"9032"
"18745","    8 ","31/07/2005",0,7.8,22,8,"9032"
"18746","   8.5 ","01/08/2005",0,3.5,21.5,8.5,"9032"
"18747","    10 ","02/08/2005",1.8,2.8,18,10,"9032"
"18748","    8 ","03/08/2005",0,2.3,19,8,"9032"
"18749","    9 ","04/08/2005",47.2,1.8,20,9,"9032"
"18750","   11 ","05/08/2005",35.3,3.7,19.5,11,"9032"
"18751","   9 ","06/08/2005",3.7,2.1,18.5,9,"9032"
"18752","   7.5 ","07/08/2005",0,5.2,20.5,7.5,"9032"
"18753","    10.5 ","08/08/2005",0,4.8,21,10.5,"9032"
"18754","    8.5 ","09/08/2005",0,3.1,22,8.5,"9032"
"18755","   10.5 ","10/08/2005",10.5,4.6,22.5,10.5,"9032"
"18756","    11.5 ","11/08/2005",25.8,2.5,19,11.5,"9032"
"18757","    9 ","12/08/2005",28,1,20,9,"9032"
"18758","   10.5 ","13/08/2005",12.4,3,19.5,10.5,"9032"
"18759","   11.5 ","14/08/2005",6.7,3.1,20.5,11.5,"9032"
"18760","   10 ","15/08/2005",0,3.4,19.5,10,"9032"
"18761","   10 ","16/08/2005",0,2.2,18.5,10,"9032"
"18762","    10 ","17/08/2005",0,2,20,10,"9032"
"18763","   11.5 ","18/08/2005",1,4.5,21.5,11.5,"9032"
"18764","   11.5 ","19/08/2005",0,3.7,19.5,11.5,"9032"
"18765","    10 ","20/08/2005",2.9,4.8,18,10,"9032"
"18766","   10 ","21/08/2005",6.2,1.5,18.5,10,"9032"
"18767","    10.5 ","22/08/2005",10,1.2,16,10.5,"9032"
"18768","    10 ","23/08/2005",27.2,1.7,18,10,"9032"
"18769","    10 ","24/08/2005",0,2.5,19,10,"9032"
"18770","    11 ","25/08/2005",3.5,4.7,19,11,"9032"
"18771","    10 ","26/08/2005",46.2,1.5,21,10,"9032"
"18772","    9 ","27/08/2005",2.3,5.9,22,9,"9032"
"18773","    11.5 ","28/08/2005",0,4.1,22,11.5,"9032"
"18774","   10 ","29/08/2005",0,5.6,22.5,10,"9032"
"18775","    11 ","30/08/2005",4.5,3.9,20,11,"9032"
"18776","    11 ","31/08/2005",4.5,3.2,20,11,"9032"
"18777","    10 ","01/09/2005",2.3,3,19,10,"9032"
"18778","    10 ","02/09/2005",9.2,4.4,20,10,"9032"
"18779","    10.5 ","03/09/2005",0,2.6,19,10.5,"9032"
"18780","   10 ","04/09/2005",0,2.8,18.5,10,"9032"
"18781","   10 ","05/09/2005",1.5,2.7,17.5,10,"9032"
"18782","    10.5 ","06/09/2005",0,2.2,17,10.5,"9032"
"18783","    9 ","07/09/2005",0.4,1.8,15,9,"9032"
"18784","   9.5 ","08/09/2005",12.5,3.7,17.5,9.5,"9032"
"18785","    9.5 ","09/09/2005",5.3,4.3,18,9.5,"9032"
"18786","    9 ","10/09/2005",0.5,4.6,19,9,"9032"
"18787","    8 ","11/09/2005",1.2,3.4,21,8,"9032"
"18788","    8.5 ","12/09/2005",1.5,4.3,20,8.5,"9032"
"18789","    10 ","13/09/2005",1.7,2.3,20,10,"9032"
"18790","   8.5 ","14/09/2005",1.5,2.2,21.5,8.5,"9032"
"18791","    11 ","15/09/2005",0,5.1,22,11,"9032"
"18792","    10 ","16/09/2005",0,4.8,22,10,"9032"
"18793","    10 ","17/09/2005",0.5,4.6,20,10,"9032"
"18794","    8 ","18/09/2005",9.8,4.8,21,8,"9032"
"18795","    9.5 ","19/09/2005",2.3,5.9,21,9.5,"9032"
"18796","    9.5 ","20/09/2005",4,5,20,9.5,"9032"
"18797","    9 ","21/09/2005",0,4.3,16,9,"9032"
"18798","    7.5 ","22/09/2005",0,4.3,20,7.5,"9032"
"18799","    6.5 ","23/09/2005",0,5.4,21,6.5,"9032"
"18800","    7.5 ","24/09/2005",0,4.7,22,7.5,"9032"
"18801","    9.5 ","25/09/2005",1.3,4.1,23,9.5,"9032"
"18802","   9.5 ","26/09/2005",0,3.2,18.5,9.5,"9032"
"18803","   10 ","27/09/2005",10.5,5,21.5,10,"9032"
"18804","    9.5 ","28/09/2005",0,4.5,21,9.5,"9032"
"18805","    10.5 ","29/09/2005",0,5.3,20,10.5,"9032"
"18806","    10 ","30/09/2005",0,6,21,10,"9032"
"18807","    10 ","01/10/2005",0,3.2,21,10,"9032"
"18808","    11 ","02/10/2005",17.2,6.2,21,11,"9032"
"18809","    11 ","03/10/2005",3,1.9,16,11,"9032"
"18810","   11 ","04/10/2005",12.5,3.5,15.5,11,"9032"
"18811","   11 ","05/10/2005",26.3,1.3,15.5,11,"9032"
"18812","    10.5 ","06/10/2005",14.2,2.2,16,10.5,"9032"
"18813","    10.5 ","07/10/2005",0.5,3.2,17,10.5,"9032"
"18814","    8 ","08/10/2005",0,2.1,19,8,"9032"
"18815","   8.5 ","09/10/2005",0,1.5,21.5,8.5,"9032"
"18816","    9 ","10/10/2005",0,2.2,21,9,"9032"
"18817","    9.5 ","11/10/2005",0,4.3,21,9.5,"9032"
"18818","    9.5 ","12/10/2005",0,3,20,9.5,"9032"
"18819","   9 ","13/10/2005",0,2.2,19.5,9,"9032"
"18820","    9 ","14/10/2005",0,7,20,9,"9032"
"18821","   9 ","15/10/2005",0,1,17.5,9,"9032"
"18822","    10 ","16/10/2005",0,1.6,20,10,"9032"
"18823","    10.5 ","17/10/2005",0,4.1,20,10.5,"9032"
"18824","   11 ","18/10/2005",0,4.8,20.5,11,"9032"
"18825","   7 ","19/10/2005",0,5.7,21.5,7,"9032"
"18826","   6.5 ","20/10/2005",0,5.6,22.5,6.5,"9032"
"18827","   6.5 ","21/10/2005",0,7.1,21.5,6.5,"9032"
"18828","    5.5 ","22/10/2005",0,6.9,20,5.5,"9032"
"18829","   5 ","23/10/2005",0,5.3,20.5,5,"9032"
"18830","   6 ","24/10/2005",0,4.1,20.5,6,"9032"
"18831","   6.5 ","25/10/2005",0,4.6,16.5,6.5,"9032"
"18832","   7.5 ","26/10/2005",0,1,16.5,7.5,"9032"
"18833","   10 ","27/10/2005",0,2.1,17.5,10,"9032"
"18834","    9 ","28/10/2005",0,1.5,17,9,"9032"
"18835","    8.5 ","29/10/2005",0,3.8,17,8.5,"9032"
"18836","   7.5 ","30/10/2005",0,4.1,19.5,7.5,"9032"
"18837","    6 ","31/10/2005",0,5.3,19,6,"9032"
"18838","    8 ","01/11/2005",0,4.1,20,8,"9032"
"18839","    7 ","02/11/2005",0,4.3,19,7,"9032"
"18840","    4.5 ","03/11/2005",0,4.6,21,4.5,"9032"
"18841","   5 ","04/11/2005",0,9,17.5,5,"9032"
"18842","    7 ","05/11/2005",0,4.7,18,7,"9032"
"18843","    7 ","06/11/2005",0,5.9,22,7,"9032"
"18844","    6 ","07/11/2005",0,3.8,18,6,"9032"
"18845","   9.5 ","08/11/2005",0,5.3,17.5,9.5,"9032"
"18846","   7 ","09/11/2005",7.2,1.7,16.5,7,"9032"
"18847","   7 ","10/11/2005",0,2.7,18.5,7,"9032"
"18848","    9 ","11/11/2005",0,2.4,18,9,"9032"
"18849","    7.5 ","12/11/2005",0,6.4,20,7.5,"9032"
"18850","   7 ","13/11/2005",0,5.7,20.5,7,"9032"
"18851","   5 ","14/11/2005",0,5.4,21.5,5,"9032"
"18852","   7.5 ","15/11/2005",0,6,20.5,7.5,"9032"
"18853","    6.5 ","16/11/2005",0,2.4,15,6.5,"9032"
"18854","   6.5 ","17/11/2005",0,3.5,17.5,6.5,"9032"
"18855","    4 ","18/11/2005",0,2.8,18,4,"9032"
"18856","    5 ","19/11/2005",0,5.2,19,5,"9032"
"18857","    7 ","20/11/2005",0,3.5,19,7,"9032"
"18858","    5.5 ","21/11/2005",0,3.5,15,5.5,"9032"
"18859","   5 ","22/11/2005",0,4.8,16.5,5,"9032"
"18860","   3.5 ","23/11/2005",0,2.2,17.5,3.5,"9032"
"18861","    4 ","24/11/2005",0,4,20,4,"9032"
"18862","   7 ","25/11/2005",0,5.8,18.5,7,"9032"
"18863","   7 ","26/11/2005",0,1.9,18.5,7,"9032"
"18864","    6.5 ","27/11/2005",0,4.5,20,6.5,"9032"
"18865","    6 ","28/11/2005",0,5.4,21,6,"9032"
"18866","   6 ","29/11/2005",0,5.1,21.5,6,"9032"
"18867","   6 ","30/11/2005",0,3.9,19.5,6,"9032"
"18868","    6.5 ","01/12/2005",0,4.4,20,6.5,"9032"
"18869","    6.5 ","02/12/2005",0,4.1,19,6.5,"9032"
"18870","    7 ","03/12/2005",0,3.5,20,7,"9032"
"18871","    5.5 ","04/12/2005",0,2.9,20,5.5,"9032"
"18872","    8 ","05/12/2005",0,3.2,19,8,"9032"
"18873","    8 ","06/12/2005",0,3.3,18,8,"9032"
"18874","    7 ","07/12/2005",0,2.5,17,7,"9032"
"18875","   7 ","08/12/2005",0,1.9,17.5,7,"9032"
"18876","    7.5 ","09/12/2005",0,1.4,15,7.5,"9032"
"18877","   5.5 ","10/12/2005",0,3.4,19.5,5.5,"9032"
"18878","   6.5 ","11/12/2005",0,3.9,19.5,6.5,"9032"
"18879","    6.5 ","12/12/2005",0,4.7,19,6.5,"9032"
"18880","    7 ","13/12/2005",0,5.2,20,7,"9032"
"18881","   8 ","14/12/2005",0,5.6,20.5,8,"9032"
"18882","    7.5 ","15/12/2005",0,4.8,22,7.5,"9032"
"18883","   7.5 ","16/12/2005",0,5.4,20.5,7.5,"9032"
"18884","   6.5 ","17/12/2005",0,4.8,17.5,6.5,"9032"
"18885","   5 ","18/12/2005",0,4.2,17.5,5,"9032"
"18886","    4 ","19/12/2005",0,1.5,18,4,"9032"
"18887","    3.5 ","20/12/2005",0,3.2,15,3.5,"9032"
"18888","    6.5 ","21/12/2005",0,4.4,15,6.5,"9032"
"18889","   3.5 ","22/12/2005",0,2.8,16.5,3.5,"9032"
"18890","   3.5 ","23/12/2005",0,3,15.5,3.5,"9032"
"18891","   4 ","24/12/2005",0,3.5,16.5,4,"9032"
"18892","    3 ","25/12/2005",0,5.3,17,3,"9032"
"18893","    2.5 ","26/12/2005",0,5.8,17,2.5,"9032"
"18894","    2 ","27/12/2005",0,4.8,18,2,"9032"
"18895","    4 ","28/12/2005",0,6.1,19,4,"9032"
"18896","    6 ","29/12/2005",0,5.1,19,6,"9032"
"18897","    6.5 ","30/12/2005",0,3,21,6.5,"9032"
"18898","   7 ","31/12/2005",0,5,25.5,7,"9032"
"18899","   7 ","01/01/2006",0,5.9,21.5,7,"9032"
"18900","    7 ","02/01/2006",0,6.2,20,7,"9032"
"18901","    7 ","03/01/2006",0,3.8,19,7,"9032"
"18902","    4 ","04/01/2006",0,4.2,20,4,"9032"
"18903","    3.5 ","05/01/2006",0,5.2,18,3.5,"9032"
"18904","   4 ","06/01/2006",0,3.8,12.5,4,"9032"
"18905","   -4 ","07/01/2006",0,2.2,15,-4,"9032"
"18906","    1.5 ","08/01/2006",0,3,18,1.5,"9032"
"18907","    3 ","09/01/2006",0,5.5,19,3,"9032"
"18908","    3 ","10/01/2006",0,4.2,19,3,"9032"
"18909","    3 ","11/01/2006",0,4.1,18,3,"9032"
"18910","    5 ","12/01/2006",0,9.4,19,5,"9032"
"18911","   5.5 ","13/01/2006",0,4.7,18.5,5.5,"9032"
"18912","   5 ","14/01/2006",0,3.1,19.5,5,"9032"
"18913","    6 ","15/01/2006",0,8.5,20,6,"9032"
"18914","    8 ","16/01/2006",0,4.4,21,8,"9032"
"18915","   3 ","17/01/2006",0,4,21.5,3,"9032"
"18916","    3 ","18/01/2006",0,3.8,21,3,"9032"
"18917","    3.5 ","19/01/2006",0,4.4,21,3.5,"9032"
"18918","   3 ","20/01/2006",0,6.8,20.5,3,"9032"
"18919","    6 ","21/01/2006",0,6.1,21,6,"9032"
"18920","    6.5 ","22/01/2006",0,4.7,21,6.5,"9032"
"18921","    6 ","23/01/2006",0,2.2,19,6,"9032"
"18922","    4.5 ","24/01/2006",0,2.2,19,4.5,"9032"
"18923","    6.5 ","25/01/2006",0,1.6,17,6.5,"9032"
"18924","    4.5 ","26/01/2006",0,2.8,16,4.5,"9032"
"18925","    5 ","27/01/2006",0,2.1,17,5,"9032"
"18926","    6 ","28/01/2006",0,3.1,19,6,"9032"
"18927","   7.5 ","29/01/2006",0,6.3,17.5,7.5,"9032"
"18928","    7 ","30/01/2006",0,3.1,19,7,"9032"
"18929","    6 ","31/01/2006",0,5.9,19,6,"9032"
"18930","   7.5 ","01/02/2006",0,5.6,20.5,7.5,"9032"
"18931","    7 ","02/02/2006",0,0,21,7,"9032"
"18932","    6.5 ","03/02/2006",0,5.8,20,6.5,"9032"
"18933","    3.5 ","04/02/2006",0,6.4,19,3.5,"9032"
"18934","   3 ","05/02/2006",0,5.6,20.5,3,"9032"
"18935","   7 ","06/02/2006",0,6,20.5,7,"9032"
"18936","    5.5 ","07/02/2006",0,5,19,5.5,"9032"
"18937","   5 ","08/02/2006",0,3.8,18.5,5,"9032"
"18938","    6 ","09/02/2006",0,7.4,20,6,"9032"
"18939","   8 ","10/02/2006",0,4.8,21.5,8,"9032"
"18940","    9 ","11/02/2006",0,5.7,21,9,"9032"
"18941","   7 ","12/02/2006",0,3.4,18.5,7,"9032"
"18942","    6 ","13/02/2006",0,6.1,18,6,"9032"
"18943","    6 ","14/02/2006",0,4.2,20,6,"9032"
"18944","    8 ","15/02/2006",0,4.8,21,8,"9032"
"18945","   8 ","16/02/2006",0,6.3,22.5,8,"9032"
"18946","    8 ","17/02/2006",0,7.4,23,8,"9032"
"18947","   6 ","18/02/2006",0,6,21.5,6,"9032"
"18948","   4.5 ","19/02/2006",0,4.8,20.5,4.5,"9032"
"18949","   7 ","20/02/2006",0,8.9,23.5,7,"9032"
"18950","   6 ","21/02/2006",0,6.2,23.5,6,"9032"
"18951","   8 ","22/02/2006",0,6.2,23.5,8,"9032"
"18952","   8 ","23/02/2006",0,1,23.5,8,"9032"
"18953","LO   NULO    7 ","24/02/2006",0,NA,NA,NA,"9032"
"18954","   6.5 ","01/03/2006",0,7.8,19.5,6.5,"9032"
"18955","   4 ","02/03/2006",0,6.9,20.5,4,"9032"
"18956","    6.5 ","03/03/2006",0,8.8,22,6.5,"9032"
"18957","    5.5 ","04/03/2006",0,6.2,22,5.5,"9032"
"18958","    7 ","05/03/2006",0,6.8,23,7,"9032"
"18959","    6 ","06/03/2006",0,7.9,23,6,"9032"
"18960","    6 ","07/03/2006",0,7.2,22,6,"9032"
"18961","    7.5 ","08/03/2006",0,8.9,23,7.5,"9032"
"18962","    10 ","09/03/2006",0,8.5,23,10,"9032"
"18963","    7 ","10/03/2006",0,9.5,24,7,"9032"
"18964","    7 ","11/03/2006",0,10.9,25,7,"9032"
"18965","    7 ","12/03/2006",0,9.9,27,7,"9032"
"18966","    10 ","13/03/2006",0,6.4,27,10,"9032"
"18967","    8 ","14/03/2006",0,6.3,24,8,"9032"
"18968","    8 ","15/03/2006",0,8.4,24,8,"9032"
"18969","    10 ","16/03/2006",0,7,26,10,"9032"
"18970","    7 ","17/03/2006",0,9.5,24,7,"9032"
"18971","    8 ","18/03/2006",0,9.9,23,8,"9032"
"18972","    9 ","19/03/2006",0,7.6,20,9,"9032"
"18973","    9 ","20/03/2006",0,3.8,22,9,"9032"
"18974","    8 ","21/03/2006",0,7.4,21,8,"9032"
"18975","    8.5 ","22/03/2006",0,7.1,21,8.5,"9032"
"18976","    8 ","23/03/2006",1,8.4,21,8,"9032"
"18977","    6.5 ","24/03/2006",6.4,7.1,18,6.5,"9032"
"18978","    6 ","25/03/2006",5,6.8,18,6,"9032"
"18979","    6 ","26/03/2006",7.2,7.9,19,6,"9032"
"18980","    6.5 ","27/03/2006",1.7,6.2,18,6.5,"9032"
"18981","    7.5 ","28/03/2006",2.6,6.2,17,7.5,"9032"
"18982","    8 ","29/03/2006",0,5.7,20,8,"9032"
"18983","    8 ","30/03/2006",0.6,6.4,22,8,"9032"
"18984","    10 ","31/03/2006",0,6.8,22,10,"9032"
"18985","    8.5 ","01/04/2006",0,13.9,23,8.5,"9032"
"18986","    8.5 ","02/04/2006",0,10.1,24,8.5,"9032"
"18987","    9 ","03/04/2006",0,10.6,24,9,"9032"
"18988","    7 ","04/04/2006",0,10.3,23,7,"9032"
"18989","    7 ","05/04/2006",0,10.9,24,7,"9032"
"18990","    10 ","06/04/2006",0,10.5,25,10,"9032"
"18991","    10 ","07/04/2006",0,8.1,25,10,"9032"
"18992","    10 ","08/04/2006",0,7.9,24,10,"9032"
"18993","    9.5 ","09/04/2006",0,6,24,9.5,"9032"
"18994","    10.5 ","10/04/2006",0,8.1,24,10.5,"9032"
"18995","    11 ","11/04/2006",0,8.1,24,11,"9032"
"18996","    9 ","12/04/2006",0,9.4,24,9,"9032"
"18997","    8 ","13/04/2006",0,9.1,24,8,"9032"
"18998","    5 ","14/04/2006",0,8,23,5,"9032"
"18999","    7 ","15/04/2006",0,9.3,24,7,"9032"
"19000","    11 ","16/04/2006",0,8.6,23,11,"9032"
"19001","   9 ","17/04/2006",0,8.6,22.5,9,"9032"
"19002","   10 ","18/04/2006",0,8,25.5,10,"9032"
"19003","    11 ","19/04/2006",0,8.6,24,11,"9032"
"19004","    11 ","20/04/2006",0,8,25,11,"9032"
"19005","    11 ","21/04/2006",0,9.8,25,11,"9032"
"19006","    10 ","22/04/2006",1.7,8.7,23,10,"9032"
"19007","    10 ","23/04/2006",14.6,4,21,10,"9032"
"19008","   9 ","24/04/2006",0.4,9.2,22.5,9,"9032"
"19009","    9 ","25/04/2006",0,8,25,9,"9032"
"19010","    7.5 ","26/04/2006",0,7.4,25,7.5,"9032"
"19011","   11 ","27/04/2006",4,7.4,24.5,11,"9032"
"19012","    11.5 ","28/04/2006",0,9.7,25,11.5,"9032"
"19013","    11 ","29/04/2006",0,6.7,26,11,"9032"
"19014","   10 ","30/04/2006",27.3,2.9,23.5,10,"9032"
"19015","    9 ","01/05/2006",5.4,3.9,20,9,"9032"
"19016","    8 ","02/05/2006",0,5.1,19,8,"9032"
"19017","    8 ","03/05/2006",2.1,6.1,22,8,"9032"
"19018","    8 ","04/05/2006",0,8,23,8,"9032"
"19019","    10 ","05/05/2006",0,5.8,23,10,"9032"
"19020","   11 ","06/05/2006",33.8,8.6,23.5,11,"9032"
"19021","    11 ","07/05/2006",0,7.9,25,11,"9032"
"19022","    12 ","08/05/2006",5.4,5.1,25,12,"9032"
"19023","   12.5 ","09/05/2006",1.2,8.3,24.5,12.5,"9032"
"19024","    12 ","10/05/2006",0,7.7,25,12,"9032"
"19025","    12 ","11/05/2006",0,5.6,24,12,"9032"
"19026","    11 ","12/05/2006",27.3,5.9,22,11,"9032"
"19027","    9 ","13/05/2006",0,6.5,21,9,"9032"
"19028","    10 ","14/05/2006",0,4.2,20,10,"9032"
"19029","    8 ","15/05/2006",0.8,6.3,23,8,"9032"
"19030","    9 ","16/05/2006",1.2,5.5,20,9,"9032"
"19031","    9 ","17/05/2006",1.2,4.3,19,9,"9032"
"19032","    8 ","18/05/2006",3.4,2,18,8,"9032"
"19033","    7.5 ","19/05/2006",19.8,4.7,22,7.5,"9032"
"19034","   8 ","20/05/2006",0,5.6,19.5,8,"9032"
"19035","    7 ","21/05/2006",0,7.1,22,7,"9032"
"19036","   9 ","22/05/2006",0,8.7,21.5,9,"9032"
"19037","   9 ","23/05/2006",0,6.2,21.5,9,"9032"
"19038","   8 ","24/05/2006",0,7.4,21.5,8,"9032"
"19039","    8 ","25/05/2006",0,6.8,22,8,"9032"
"19040","   12 ","26/05/2006",2.2,4.7,21.5,12,"9032"
"19041","    10 ","27/05/2006",0,6.6,22,10,"9032"
"19042","    11.5 ","28/05/2006",2.3,6.2,22,11.5,"9032"
"19043","    11 ","29/05/2006",0,4.2,22,11,"9032"
"19044","    11 ","30/05/2006",23.4,5.4,20,11,"9032"
"19045","    10 ","31/05/2006",15.4,5.8,21,10,"9032"
"19046","    10 ","01/06/2006",7.2,5.3,19,10,"9032"
"19047","    9 ","02/06/2006",17,4.6,19,9,"9032"
"19048","    8.5 ","03/06/2006",8.3,5.4,15,8.5,"9032"
"19049","    9 ","04/06/2006",5.5,5.5,15,9,"9032"
"19050","    10 ","05/06/2006",24.8,4.7,18,10,"9032"
"19051","   11 ","06/06/2006",6.2,5.3,19.5,11,"9032"
"19052","    11 ","07/06/2006",0,7.3,20,11,"9032"
"19053","   8 ","08/06/2006",0,8.9,21.5,8,"9032"
"19054","   8.5 ","09/06/2006",0,6.7,21.5,8.5,"9032"
"19055","    7.5 ","10/06/2006",0,6,23,7.5,"9032"
"19056","    8 ","11/06/2006",0,8.4,23,8,"9032"
"19057","   8 ","12/06/2006",0,6.3,23.5,8,"9032"
"19058","   8.5 ","13/06/2006",0,7.4,23.5,8.5,"9032"
"19059","   9.5 ","14/06/2006",0,7.3,24.5,9.5,"9032"
"19060","   7 ","15/06/2006",0,8.6,21.5,7,"9032"
"19061","    10 ","16/06/2006",19.7,4.7,21,10,"9032"
"19062","    10 ","17/06/2006",9.2,8.2,23,10,"9032"
"19063","   11 ","18/06/2006",31.5,8.1,21.5,11,"9032"
"19064","   8.5 ","19/06/2006",4.3,7,21.5,8.5,"9032"
"19065","   9 ","20/06/2006",0,6.8,22.5,9,"9032"
"19066","   9 ","21/06/2006",0.5,6.4,22.5,9,"9032"
"19067","    9 ","22/06/2006",1,2.5,21,9,"9032"
"19068","    11 ","23/06/2006",4.6,2.5,20,11,"9032"
"19069","    11 ","24/06/2006",1.5,4.9,20,11,"9032"
"19070","   10 ","25/06/2006",0,5,20.5,10,"9032"
"19071","    9.5 ","26/06/2006",0,5.2,21,9.5,"9032"
"19072","    10 ","27/06/2006",2.3,6.9,22,10,"9032"
"19073","   11 ","28/06/2006",13.4,5.9,21.5,11,"9032"
"19074","    11 ","29/06/2006",14.5,5.7,19,11,"9032"
"19075","    10.5 ","30/06/2006",17.2,7,19,10.5,"9032"
"19076","    10 ","01/07/2006",0,4.7,20,10,"9032"
"19077","   11.5 ","02/07/2006",29.5,7.3,21.5,11.5,"9032"
"19078","    10 ","03/07/2006",3.5,7.8,21,10,"9032"
"19079","    9.5 ","04/07/2006",0,4,21,9.5,"9032"
"19080","    9 ","05/07/2006",0,4,22,9,"9032"
"19081","    10.5 ","06/07/2006",0,4.6,22,10.5,"9032"
"19082","   11.5 ","07/07/2006",3.5,4.7,21.5,11.5,"9032"
"19083","   10 ","08/07/2006",1.4,3.7,20.5,10,"9032"
"19084","    10.5 ","09/07/2006",0,4.2,17,10.5,"9032"
"19085","    9 ","10/07/2006",16,3.2,16,9,"9032"
"19086","    9 ","11/07/2006",9.8,1.4,20,9,"9032"
"19087","   11 ","12/07/2006",0,3.8,20.5,11,"9032"
"19088","    9 ","13/07/2006",0,6.6,21,9,"9032"
"19089","    12 ","14/07/2006",5,1.8,20,12,"9032"
"19090","    10 ","15/07/2006",15.2,5.3,20,10,"9032"
"19091","    10 ","16/07/2006",0.5,3.9,20,10,"9032"
"19092","   10 ","17/07/2006",7.5,3.7,19.5,10,"9032"
"19093","    10 ","18/07/2006",0,2.2,21,10,"9032"
"19094","    8.5 ","19/07/2006",0.8,5.4,21,8.5,"9032"
"19095","    11 ","20/07/2006",0,4.3,19,11,"9032"
"19096","   11 ","21/07/2006",18.2,3.3,18.5,11,"9032"
"19097","    10 ","22/07/2006",25.3,2,18,10,"9032"
"19098","   10.5 ","23/07/2006",9.8,4.2,18.5,10.5,"9032"
"19099","    10 ","24/07/2006",0,3.4,18,10,"9032"
"19100","   10 ","25/07/2006",0,4.1,20.5,10,"9032"
"19101","    9 ","26/07/2006",0,5.3,22,9,"9032"
"19102","   10.5 ","27/07/2006",0,2.4,21.5,10.5,"9032"
"19103","    11 ","28/07/2006",0,5.1,20,11,"9032"
"19104","    10 ","29/07/2006",0,2.9,20,10,"9032"
"19105","   7 ","30/07/2006",1.1,4.6,20.5,7,"9032"
"19106","    9 ","31/07/2006",1,4.1,22,9,"9032"
"19107","   10.5 ","01/08/2006",7.5,3.5,20.5,10.5,"9032"
"19108","   11 ","02/08/2006",0,5.7,20.5,11,"9032"
"19109","    10 ","03/08/2006",8.2,5.4,20,10,"9032"
"19110","   10 ","04/08/2006",53.7,4.6,20.5,10,"9032"
"19111","    9 ","05/08/2006",5.4,4.2,18,9,"9032"
"19112","    9 ","06/08/2006",7.2,3.3,17,9,"9032"
"19113","    8 ","07/08/2006",10.7,6.6,16,8,"9032"
"19114","    7 ","08/08/2006",8.4,1.7,18,7,"9032"
"19115","    7 ","09/08/2006",8.4,2.6,18,7,"9032"
"19116","   11 ","10/08/2006",2.5,5.9,18.5,11,"9032"
"19117","    9 ","11/08/2006",0,6.1,19,9,"9032"
"19118","    9 ","12/08/2006",3,2.9,19,9,"9032"
"19119","   9 ","13/08/2006",0,4.2,20.5,9,"9032"
"19120","   11 ","14/08/2006",13,7.7,21.5,11,"9032"
"19121","    11 ","15/08/2006",1.5,3.2,21,11,"9032"
"19122","    9 ","16/08/2006",0.5,3.9,19,9,"9032"
"19123","   9 ","17/08/2006",0,5.2,21.5,9,"9032"
"19124","    9 ","18/08/2006",0,8.9,21,9,"9032"
"19125","    9 ","19/08/2006",3.5,5.4,21,9,"9032"
"19126","    8 ","20/08/2006",0,4.9,21,8,"9032"
"19127","    10 ","21/08/2006",1.5,5.3,20,10,"9032"
"19128","    10 ","22/08/2006",0,1.5,20,10,"9032"
"19129","    10 ","23/08/2006",33,1.3,19,10,"9032"
"19130","    11 ","24/08/2006",0.5,6.3,19,11,"9032"
"19131","    10.5 ","25/08/2006",1.5,2.7,20,10.5,"9032"
"19132","   8.5 ","26/08/2006",0,6.6,19.5,8.5,"9032"
"19133","   10 ","27/08/2006",0,5.2,22.5,10,"9032"
"19134","    10 ","28/08/2006",0,3,20,10,"9032"
"19135","   11 ","29/08/2006",0,3.9,19.5,11,"9032"
"19136","   10.5 ","30/08/2006",0,2.6,19.5,10.5,"9032"
"19137","    10.5 ","31/08/2006",0.5,4,20,10.5,"9032"
"19138","    11 ","01/09/2006",4.3,1.1,19,11,"9032"
"19139","    10 ","02/09/2006",0,5.2,20,10,"9032"
"19140","   10.5 ","03/09/2006",16,6,18.5,10.5,"9032"
"19141","    10 ","04/09/2006",7.3,0,18,10,"9032"
"19142","   9.5 ","05/09/2006",20.4,4.3,18.5,9.5,"9032"
"19143","    10 ","06/09/2006",40,16.2,19,10,"9032"
"19144","    9 ","07/09/2006",1.2,4.6,17,9,"9032"
"19145","   8 ","08/09/2006",33.5,5.2,20.5,8,"9032"
"19146","    8.5 ","09/09/2006",0,5,20,8.5,"9032"
"19147","   12 ","10/09/2006",0,4.6,21.5,12,"9032"
"19148","    11 ","11/09/2006",2,5,21,11,"9032"
"19149","    12 ","12/09/2006",19.8,4.5,21,12,"9032"
"19150","    11 ","13/09/2006",1,3.7,19,11,"9032"
"19151","    11.5 ","14/09/2006",0,2.3,18,11.5,"9032"
"19152","   10 ","15/09/2006",0,6,21.5,10,"9032"
"19153","   10 ","16/09/2006",0,5.4,22.5,10,"9032"
"19154","   10 ","17/09/2006",0,5.4,22.5,10,"9032"
"19155","    11 ","18/09/2006",50,4.7,22,11,"9032"
"19156","   10.5 ","19/09/2006",41.5,3.9,18.5,10.5,"9032"
"19157","    11 ","20/09/2006",6.3,2.5,17,11,"9032"
"19158","    10 ","21/09/2006",0,1.8,19,10,"9032"
"19159","    9.5 ","22/09/2006",0,3.2,21,9.5,"9032"
"19160","   9 ","23/09/2006",2,5.3,22.5,9,"9032"
"19161","    11 ","24/09/2006",0,2.5,22,11,"9032"
"19162","    11 ","25/09/2006",0,1.4,18,11,"9032"
"19163","    10 ","26/09/2006",8.4,3.2,18,10,"9032"
"19164","    10 ","27/09/2006",1.8,2.3,21,10,"9032"
"19165","    9.5 ","28/09/2006",21,2.6,20,9.5,"9032"
"19166","    8 ","29/09/2006",11.4,1,20,8,"9032"
"19167","    9 ","30/09/2006",5.2,2.7,20,9,"9032"
"19168","LO    18     10 ","01/10/2006",0,NA,NA,NA,"9032"
"19169","LO    17     10.5 ","02/10/2006",0,NA,NA,NA,"9032"
"19170","LO    19     9 ","03/10/2006",0,NA,NA,NA,"9032"
"19171","LO    18     9.5 ","04/10/2006",0,NA,NA,NA,"9032"
"19172","LO    14     9 ","05/10/2006",0,NA,NA,NA,"9032"
"19173","LO    17     9 ","06/10/2006",0,NA,NA,NA,"9032"
"19174","LO    17.5   10 ","07/10/2006",0,NA,NA,NA,"9032"
"19175","LO    20     10 ","08/10/2006",0,NA,NA,NA,"9032"
"19176","LO    22     10 ","09/10/2006",0,NA,NA,NA,"9032"
"19177","LO    21.5   11 ","10/10/2006",0,NA,NA,NA,"9032"
"19178","LO    22.5   11.5 ","11/10/2006",0,NA,NA,NA,"9032"
"19179","LO    23     11 ","12/10/2006",0,NA,NA,NA,"9032"
"19180","LO    22     12 ","13/10/2006",0,NA,NA,NA,"9032"
"19181","LO    19     11.5 ","14/10/2006",0,NA,NA,NA,"9032"
"19182","LO    18     12 ","15/10/2006",0,NA,NA,NA,"9032"
"19183","LO    17.5   11.5 ","16/10/2006",0,NA,NA,NA,"9032"
"19184","LO    20     10 ","17/10/2006",0,NA,NA,NA,"9032"
"19185","LO    17.5   11.5 ","18/10/2006",0,NA,NA,NA,"9032"
"19186","LO    22     10 ","19/10/2006",0,NA,NA,NA,"9032"
"19187","LO    19     11 ","20/10/2006",0,NA,NA,NA,"9032"
"19188","LO    22     11 ","21/10/2006",0,NA,NA,NA,"9032"
"19189","LO    23     9 ","22/10/2006",0,NA,NA,NA,"9032"
"19190","LO    17.5   8 ","23/10/2006",0,NA,NA,NA,"9032"
"19191","LO    22     8 ","24/10/2006",0,NA,NA,NA,"9032"
"19192","LO    19     8.5 ","25/10/2006",0,NA,NA,NA,"9032"
"19193","LO    21.5   11 ","26/10/2006",0,NA,NA,NA,"9032"
"19194","LO    21     6.5 ","27/10/2006",0,NA,NA,NA,"9032"
"19195","LO    15     3.5 ","28/10/2006",0,NA,NA,NA,"9032"
"19196","LO    19     6 ","29/10/2006",0,NA,NA,NA,"9032"
"19197","LO    20     6.5 ","30/10/2006",0,NA,NA,NA,"9032"
"19198","LO    20    NULO","31/10/2006",0,NA,NA,NA,"9032"
"19199","   7 ","01/01/2007",0,5.9,20.5,7,"9032"
"19200","   6.5 ","02/01/2007",0,0,19.5,6.5,"9032"
"19201","   6 ","03/01/2007",0,0,19.5,6,"9032"
"19202","    6 ","04/01/2007",0,0,20,6,"9032"
"19203","    7 ","05/01/2007",0,0,20,7,"9032"
"19204","   6.5 ","06/01/2007",0,0,21.5,6.5,"9032"
"19205","   8 ","07/01/2007",0,0,21.5,8,"9032"
"19206","   5.5 ","08/01/2007",0,0,18.5,5.5,"9032"
"19207","   2 ","09/01/2007",0,0,15.5,2,"9032"
"19208","    3 ","10/01/2007",0,0,18,3,"9032"
"19209","   6 ","11/01/2007",0,0,19.5,6,"9032"
"19210","    6 ","12/01/2007",0,0,19,6,"9032"
"19211","   6 ","13/01/2007",0,0,20.5,6,"9032"
"19212","    7 ","14/01/2007",0,0,23,7,"9032"
"19213","    6 ","15/01/2007",0,4.6,21,6,"9032"
"19214","    7 ","16/01/2007",0,6,21,7,"9032"
"19215","   7.5 ","17/01/2007",0,4.6,19.5,7.5,"9032"
"19216","    5.5 ","18/01/2007",0,5.5,20,5.5,"9032"
"19217","    7 ","19/01/2007",0,5.3,20,7,"9032"
"19218","   7.5 ","20/01/2007",0,4,19.5,7.5,"9032"
"19219","   7.5 ","21/01/2007",0,6.4,19.5,7.5,"9032"
"19220","   7.5 ","22/01/2007",0,4.1,20.5,7.5,"9032"
"19221","    7.5 ","23/01/2007",0,4.5,19,7.5,"9032"
"19222","   7.5 ","24/01/2007",0,4.3,17.5,7.5,"9032"
"19223","   7 ","25/01/2007",0,6,19.5,7,"9032"
"19224","   6 ","26/01/2007",2.8,7.8,18.5,6,"9032"
"19225","    5 ","27/01/2007",1,1.7,13,5,"9032"
"19226","    5.5 ","28/01/2007",0,3.3,18,5.5,"9032"
"19227","   5.5 ","29/01/2007",0,4.3,18.5,5.5,"9032"
"19228","    7.5 ","30/01/2007",0,4.9,19,7.5,"9032"
"19229","    7.5 ","31/01/2007",0,5.1,19,7.5,"9032"
"19230","   9 ","01/02/2007",0,8.8,22.5,9,"9032"
"19231","    10 ","02/02/2007",0,7.2,23,10,"9032"
"19232","   9 ","03/02/2007",20,2.9,18.5,9,"9032"
"19233","    7 ","04/02/2007",15,1.9,13,7,"9032"
"19234","     4 ","05/02/2007",7,1.5,8,4,"9032"
"19235","   3 ","06/02/2007",0,2.9,15.5,3,"9032"
"19236","    4.5 ","07/02/2007",0,3.8,17,4.5,"9032"
"19237","   5.5 ","08/02/2007",0,4.8,18.5,5.5,"9032"
"19238","    6.5 ","09/02/2007",1.5,6.4,20,6.5,"9032"
"19239","    5.5 ","10/02/2007",0,1.4,17,5.5,"9032"
"19240","   3.5 ","11/02/2007",0,5.2,18.5,3.5,"9032"
"19241","    7 ","12/02/2007",0,8,20,7,"9032"
"19242","   5 ","13/02/2007",0,4.2,21.5,5,"9032"
"19243","    6.5 ","14/02/2007",0,9.3,23,6.5,"9032"
"19244","    6.5 ","15/02/2007",0,7.9,22,6.5,"9032"
"19245","    8 ","16/02/2007",0,7,20,8,"9032"
"19246","    7 ","17/02/2007",0,7.2,20,7,"9032"
"19247","   0.5 ","18/02/2007",0,3.3,20.5,0.5,"9032"
"19248","    0.5 ","19/02/2007",0,1.7,21,0.5,"9032"
"19249","    7.5 ","20/02/2007",0,4,24,7.5,"9032"
"19250","    9.5 ","21/02/2007",0,7.9,25,9.5,"9032"
"19251","   7.5 ","22/02/2007",0,9.3,23.5,7.5,"9032"
"19252","    8 ","23/02/2007",0,7.1,24,8,"9032"
"19253","    9 ","24/02/2007",0,7.8,23,9,"9032"
"19254","    8.5 ","25/02/2007",0,6.8,23,8.5,"9032"
"19255","    8 ","26/02/2007",0,5.8,23,8,"9032"
"19256","    7 ","27/02/2007",0,9,25,7,"9032"
"19257","    9 ","28/02/2007",0,10,23,9,"9032"
"19258","    8.5 ","01/03/2007",0,7.3,25,8.5,"9032"
"19259","    10.5 ","02/03/2007",0,7.1,24,10.5,"9032"
"19260","    8 ","03/03/2007",0,8,25,8,"9032"
"19261","    7 ","04/03/2007",0,6.1,26,7,"9032"
"19262","    2 ","05/03/2007",0,4.8,19,2,"9032"
"19263","    5 ","06/03/2007",0,6.8,21,5,"9032"
"19264","    6.5 ","07/03/2007",0,5.6,22,6.5,"9032"
"19265","    7 ","08/03/2007",0,6.4,22,7,"9032"
"19266","    7 ","09/03/2007",0,5.5,23,7,"9032"
"19267","    7.5 ","10/03/2007",13,5.4,23,7.5,"9032"
"19268","    7 ","11/03/2007",17.5,4,20,7,"9032"
"19269","    7 ","12/03/2007",0.5,3.2,18,7,"9032"
"19270","    8.5 ","13/03/2007",6.7,4.6,15,8.5,"9032"
"19271","   7.5 ","14/03/2007",2.1,3.8,18.5,7.5,"9032"
"19272","    7 ","15/03/2007",0,6.7,22,7,"9032"
"19273","    7.5 ","16/03/2007",0,6.6,21,7.5,"9032"
"19274","    6.5 ","17/03/2007",0,5.8,21,6.5,"9032"
"19275","    5.5 ","18/03/2007",0,5.2,22,5.5,"9032"
"19276","   8 ","19/03/2007",0,7,23.5,8,"9032"
"19277","    9 ","20/03/2007",0,5.3,25,9,"9032"
"19278","   8 ","21/03/2007",0,7.7,23.5,8,"9032"
"19279","    8.5 ","22/03/2007",0,5.4,23,8.5,"9032"
"19280","   7.5 ","23/03/2007",0,6.6,23.5,7.5,"9032"
"19281","   7 ","24/03/2007",0,5.9,22.5,7,"9032"
"19282","   7 ","25/03/2007",0,6.4,20.5,7,"9032"
"19283","    7 ","26/03/2007",0,6.2,21,7,"9032"
"19284","   9.5 ","27/03/2007",0,6.2,21.5,9.5,"9032"
"19285","    9 ","28/03/2007",0,6.3,23,9,"9032"
"19286","   8 ","29/03/2007",0,7.1,24.5,8,"9032"
"19287","    9.5 ","30/03/2007",0,7.7,24,9.5,"9032"
"19288","    9.5 ","31/03/2007",0,6.9,24,9.5,"9032"
"19289","    10 ","01/04/2007",41,8.5,23,10,"9032"
"19290","    8 ","02/04/2007",0,5.4,21,8,"9032"
"19291","   9.5 ","03/04/2007",0,5.9,23.5,9.5,"9032"
"19292","   8 ","04/04/2007",10.7,7.4,17.5,8,"9032"
"19293","    6.5 ","05/04/2007",0,7.2,21,6.5,"9032"
"19294","    6 ","06/04/2007",0,6,21,6,"9032"
"19295","    7 ","07/04/2007",0,4.2,20,7,"9032"
"19296","    7 ","08/04/2007",0,7.2,20,7,"9032"
"19297","    8.5 ","09/04/2007",0,9.8,19,8.5,"9032"
"19298","    6.5 ","10/04/2007",0,5.2,20,6.5,"9032"
"19299","    6.5 ","11/04/2007",0,7.7,23,6.5,"9032"
"19300","   7.5 ","12/04/2007",0,10.6,21.5,7.5,"9032"
"19301","   8 ","13/04/2007",0,8.6,20.5,8,"9032"
"19302","   9.5 ","14/04/2007",0,7.7,24.5,9.5,"9032"
"19303","   8 ","15/04/2007",0,5.7,24.5,8,"9032"
"19304","   9 ","16/04/2007",0,4.1,23.5,9,"9032"
"19305","   11 ","17/04/2007",0,8.1,25.5,11,"9032"
"19306","   12 ","18/04/2007",0,8.2,24.5,12,"9032"
"19307","    11 ","19/04/2007",0,9.1,25,11,"9032"
"19308","    12 ","20/04/2007",0,10.5,25,12,"9032"
"19309","   11 ","21/04/2007",0,5.8,27.5,11,"9032"
"19310","    10.5 ","22/04/2007",3.1,5.1,25,10.5,"9032"
"19311","   10.5 ","23/04/2007",2.5,6.6,24.5,10.5,"9032"
"19312","   10 ","24/04/2007",0,4.8,24.5,10,"9032"
"19313","    10 ","25/04/2007",0.3,5.8,23,10,"9032"
"19314","   9.5 ","26/04/2007",3.4,6.1,23.5,9.5,"9032"
"19315","    12 ","27/04/2007",2.1,5.4,19,12,"9032"
"19316","   10 ","28/04/2007",0,5,23.5,10,"9032"
"19317","    10 ","29/04/2007",1,8.9,20,10,"9032"
"19318","    9 ","30/04/2007",0,7.3,21,9,"9032"
"19319","    11 ","01/05/2007",0,1.7,22,11,"9032"
"19320","    11.5 ","02/05/2007",0,4.2,25,11.5,"9032"
"19321","   11.5 ","03/05/2007",0,3.5,26.5,11.5,"9032"
"19322","    12 ","04/05/2007",0,5.2,26,12,"9032"
"19323","    11 ","05/05/2007",0,5.9,25,11,"9032"
"19324","   11 ","06/05/2007",0,5.3,25.5,11,"9032"
"19325","    11 ","07/05/2007",2,5.2,25,11,"9032"
"19326","    10 ","08/05/2007",2.5,6.6,23,10,"9032"
"19327","   11 ","09/05/2007",0,6.3,24.5,11,"9032"
"19328","    11.5 ","10/05/2007",0,5.4,24,11.5,"9032"
"19329","   11 ","11/05/2007",20,5.3,21.5,11,"9032"
"19330","   11.5 ","12/05/2007",10.5,8.9,21.5,11.5,"9032"
"19331","   8.5 ","13/05/2007",3.5,5.5,22.5,8.5,"9032"
"19332","   9 ","14/05/2007",0,5.2,22.5,9,"9032"
"19333","   8.5 ","15/05/2007",0,6.1,23.5,8.5,"9032"
"19334","    8.5 ","16/05/2007",0,4.2,24,8.5,"9032"
"19335","   8 ","17/05/2007",1,3.5,23.5,8,"9032"
"19336","    8 ","18/05/2007",7.1,5.3,23,8,"9032"
"19337","    8 ","19/05/2007",0.7,3.7,23,8,"9032"
"19338","   10 ","20/05/2007",0,3.2,21.5,10,"9032"
"19339","    11 ","21/05/2007",4.5,7.5,22,11,"9032"
"19340","   8.5 ","22/05/2007",0,4.9,21.5,8.5,"9032"
"19341","   11 ","23/05/2007",0.8,6.1,21.5,11,"9032"
"19342","   8 ","24/05/2007",8.5,6.1,21.5,8,"9032"
"19343","    8.5 ","25/05/2007",10.5,4.5,21,8.5,"9032"
"19344","    8 ","26/05/2007",0,8.4,21,8,"9032"
"19345","    8.5 ","27/05/2007",0.8,5.3,20,8.5,"9032"
"19346","    8.5 ","28/05/2007",0,7.1,20,8.5,"9032"
"19347","    10 ","29/05/2007",0,8,22,10,"9032"
"19348","   10 ","30/05/2007",0,6.1,21.5,10,"9032"
"19349","   9 ","31/05/2007",0,6.3,21.5,9,"9032"
"19350","   6.5 ","01/06/2007",0,9.7,22.5,6.5,"9032"
"19351","    10 ","02/06/2007",0,8.1,25,10,"9032"
"19352","    9.5 ","03/06/2007",0,8.6,26,9.5,"9032"
"19353","   11.5 ","04/06/2007",0,7.8,26.5,11.5,"9032"
"19354","   11 ","05/06/2007",0,7.9,25.5,11,"9032"
"19355","   10.5 ","06/06/2007",0,4.9,25.5,10.5,"9032"
"19356","    12 ","07/06/2007",0,6.1,25,12,"9032"
"19357","   9 ","08/06/2007",1,6.8,22.5,9,"9032"
"19358","    8.5 ","09/06/2007",6.8,9.1,19,8.5,"9032"
"19359","   9 ","10/06/2007",0,5.2,21.5,9,"9032"
"19360","    8.5 ","11/06/2007",0,6.8,22,8.5,"9032"
"19361","   8.5 ","12/06/2007",0,6,22.5,8.5,"9032"
"19362","    9.5 ","13/06/2007",0,6.7,22,9.5,"9032"
"19363","    11 ","14/06/2007",0,8.2,23,11,"9032"
"19364","   11 ","15/06/2007",3.5,4.3,22.5,11,"9032"
"19365","    13 ","16/06/2007",1.1,6.2,23,13,"9032"
"19366","    10 ","17/06/2007",2.5,4.9,22,10,"9032"
"19367","   12.5 ","18/06/2007",2.5,2,22.5,12.5,"9032"
"19368","    11.5 ","19/06/2007",0.8,3.1,19,11.5,"9032"
"19369","   10.5 ","20/06/2007",0,3.8,19.5,10.5,"9032"
"19370","    9 ","21/06/2007",0,5.1,22,9,"9032"
"19371","    10.5 ","22/06/2007",1.8,7.8,22,10.5,"9032"
"19372","   10 ","23/06/2007",0,4.6,22.5,10,"9032"
"19373","    9.5 ","24/06/2007",0.6,4.1,22,9.5,"9032"
"19374","    10 ","25/06/2007",3,5.9,22,10,"9032"
"19375","   11 ","26/06/2007",0,5.1,21.5,11,"9032"
"19376","    10 ","27/06/2007",0.8,5.7,21,10,"9032"
"19377","   8.5 ","28/06/2007",0,2.8,20.5,8.5,"9032"
"19378","    11 ","29/06/2007",0.8,6.8,20,11,"9032"
"19379","    9 ","30/06/2007",13.8,5.1,19,9,"9032"
"19380","    9 ","01/07/2007",30.4,3.1,21,9,"9032"
"19381","   11 ","02/07/2007",1.5,5.3,21.5,11,"9032"
"19382","    10.5 ","03/07/2007",8,2.8,21,10.5,"9032"
"19383","    9.5 ","04/07/2007",5,6.3,23,9.5,"9032"
"19384","   11.5 ","05/07/2007",0,5.2,21.5,11.5,"9032"
"19385","   8 ","06/07/2007",0,3,21.5,8,"9032"
"19386","   8.5 ","07/07/2007",5,7.5,21.5,8.5,"9032"
"19387","   9.5 ","08/07/2007",0,7.8,21.5,9.5,"9032"
"19388","    10.5 ","09/07/2007",0.5,5.2,22,10.5,"9032"
"19389","   9.5 ","10/07/2007",0,2.5,22.5,9.5,"9032"
"19390","    9 ","11/07/2007",0,5.6,22,9,"9032"
"19391","    8 ","12/07/2007",1.8,5.7,22,8,"9032"
"19392","   7 ","13/07/2007",0,7,21.5,7,"9032"
"19393","   8 ","14/07/2007",0,3.8,21.5,8,"9032"
"19394","   8.5 ","15/07/2007",1.6,3.9,22.5,8.5,"9032"
"19395","    12 ","16/07/2007",9.8,4.2,23,12,"9032"
"19396","    10 ","17/07/2007",4.4,1.5,17,10,"9032"
"19397","    10.5 ","18/07/2007",0,7.4,20,10.5,"9032"
"19398","   9.5 ","19/07/2007",16.5,5.3,22.5,9.5,"9032"
"19399","    9 ","20/07/2007",6.8,3.3,20,9,"9032"
"19400","    9.5 ","21/07/2007",3,5.6,20,9.5,"9032"
"19401","   10 ","22/07/2007",7.2,3.1,19.5,10,"9032"
"19402","    9.5 ","23/07/2007",0.4,3.5,18,9.5,"9032"
"19403","    10 ","24/07/2007",0,2.7,19,10,"9032"
"19404","    10 ","25/07/2007",0,3.7,19,10,"9032"
"19405","   11 ","26/07/2007",0.8,3.5,19.5,11,"9032"
"19406","   12.5 ","27/07/2007",0,5.6,21.5,12.5,"9032"
"19407","   11.5 ","28/07/2007",0,2.2,21.5,11.5,"9032"
"19408","    11 ","29/07/2007",0,4.8,23,11,"9032"
"19409","    11 ","30/07/2007",7.4,5.5,22,11,"9032"
"19410","   11 ","31/07/2007",1.5,5.2,21.5,11,"9032"
"19411","    10 ","01/08/2007",1.7,3.7,21,10,"9032"
"19412","   9 ","02/08/2007",2,4.7,22.5,9,"9032"
"19413","    8.5 ","03/08/2007",5.8,4.4,20,8.5,"9032"
"19414","    8.5 ","04/08/2007",31.2,5.5,21,8.5,"9032"
"19415","    8 ","05/08/2007",5.7,5.7,19,8,"9032"
"19416","   11 ","06/08/2007",15,4.6,20.5,11,"9032"
"19417","   11.5 ","07/08/2007",2.6,3.3,21.5,11.5,"9032"
"19418","   10 ","08/08/2007",5.5,4.5,21.5,10,"9032"
"19419","   9 ","09/08/2007",5.8,7.5,21.5,9,"9032"
"19420","    8 ","10/08/2007",0,7.3,21,8,"9032"
"19421","    8 ","11/08/2007",0,5.1,21,8,"9032"
"19422","    10 ","12/08/2007",10,4.1,22,10,"9032"
"19423","   10 ","13/08/2007",0,5.7,20.5,10,"9032"
"19424","    10 ","14/08/2007",0,5.9,21,10,"9032"
"19425","    10 ","15/08/2007",3.1,5.1,22,10,"9032"
"19426","   11 ","16/08/2007",19,0.6,22.5,11,"9032"
"19427","    11 ","17/08/2007",13,5.9,20,11,"9032"
"19428","   10 ","18/08/2007",1,7,20.5,10,"9032"
"19429","   9.5 ","19/08/2007",0,5.7,20.5,9.5,"9032"
"19430","   9 ","20/08/2007",0,3.3,21.5,9,"9032"
"19431","   10.5 ","21/08/2007",0,4,20.5,10.5,"9032"
"19432","    10 ","22/08/2007",29.6,2.5,19,10,"9032"
"19433","   10 ","23/08/2007",2.4,1.9,16.5,10,"9032"
"19434","    10.5 ","24/08/2007",7.2,2.9,17,10.5,"9032"
"19435","    9 ","25/08/2007",0,3.6,18,9,"9032"
"19436","    10 ","26/08/2007",12.2,3.9,19,10,"9032"
"19437","    11 ","27/08/2007",0,6.5,20,11,"9032"
"19438","   11 ","28/08/2007",1.2,4.8,21.5,11,"9032"
"19439","    9.5 ","29/08/2007",10.3,3,18,9.5,"9032"
"19440","    10.5 ","30/08/2007",3.1,5.8,16,10.5,"9032"
"19441","    10.5 ","31/08/2007",14,5.5,19,10.5,"9032"
"19442","   10.5 ","01/09/2007",8.8,4.1,17.5,10.5,"9032"
"19443","    10.5 ","02/09/2007",0,2.8,18,10.5,"9032"
"19444","   10.5 ","03/09/2007",0,3.6,19.5,10.5,"9032"
"19445","    9 ","04/09/2007",12.5,4.1,20,9,"9032"
"19446","   10 ","05/09/2007",16.6,4.8,20.5,10,"9032"
"19447","    9.5 ","06/09/2007",2.5,1.9,17,9.5,"9032"
"19448","    8 ","07/09/2007",7,2.8,20,8,"9032"
"19449","    10.5 ","08/09/2007",1,2.8,20,10.5,"9032"
"19450","    11 ","09/09/2007",39.4,4.8,20,11,"9032"
"19451","    10 ","10/09/2007",52.4,6.2,16,10,"9032"
"19452","    10 ","11/09/2007",26.8,1.1,16,10,"9032"
"19453","    10 ","12/09/2007",0,1.9,18,10,"9032"
"19454","    10.5 ","13/09/2007",0,5.3,19,10.5,"9032"
"19455","    9 ","14/09/2007",0.6,5.5,20,9,"9032"
"19456","    10 ","15/09/2007",0,4.1,20,10,"9032"
"19457","    9.5 ","16/09/2007",2.2,3.2,20,9.5,"9032"
"19458","   9 ","17/09/2007",8.6,3.7,19.5,9,"9032"
"19459","   8.5 ","18/09/2007",0,4.6,19.5,8.5,"9032"
"19460","   8.5 ","19/09/2007",25.5,4.8,20.5,8.5,"9032"
"19461","    9 ","20/09/2007",2,3.2,19,9,"9032"
"19462","    8.5 ","21/09/2007",0,5.2,20,8.5,"9032"
"19463","   7 ","22/09/2007",0,5.6,20.5,7,"9032"
"19464","    7 ","23/09/2007",0,6.9,20,7,"9032"
"19465","   6.5 ","24/09/2007",0,5.7,21.5,6.5,"9032"
"19466","   5 ","25/09/2007",1.1,5.3,18.5,5,"9032"
"19467","   7 ","26/09/2007",1,3.5,19.5,7,"9032"
"19468","   11 ","27/09/2007",13,4.7,17.5,11,"9032"
"19469","   10 ","28/09/2007",3,3.5,18.5,10,"9032"
"19470","   10 ","29/09/2007",1.2,1.8,18.5,10,"9032"
"19471","   10 ","30/09/2007",0,1.8,20.5,10,"9032"
"19472","   9 ","01/10/2007",0,4.3,18.5,9,"9032"
"19473","    9.5 ","02/10/2007",0,5.1,20,9.5,"9032"
"19474","   7 ","03/10/2007",0,6.2,20.5,7,"9032"
"19475","   8 ","04/10/2007",0,4.8,20.5,8,"9032"
"19476","   7.5 ","05/10/2007",0,3.2,20.5,7.5,"9032"
"19477","   8 ","06/10/2007",0,6.4,21.5,8,"9032"
"19478","   8 ","07/10/2007",0,6.9,20.5,8,"9032"
"19479","   8.5 ","08/10/2007",0,6.4,22.5,8.5,"9032"
"19480","    9 ","09/10/2007",8.3,5.3,15,9,"9032"
"19481","    7 ","10/10/2007",0,2.8,16,7,"9032"
"19482","    9 ","11/10/2007",0,3.8,19,9,"9032"
"19483","   7 ","12/10/2007",0,6.8,20.5,7,"9032"
"19484","   9 ","13/10/2007",0,5.8,20.5,9,"9032"
"19485","   9.5 ","14/10/2007",0,6.6,21.5,9.5,"9032"
"19486","   6.5 ","15/10/2007",0,5.9,19.5,6.5,"9032"
"19487","    8.5 ","16/10/2007",0,5,21,8.5,"9032"
"19488","    7 ","17/10/2007",0,4.8,23,7,"9032"
"19489","    7 ","18/10/2007",0,3.7,24,7,"9032"
"19490","   10 ","19/10/2007",0,3.1,21.5,10,"9032"
"19491","    9 ","20/10/2007",7.4,2,21,9,"9032"
"19492","   8 ","21/10/2007",3,1.2,20.5,8,"9032"
"19493","    9 ","22/10/2007",17,2.8,17,9,"9032"
"19494","    6 ","23/10/2007",2.4,1.4,19,6,"9032"
"19495","    3 ","24/10/2007",0,4,12,3,"9032"
"19496","    1 ","25/10/2007",0,3.2,14,1,"9032"
"19497","    2.5 ","26/10/2007",0,4.8,17,2.5,"9032"
"19498","    2.5 ","27/10/2007",0,1.4,16,2.5,"9032"
"19499","   5 ","28/10/2007",0,3.1,17.5,5,"9032"
"19500","    4.5 ","29/10/2007",0,3.2,14,4.5,"9032"
"19501","    5 ","30/10/2007",0,3.9,17,5,"9032"
"19502","   5 ","31/10/2007",0,3,19.5,5,"9032"
"19503","    5 ","01/11/2007",0,5.8,20,5,"9032"
"19504","    5 ","02/11/2007",0,3.2,20,5,"9032"
"19505","   5 ","03/11/2007",0,4,18.5,5,"9032"
"19506","   8 ","04/11/2007",0,4.1,17.5,8,"9032"
"19507","   2 ","05/11/2007",0,5.3,19.5,2,"9032"
"19508","   4 ","06/11/2007",0,4.3,19.5,4,"9032"
"19509","   5 ","07/11/2007",0,3.2,15.5,5,"9032"
"19510","    2.5 ","08/11/2007",0,3.8,19,2.5,"9032"
"19511","    5 ","09/11/2007",0,4.1,19,5,"9032"
"19512","    3.5 ","10/11/2007",0,4.8,19,3.5,"9032"
"19513","    5 ","11/11/2007",0,4.1,20,5,"9032"
"19514","    3 ","12/11/2007",0,4.1,20,3,"9032"
"19515","    4.5 ","13/11/2007",0,5.1,20,4.5,"9032"
"19516","   7 ","14/11/2007",0,4.4,20.5,7,"9032"
"19517","   8 ","15/11/2007",0,4,18.5,8,"9032"
"19518","    7.5 ","16/11/2007",0,3.4,19,7.5,"9032"
"19519","   7 ","17/11/2007",0,4.4,20.5,7,"9032"
"19520","   7 ","18/11/2007",0,3.6,20.5,7,"9032"
"19521","   6.5 ","19/11/2007",0,2.9,20.5,6.5,"9032"
"19522","    6 ","20/11/2007",0,1.7,18,6,"9032"
"19523","    6.5 ","21/11/2007",0,3.8,18,6.5,"9032"
"19524","    6.5 ","22/11/2007",0,3.9,17,6.5,"9032"
"19525","   6.5 ","23/11/2007",0,4.8,17.5,6.5,"9032"
"19526","    6 ","24/11/2007",0,2.7,18,6,"9032"
"19527","    5.5 ","25/11/2007",0,3.2,20,5.5,"9032"
"19528","    7.5 ","26/11/2007",0,3.7,20,7.5,"9032"
"19529","    8 ","27/11/2007",0,3.3,20,8,"9032"
"19530","    7 ","28/11/2007",0,2.5,18,7,"9032"
"19531","    7.5 ","29/11/2007",0,2.7,19,7.5,"9032"
"19532","   8 ","30/11/2007",0,2.9,19.5,8,"9032"
"19533","   7 ","01/12/2007",0,4.7,19.5,7,"9032"
"19534","    8 ","02/12/2007",0,5,20,8,"9032"
"19535","   6.5 ","03/12/2007",0,1.8,14.5,6.5,"9032"
"19536","   4.5 ","04/12/2007",3.2,2.5,17.5,4.5,"9032"
"19537","    7.5 ","05/12/2007",2,4.6,16,7.5,"9032"
"19538","    3.5 ","06/12/2007",0,0.3,15,3.5,"9032"
"19539","   4.5 ","07/12/2007",0,4.4,17.5,4.5,"9032"
"19540","   5 ","08/12/2007",0,3.2,18.5,5,"9032"
"19541","   5.5 ","09/12/2007",0,4.7,19.5,5.5,"9032"
"19542","    5 ","10/12/2007",0,3.9,20,5,"9032"
"19543","   6 ","11/12/2007",0,5.2,19.5,6,"9032"
"19544","   5.5 ","12/12/2007",0,3.6,18.5,5.5,"9032"
"19545","    5.5 ","13/12/2007",0,3.3,20,5.5,"9032"
"19546","   5.5 ","14/12/2007",0,5.2,19.5,5.5,"9032"
"19547","    7 ","15/12/2007",0,3.1,19,7,"9032"
"19548","    7 ","16/12/2007",0,2.9,19,7,"9032"
"19549","    7 ","17/12/2007",0,4.7,18,7,"9032"
"19550","   7 ","18/12/2007",0,3,19.5,7,"9032"
"19551","   6 ","19/12/2007",0,5.5,21.5,6,"9032"
"19552","    7.5 ","20/12/2007",0,5.9,22,7.5,"9032"
"19553","    7.5 ","21/12/2007",0,5.6,23,7.5,"9032"
"19554","   8 ","22/12/2007",0,4,21.5,8,"9032"
"19555","    5.5 ","23/12/2007",0,4.3,19,5.5,"9032"
"19556","   6 ","24/12/2007",0,3.3,17.5,6,"9032"
"19557","    5.5 ","25/12/2007",0,4.6,17,5.5,"9032"
"19558","   6.5 ","26/12/2007",0,3,18.5,6.5,"9032"
"19559","    8.5 ","27/12/2007",0,3.8,19,8.5,"9032"
"19560","   7 ","28/12/2007",0,4.8,21.5,7,"9032"
"19561","   8 ","29/12/2007",0,3.9,20.5,8,"9032"
"19562","   7 ","30/12/2007",0,3.8,19.5,7,"9032"
"19563","    6 ","31/12/2007",0,4.2,20,6,"9032"
"19564","   5 ","01/01/2008",0,3.7,15.5,5,"9032"
"19565","    2 ","02/01/2008",0,3.2,16,2,"9032"
"19566","   -3 ","03/01/2008",0,0.9,16,-3,"9032"
"19567","   -1 ","04/01/2008",0,4,17,-1,"9032"
"19568","   5 ","05/01/2008",0,4,18.5,5,"9032"
"19569","    5 ","06/01/2008",0,6.2,21,5,"9032"
"19570","   6 ","07/01/2008",0,5.4,20.5,6,"9032"
"19571","   5 ","08/01/2008",0,5.7,20.5,5,"9032"
"19572","    5 ","09/01/2008",0,6.4,20,5,"9032"
"19573","    6 ","10/01/2008",0,5.3,20,6,"9032"
"19574","    6.5 ","11/01/2008",0,4.8,20,6.5,"9032"
"19575","    6.5 ","12/01/2008",0,4.1,20,6.5,"9032"
"19576","    3 ","13/01/2008",0,3.9,19,3,"9032"
"19577","   5 ","14/01/2008",0,3.6,18.5,5,"9032"
"19578","   6 ","15/01/2008",0,3.9,14.5,6,"9032"
"19579","    5.5 ","16/01/2008",0,2.9,17,5.5,"9032"
"19580","   7 ","17/01/2008",0,5.5,18.5,7,"9032"
"19581","   8 ","18/01/2008",0,5.3,17.5,8,"9032"
"19582","    5.5 ","19/01/2008",0,2.5,17,5.5,"9032"
"19583","   3.5 ","20/01/2008",0,3.2,17.5,3.5,"9032"
"19584","    4.5 ","21/01/2008",0,6.4,19,4.5,"9032"
"19585","   6 ","22/01/2008",0,3.5,20.5,6,"9032"
"19586","    6.5 ","23/01/2008",0,5.3,18,6.5,"9032"
"19587","    7 ","24/01/2008",0,6.2,22,7,"9032"
"19588","    5.5 ","25/01/2008",0,6.4,19,5.5,"9032"
"19589","    6.5 ","26/01/2008",0,4.2,21,6.5,"9032"
"19590","   4 ","27/01/2008",0,4.9,17.5,4,"9032"
"19591","    6 ","28/01/2008",0,4.9,18,6,"9032"
"19592","   6 ","29/01/2008",0,5.3,21.5,6,"9032"
"19593","   6.5 ","30/01/2008",0,4,20.5,6.5,"9032"
"19594","   6.5 ","31/01/2008",0,6.9,20.5,6.5,"9032"
"19595","    5 ","01/02/2008",0,3.5,19,5,"9032"
"19596","    6 ","02/02/2008",0,7.3,20,6,"9032"
"19597","   6 ","03/02/2008",0,5.3,20.5,6,"9032"
"19598","   5.5 ","04/02/2008",0,5.4,21.5,5.5,"9032"
"19599","    6 ","05/02/2008",0,6,20,6,"9032"
"19600","    6 ","06/02/2008",0,6.3,20,6,"9032"
"19601","    6.5 ","07/02/2008",0,4,19,6.5,"9032"
"19602","    5.5 ","08/02/2008",0,6.2,19,5.5,"9032"
"19603","    6.5 ","09/02/2008",0,2.5,19,6.5,"9032"
"19604","   5 ","10/02/2008",0,3.5,18.5,5,"9032"
"19605","   4.5 ","11/02/2008",0.4,3,16.5,4.5,"9032"
"19606","    4.5 ","12/02/2008",0,2,15,4.5,"9032"
"19607","    5 ","13/02/2008",0,6.1,18,5,"9032"
"19608","   5.5 ","14/02/2008",0,6.4,19.5,5.5,"9032"
"19609","    7 ","15/02/2008",0,4.9,20,7,"9032"
"19610","    8.5 ","16/02/2008",0,8.6,23,8.5,"9032"
"19611","    7.5 ","17/02/2008",0,8.6,22,7.5,"9032"
"19612","    8 ","18/02/2008",0,7.2,23,8,"9032"
"19613","   6 ","19/02/2008",0,6.2,22.5,6,"9032"
"19614","    7.5 ","20/02/2008",0,5.5,23,7.5,"9032"
"19615","   10 ","21/02/2008",0,6.2,22.5,10,"9032"
"19616","   8 ","22/02/2008",0,4.1,22.5,8,"9032"
"19617","    8 ","23/02/2008",0,7.1,23,8,"9032"
"19618","    8.5 ","24/02/2008",0,8.5,23,8.5,"9032"
"19619","    7 ","25/02/2008",0,10.4,23,7,"9032"
"19620","   6.5 ","26/02/2008",0,6.4,23.5,6.5,"9032"
"19621","    5 ","27/02/2008",0,4.7,20,5,"9032"
"19622","   5 ","28/02/2008",0,4.9,19.5,5,"9032"
"19623","   7.5 ","29/02/2008",0,6.5,20.5,7.5,"9032"
"19624","    7.5 ","01/03/2008",0,3.1,20,7.5,"9032"
"19625","   7 ","02/03/2008",0,2,19.5,7,"9032"
"19626","    7 ","03/03/2008",0,3.2,20,7,"9032"
"19627","    8 ","04/03/2008",0,9.4,21,8,"9032"
"19628","   8 ","05/03/2008",0,8.1,22.5,8,"9032"
"19629","   8.5 ","06/03/2008",0,7.9,19.5,8.5,"9032"
"19630","    5 ","07/03/2008",0,9.3,19,5,"9032"
"19631","    2.5 ","08/03/2008",0,0,18,2.5,"9032"
"19632","   5 ","09/03/2008",0,0,18.5,5,"9032"
"19633","   5 ","10/03/2008",0,0,21.5,5,"9032"
"19634","   5 ","11/03/2008",0,0,20.5,5,"9032"
"19635","    7 ","12/03/2008",0,8,19,7,"9032"
"19636","   7.5 ","13/03/2008",0,4.8,19.5,7.5,"9032"
"19637","    6.5 ","14/03/2008",0,4.9,20,6.5,"9032"
"19638","    8 ","15/03/2008",0,5.7,23,8,"9032"
"19639","    9 ","16/03/2008",0,5.1,24,9,"9032"
"19640","   8.5 ","17/03/2008",0,11.4,21.5,8.5,"9032"
"19641","   10 ","18/03/2008",0,8.1,21.5,10,"9032"
"19642","   7.5 ","19/03/2008",0,10.1,22.5,7.5,"9032"
"19643","    5.5 ","20/03/2008",0,6.4,21,5.5,"9032"
"19644","    6 ","21/03/2008",0,4.8,22,6,"9032"
"19645","    7 ","22/03/2008",0,7.3,22,7,"9032"
"19646","   9.5 ","23/03/2008",0,5.9,20.5,9.5,"9032"
"19647","    6.5 ","24/03/2008",0,5.4,18,6.5,"9032"
"19648","   4.5 ","25/03/2008",0,2.5,20.5,4.5,"9032"
"19649","   8 ","26/03/2008",0,6.7,20.5,8,"9032"
"19650","    8.5 ","27/03/2008",0,8,21,8.5,"9032"
"19651","   9 ","28/03/2008",0,7.2,23.5,9,"9032"
"19652","   10 ","29/03/2008",0,7.3,23.5,10,"9032"
"19653","    10 ","30/03/2008",0,5.7,24,10,"9032"
"19654","    10 ","31/03/2008",0,4.3,25,10,"9032"
"19655","    12 ","01/04/2008",0,2.9,25,12,"9032"
"19656","    12.5 ","02/04/2008",0,11.6,25,12.5,"9032"
"19657","    11 ","03/04/2008",0,9.9,25,11,"9032"
"19658","    11 ","04/04/2008",0,7.3,26,11,"9032"
"19659","   9.5 ","05/04/2008",0,9.2,25.5,9.5,"9032"
"19660","   12 ","06/04/2008",0,8,23.5,12,"9032"
"19661","    9.5 ","07/04/2008",0,8.6,24,9.5,"9032"
"19662","    10.5 ","08/04/2008",0,6.2,25,10.5,"9032"
"19663","    11.5 ","09/04/2008",0,8,25,11.5,"9032"
"19664","   10 ","10/04/2008",0,8.1,24.5,10,"9032"
"19665","    11 ","11/04/2008",0,8.8,25,11,"9032"
"19666","   10 ","12/04/2008",1.4,3.3,22.5,10,"9032"
"19667","    9 ","13/04/2008",3.7,2.5,18,9,"9032"
"19668","    6.5 ","14/04/2008",2.5,4.6,19,6.5,"9032"
"19669","    7 ","15/04/2008",0.3,3.1,19,7,"9032"
"19670","   9 ","16/04/2008",0,6.7,21.5,9,"9032"
"19671","   11.5 ","17/04/2008",6.8,0.1,19.5,11.5,"9032"
"19672","   8.5 ","18/04/2008",0,5.2,23.5,8.5,"9032"
"19673","    9.5 ","19/04/2008",0,7,23,9.5,"9032"
"19674","   12.5 ","20/04/2008",0,8,25.5,12.5,"9032"
"19675","   12.5 ","21/04/2008",0,8.4,25.5,12.5,"9032"
"19676","    12 ","22/04/2008",0,8.2,26,12,"9032"
"19677","   11.5 ","23/04/2008",0,2,27.5,11.5,"9032"
"19678","    10 ","24/04/2008",0,7.7,25,10,"9032"
"19679","   11 ","25/04/2008",0,7.3,24.5,11,"9032"
"19680","   13 ","26/04/2008",0.5,5.1,23.5,13,"9032"
"19681","   10.5 ","27/04/2008",3.8,1.2,20.5,10.5,"9032"
"19682","   8 ","28/04/2008",2.7,2.7,18.5,8,"9032"
"19683","   8 ","29/04/2008",2,2.9,19.5,8,"9032"
"19684","   8 ","30/04/2008",0,5.3,23.5,8,"9032"
"19685","    8 ","01/05/2008",0,8,21,8,"9032"
"19686","   10.5 ","02/05/2008",0,5.6,24.5,10.5,"9032"
"19687","   10.5 ","03/05/2008",0,7.6,23.5,10.5,"9032"
"19688","    11.5 ","04/05/2008",0,7.8,24,11.5,"9032"
"19689","    10.5 ","05/05/2008",0,6.8,24,10.5,"9032"
"19690","   11 ","06/05/2008",0,8.4,23.5,11,"9032"
"19691","   11.5 ","07/05/2008",0,6.6,20.5,11.5,"9032"
"19692","   8 ","08/05/2008",14.5,11.5,25.5,8,"9032"
"19693","    9 ","09/05/2008",0,7.7,26,9,"9032"
"19694","   11.5 ","10/05/2008",0,9.6,26.5,11.5,"9032"
"19695","    13.5 ","11/05/2008",1.2,5.4,27,13.5,"9032"
"19696","    10 ","12/05/2008",0,7.7,25,10,"9032"
"19697","    11.5 ","13/05/2008",12.3,6.9,24,11.5,"9032"
"19698","   10.5 ","14/05/2008",0,7.6,23.5,10.5,"9032"
"19699","   10.5 ","15/05/2008",0,11.1,23.5,10.5,"9032"
"19700","    10 ","16/05/2008",0,4.4,24,10,"9032"
"19701","   11 ","17/05/2008",0,3.9,23.5,11,"9032"
"19702","   11 ","18/05/2008",1.7,2.9,19.5,11,"9032"
"19703","   11 ","19/05/2008",0,7.6,21.5,11,"9032"
"19704","    10.5 ","20/05/2008",2.5,2.2,24,10.5,"9032"
"19705","   8.5 ","21/05/2008",0,9.6,21.5,8.5,"9032"
"19706","    9 ","22/05/2008",0,8.9,20,9,"9032"
"19707","   8.5 ","23/05/2008",0,7.6,24.5,8.5,"9032"
"19708","   10 ","24/05/2008",0,5.6,25.5,10,"9032"
"19709","    12 ","25/05/2008",0,5.8,25,12,"9032"
"19710","    13 ","26/05/2008",0,6.9,23,13,"9032"
"19711","   12 ","27/05/2008",3.2,4.2,22.5,12,"9032"
"19712","   8 ","28/05/2008",0,8.5,21.5,8,"9032"
"19713","   6.5 ","29/05/2008",0,6.9,21.5,6.5,"9032"
"19714","   9.5 ","30/05/2008",0,4.9,21.5,9.5,"9032"
"19715","    10.5 ","31/05/2008",1.5,3.6,23,10.5,"9032"
"19716","   11.5 ","01/09/2008",0,4.2,22.5,11.5,"9032"
"19717","    11 ","02/09/2008",2.7,3.9,22,11,"9032"
"19718","   10 ","03/09/2008",8.8,3.1,20.5,10,"9032"
"19719","    11.5 ","04/09/2008",1.4,3,20,11.5,"9032"
"19720","   10.5 ","05/09/2008",21.3,6.2,20.5,10.5,"9032"
"19721","   9.5 ","06/09/2008",1.4,2.1,19.5,9.5,"9032"
"19722","    10.5 ","07/09/2008",16.2,6.8,14,10.5,"9032"
"19723","   11 ","08/09/2008",0.5,4.2,18.5,11,"9032"
"19724","   11 ","09/09/2008",26,3.7,17.5,11,"9032"
"19725","    10.5 ","10/09/2008",0,5.1,22,10.5,"9032"
"19726","    10 ","11/09/2008",0.8,3.8,24,10,"9032"
"19727","   12 ","12/09/2008",0,4.3,23.5,12,"9032"
"19728","    12.5 ","13/09/2008",5.3,5.2,23,12.5,"9032"
"19729","    10 ","14/09/2008",1.2,0.9,16,10,"9032"
"19730","    10 ","15/09/2008",0,5.6,21,10,"9032"
"19731","    9.5 ","16/09/2008",8.7,2.7,11,9.5,"9032"
"19732","   10 ","17/09/2008",0,1.7,17.5,10,"9032"
"19733","    10 ","18/09/2008",2,1.6,18,10,"9032"
"19734","   10.5 ","19/09/2008",17.2,5.8,19.5,10.5,"9032"
"19735","    10.5 ","20/09/2008",16.7,3.9,19,10.5,"9032"
"19736","    10 ","21/09/2008",1.7,1.1,17,10,"9032"
"19737","    10 ","22/09/2008",10.6,2.8,19,10,"9032"
"19738","    11.5 ","23/09/2008",6.8,6.2,18,11.5,"9032"
"19739","   11 ","24/09/2008",3.4,1.5,17.5,11,"9032"
"19740","    10.5 ","25/09/2008",13,2.9,16,10.5,"9032"
"19741","    7.5 ","26/09/2008",0,0.4,14,7.5,"9032"
"19742","   8.5 ","27/09/2008",0,3,15.5,8.5,"9032"
"19743","   9 ","28/09/2008",0,4.4,19.5,9,"9032"
"19744","   7 ","29/09/2008",0,5.6,19.5,7,"9032"
"19745","    7 ","30/09/2008",0,2.7,0,7,"9032"
"19746","    4 ","01/10/2008",0,4.4,19,4,"9032"
"19747","    7.5 ","02/10/2008",0,4.2,19,7.5,"9032"
"19748","   5.5 ","03/10/2008",0,4.7,14.5,5.5,"9032"
"19749","    2.5 ","04/10/2008",24,3.8,19,2.5,"9032"
"19750","    9.5 ","05/10/2008",0,4.2,22,9.5,"9032"
"19751","    8.5 ","06/10/2008",0,3.5,21,8.5,"9032"
"19752","   10 ","07/10/2008",0,2.3,18.5,10,"9032"
"19753","   11 ","08/10/2008",0,2.8,18.5,11,"9032"
"19754","    10.5 ","09/10/2008",0,4.7,21,10.5,"9032"
"19755","    11 ","10/10/2008",0,3.5,19,11,"9032"
"19756","    11.5 ","11/10/2008",0,4.2,20,11.5,"9032"
"19757","    10 ","12/10/2008",0,4.4,22,10,"9032"
"19758","    11 ","13/10/2008",2,1.4,20,11,"9032"
"19759","   7.5 ","14/10/2008",0,5.5,20.5,7.5,"9032"
"19760","   7 ","15/10/2008",0,5.1,20.5,7,"9032"
"19761","   7 ","16/10/2008",11,2,17.5,7,"9032"
"19762","    10.5 ","17/10/2008",0,1.2,17,10.5,"9032"
"19763","   9 ","18/10/2008",0,0.8,13.5,9,"9032"
"19764","    8.5 ","19/10/2008",0,0.7,14,8.5,"9032"
"19765","    9 ","20/10/2008",0,3.3,19,9,"9032"
"19766","    5.5 ","21/10/2008",0,5,20,5.5,"9032"
"19767","   6.5 ","22/10/2008",0,5.8,20.5,6.5,"9032"
"19768","    7.3 ","23/10/2008",0,9.4,20,7.3,"9032"
"19769","    7.5 ","24/10/2008",0,0.6,20,7.5,"9032"
"19770","   6.5 ","25/10/2008",0,4.9,21.5,6.5,"9032"
"19771","   6.5 ","26/10/2008",0,6.1,21.5,6.5,"9032"
"19772","    6.5 ","27/10/2008",0,15,11,6.5,"9032"
"19773","    6 ","28/10/2008",0,4,12,6,"9032"
"19774","   3 ","29/10/2008",0,4.2,18.5,3,"9032"
"19775","    5 ","30/10/2008",0,3.8,19,5,"9032"
"19776","   7 ","31/10/2008",0,4.2,18.3,7,"9032"
"19777","   6.5 ","01/01/2010",2,0.1,16.5,6.5,"9032"
"19778","    6.5 ","02/01/2010",0.5,1.1,18,6.5,"9032"
"19779","    7.5 ","03/01/2010",2.5,1,15,7.5,"9032"
"19780","    6 ","04/01/2010",0,1.9,18,6,"9032"
"19781","    9 ","05/01/2010",0,2.5,13,9,"9032"
"19782","    6 ","06/01/2010",0,1.6,15,6,"9032"
"19783","    6.5 ","07/01/2010",13.5,0.3,14,6.5,"9032"
"19784","    5 ","08/01/2010",3.4,2.2,14,5,"9032"
"19785","   6 ","09/01/2010",18.4,5.3,14.5,6,"9032"
"19786","    5 ","10/01/2010",0,1.9,12,5,"9032"
"19787","    3 ","11/01/2010",0,1,12,3,"9032"
"19788","   2.5 ","12/01/2010",0,1.1,13.5,2.5,"9032"
"19789","   3.5 ","13/01/2010",0,2,14.5,3.5,"9032"
"19790","    4.5 ","14/01/2010",0,2.2,14,4.5,"9032"
"19791","   5.5 ","15/01/2010",0,0.7,11.5,5.5,"9032"
"19792","    7 ","16/01/2010",3.3,5.2,11,7,"9032"
"19793","    5 ","17/01/2010",0,2.5,18,5,"9032"
"19794","   8 ","18/01/2010",0,15.4,20.5,8,"9032"
"19795","    6 ","19/01/2010",3,0.8,22,6,"9032"
"19796","    7 ","20/01/2010",0,6.7,21,7,"9032"
"19797","   7.5 ","21/01/2010",0,3.4,22.5,7.5,"9032"
"19798","    5.5 ","22/01/2010",0,7.5,22,5.5,"9032"
"19799","   7 ","23/01/2010",0,5.1,23.5,7,"9032"
"19800","   7.5 ","24/01/2010",0,7.9,23.5,7.5,"9032"
"19801","    7 ","25/01/2010",0,2.8,22,7,"9032"
"19802","   6.5 ","26/01/2010",0,3.5,22.5,6.5,"9032"
"19803","   6.5 ","27/01/2010",0,4.1,19.5,6.5,"9032"
"19804","    9 ","28/01/2010",0,0.2,22,9,"9032"
"19805","   6.5 ","29/01/2010",0,0,19.5,6.5,"9032"
"19806","   6.5 ","30/01/2010",0,0.1,16.5,6.5,"9032"
"19807","ULO    5 ","31/01/2010",0,0.2,NA,NA,"9032"
"19808","   6 ","01/02/2010",4,1.9,17.5,6,"9032"
"19809","   6.5 ","02/02/2010",13.5,4.9,16.5,6.5,"9032"
"19810","   9.5 ","03/02/2010",18.9,1.1,11.5,9.5,"9032"
"19811","    4 ","04/02/2010",0,4.9,16,4,"9032"
"19812","   4.5 ","05/02/2010",0,3.8,18.5,4.5,"9032"
"19813","    3.5 ","06/02/2010",0,2.7,20,3.5,"9032"
"19814","   2.5 ","07/02/2010",0,1.9,18.5,2.5,"9032"
"19815","    7.5 ","08/02/2010",0,8.3,18,7.5,"9032"
"19816","   5.5 ","09/02/2010",0,5.5,21.5,5.5,"9032"
"19817","   7 ","10/02/2010",0,9.5,19.5,7,"9032"
"19818","   9.5 ","11/02/2010",0,12,18.5,9.5,"9032"
"19819","   9.5 ","12/02/2010",0,2.3,19.5,9.5,"9032"
"19820","    4.5 ","13/02/2010",0,6.7,18,4.5,"9032"
"19821","   7.5 ","14/02/2010",0,6.8,20.5,7.5,"9032"
"19822","    7 ","15/02/2010",0,3.4,20,7,"9032"
"19823","    4.5 ","16/02/2010",0,3.9,18,4.5,"9032"
"19824","   4 ","17/02/2010",18.6,4.7,10.5,4,"9032"
"19825","     6 ","18/02/2010",5.8,6.2,9,6,"9032"
"19826","   4 ","19/02/2010",0,0.8,16.5,4,"9032"
"19827","   6 ","20/02/2010",0,6.3,20.5,6,"9032"
"19828","    9.5 ","21/02/2010",0,14.2,20,9.5,"9032"
"19829","   7.5 ","22/02/2010",0,1.2,21.5,7.5,"9032"
"19830","   7.5 ","23/02/2010",0,7.7,22.5,7.5,"9032"
"19831","    10.5 ","24/02/2010",0,4.5,23,10.5,"9032"
"19832","   3.5 ","25/02/2010",0,9.1,22.5,3.5,"9032"
"19833","    7 ","26/02/2010",0,5.4,23,7,"9032"
"19834","   3 ","27/02/2010",0,3.5,21.5,3,"9032"
"19835","ULO    7.5 ","28/02/2010",0,3.2,NA,NA,"9032"
"19836","   7 ","01/03/2010",0,5.7,23.5,7,"9032"
"19837","   6.5 ","02/03/2010",0,3.6,22.5,6.5,"9032"
"19838","   7 ","03/03/2010",0,1.2,24.5,7,"9032"
"19839","    6 ","04/03/2010",0,7.4,25,6,"9032"
"19840","   10.5 ","05/03/2010",0,3.8,23.5,10.5,"9032"
"19841","   7 ","06/03/2010",0,6.9,23.5,7,"9032"
"19842","   7 ","07/03/2010",0,0.7,20.5,7,"9032"
"19843","   10 ","08/03/2010",0,4.3,19.5,10,"9032"
"19844","   10.5 ","09/03/2010",0,2.6,22.5,10.5,"9032"
"19845","    11 ","10/03/2010",0,1.4,20,11,"9032"
"19846","   10.5 ","11/03/2010",0,0,21.5,10.5,"9032"
"19847","   10 ","12/03/2010",0,0,24.5,10,"9032"
"19848","   7.5 ","13/03/2010",0,0,21.5,7.5,"9032"
"19849","   10.5 ","14/03/2010",0,0,21.5,10.5,"9032"
"19850","   9.5 ","15/03/2010",0,0,21.5,9.5,"9032"
"19851","   10.5 ","16/03/2010",0,0,22.5,10.5,"9032"
"19852","   8 ","17/03/2010",0,0,20.5,8,"9032"
"19853","   5.5 ","18/03/2010",0,0,21.5,5.5,"9032"
"19854","   8.5 ","19/03/2010",0,0,22.5,8.5,"9032"
"19855","    7.5 ","20/03/2010",0,0,20,7.5,"9032"
"19856","   9 ","21/03/2010",0,2.8,22.5,9,"9032"
"19857","    5.5 ","22/03/2010",0,10.9,22,5.5,"9032"
"19858","    5.5 ","23/03/2010",0,13.9,23,5.5,"9032"
"19859","    9.5 ","24/03/2010",0,13.9,22,9.5,"9032"
"19860","   8 ","25/03/2010",0,4.2,19.5,8,"9032"
"19861","   7.5 ","26/03/2010",0,4.6,24.5,7.5,"9032"
"19862","   8.5 ","27/03/2010",0,6.8,24.5,8.5,"9032"
"19863","    9.5 ","28/03/2010",0,8.3,25,9.5,"9032"
"19864","   7.5 ","29/03/2010",0,5.9,20.5,7.5,"9032"
"19865","   7.5 ","30/03/2010",0,3.7,24.5,7.5,"9032"
"19866","ULO    7.5 ","31/03/2010",0,4.1,NA,NA,"9032"
"19867","    5 ","01/01/2011",0,0,20,5,"9032"
"19868","    4 ","02/01/2011",0,0,20,4,"9032"
"19869","    4 ","03/01/2011",0,0,21,4,"9032"
"19870","    4.5 ","04/01/2011",0,0,23,4.5,"9032"
"19871","    3 ","05/01/2011",0,0,22,3,"9032"
"19872","    3.5 ","06/01/2011",0,0,23,3.5,"9032"
"19873","    4 ","07/01/2011",0,0,23,4,"9032"
"19874","    5 ","08/01/2011",0,0,23,5,"9032"
"19875","    5 ","09/01/2011",0,0,24,5,"9032"
"19876","    4 ","10/01/2011",0,0,24,4,"9032"
"19877","    3 ","11/01/2011",0,0,22,3,"9032"
"19878","    2 ","12/01/2011",0,0,20,2,"9032"
"19879","    1 ","13/01/2011",0,0,23,1,"9032"
"19880","    3 ","14/01/2011",3.2,0,22,3,"9032"
"19881","    2 ","15/01/2011",0,0,19,2,"9032"
"19882","    3 ","16/01/2011",0,0,20,3,"9032"
"19883","    0 ","17/01/2011",0,0,22,0,"9032"
"19884","    3 ","18/01/2011",0,0,22,3,"9032"
"19885","    3 ","19/01/2011",0,0,22,3,"9032"
"19886","    4 ","20/01/2011",0,0,23,4,"9032"
"19887","    1 ","21/01/2011",0,0,23,1,"9032"
"19888","    3 ","22/01/2011",0,0,23,3,"9032"
"19889","    1 ","23/01/2011",0,0,25,1,"9032"
"19890","    3 ","24/01/2011",0,0,25,3,"9032"
"19891","    3 ","25/01/2011",0,0,24,3,"9032"
"19892","    3 ","26/01/2011",0,0,23,3,"9032"
"19893","    4 ","27/01/2011",0,0,24,4,"9032"
"19894","    4 ","28/01/2011",0,0,24,4,"9032"
"19895","    2.5 ","29/01/2011",0,0,24,2.5,"9032"
"19896","    2 ","30/01/2011",0,0,24,2,"9032"
"19897","    3 ","31/01/2011",0,0,23,3,"9032"
"19898","    2 ","01/02/2011",0,0,24,2,"9032"
"19899","    3 ","02/02/2011",0,0,23,3,"9032"
"19900","    3.5 ","03/02/2011",0,0,23,3.5,"9032"
"19901","    6 ","04/02/2011",0,0,22,6,"9032"
"19902","    5 ","05/02/2011",0,0,23,5,"9032"
"19903","    6 ","06/02/2011",0,0,24,6,"9032"
"19904","    5 ","07/02/2011",0,0,22,5,"9032"
"19905","    4 ","08/02/2011",0,0,25,4,"9032"
"19906","    5 ","09/02/2011",0,0,24,5,"9032"
"19907","    6 ","10/02/2011",0,0,25,6,"9032"
"19908","    6 ","11/02/2011",1.3,0,24,6,"9032"
"19909","    4 ","12/02/2011",0,0,23,4,"9032"
"19910","    3.5 ","13/02/2011",0,0,22,3.5,"9032"
"19911","    4 ","14/02/2011",0,0,23,4,"9032"
"19912","    6 ","15/02/2011",0,0,24,6,"9032"
"19913","    5 ","16/02/2011",0,0,23,5,"9032"
"19914","    4 ","17/02/2011",0,0,25,4,"9032"
"19915","    5 ","18/02/2011",0,0,25,5,"9032"
"19916","    5 ","19/02/2011",0,0,26,5,"9032"
"19917","    4 ","20/02/2011",3.6,0,26,4,"9032"
"19918","    6 ","21/02/2011",6.1,0,25,6,"9032"
"19919","    6 ","22/02/2011",0,0,25,6,"9032"
"19920","    7 ","23/02/2011",0,0,24,7,"9032"
"19921","    5 ","24/02/2011",0,0,24,5,"9032"
"19922","    5 ","25/02/2011",0,0,24,5,"9032"
"19923","    6 ","26/02/2011",0,0,26,6,"9032"
"19924","    7 ","27/02/2011",0,0,26,7,"9032"
"19925","ULO    6 ","28/02/2011",0,0,NA,NA,"9032"
"19926","    7 ","01/03/2011",0,0,26,7,"9032"
"19927","    5.5 ","02/03/2011",0,0,26,5.5,"9032"
"19928","    6 ","03/03/2011",0,0,23,6,"9032"
"19929","    6 ","04/03/2011",0,0,23,6,"9032"
"19930","    6 ","05/03/2011",0,0,25,6,"9032"
"19931","    7 ","06/03/2011",0,0,24,7,"9032"
"19932","    5 ","07/03/2011",0,0,24,5,"9032"
"19933","    8 ","08/03/2011",0,0,25,8,"9032"
"19934","    7 ","09/03/2011",0,0,26,7,"9032"
"19935","    6 ","10/03/2011",0,0,26,6,"9032"
"19936","    7 ","11/03/2011",0,0,24,7,"9032"
"19937","    8 ","12/03/2011",0,0,25,8,"9032"
"19938","    7 ","13/03/2011",0,0,25,7,"9032"
"19939","    9 ","14/03/2011",0,0,23,9,"9032"
"19940","    6 ","15/03/2011",0,0,23,6,"9032"
"19941","    8 ","16/03/2011",0,0,23,8,"9032"
"19942","    8.5 ","17/03/2011",0,0,24,8.5,"9032"
"19943","    5 ","18/03/2011",0,0,25,5,"9032"
"19944","    6 ","19/03/2011",0,0,25,6,"9032"
"19945","    6 ","20/03/2011",0,0,26,6,"9032"
"19946","    7 ","21/03/2011",0,0,27,7,"9032"
"19947","    7 ","22/03/2011",0,0,26,7,"9032"
"19948","    8 ","23/03/2011",0,0,27,8,"9032"
"19949","    10 ","24/03/2011",0,0,27,10,"9032"
"19950","    11 ","25/03/2011",0,0,27,11,"9032"
"19951","    11 ","26/03/2011",0,0,28,11,"9032"
"19952","    13 ","27/03/2011",0,0,28,13,"9032"
"19953","    14 ","28/03/2011",0,0,30,14,"9032"
"19954","    12 ","29/03/2011",0,0,30,12,"9032"
"19955","   11 ","30/03/2011",0,0,29.5,11,"9032"
"19956","    10 ","31/03/2011",0,0,30,10,"9032"
"19957","   NULO","01/04/2011",0,0,28,NA,"9032"
"19958","ULO    13 ","02/04/2011",0,0,NA,NA,"9032"
"19959","ULO   -2 ","03/04/2011",0,0,NA,NA,"9032"
"19960","ULO   -1 ","04/04/2011",0,0,NA,NA,"9032"
"19961","ULO   -1.5 ","05/04/2011",0,0,NA,NA,"9032"
"19962","ULO   NULO","06/04/2011",0,0,NA,NA,"9032"
"19963","ULO   NULO","07/04/2011",0,0,NA,NA,"9032"
"19964","ULO   NULO","08/04/2011",0,0,NA,NA,"9032"
"19965","ULO   NULO","09/04/2011",0,0,NA,NA,"9032"
"19966","ULO   NULO","10/04/2011",0,0,NA,NA,"9032"
"19967","ULO   NULO","11/04/2011",0,0,NA,NA,"9032"
"19968","   NULO","12/04/2011",8.4,0,27,NA,"9032"
"19969","    17 ","13/04/2011",28.5,0,38,17,"9032"
"19970","    15.5 ","14/04/2011",0,0,33,15.5,"9032"
"19971","   20 ","15/04/2011",0,0,33.5,20,"9032"
"19972","    9 ","16/04/2011",10.5,0,33,9,"9032"
"19973","    11 ","17/04/2011",2.2,0,38,11,"9032"
"19974","    9 ","18/04/2011",0,0,28,9,"9032"
"19975","    8.5 ","19/04/2011",0,0,38,8.5,"9032"
"19976","    8.5 ","20/04/2011",0,0,29,8.5,"9032"
"19977","    7 ","21/04/2011",1.5,0,31,7,"9032"
"19978","   8 ","22/04/2011",5,0,28.5,8,"9032"
"19979","    9 ","23/04/2011",0,0,28,9,"9032"
"19980","   12 ","24/04/2011",0,0,26.5,12,"9032"
"19981","    8.5 ","25/04/2011",0,0,27,8.5,"9032"
"19982","    12 ","26/04/2011",0,0,25,12,"9032"
"19983","   10.5 ","27/04/2011",0,0,31.5,10.5,"9032"
"19984","    10 ","28/04/2011",0,0,27,10,"9032"
"19985","    9 ","29/04/2011",0,0,27,9,"9032"
"19986","    11.5 ","30/04/2011",0,0,27,11.5,"9032"
"19987","   9 ","01/05/2011",6,0,25.5,9,"9032"
"19988","   10 ","02/05/2011",2,0,25.5,10,"9032"
"19989","    9 ","03/05/2011",0,0,28,9,"9032"
"19990","    8 ","04/05/2011",0,0,29,8,"9032"
"19991","   10 ","05/05/2011",0,0,27.5,10,"9032"
"19992","   9 ","06/05/2011",0,0,24.5,9,"9032"
"19993","    10 ","07/05/2011",0,0,27,10,"9032"
"19994","    10.5 ","08/05/2011",0,0,26,10.5,"9032"
"19995","   12.5 ","09/05/2011",1,0,22.5,12.5,"9032"
"19996","    12 ","10/05/2011",0,0,27,12,"9032"
"19997","   14 ","11/05/2011",0,0,24.5,14,"9032"
"19998","    12 ","12/05/2011",0,0,26,12,"9032"
"19999","    13 ","13/05/2011",0,0,28,13,"9032"
"20000","    12 ","14/05/2011",0,0,26,12,"9032"
"20001","    8.5 ","15/05/2011",2,0,25,8.5,"9032"
"20002","    13 ","16/05/2011",0,0,26,13,"9032"
"20003","    13.5 ","17/05/2011",3,0,27,13.5,"9032"
"20004","   12 ","18/05/2011",0,0,23.5,12,"9032"
"20005","    11.5 ","19/05/2011",2,0,27,11.5,"9032"
"20006","    8 ","20/05/2011",0,0,26,8,"9032"
"20007","    12 ","21/05/2011",0,0,27,12,"9032"
"20008","    12.5 ","22/05/2011",0,0,26,12.5,"9032"
"20009","    13 ","23/05/2011",0,0,27,13,"9032"
"20010","    10 ","24/05/2011",0,0,29,10,"9032"
"20011","    12 ","25/05/2011",0,0,29,12,"9032"
"20012","    13 ","26/05/2011",0,0,28,13,"9032"
"20013","   11.5 ","27/05/2011",0,0,30.5,11.5,"9032"
"20014","   12 ","28/05/2011",0,0,28.5,12,"9032"
"20015","   12.5 ","29/05/2011",0,0,28.5,12.5,"9032"
"20016","    12.5 ","30/05/2011",1,0,27,12.5,"9032"
"20017","    8.5 ","31/05/2011",0,0,26,8.5,"9032"
"20018","   NULO","01/06/2011",0,0,29,NA,"9032"
"20019","    9 ","02/06/2011",0,0,29,9,"9032"
"20020","    8.5 ","03/06/2011",0,0,28,8.5,"9032"
"20021","    8 ","04/06/2011",0,0,31,8,"9032"
"20022","    10 ","05/06/2011",0,0,28,10,"9032"
"20023","    12 ","06/06/2011",0,0,25,12,"9032"
"20024","    8 ","07/06/2011",0,0,30,8,"9032"
"20025","    9 ","08/06/2011",0,0,28,9,"9032"
"20026","    8 ","09/06/2011",0,0,27,8,"9032"
"20027","    10 ","10/06/2011",0,0,26,10,"9032"
"20028","   10.5 ","11/06/2011",0,0,26.5,10.5,"9032"
"20029","    10 ","12/06/2011",0,0,28,10,"9032"
"20030","    11 ","13/06/2011",0,0,27,11,"9032"
"20031","    12 ","14/06/2011",0,0,26,12,"9032"
"20032","    11 ","15/06/2011",0,0,27,11,"9032"
"20033","    9 ","16/06/2011",1.5,0,26,9,"9032"
"20034","   10 ","17/06/2011",0,0,24.5,10,"9032"
"20035","    11 ","18/06/2011",0,0,26,11,"9032"
"20036","    12 ","19/06/2011",7,0,25,12,"9032"
"20037","    13 ","20/06/2011",6,0,26,13,"9032"
"20038","   12 ","21/06/2011",2.5,0,26.5,12,"9032"
"20039","    13 ","22/06/2011",14,0,27,13,"9032"
"20040","    11 ","23/06/2011",0,0,26,11,"9032"
"20041","    12 ","24/06/2011",6.5,0,27,12,"9032"
"20042","    11 ","25/06/2011",9,0,26,11,"9032"
"20043","   12 ","26/06/2011",5,0,26.5,12,"9032"
"20044","    12 ","27/06/2011",13,0,27,12,"9032"
"20045","    12 ","28/06/2011",2,0,27,12,"9032"
"20046","   12 ","29/06/2011",25,0,26.5,12,"9032"
"20047","    13 ","30/06/2011",0,0,26,13,"9032"
"20048","    8 ","01/07/2011",3.5,0,21,8,"9032"
"20049","    6 ","02/07/2011",6,0,21,6,"9032"
"20050","    11.5 ","03/07/2011",12,0,21,11.5,"9032"
"20051","    10.5 ","04/07/2011",1,0,23,10.5,"9032"
"20052","    11 ","05/07/2011",2,0,21,11,"9032"
"20053","    12 ","06/07/2011",3,0,21,12,"9032"
"20054","    12 ","07/07/2011",1,0,21,12,"9032"
"20055","    8 ","08/07/2011",0,0,23,8,"9032"
"20056","    6 ","09/07/2011",3,0,21,6,"9032"
"20057","    7 ","10/07/2011",16,0,22,7,"9032"
"20058","    9 ","11/07/2011",14.5,0,20,9,"9032"
"20059","    8 ","12/07/2011",2.5,0,21,8,"9032"
"20060","    8 ","13/07/2011",2,0,22,8,"9032"
"20061","    10 ","14/07/2011",6.5,0,22,10,"9032"
"20062","    11 ","15/07/2011",10,0,20,11,"9032"
"20063","    11 ","16/07/2011",1,0,21,11,"9032"
"20064","    11 ","17/07/2011",0,0,22,11,"9032"
"20065","    11.5 ","18/07/2011",0,0,21,11.5,"9032"
"20066","    10 ","19/07/2011",1,0,23,10,"9032"
"20067","   11 ","20/07/2011",0,0,22.5,11,"9032"
"20068","   10 ","21/07/2011",0.3,0,21.5,10,"9032"
"20069","    9 ","22/07/2011",11,0,22,9,"9032"
"20070","    12 ","23/07/2011",20,0,23,12,"9032"
"20071","    10.5 ","24/07/2011",6,0,21,10.5,"9032"
"20072","    11 ","25/07/2011",11.4,0,22,11,"9032"
"20073","    11 ","26/07/2011",0,0,21,11,"9032"
"20074","   11 ","27/07/2011",0,0,21.5,11,"9032"
"20075","    10.5 ","28/07/2011",22,0,22,10.5,"9032"
"20076","    11 ","29/07/2011",5.4,0,21,11,"9032"
"20077","    11.5 ","30/07/2011",0.5,0,22,11.5,"9032"
"20078","    11 ","31/07/2011",0,0,27,11,"9032"
"20079","   11.5 ","01/08/2011",0,0,27.5,11.5,"9032"
"20080","   11.5 ","02/08/2011",0.5,0,27.5,11.5,"9032"
"20081","    12 ","03/08/2011",8,0,27,12,"9032"
"20082","    12.5 ","04/08/2011",0.3,0,29,12.5,"9032"
"20083","    10.5 ","05/08/2011",1.5,0,27,10.5,"9032"
"20084","    11 ","06/08/2011",0,0,28,11,"9032"
"20085","    11 ","07/08/2011",0,0,29,11,"9032"
"20086","    10.5 ","08/08/2011",0,0,22,10.5,"9032"
"20087","    12 ","09/08/2011",0,0,23,12,"9032"
"20088","    12 ","10/08/2011",0,0,23,12,"9032"
"20089","    11 ","11/08/2011",1.5,0,27,11,"9032"
"20090","    10 ","12/08/2011",0,0,25,10,"9032"
"20091","    12 ","13/08/2011",0.4,0,27,12,"9032"
"20092","   10 ","14/08/2011",9.3,0,25.5,10,"9032"
"20093","    10 ","15/08/2011",0,0,26,10,"9032"
"20094","   10.5 ","16/08/2011",0,0,24.5,10.5,"9032"
"20095","    10 ","17/08/2011",0.8,0,24,10,"9032"
"20096","    9.5 ","18/08/2011",0,0,23,9.5,"9032"
"20097","    10 ","19/08/2011",0,0,23,10,"9032"
"20098","    11 ","20/08/2011",0,0,24,11,"9032"
"20099","   9 ","21/08/2011",2.5,0,22.5,9,"9032"
"20100","    11 ","22/08/2011",6.9,0,21,11,"9032"
"20101","   12 ","23/08/2011",1.9,0,21.5,12,"9032"
"20102","    11.5 ","24/08/2011",12.5,0,22,11.5,"9032"
"20103","    11 ","25/08/2011",0.5,0,22,11,"9032"
"20104","   12 ","26/08/2011",15.6,0,22.5,12,"9032"
"20105","    13 ","27/08/2011",26,0,22,13,"9032"
"20106","    12 ","28/08/2011",4.5,0,20,12,"9032"
"20107","    12 ","29/08/2011",36.5,0,20,12,"9032"
"20108","    11 ","30/08/2011",8,0,20,11,"9032"
"20109","    10.5 ","31/08/2011",0,0,23,10.5,"9032"
"20110","    12 ","01/09/2011",24,0,21,12,"9032"
"20111","   12 ","02/09/2011",3,0,21.5,12,"9032"
"20112","    12.5 ","03/09/2011",27.4,0,21,12.5,"9032"
"20113","    11 ","04/09/2011",65.5,0,21,11,"9032"
"20114","    11 ","05/09/2011",0,0,17,11,"9032"
"20115","    11 ","06/09/2011",0,0,18,11,"9032"
"20116","    8.5 ","07/09/2011",0,0,19,8.5,"9032"
"20117","   4 ","08/09/2011",0,0,18.5,4,"9032"
"20118","    3 ","09/09/2011",0,0,19,3,"9032"
"20119","    4 ","10/09/2011",0,0,19,4,"9032"
"20120","    6 ","11/09/2011",7.5,0,14,6,"9032"
"20121","    7 ","12/09/2011",0,0,21,7,"9032"
"20122","   10 ","13/09/2011",0,0,21.5,10,"9032"
"20123","    10.5 ","14/09/2011",0,0,22,10.5,"9032"
"20124","    9.5 ","15/09/2011",29.4,0,21,9.5,"9032"
"20125","    10 ","16/09/2011",3,0,22,10,"9032"
"20126","    11 ","17/09/2011",0,0,21,11,"9032"
"20127","    10 ","18/09/2011",0,0,22,10,"9032"
"20128","    10.5 ","19/09/2011",4,0,23,10.5,"9032"
"20129","    11 ","20/09/2011",0,0,21,11,"9032"
"20130","    10 ","21/09/2011",0,0,23,10,"9032"
"20131","    11.5 ","22/09/2011",3.2,0,20,11.5,"9032"
"20132","    12 ","23/09/2011",11.5,0,14,12,"9032"
"20133","    11 ","24/09/2011",0,0,21,11,"9032"
"20134","    9 ","25/09/2011",0,0,22,9,"9032"
"20135","    12 ","26/09/2011",0,0,21,12,"9032"
"20136","    10 ","27/09/2011",0,0,20,10,"9032"
"20137","    9 ","28/09/2011",0,0,22,9,"9032"
"20138","    9.5 ","29/09/2011",0,0,23,9.5,"9032"
"20139","    10 ","30/09/2011",1,0,21,10,"9032"
"20140","    9 ","01/10/2011",0,0,15,9,"9032"
"20141","    10 ","02/10/2011",0,0,16,10,"9032"
"20142","    9 ","03/10/2011",0,0,19,9,"9032"
"20143","    10 ","04/10/2011",0,0,22,10,"9032"
"20144","   11 ","05/10/2011",1.4,0,21.5,11,"9032"
"20145","   10 ","06/10/2011",0,0,20.5,10,"9032"
"20146","    10 ","07/10/2011",0,0,22,10,"9032"
"20147","    9.5 ","08/10/2011",5.1,0,21,9.5,"9032"
"20148","    11 ","09/10/2011",1,0,19,11,"9032"
"20149","    10 ","10/10/2011",12.5,0,18,10,"9032"
"20150","   10.5 ","11/10/2011",1.8,0,17.5,10.5,"9032"
"20151","   9 ","12/10/2011",13.4,0,21.5,9,"9032"
"20152","    11 ","13/10/2011",2,0,17,11,"9032"
"20153","    7 ","14/10/2011",0,0,18,7,"9032"
"20154","    8 ","15/10/2011",0,0,20,8,"9032"
"20155","   9 ","16/10/2011",0,0,20.5,9,"9032"
"20156","    8.5 ","17/10/2011",0,0,21,8.5,"9032"
"20157","    7.5 ","18/10/2011",0,0,20,7.5,"9032"
"20158","   8 ","19/10/2011",0,0,19.5,8,"9032"
"20159","    5 ","20/10/2011",0,0,22,5,"9032"
"20160","    6 ","21/10/2011",0,0,20,6,"9032"
"20161","    5 ","22/10/2011",0,0,21,5,"9032"
"20162","    4 ","23/10/2011",0,0,20,4,"9032"
"20163","    4.5 ","24/10/2011",0,0,20,4.5,"9032"
"20164","    2 ","25/10/2011",0,0,20,2,"9032"
"20165","    2.5 ","26/10/2011",0,0,22,2.5,"9032"
"20166","    3 ","27/10/2011",0,0,22,3,"9032"
"20167","    4 ","28/10/2011",0,0,21,4,"9032"
"20168","    5 ","29/10/2011",0,0,21,5,"9032"
"20169","    5 ","30/10/2011",0,0,21,5,"9032"
"20170","    3 ","31/10/2011",0,0,19,3,"9032"
"20171","    6.5 ","01/11/2011",0,0,22,6.5,"9032"
"20172","    5 ","02/11/2011",0,0,23,5,"9032"
"20173","    7 ","03/11/2011",7,0,22,7,"9032"
"20174","    9 ","04/11/2011",2.1,0,19,9,"9032"
"20175","    8 ","05/11/2011",0,0,20,8,"9032"
"20176","    8 ","06/11/2011",0,0,22,8,"9032"
"20177","    9 ","07/11/2011",0,0,23,9,"9032"
"20178","    8 ","08/11/2011",0,0,22,8,"9032"
"20179","    9 ","09/11/2011",1.4,0,19,9,"9032"
"20180","    11 ","10/11/2011",16,0,17,11,"9032"
"20181","    6.5 ","11/11/2011",0,0,17,6.5,"9032"
"20182","    7 ","12/11/2011",0,0,20,7,"9032"
"20183","   6.5 ","13/11/2011",0,0,21.5,6.5,"9032"
"20184","    7.5 ","14/11/2011",0,0,22,7.5,"9032"
"20185","    8.5 ","15/11/2011",0,0,21,8.5,"9032"
"20186","    6 ","16/11/2011",0,0,23,6,"9032"
"20187","    7 ","17/11/2011",0,0,19,7,"9032"
"20188","    8 ","18/11/2011",0,0,18,8,"9032"
"20189","    7.5 ","19/11/2011",8.3,0,22,7.5,"9032"
"20190","    6 ","20/11/2011",0,0,22,6,"9032"
"20191","    7 ","21/11/2011",0,0,23,7,"9032"
"20192","    8 ","22/11/2011",0,0,22,8,"9032"
"20193","    10 ","23/11/2011",0,0,21,10,"9032"
"20194","    9 ","24/11/2011",0,0,20,9,"9032"
"20195","    5 ","25/11/2011",0,0,22,5,"9032"
"20196","    8 ","26/11/2011",0,0,16,8,"9032"
"20197","    8 ","27/11/2011",2.7,0,12,8,"9032"
"20198","   2 ","28/11/2011",0,0,14.5,2,"9032"
"20199","    1 ","29/11/2011",0,0,17,1,"9032"
"20200","    2 ","30/11/2011",0,0,21,2,"9032"
"20201","    2 ","01/12/2011",0,0,19,2,"9032"
"20202","    4 ","02/12/2011",0,0,20,4,"9032"
"20203","    6 ","03/12/2011",0,0,22,6,"9032"
"20204","    7 ","04/12/2011",0,0,22,7,"9032"
"20205","   7 ","05/12/2011",0,0,22.5,7,"9032"
"20206","    4 ","06/12/2011",0,0,21,4,"9032"
"20207","    6 ","07/12/2011",0,0,20,6,"9032"
"20208","    7 ","08/12/2011",0,0,19,7,"9032"
"20209","   5 ","09/12/2011",0,0,19.5,5,"9032"
"20210","    4.5 ","10/12/2011",0,0,18,4.5,"9032"
"20211","    3 ","11/12/2011",0,0,17,3,"9032"
"20212","    4 ","12/12/2011",0,0,20,4,"9032"
"20213","    4 ","13/12/2011",0,0,21,4,"9032"
"20214","    4.5 ","14/12/2011",0,0,21,4.5,"9032"
"20215","    5 ","15/12/2011",0,0,21,5,"9032"
"20216","    6 ","16/12/2011",0,0,21,6,"9032"
"20217","    6 ","17/12/2011",0,0,16,6,"9032"
"20218","    7 ","18/12/2011",0,0,19,7,"9032"
"20219","    3.5 ","19/12/2011",0,0,20,3.5,"9032"
"20220","    5 ","20/12/2011",0,0,20,5,"9032"
"20221","   6 ","21/12/2011",0,0,19.5,6,"9032"
"20222","    7 ","22/12/2011",0,0,21,7,"9032"
"20223","    6 ","23/12/2011",0,0,20,6,"9032"
"20224","    5 ","24/12/2011",0,0,20,5,"9032"
"20225","   5 ","25/12/2011",0,0,20.5,5,"9032"
"20226","    5 ","26/12/2011",0,0,20,5,"9032"
"20227","    6 ","27/12/2011",0,0,20,6,"9032"
"20228","    6 ","28/12/2011",0,0,20,6,"9032"
"20229","    6 ","29/12/2011",0,0,19,6,"9032"
"20230","    7 ","30/12/2011",0,0,20,7,"9032"
"20231","    7 ","31/12/2011",0,0,18,7,"9032"
"20232","    7 ","01/01/2012",0,0,18,7,"9032"
"20233","    4 ","02/01/2012",0,0,10,4,"9032"
"20234","    3 ","03/01/2012",0,0,14,3,"9032"
"20235","    3.5 ","04/01/2012",0,0,17,3.5,"9032"
"20236","    4 ","05/01/2012",0,0,17,4,"9032"
"20237","    5 ","06/01/2012",0,0,18,5,"9032"
"20238","    6 ","07/01/2012",0,0,17,6,"9032"
"20239","    7 ","08/01/2012",0,0,18,7,"9032"
"20240","    8 ","09/01/2012",0,0,20,8,"9032"
"20241","    7 ","10/01/2012",0,0,20,7,"9032"
"20242","    4.5 ","11/01/2012",0,0,20,4.5,"9032"
"20243","   6 ","12/01/2012",0,0,20.5,6,"9032"
"20244","    7 ","13/01/2012",0,0,19,7,"9032"
"20245","    7 ","14/01/2012",0,0,18,7,"9032"
"20246","   5 ","15/01/2012",0,0,17.5,5,"9032"
"20247","    6 ","16/01/2012",0,0,19,6,"9032"
"20248","    7 ","17/01/2012",0,0,20,7,"9032"
"20249","    5 ","18/01/2012",0,0,20,5,"9032"
"20250","    5 ","19/01/2012",0,0,20,5,"9032"
"20251","    6 ","20/01/2012",0,0,20,6,"9032"
"20252","    7 ","21/01/2012",0,0,21,7,"9032"
"20253","    7.5 ","22/01/2012",0,0,22,7.5,"9032"
"20254","    8.5 ","23/01/2012",0,0,21,8.5,"9032"
"20255","   7 ","24/01/2012",0,0,20.5,7,"9032"
"20256","    5 ","25/01/2012",0,0,19,5,"9032"
"20257","    5 ","26/01/2012",0,0,19,5,"9032"
"20258","   4 ","27/01/2012",0,0,17.5,4,"9032"
"20259","    3.5 ","28/01/2012",0,0,18,3.5,"9032"
"20260","    7 ","29/01/2012",7.3,0,13,7,"9032"
"20261","    7 ","30/01/2012",0,0,16,7,"9032"
"20262","    7 ","31/01/2012",0,0,18,7,"9032"
"20263","   NULO","01/02/2012",0,0,16,NA,"9032"
"20264","    5 ","02/02/2012",0,0,16,5,"9032"
"20265","    6 ","03/02/2012",0,0,19,6,"9032"
"20266","    7 ","04/02/2012",0,0,20,7,"9032"
"20267","    4.5 ","05/02/2012",3.5,0,19,4.5,"9032"
"20268","    6 ","06/02/2012",4,0,15,6,"9032"
"20269","    5 ","07/02/2012",0.3,0,13,5,"9032"
"20270","    6 ","08/02/2012",1.4,0,17,6,"9032"
"20271","    6 ","09/02/2012",8.7,0,15,6,"9032"
"20272","    7 ","10/02/2012",3.9,0,12,7,"9032"
"20273","    7 ","11/02/2012",1.2,0,15,7,"9032"
"20274","    8.5 ","12/02/2012",0,0,16,8.5,"9032"
"20275","    10 ","13/02/2012",0,0,16,10,"9032"
"20276","    10.5 ","14/02/2012",0,0,16,10.5,"9032"
"20277","    8 ","15/02/2012",0,0,19,8,"9032"
"20278","    8 ","16/02/2012",0,0,19,8,"9032"
"20279","    6.5 ","17/02/2012",0,0,20,6.5,"9032"
"20280","    8 ","18/02/2012",0,0,20,8,"9032"
"20281","    7 ","19/02/2012",0,0,20,7,"9032"
"20282","    9 ","20/02/2012",0,0,21,9,"9032"
"20283","   7 ","21/02/2012",0,0,22.5,7,"9032"
"20284","    7 ","22/02/2012",0,0,21,7,"9032"
"20285","    8 ","23/02/2012",0,0,22,8,"9032"
"20286","    7.5 ","24/02/2012",0,0,21,7.5,"9032"
"20287","   8 ","25/02/2012",6.4,0,19.5,8,"9032"
"20288","    8 ","26/02/2012",0,0,20,8,"9032"
"20289","    7 ","27/02/2012",0,0,22,7,"9032"
"20290","    7 ","28/02/2012",0,0,23,7,"9032"
"20291","    7 ","29/02/2012",0,0,17,7,"9032"
"20292","   NULO","01/03/2012",0,0,25,NA,"9032"
"20293","    8 ","02/03/2012",0,0,24,8,"9032"
"20294","    7 ","03/03/2012",0,0,26,7,"9032"
"20295","    8 ","04/03/2012",0,0,26,8,"9032"
"20296","    8 ","05/03/2012",0,0,22,8,"9032"
"20297","    6 ","06/03/2012",0,0,23,6,"9032"
"20298","    8 ","07/03/2012",0,0,23,8,"9032"
"20299","    9 ","08/03/2012",0,0,25,9,"9032"
"20300","   8.5 ","09/03/2012",0,0,24.5,8.5,"9032"
"20301","    7 ","10/03/2012",1,0,23,7,"9032"
"20302","   9 ","11/03/2012",0,0,21.5,9,"9032"
"20303","    7 ","12/03/2012",0,0,22,7,"9032"
"20304","    7 ","13/03/2012",0,0,23,7,"9032"
"20305","    8 ","14/03/2012",0,0,23,8,"9032"
"20306","    6.5 ","15/03/2012",1.5,0,23,6.5,"9032"
"20307","    7 ","16/03/2012",0,0,22,7,"9032"
"20308","    7.5 ","17/03/2012",0,0,21,7.5,"9032"
"20309","    8.5 ","18/03/2012",0,0,22,8.5,"9032"
"20310","    10 ","19/03/2012",0,0,22,10,"9032"
"20311","    10 ","20/03/2012",0,0,21,10,"9032"
"20312","    8 ","21/03/2012",0,0,21,8,"9032"
"20313","    7 ","22/03/2012",0,0,22,7,"9032"
"20314","    6 ","23/03/2012",0,0,22,6,"9032"
"20315","    7 ","24/03/2012",0,0,22,7,"9032"
"20316","    5 ","25/03/2012",0,0,22,5,"9032"
"20317","    7.5 ","26/03/2012",0,0,22,7.5,"9032"
"20318","    8 ","27/03/2012",1.5,0,22,8,"9032"
"20319","    7 ","28/03/2012",0.5,0,21,7,"9032"
"20320","    8 ","29/03/2012",11.5,0,19,8,"9032"
"20321","   7 ","30/03/2012",3.5,0,19.5,7,"9032"
"20322","    8 ","31/03/2012",0,0,25,8,"9032"
"20323","   NULO","01/04/2012",0,0,21,NA,"9032"
"20324","   9 ","02/04/2012",0,0,20.5,9,"9032"
"20325","    9 ","03/04/2012",0,0,22,9,"9032"
"20326","   7 ","04/04/2012",0,0,23.5,7,"9032"
"20327","    10 ","05/04/2012",0,0,23,10,"9032"
"20328","    9.5 ","06/04/2012",0,0,24,9.5,"9032"
"20329","   7 ","07/04/2012",0,0,23.5,7,"9032"
"20330","    8 ","08/04/2012",0,0,21,8,"9032"
"20331","    9 ","09/04/2012",0.5,0,22,9,"9032"
"20332","    8 ","10/04/2012",0,0,22,8,"9032"
"20333","    11 ","11/04/2012",1.3,0,22,11,"9032"
"20334","    10 ","12/04/2012",0,0,23,10,"9032"
"20335","    10.5 ","13/04/2012",0,0,23,10.5,"9032"
"20336","    8 ","14/04/2012",0,0,23,8,"9032"
"20337","    8 ","15/04/2012",0,0,21,8,"9032"
"20338","    8 ","16/04/2012",0,0,23,8,"9032"
"20339","   8 ","17/04/2012",7.5,0,21.5,8,"9032"
"20340","    6.5 ","18/04/2012",7.2,0,20,6.5,"9032"
"20341","    8.5 ","19/04/2012",0,0,22,8.5,"9032"
"20342","   9 ","20/04/2012",0,0,21.5,9,"9032"
"20343","   8 ","21/04/2012",0,0,23.5,8,"9032"
"20344","    7 ","22/04/2012",0,0,21,7,"9032"
"20345","   8 ","23/04/2012",0,0,21.5,8,"9032"
"20346","    3.5 ","24/04/2012",0,0,22,3.5,"9032"
"20347","    8.5 ","25/04/2012",0,0,23,8.5,"9032"
"20348","    4 ","26/04/2012",0,0,24,4,"9032"
"20349","    6 ","27/04/2012",0,0,26,6,"9032"
"20350","    10 ","28/04/2012",0,0,27,10,"9032"
"20351","    10 ","29/04/2012",0,0,27,10,"9032"
"20352","    11 ","30/04/2012",0,0,22,11,"9032"
"20353","    11 ","01/05/2012",0,0,27,11,"9032"
"20354","    12 ","02/05/2012",0,0,27,12,"9032"
"20355","    12.5 ","03/05/2012",0,0,27,12.5,"9032"
"20356","    12 ","04/05/2012",0,0,27,12,"9032"
"20357","    8 ","05/05/2012",1.7,0,26,8,"9032"
"20358","    10 ","06/05/2012",0,0,24,10,"9032"
"20359","    11.5 ","07/05/2012",0,0,24,11.5,"9032"
"20360","    13.5 ","08/05/2012",0,0,24,13.5,"9032"
"20361","    12 ","09/05/2012",11.9,0,22,12,"9032"
"20362","    11 ","10/05/2012",1,0,21,11,"9032"
"20363","    10 ","11/05/2012",0,0,24,10,"9032"
"20364","    11 ","12/05/2012",0,0,21,11,"9032"
"20365","   11 ","13/05/2012",0,0,17.5,11,"9032"
"20366","    11 ","14/05/2012",0,0,22,11,"9032"
"20367","   11 ","15/05/2012",0,0,23.5,11,"9032"
"20368","    11 ","16/05/2012",13,0,23,11,"9032"
"20369","    10.5 ","17/05/2012",0,0,20,10.5,"9032"
"20370","    10 ","18/05/2012",0,0,23,10,"9032"
"20371","    8 ","19/05/2012",0,0,22,8,"9032"
"20372","   10 ","20/05/2012",0,0,24.5,10,"9032"
"20373","    6 ","21/05/2012",0,0,23,6,"9032"
"20374","    9 ","22/05/2012",0,0,24,9,"9032"
"20375","    10 ","23/05/2012",0,0,25,10,"9032"
"20376","    10 ","24/05/2012",0,0,25,10,"9032"
"20377","    11.5 ","25/05/2012",0,0,26,11.5,"9032"
"20378","    9 ","26/05/2012",0,0,26,9,"9032"
"20379","    11 ","27/05/2012",0,0,25,11,"9032"
"20380","    10 ","28/05/2012",0,0,26,10,"9032"
"20381","    8 ","29/05/2012",0,0,26,8,"9032"
"20382","    7 ","30/05/2012",0,0,26,7,"9032"
"20383","    8.5 ","31/05/2012",0,0,26,8.5,"9032"
"20384","    10.5 ","01/06/2012",4.5,0,27,10.5,"9032"
"20385","    9 ","02/06/2012",3,0,25,9,"9032"
"20386","    8.5 ","03/06/2012",4,0,22,8.5,"9032"
"20387","    9 ","04/06/2012",0.5,0,23,9,"9032"
"20388","    10 ","05/06/2012",1,0,25,10,"9032"
"20389","    9 ","06/06/2012",1.5,0,24,9,"9032"
"20390","    8 ","07/06/2012",0,0,22,8,"9032"
"20391","    10 ","08/06/2012",0,0,20,10,"9032"
"20392","    9 ","09/06/2012",0,0,26,9,"9032"
"20393","    10 ","10/06/2012",0,0,27,10,"9032"
"20394","    13.5 ","11/06/2012",0,0,27,13.5,"9032"
"20395","    10 ","12/06/2012",0,0,26,10,"9032"
"20396","    8 ","13/06/2012",0,0,25,8,"9032"
"20397","    10 ","14/06/2012",0,0,23,10,"9032"
"20398","    10 ","15/06/2012",2,0,22,10,"9032"
"20399","    10 ","16/06/2012",34,0,15,10,"9032"
"20400","    11 ","17/06/2012",13.2,0,17,11,"9032"
"20401","    11 ","18/06/2012",3.4,0,21,11,"9032"
"20402","    11.5 ","19/06/2012",4.2,0,17,11.5,"9032"
"20403","   12 ","20/06/2012",1.3,0,16.5,12,"9032"
"20404","    12 ","21/06/2012",3.4,0,17,12,"9032"
"20405","    10 ","22/06/2012",22.3,0,20,10,"9032"
"20406","   12 ","23/06/2012",9.8,0,19.5,12,"9032"
"20407","    12 ","24/06/2012",1.7,0,19,12,"9032"
"20408","    12 ","25/06/2012",0,0,21,12,"9032"
"20409","    11 ","26/06/2012",5.4,0,21,11,"9032"
"20410","    11 ","27/06/2012",1,0,20,11,"9032"
"20411","    12 ","28/06/2012",17.3,0,22,12,"9032"
"20412","    11 ","29/06/2012",4.3,0,21,11,"9032"
"20413","    11 ","30/06/2012",0,0,27,11,"9032"
"20414","    10.5 ","01/07/2012",5,0,18,10.5,"9032"
"20415","    10.5 ","02/07/2012",0,0,21,10.5,"9032"
"20416","    10 ","03/07/2012",0,0,19,10,"9032"
"20417","    9 ","04/07/2012",7.1,0,19,9,"9032"
"20418","    8 ","05/07/2012",0,0,20,8,"9032"
"20419","    11.5 ","06/07/2012",21.3,0,19,11.5,"9032"
"20420","    9 ","07/07/2012",0.4,0,20,9,"9032"
"20421","    11 ","08/07/2012",2.5,0,22,11,"9032"
"20422","   12 ","09/07/2012",16.5,0,19.5,12,"9032"
"20423","    11.5 ","10/07/2012",13.4,0,20,11.5,"9032"
"20424","    10 ","11/07/2012",8,0,21,10,"9032"
"20425","    12 ","12/07/2012",1.6,0,20,12,"9032"
"20426","    11 ","13/07/2012",7.8,0,18,11,"9032"
"20427","    11 ","14/07/2012",28.5,0,16,11,"9032"
"20428","    11 ","15/07/2012",20.5,0,17,11,"9032"
"20429","    9.5 ","16/07/2012",20,0,19,9.5,"9032"
"20430","    11 ","17/07/2012",3,0,18,11,"9032"
"20431","    11 ","18/07/2012",1,0,18,11,"9032"
"20432","    11 ","19/07/2012",4.5,0,20,11,"9032"
"20433","    11 ","20/07/2012",8.5,0,18,11,"9032"
"20434","    10 ","21/07/2012",0,0,21,10,"9032"
"20435","    11 ","22/07/2012",2,0,22,11,"9032"
"20436","    9 ","23/07/2012",0,0,20,9,"9032"
"20437","    10 ","24/07/2012",13.8,0,21,10,"9032"
"20438","    10.5 ","25/07/2012",8,0,20,10.5,"9032"
"20439","    12 ","26/07/2012",6.5,0,21,12,"9032"
"20440","    11 ","27/07/2012",0.5,0,23,11,"9032"
"20441","    11 ","28/07/2012",5.2,0,22,11,"9032"
"20442","   8 ","29/07/2012",8.3,0,20.5,8,"9032"
"20443","    8 ","30/07/2012",0,0,21,8,"9032"
"20444","    10 ","31/07/2012",0,0,19,10,"9032"
"20445","   9 ","01/08/2012",0,0,23.5,9,"9032"
"20446","    11.5 ","02/08/2012",0,0,23,11.5,"9032"
"20447","    12.5 ","03/08/2012",1.5,0,21,12.5,"9032"
"20448","    10 ","04/08/2012",0,0,23,10,"9032"
"20449","    11 ","05/08/2012",8.4,0,22,11,"9032"
"20450","    11.5 ","06/08/2012",0.5,0,21,11.5,"9032"
"20451","    10.5 ","07/08/2012",2.3,0,23,10.5,"9032"
"20452","   11 ","08/08/2012",0,0,23.5,11,"9032"
"20453","    12 ","09/08/2012",16.2,0,21,12,"9032"
"20454","    11 ","10/08/2012",7.3,0,16,11,"9032"
"20455","    10 ","11/08/2012",2,0,17,10,"9032"
"20456","    11 ","12/08/2012",0,0,17,11,"9032"
"20457","    11 ","13/08/2012",23.5,0,17,11,"9032"
"20458","    11 ","14/08/2012",0,0,21,11,"9032"
"20459","    9 ","15/08/2012",0,0,23,9,"9032"
"20460","    9 ","16/08/2012",22.5,0,22,9,"9032"
"20461","    10 ","17/08/2012",0.5,0,17,10,"9032"
"20462","    12 ","18/08/2012",0.8,0,17,12,"9032"
"20463","   12 ","19/08/2012",0,0,19.5,12,"9032"
"20464","    10 ","20/08/2012",6,0,20,10,"9032"
"20465","    11 ","21/08/2012",23.7,0,18,11,"9032"
"20466","    11 ","22/08/2012",0.8,0,17,11,"9032"
"20467","    11 ","23/08/2012",2.3,0,19,11,"9032"
"20468","    12 ","24/08/2012",2,0,17,12,"9032"
"20469","    10 ","25/08/2012",4.3,0,19,10,"9032"
"20470","    11 ","26/08/2012",8,0,21,11,"9032"
"20471","    11.5 ","27/08/2012",6,0,20,11.5,"9032"
"20472","    12 ","28/08/2012",0,0,20,12,"9032"
"20473","    11 ","29/08/2012",0,0,21,11,"9032"
"20474","    11 ","30/08/2012",2.5,0,22,11,"9032"
"20475","    10 ","31/08/2012",0,0,23,10,"9032"
"20476","    10 ","01/09/2012",0,0,19,10,"9032"
"20477","    10 ","02/09/2012",0,0,22,10,"9032"
"20478","   10 ","03/09/2012",0,0,23.5,10,"9032"
"20479","    9 ","04/09/2012",0,0,23,9,"9032"
"20480","    9.5 ","05/09/2012",0,0,23,9.5,"9032"
"20481","   12.5 ","06/09/2012",0,0,23.5,12.5,"9032"
"20482","    9 ","07/09/2012",0,0,24,9,"9032"
"20483","    9.5 ","08/09/2012",1.4,0,23,9.5,"9032"
"20484","    10.5 ","09/09/2012",2.5,0,20,10.5,"9032"
"20485","    10 ","10/09/2012",5.6,0,21,10,"9032"
"20486","   11 ","11/09/2012",0,0,20.5,11,"9032"
"20487","    12 ","12/09/2012",1,0,22,12,"9032"
"20488","   9 ","13/09/2012",12.5,0,21.5,9,"9032"
"20489","    10 ","14/09/2012",4.5,0,21,10,"9032"
"20490","    11 ","15/09/2012",21.5,0,19,11,"9032"
"20491","    10 ","16/09/2012",0,0,20,10,"9032"
"20492","    9 ","17/09/2012",5.4,0,19,9,"9032"
"20493","    10 ","18/09/2012",0,0,20,10,"9032"
"20494","    8 ","19/09/2012",0,0,18,8,"9032"
"20495","    9 ","20/09/2012",0,0,20,9,"9032"
"20496","    10 ","21/09/2012",0,0,20,10,"9032"
"20497","    10.5 ","22/09/2012",0,0,20,10.5,"9032"
"20498","   11 ","23/09/2012",0,0,19.5,11,"9032"
"20499","    11 ","24/09/2012",0,0,18,11,"9032"
"20500","    11 ","25/09/2012",14.3,0,20,11,"9032"
"20501","    10 ","26/09/2012",2.5,0,19,10,"9032"
"20502","    11 ","27/09/2012",21,0,20,11,"9032"
"20503","    12 ","28/09/2012",1.5,0,22,12,"9032"
"20504","    12.5 ","29/09/2012",7,0,21,12.5,"9032"
"20505","    12 ","30/09/2012",0,0,23,12,"9032"
"20506","    10 ","01/10/2012",1,0,20,10,"9032"
"20507","    10 ","02/10/2012",0,0,18,10,"9032"
"20508","    7 ","03/10/2012",0,0,20,7,"9032"
"20509","    5 ","04/10/2012",0,0,22,5,"9032"
"20510","    5 ","05/10/2012",0,0,20,5,"9032"
"20511","    6 ","06/10/2012",0,0,21,6,"9032"
"20512","    6 ","07/10/2012",2.3,0,22,6,"9032"
"20513","    7 ","08/10/2012",0,0,20,7,"9032"
"20514","    10 ","09/10/2012",2,0,21,10,"9032"
"20515","    10 ","10/10/2012",5.7,0,20,10,"9032"
"20516","    10 ","11/10/2012",0,0,21,10,"9032"
"20517","    10 ","12/10/2012",0,0,20,10,"9032"
"20518","    10 ","13/10/2012",0.8,0,22,10,"9032"
"20519","    9 ","14/10/2012",0,0,23,9,"9032"
"20520","    10 ","15/10/2012",0,0,22,10,"9032"
"20521","    7 ","16/10/2012",0,0,23,7,"9032"
"20522","   7 ","17/10/2012",0,0,22.5,7,"9032"
"20523","    9 ","18/10/2012",0,0,23,9,"9032"
"20524","    10 ","19/10/2012",0,0,23,10,"9032"
"20525","    9 ","20/10/2012",0,0,21,9,"9032"
"20526","    8 ","21/10/2012",0,0,23,8,"9032"
"20527","    8 ","22/10/2012",0,0,23,8,"9032"
"20528","    9 ","23/10/2012",0,0,23,9,"9032"
"20529","    11 ","24/10/2012",0,0,23,11,"9032"
"20530","    6 ","25/10/2012",0,0,23,6,"9032"
"20531","    7 ","26/10/2012",0,0,23,7,"9032"
"20532","   9 ","27/10/2012",0,0,21.5,9,"9032"
"20533","    7 ","28/10/2012",0,0,21,7,"9032"
"20534","    8 ","29/10/2012",0,0,20,8,"9032"
"20535","    9 ","30/10/2012",0,0,19,9,"9032"
"20536","    7 ","31/10/2012",0.5,0,20,7,"9032"
"20537","    7 ","01/11/2012",0,0,18,7,"9032"
"20538","    8 ","02/11/2012",0,0,18,8,"9032"
"20539","    9 ","03/11/2012",0.7,0,19,9,"9032"
"20540","    10 ","04/11/2012",0,0,18,10,"9032"
"20541","    10 ","05/11/2012",25.5,0,16,10,"9032"
"20542","    10 ","06/11/2012",0,0,14,10,"9032"
"20543","    7 ","07/11/2012",0,0,18,7,"9032"
"20544","    4 ","08/11/2012",0,0,19,4,"9032"
"20545","    5 ","09/11/2012",0,0,20,5,"9032"
"20546","   5 ","10/11/2012",0,0,21.5,5,"9032"
"20547","    7 ","11/11/2012",0,0,22,7,"9032"
"20548","    9 ","12/11/2012",0,0,20,9,"9032"
"20549","    10 ","13/11/2012",0,0,17,10,"9032"
"20550","    9 ","14/11/2012",0,0,16,9,"9032"
"20551","    9 ","15/11/2012",0,0,20,9,"9032"
"20552","   5 ","16/11/2012",0,0,19.5,5,"9032"
"20553","    7 ","17/11/2012",0,0,17,7,"9032"
"20554","    6.5 ","18/11/2012",0,0,20,6.5,"9032"
"20555","    8 ","19/11/2012",0,0,18,8,"9032"
"20556","    7 ","20/11/2012",0,0,21,7,"9032"
"20557","    3 ","21/11/2012",0,0,19,3,"9032"
"20558","    7 ","22/11/2012",0,0,18,7,"9032"
"20559","   6 ","23/11/2012",0,0,19.5,6,"9032"
"20560","    7.5 ","24/11/2012",0,0,17,7.5,"9032"
"20561","   3 ","25/11/2012",0,0,18.5,3,"9032"
"20562","    6 ","26/11/2012",0,0,20,6,"9032"
"20563","    6 ","27/11/2012",0,0,21,6,"9032"
"20564","    4.5 ","28/11/2012",0,0,19,4.5,"9032"
"20565","    5 ","29/11/2012",0,0,20,5,"9032"
"20566","ULO    6 ","30/11/2012",0,0,NA,NA,"9032"
"20567","    6 ","01/12/2012",0,0,19,6,"9032"
"20568","   5 ","02/12/2012",0,0,19.5,5,"9032"
"20569","    5 ","03/12/2012",0,0,20,5,"9032"
"20570","    4 ","04/12/2012",0,0,19,4,"9032"
"20571","    4 ","05/12/2012",0,0,18,4,"9032"
"20572","    3.5 ","06/12/2012",0,0,19,3.5,"9032"
"20573","    3 ","07/12/2012",0,0,20,3,"9032"
"20574","    3 ","08/12/2012",0,0,20,3,"9032"
"20575","    4 ","09/12/2012",0,0,21,4,"9032"
"20576","    6 ","10/12/2012",0,0,22,6,"9032"
"20577","    10 ","11/12/2012",0,0,19,10,"9032"
"20578","    7 ","12/12/2012",0,0,21,7,"9032"
"20579","    6 ","13/12/2012",0,0,20,6,"9032"
"20580","    7 ","14/12/2012",0,0,21,7,"9032"
"20581","    6 ","15/12/2012",0,0,20,6,"9032"
"20582","    5 ","16/12/2012",0,0,19,5,"9032"
"20583","    5 ","17/12/2012",0,0,22,5,"9032"
"20584","    4 ","18/12/2012",0,0,21,4,"9032"
"20585","    5 ","19/12/2012",0,0,21,5,"9032"
"20586","    6 ","20/12/2012",0,0,20,6,"9032"
"20587","    5 ","21/12/2012",0,0,18,5,"9032"
"20588","   3 ","22/12/2012",0,0,19.5,3,"9032"
"20589","    4.5 ","23/12/2012",0,0,20,4.5,"9032"
"20590","    5 ","24/12/2012",0,0,21,5,"9032"
"20591","    5 ","25/12/2012",0,0,21,5,"9032"
"20592","    6 ","26/12/2012",0,0,18,6,"9032"
"20593","    7 ","27/12/2012",0,0,19,7,"9032"
"20594","    8 ","28/12/2012",0,0,21,8,"9032"
"20595","    5 ","29/12/2012",0,0,21,5,"9032"
"20596","    4 ","30/12/2012",0,0,19,4,"9032"
"20597","   6 ","31/12/2012",0,0,19.5,6,"9032"
"20598","    11 ","01/04/2013",0.5,0,25,11,"9032"
"20599","    12 ","02/04/2013",0,0,25,12,"9032"
"20600","   8 ","03/04/2013",0,0,25.5,8,"9032"
"20601","    8 ","04/04/2013",0,0,26,8,"9032"
"20602","    10.5 ","05/04/2013",0,0,23,10.5,"9032"
"20603","    11 ","06/04/2013",1.5,0,23,11,"9032"
"20604","    10 ","07/04/2013",1.3,0,23,10,"9032"
"20605","    10 ","08/04/2013",0,0,25,10,"9032"
"20606","    10 ","09/04/2013",0,0,25,10,"9032"
"20607","    9 ","10/04/2013",0,0,26,9,"9032"
"20608","    12.5 ","11/04/2013",0,0,20,12.5,"9032"
"20609","    13.5 ","12/04/2013",0,0,21,13.5,"9032"
"20610","    10 ","13/04/2013",0,0,24,10,"9032"
"20611","    10 ","14/04/2013",0,0,25,10,"9032"
"20612","    10 ","15/04/2013",0,0,26,10,"9032"
"20613","    12.5 ","16/04/2013",0,0,27,12.5,"9032"
"20614","    10 ","17/04/2013",0,0,26,10,"9032"
"20615","    11 ","18/04/2013",0,0,27,11,"9032"
"20616","   11 ","19/04/2013",0,0,26.5,11,"9032"
"20617","    10 ","20/04/2013",0,0,21,10,"9032"
"20618","    10 ","21/04/2013",0,0,25,10,"9032"
"20619","   13 ","22/04/2013",0,0,26.5,13,"9032"
"20620","    11.5 ","23/04/2013",0,0,25,11.5,"9032"
"20621","    11 ","24/04/2013",15.3,0,24,11,"9032"
"20622","    9.5 ","25/04/2013",33,0,20,9.5,"9032"
"20623","    10 ","26/04/2013",0,0,21,10,"9032"
"20624","    10 ","27/04/2013",0,0,24,10,"9032"
"20625","    9 ","28/04/2013",0,0,23,9,"9032"
"20626","    11 ","29/04/2013",0,0,24,11,"9032"
"20627","    10 ","30/04/2013",0,0,25,10,"9032"
"20628","    9 ","01/05/2013",0,0,22,9,"9032"
"20629","    9 ","02/05/2013",0,0,21,9,"9032"
"20630","    10 ","03/05/2013",0,0,23,10,"9032"
"20631","    11 ","04/05/2013",0,0,23,11,"9032"
"20632","    10 ","05/05/2013",0,0,24,10,"9032"
"20633","   9 ","06/05/2013",0,0,24.5,9,"9032"
"20634","    10 ","07/05/2013",0,0,25,10,"9032"
"20635","    10 ","08/05/2013",0,0,25,10,"9032"
"20636","    10 ","09/05/2013",0,0,24,10,"9032"
"20637","    11 ","10/05/2013",0,0,25,11,"9032"
"20638","    10 ","11/05/2013",0,0,25,10,"9032"
"20639","    10.5 ","12/05/2013",9,0,25,10.5,"9032"
"20640","    12 ","13/05/2013",24.3,0,20,12,"9032"
"20641","    11 ","14/05/2013",0,0,20,11,"9032"
"20642","    9.5 ","15/05/2013",0,0,24,9.5,"9032"
"20643","    11 ","16/05/2013",4.5,0,25,11,"9032"
"20644","    11.5 ","17/05/2013",12,0,25,11.5,"9032"
"20645","    10.5 ","18/05/2013",7,0,24,10.5,"9032"
"20646","    11.5 ","19/05/2013",1.5,0,25,11.5,"9032"
"20647","    10 ","20/05/2013",3.4,0,24,10,"9032"
"20648","    11 ","21/05/2013",7.4,0,22,11,"9032"
"20649","    10 ","22/05/2013",7.5,0,25,10,"9032"
"20650","    11 ","23/05/2013",0.5,0,23,11,"9032"
"20651","    10 ","24/05/2013",0,0,24,10,"9032"
"20652","    11 ","25/05/2013",8,0,22,11,"9032"
"20653","    11 ","26/05/2013",3.5,0,20,11,"9032"
"20654","    10 ","27/05/2013",0,0,26,10,"9032"
"20655","    10 ","28/05/2013",0,0,23,10,"9032"
"20656","    12 ","29/05/2013",0,0,20,12,"9032"
"20657","    12 ","30/05/2013",0,0,24,12,"9032"
"20658","    10 ","31/05/2013",0,0,23,10,"9032"
"20659","    13 ","01/06/2013",1.9,0,19,13,"9032"
"20660","    13 ","02/06/2013",3,0,23,13,"9032"
"20661","    11 ","03/06/2013",0,0,23,11,"9032"
"20662","    12 ","04/06/2013",0,0,25,12,"9032"
"20663","    9 ","05/06/2013",0,0,25,9,"9032"
"20664","    8 ","06/06/2013",0,0,27,8,"9032"
"20665","    8 ","07/06/2013",0,0,26,8,"9032"
"20666","    11 ","08/06/2013",0,0,26,11,"9032"
"20667","    11 ","09/06/2013",1,0,20,11,"9032"
"20668","    9.5 ","10/06/2013",25.5,0,21,9.5,"9032"
"20669","    10 ","11/06/2013",6.7,0,19,10,"9032"
"20670","    11 ","12/06/2013",31.2,0,20,11,"9032"
"20671","    10 ","13/06/2013",0,0,20,10,"9032"
"20672","    10 ","14/06/2013",0,0,22,10,"9032"
"20673","    11 ","15/06/2013",0,0,22,11,"9032"
"20674","    11 ","16/06/2013",0,0,20,11,"9032"
"20675","    10 ","17/06/2013",0,0,19,10,"9032"
"20676","    10 ","18/06/2013",0,0,23,10,"9032"
"20677","    12 ","19/06/2013",22,0,22,12,"9032"
"20678","    11 ","20/06/2013",7.5,0,16,11,"9032"
"20679","    10 ","21/06/2013",10.4,0,17,10,"9032"
"20680","    10 ","22/06/2013",26.5,0,18,10,"9032"
"20681","    11 ","23/06/2013",0,0,20,11,"9032"
"20682","    10 ","24/06/2013",0.7,0,22,10,"9032"
"20683","    10 ","25/06/2013",0.5,0,21,10,"9032"
"20684","    9 ","26/06/2013",1.9,0,22,9,"9032"
"20685","   10 ","27/06/2013",0,0,29.5,10,"9032"
"20686","    9 ","28/06/2013",3.5,0,21,9,"9032"
"20687","    10 ","29/06/2013",0,0,20,10,"9032"
"20688","    10 ","30/06/2013",10,0,23,10,"9032"
"20689","    11 ","01/07/2013",0,0,19,11,"9032"
"20690","    9 ","02/07/2013",2.4,0,21,9,"9032"
"20691","    10 ","03/07/2013",2.7,0,23,10,"9032"
"20692","    11 ","04/07/2013",11.2,0,19,11,"9032"
"20693","    12 ","05/07/2013",4,0,18,12,"9032"
"20694","    11 ","06/07/2013",2.3,0,19,11,"9032"
"20695","    12 ","07/07/2013",0,0,20,12,"9032"
"20696","    11 ","08/07/2013",10.6,0,19,11,"9032"
"20697","    10 ","09/07/2013",2.1,0,21,10,"9032"
"20698","    11 ","10/07/2013",1,0,21,11,"9032"
"20699","    10.5 ","11/07/2013",39,0,21,10.5,"9032"
"20700","    10 ","12/07/2013",0,0,18,10,"9032"
"20701","    10 ","13/07/2013",1,0,19,10,"9032"
"20702","    11 ","14/07/2013",7.5,0,20,11,"9032"
"20703","    10 ","15/07/2013",0,0,22,10,"9032"
"20704","    10 ","16/07/2013",0,0,19,10,"9032"
"20705","    10 ","17/07/2013",2.8,0,20,10,"9032"
"20706","    10 ","18/07/2013",0,0,21,10,"9032"
"20707","    11 ","19/07/2013",2,0,20,11,"9032"
"20708","    10 ","20/07/2013",1,0,21,10,"9032"
"20709","    12 ","21/07/2013",0,0,24,12,"9032"
"20710","    10 ","22/07/2013",0,0,20,10,"9032"
"20711","   11 ","23/07/2013",0,0,22.5,11,"9032"
"20712","    11 ","24/07/2013",0.7,0,22,11,"9032"
"20713","    11.5 ","25/07/2013",18.5,0,21,11.5,"9032"
"20714","    9 ","26/07/2013",0,0,22,9,"9032"
"20715","    9.5 ","27/07/2013",0,0,24,9.5,"9032"
"20716","    10.5 ","28/07/2013",0.3,0,21,10.5,"9032"
"20717","    9.5 ","29/07/2013",0,0,22,9.5,"9032"
"20718","    9 ","30/07/2013",0,0,23,9,"9032"
"20719","    10 ","31/07/2013",0,0,21,10,"9032"
"20720","    11 ","01/08/2013",6,0,21,11,"9032"
"20721","    11 ","02/08/2013",7,0,21,11,"9032"
"20722","    10 ","03/08/2013",0,0,21,10,"9032"
"20723","    10 ","04/08/2013",1.2,0,22,10,"9032"
"20724","    9 ","05/08/2013",0,0,23,9,"9032"
"20725","    10 ","06/08/2013",0,0,22,10,"9032"
"20726","    11 ","07/08/2013",0,0,24,11,"9032"
"20727","    12 ","08/08/2013",3,0,22,12,"9032"
"20728","    10 ","09/08/2013",0,0,22,10,"9032"
"20729","    9 ","10/08/2013",0,0,21,9,"9032"
"20730","    10 ","11/08/2013",2,0,31,10,"9032"
"20731","    9 ","12/08/2013",2.5,0,20,9,"9032"
"20732","    10 ","13/08/2013",0,0,21,10,"9032"
"20733","    7 ","14/08/2013",0,0,22,7,"9032"
"20734","    9 ","15/08/2013",5.6,0,23,9,"9032"
"20735","    11 ","16/08/2013",0,0,21,11,"9032"
"20736","    9 ","17/08/2013",2.9,0,21,9,"9032"
"20737","    10 ","18/08/2013",0,0,23,10,"9032"
"20738","    10.5 ","19/08/2013",12.4,0,20,10.5,"9032"
"20739","    10 ","20/08/2013",10,0,16,10,"9032"
"20740","    9 ","21/08/2013",0,0,18,9,"9032"
"20741","    9 ","22/08/2013",4.5,0,19,9,"9032"
"20742","    10 ","23/08/2013",20,0,20,10,"9032"
"20743","    11 ","24/08/2013",6,0,20,11,"9032"
"20744","    10 ","25/08/2013",1.5,0,18,10,"9032"
"20745","    11 ","26/08/2013",26.5,0,16,11,"9032"
"20746","    12 ","27/08/2013",0,0,20,12,"9032"
"20747","    11 ","28/08/2013",0,0,21,11,"9032"
"20748","    11 ","29/08/2013",2,0,20,11,"9032"
"20749","    11 ","30/08/2013",28,0,18,11,"9032"
"20750","    12 ","31/08/2013",35.5,0,21,12,"9032"
"20751","    10.5 ","01/09/2013",2.5,0,21,10.5,"9032"
"20752","    11 ","02/09/2013",11.2,0,18,11,"9032"
"20753","    10 ","03/09/2013",5.9,0,15,10,"9032"
"20754","    11 ","04/09/2013",3.5,0,18,11,"9032"
"20755","   11 ","05/09/2013",8.4,0,17.5,11,"9032"
"20756","    11.5 ","06/09/2013",26.5,0,18,11.5,"9032"
"20757","    10 ","07/09/2013",0,0,17,10,"9032"
"20758","   11 ","08/09/2013",20,0,17.5,11,"9032"
"20759","    10.5 ","09/09/2013",0.5,0,20,10.5,"9032"
"20760","    10 ","10/09/2013",0,0,21,10,"9032"
"20761","    11 ","11/09/2013",4,0,18,11,"9032"
"20762","    10 ","12/09/2013",0,0,17,10,"9032"
"20763","    10 ","13/09/2013",6.5,0,19,10,"9032"
"20764","    12 ","14/09/2013",13,0,16,12,"9032"
"20765","    11 ","15/09/2013",7.5,0,15,11,"9032"
"20766","    11 ","16/09/2013",2.8,0,16,11,"9032"
"20767","    9 ","17/09/2013",3.9,0,20,9,"9032"
"20768","    11 ","18/09/2013",0.5,0,19,11,"9032"
"20769","    12 ","19/09/2013",2.5,0,21,12,"9032"
"20770","    13 ","20/09/2013",2.3,0,19,13,"9032"
"20771","    12 ","21/09/2013",8,0,20,12,"9032"
"20772","    11 ","22/09/2013",0,0,19,11,"9032"
"20773","    13 ","23/09/2013",0,0,21,13,"9032"
"20774","    12 ","24/09/2013",7.5,0,22,12,"9032"
"20775","    11 ","25/09/2013",18,0,19,11,"9032"
"20776","    11 ","26/09/2013",0.5,0,17,11,"9032"
"20777","    10 ","27/09/2013",0,0,22,10,"9032"
"20778","    9 ","28/09/2013",0,0,23,9,"9032"
"20779","    11 ","29/09/2013",0.5,0,22,11,"9032"
"20780","    10 ","30/09/2013",0,0,20,10,"9032"
"20781","   10 ","01/11/2013",0,0,22.5,10,"9032"
"20782","    12 ","02/11/2013",0,0,17,12,"9032"
"20783","    6 ","03/11/2013",0,0,20,6,"9032"
"20784","    9 ","04/11/2013",0,0,19,9,"9032"
"20785","    9 ","05/11/2013",0,0,20,9,"9032"
"20786","    7 ","06/11/2013",0,0,20,7,"9032"
"20787","    7.5 ","07/11/2013",1,0,19,7.5,"9032"
"20788","   9 ","08/11/2013",1.2,0,19.5,9,"9032"
"20789","    8 ","09/11/2013",5,0,19,8,"9032"
"20790","    9 ","10/11/2013",5.2,0,16,9,"9032"
"20791","    9 ","11/11/2013",0,0,17,9,"9032"
"20792","    9 ","12/11/2013",2,0,14,9,"9032"
"20793","    6 ","13/11/2013",0,0,17,6,"9032"
"20794","    4 ","14/11/2013",0,0,15,4,"9032"
"20795","    5 ","15/11/2013",0,0,17,5,"9032"
"20796","    8 ","16/11/2013",0,0,21,8,"9032"
"20797","    8 ","17/11/2013",0,0,32,8,"9032"
"20798","    9 ","18/11/2013",1,0,21,9,"9032"
"20799","    11 ","19/11/2013",9,0,19,11,"9032"
"20800","    8 ","20/11/2013",0,0,20,8,"9032"
"20801","    8 ","21/11/2013",0,0,19,8,"9032"
"20802","    9 ","22/11/2013",0,0,18,9,"9032"
"20803","    8 ","23/11/2013",5,0,17,8,"9032"
"20804","    10 ","24/11/2013",0,0,15,10,"9032"
"20805","    7 ","25/11/2013",5.6,0,17,7,"9032"
"20806","    5 ","26/11/2013",0,0,18,5,"9032"
"20807","    6 ","27/11/2013",0,0,16,6,"9032"
"20808","    5 ","28/11/2013",0,0,19,5,"9032"
"20809","    4 ","29/11/2013",0,0,17,4,"9032"
"20810","    2 ","30/11/2013",0,0,22,2,"9032"
"20811","    3 ","01/12/2013",0,0,20,3,"9032"
"20812","    5 ","02/12/2013",0,0,21,5,"9032"
"20813","    6 ","03/12/2013",0,0,23,6,"9032"
"20814","    8 ","04/12/2013",0,0,22,8,"9032"
"20815","    8 ","05/12/2013",0,0,21,8,"9032"
"20816","    7 ","06/12/2013",0,0,23,7,"9032"
"20817","    8 ","07/12/2013",0,0,22,8,"9032"
"20818","    7 ","08/12/2013",0,0,21,7,"9032"
"20819","    7 ","09/12/2013",0,0,22,7,"9032"
"20820","    9 ","10/12/2013",0,0,20,9,"9032"
"20821","    7 ","11/12/2013",0,0,18,7,"9032"
"20822","    6 ","12/12/2013",0,0,19,6,"9032"
"20823","   8 ","13/12/2013",0,0,19.5,8,"9032"
"20824","    9 ","14/12/2013",0,0,19,9,"9032"
"20825","    9 ","15/12/2013",0,0,18,9,"9032"
"20826","   7 ","16/12/2013",0,0,19.5,7,"9032"
"20827","    5 ","17/12/2013",0,0,19,5,"9032"
"20828","    4 ","18/12/2013",0,0,20,4,"9032"
"20829","    6 ","19/12/2013",0,0,19,6,"9032"
"20830","    7 ","20/12/2013",0,0,20,7,"9032"
"20831","    10 ","21/12/2013",0,0,20,10,"9032"
"20832","    9 ","22/12/2013",0,0,22,9,"9032"
"20833","    8 ","23/12/2013",0,0,18,8,"9032"
"20834","    6 ","24/12/2013",0.7,0,15,6,"9032"
"20835","    5 ","25/12/2013",1.5,0,16,5,"9032"
"20836","    5 ","26/12/2013",2.8,0,15,5,"9032"
"20837","    6 ","27/12/2013",0,0,14,6,"9032"
"20838","    5 ","28/12/2013",0,0,16,5,"9032"
"20839","    7 ","29/12/2013",0,0,17,7,"9032"
"20840","    8 ","30/12/2013",0,0,19,8,"9032"
"20841","    8 ","31/12/2013",0,0,18,8,"9032"
"20842","    10 ","01/01/2014",0,0,18,10,"9032"
"20843","    5 ","02/01/2014",2.4,0,15,5,"9032"
"20844","    4 ","03/01/2014",0,0,14,4,"9032"
"20845","    7 ","04/01/2014",0,0,16,7,"9032"
"20846","    4 ","05/01/2014",0,0,18,4,"9032"
"20847","    5 ","06/01/2014",0,0,17,5,"9032"
"20848","    3 ","07/01/2014",0,0,14,3,"9032"
"20849","    4 ","08/01/2014",0,0,16,4,"9032"
"20850","    3 ","09/01/2014",0,0,20,3,"9032"
"20851","    5 ","10/01/2014",0,0,18,5,"9032"
"20852","    5 ","11/01/2014",0,0,19,5,"9032"
"20853","    6 ","12/01/2014",0,0,20,6,"9032"
"20854","    5 ","13/01/2014",0,0,18,5,"9032"
"20855","    5 ","14/01/2014",0,0,18,5,"9032"
"20856","    6 ","15/01/2014",0,0,12,6,"9032"
"20857","    2 ","16/01/2014",0,0,14,2,"9032"
"20858","    4 ","17/01/2014",0,0,15,4,"9032"
"20859","    1 ","18/01/2014",0,0,17,1,"9032"
"20860","    2 ","19/01/2014",0,0,19,2,"9032"
"20861","    2 ","20/01/2014",2,0,10,2,"9032"
"20862","    4 ","21/01/2014",0,0,12,4,"9032"
"20863","    2 ","22/01/2014",0,0,14,2,"9032"
"20864","    3 ","23/01/2014",2,0,15,3,"9032"
"20865","    3 ","24/01/2014",0,0,16,3,"9032"
"20866","    5 ","25/01/2014",0,0,17,5,"9032"
"20867","    2 ","26/01/2014",2,0,14,2,"9032"
"20868","    4 ","27/01/2014",0,0,18,4,"9032"
"20869","    5 ","28/01/2014",0,0,19,5,"9032"
"20870","    4 ","29/01/2014",2,0,16,4,"9032"
"20871","    5 ","30/01/2014",0,0,18,5,"9032"
"20872","    4 ","31/01/2014",0,0,19,4,"9032"
"20873","    7 ","01/02/2014",0,0,23,7,"9032"
"20874","    6 ","02/02/2014",0,0,24,6,"9032"
"20875","    7 ","03/02/2014",0,0,20,7,"9032"
"20876","    6 ","04/02/2014",0,0,25,6,"9032"
"20877","    7 ","05/02/2014",0,0,18,7,"9032"
"20878","    6 ","06/02/2014",0,0,24,6,"9032"
"20879","    7 ","07/02/2014",0,0,21,7,"9032"
"20880","    5 ","08/02/2014",0,0,24,5,"9032"
"20881","    6 ","09/02/2014",0,0,25,6,"9032"
"20882","    7 ","10/02/2014",0,0,26,7,"9032"
"20883","    6 ","11/02/2014",0.3,0,27,6,"9032"
"20884","    9 ","12/02/2014",0,0,18,9,"9032"
"20885","    8 ","13/02/2014",0,0,19,8,"9032"
"20886","    7 ","14/02/2014",0,0,22,7,"9032"
"20887","    8 ","15/02/2014",17,0,18,8,"9032"
"20888","    7 ","16/02/2014",5,0,16,7,"9032"
"20889","    6 ","17/02/2014",7,0,17,6,"9032"
"20890","    7 ","18/02/2014",0,0,18,7,"9032"
"20891","    6 ","19/02/2014",0,0,20,6,"9032"
"20892","    7 ","20/02/2014",0.2,0,24,7,"9032"
"20893","    6 ","21/02/2014",0.1,0,25,6,"9032"
"20894","    6.5 ","22/02/2014",0,0,20,6.5,"9032"
"20895","    7 ","23/02/2014",0,0,19,7,"9032"
"20896","   6.5 ","24/02/2014",0,0,24.5,6.5,"9032"
"20897","    7.5 ","25/02/2014",0,0,23,7.5,"9032"
"20898","   6 ","26/02/2014",0,0,24.5,6,"9032"
"20899","    7.5 ","27/02/2014",0,0,26,7.5,"9032"
"20900","LO    25     8 ","28/02/2014",0,NA,NA,NA,"9032"
"20901","    7 ","01/03/2014",0,0,26,7,"9032"
"20902","    3 ","02/03/2014",0,0,27,3,"9032"
"20903","    4 ","03/03/2014",0,0,22,4,"9032"
"20904","    3 ","04/03/2014",0,0,22,3,"9032"
"20905","    6 ","05/03/2014",0,0,21,6,"9032"
"20906","    4 ","06/03/2014",0,0,20,4,"9032"
"20907","    6 ","07/03/2014",0,0,24,6,"9032"
"20908","    7 ","08/03/2014",0,0,17,7,"9032"
"20909","    5 ","09/03/2014",2,0,20,5,"9032"
"20910","    4 ","10/03/2014",0,0,23,4,"9032"
"20911","    6 ","11/03/2014",0,0,25,6,"9032"
"20912","    9 ","12/03/2014",0,0,26,9,"9032"
"20913","    8 ","13/03/2014",0,0,25,8,"9032"
"20914","    7 ","14/03/2014",0,0,27,7,"9032"
"20915","    6 ","15/03/2014",0,0,23,6,"9032"
"20916","    7 ","16/03/2014",0,0,18,7,"9032"
"20917","    6 ","17/03/2014",0,0,22,6,"9032"
"20918","    7 ","18/03/2014",0,0,23,7,"9032"
"20919","    6 ","19/03/2014",0,0,18,6,"9032"
"20920","    7 ","20/03/2014",0,0,24,7,"9032"
"20921","    6 ","21/03/2014",0,0,27,6,"9032"
"20922","    8 ","22/03/2014",0,0,18,8,"9032"
"20923","    6 ","23/03/2014",0,0,28,6,"9032"
"20924","    8 ","24/03/2014",0,0,25,8,"9032"
"20925","    8 ","25/03/2014",6,0,24,8,"9032"
"20926","    8 ","26/03/2014",0,0,28,8,"9032"
"20927","    8 ","27/03/2014",0,0,25,8,"9032"
"20928","    8 ","28/03/2014",0,0,18,8,"9032"
"20929","    8 ","29/03/2014",0,0,17,8,"9032"
"20930","    8 ","30/03/2014",0,0,23,8,"9032"
"20931","    8 ","31/03/2014",0,0,25,8,"9032"
"20932","    9 ","01/04/2014",0,0,20,9,"9032"
"20933","    8 ","02/04/2014",0,0,23,8,"9032"
"20934","    7 ","03/04/2014",0,0,23,7,"9032"
"20935","    6 ","04/04/2014",0,0,24,6,"9032"
"20936","    7 ","05/04/2014",0,0,20,7,"9032"
"20937","    6 ","06/04/2014",0,0,25,6,"9032"
"20938","    7 ","07/04/2014",0,0,18,7,"9032"
"20939","    6 ","08/04/2014",0,0,24,6,"9032"
"20940","    7 ","09/04/2014",0,0,21,7,"9032"
"20941","    5 ","10/04/2014",0,0,24,5,"9032"
"20942","    6 ","11/04/2014",0,0,25,6,"9032"
"20943","    7 ","12/04/2014",0,0,26,7,"9032"
"20944","    6 ","13/04/2014",0,0,27,6,"9032"
"20945","    9 ","14/04/2014",0,0,18,9,"9032"
"20946","    8 ","15/04/2014",2.4,0,19,8,"9032"
"20947","    7 ","16/04/2014",0,0,22,7,"9032"
"20948","    8 ","17/04/2014",16,0,18,8,"9032"
"20949","    7 ","18/04/2014",6,0,16,7,"9032"
"20950","    6 ","19/04/2014",0.7,0,17,6,"9032"
"20951","    7 ","20/04/2014",0,0,18,7,"9032"
"20952","    6 ","21/04/2014",0,0,20,6,"9032"
"20953","    7 ","22/04/2014",6.2,0,24,7,"9032"
"20954","    6 ","23/04/2014",0.5,0,25,6,"9032"
"20955","    6 ","24/04/2014",0.4,0,20,6,"9032"
"20956","    7 ","25/04/2014",0,0,19,7,"9032"
"20957","    6 ","26/04/2014",0,0,24,6,"9032"
"20958","    7 ","27/04/2014",0,0,23,7,"9032"
"20959","    6 ","28/04/2014",0,0,24,6,"9032"
"20960","    7 ","29/04/2014",0,0,21,7,"9032"
"20961","    6 ","30/04/2014",0,0,20,6,"9032"
"20962","    5 ","01/05/2014",0,0,15,5,"9032"
"20963","    6 ","02/05/2014",0,0,17,6,"9032"
"20964","    9 ","03/05/2014",17,0,13,9,"9032"
"20965","    6 ","04/05/2014",0,0,28,6,"9032"
"20966","    8 ","05/05/2014",0,0,13,8,"9032"
"20967","    6 ","06/05/2014",3.6,0,19,6,"9032"
"20968","    4 ","07/05/2014",2.4,0,25,4,"9032"
"20969","    7 ","08/05/2014",1,0,22,7,"9032"
"20970","    6 ","09/05/2014",0,0,24,6,"9032"
"20971","    8 ","10/05/2014",3,0,23,8,"9032"
"20972","    7 ","11/05/2014",0.4,0,24,7,"9032"
"20973","    7 ","12/05/2014",0,0,25,7,"9032"
"20974","    6 ","13/05/2014",10,0,29,6,"9032"
"20975","    7 ","14/05/2014",0,0,25,7,"9032"
"20976","    8 ","15/05/2014",0,0,20,8,"9032"
"20977","    8 ","16/05/2014",0,0,21,8,"9032"
"20978","    7 ","17/05/2014",0,0,22,7,"9032"
"20979","    9 ","18/05/2014",0,0,25,9,"9032"
"20980","    8 ","19/05/2014",0,0,26,8,"9032"
"20981","    7 ","20/05/2014",0,0,23,7,"9032"
"20982","    6 ","21/05/2014",0,0,22,6,"9032"
"20983","    7 ","22/05/2014",2,0,21,7,"9032"
"20984","    8 ","23/05/2014",0,0,24,8,"9032"
"20985","    8 ","24/05/2014",5.3,0,20,8,"9032"
"20986","    7 ","25/05/2014",0,0,18,7,"9032"
"20987","    7 ","26/05/2014",4,0,18,7,"9032"
"20988","    6 ","27/05/2014",25.8,0,20,6,"9032"
"20989","    7 ","28/05/2014",5.5,0,19,7,"9032"
"20990","    8 ","29/05/2014",0,0,21,8,"9032"
"20991","    7 ","30/05/2014",23,0,20,7,"9032"
"20992","    7 ","31/05/2014",20,0,18,7,"9032"
"20993","    7 ","01/06/2014",0,0,18,7,"9032"
"20994","    9 ","02/06/2014",0,0,17,9,"9032"
"20995","    7 ","03/06/2014",0.1,0,20,7,"9032"
"20996","    8 ","04/06/2014",0,0,18,8,"9032"
"20997","    8 ","05/06/2014",3,0,19,8,"9032"
"20998","    7 ","06/06/2014",4,0,16,7,"9032"
"20999","    7 ","07/06/2014",5,0,18,7,"9032"
"21000","    6 ","08/06/2014",1,0,19,6,"9032"
"21001","    9 ","09/06/2014",0,0,17,9,"9032"
"21002","    9 ","10/06/2014",1.5,0,16,9,"9032"
"21003","    7.5 ","11/06/2014",0,0,20,7.5,"9032"
"21004","    9 ","12/06/2014",21,0,25,9,"9032"
"21005","    8 ","13/06/2014",0.4,0,20,8,"9032"
"21006","    9.5 ","14/06/2014",0,0,22,9.5,"9032"
"21007","    11 ","15/06/2014",0,0,26,11,"9032"
"21008","    7.5 ","16/06/2014",5.3,0,19,7.5,"9032"
"21009","    9 ","17/06/2014",0,0,18,9,"9032"
"21010","    8 ","18/06/2014",0.5,0,23,8,"9032"
"21011","    9 ","19/06/2014",0,0,19,9,"9032"
"21012","    7 ","20/06/2014",9.8,0,24,7,"9032"
"21013","    8 ","21/06/2014",0,0,19,8,"9032"
"21014","    9 ","22/06/2014",10.3,0,20,9,"9032"
"21015","    8 ","23/06/2014",13.3,0,15,8,"9032"
"21016","    7 ","24/06/2014",10,0,18,7,"9032"
"21017","    7 ","25/06/2014",2.6,0,17,7,"9032"
"21018","    8 ","26/06/2014",4.6,0,18,8,"9032"
"21019","    9 ","27/06/2014",5,0,16,9,"9032"
"21020","    6.5 ","28/06/2014",0,0,15,6.5,"9032"
"21021","    8 ","29/06/2014",8.5,0,18,8,"9032"
"21022","    6 ","30/06/2014",0,0,19,6,"9032"
"21023","    8 ","01/07/2014",0,0,19,8,"9032"
"21024","    8 ","02/07/2014",2.5,0,18,8,"9032"
"21025","    6 ","03/07/2014",0.5,0,18,6,"9032"
"21026","    8 ","04/07/2014",4,0,17,8,"9032"
"21027","    6 ","05/07/2014",2.6,0,18,6,"9032"
"21028","    7 ","06/07/2014",12.5,0,19,7,"9032"
"21029","    8 ","07/07/2014",27.8,0,20,8,"9032"
"21030","    6 ","08/07/2014",0.5,0,19,6,"9032"
"21031","    8 ","09/07/2014",0.8,0,22,8,"9032"
"21032","    8 ","10/07/2014",0,0,18,8,"9032"
"21033","    8 ","11/07/2014",8.5,0,14,8,"9032"
"21034","    6 ","12/07/2014",0,0,18,6,"9032"
"21035","    8 ","13/07/2014",2.9,0,19,8,"9032"
"21036","    9 ","14/07/2014",4,0,20,9,"9032"
"21037","    7 ","15/07/2014",3.5,0,21,7,"9032"
"21038","    9 ","16/07/2014",5,0,20,9,"9032"
"21039","    8 ","17/07/2014",0,0,23,8,"9032"
"21040","    7 ","18/07/2014",7.6,0,19,7,"9032"
"21041","    8 ","19/07/2014",4,0,21,8,"9032"
"21042","    9 ","20/07/2014",2.3,0,16,9,"9032"
"21043","    9 ","21/07/2014",0,0,18,9,"9032"
"21044","    9 ","22/07/2014",1.5,0,25,9,"9032"
"21045","    6 ","23/07/2014",9.5,0,19,6,"9032"
"21046","    9 ","24/07/2014",0,0,11,9,"9032"
"21047","    6 ","25/07/2014",0,0,24,6,"9032"
"21048","    8 ","26/07/2014",0,0,19,8,"9032"
"21049","    9 ","27/07/2014",0,0,20,9,"9032"
"21050","    6 ","28/07/2014",24.3,0,18,6,"9032"
"21051","    8 ","29/07/2014",2.2,0,25,8,"9032"
"21052","    11 ","30/07/2014",0,0,24,11,"9032"
"21053","    10 ","31/07/2014",0,0,23,10,"9032"
"21054","    9 ","01/08/2014",0,0,18,9,"9032"
"21055","    9 ","02/08/2014",0,0,26,9,"9032"
"21056","    13 ","03/08/2014",0,0,22,13,"9032"
"21057","    11 ","04/08/2014",0,0,26,11,"9032"
"21058","    11 ","05/08/2014",0,0,24,11,"9032"
"21059","    7 ","06/08/2014",0,0,26,7,"9032"
"21060","    8 ","07/08/2014",0,0,28,8,"9032"
"21061","    6 ","08/08/2014",0,0,29,6,"9032"
"21062","    8 ","09/08/2014",0,0,23,8,"9032"
"21063","    9 ","10/08/2014",0,0,18,9,"9032"
"21064","    8 ","11/08/2014",0,0,18,8,"9032"
"21065","    8 ","12/08/2014",0,0,23,8,"9032"
"21066","    5 ","13/08/2014",0,0,22,5,"9032"
"21067","    6 ","14/08/2014",0,0,21,6,"9032"
"21068","    7 ","15/08/2014",0,0,19,7,"9032"
"21069","    8 ","16/08/2014",0,0,18,8,"9032"
"21070","    7 ","17/08/2014",0,0,23,7,"9032"
"21071","    9 ","18/08/2014",0,0,23,9,"9032"
"21072","    8 ","19/08/2014",0,0,22,8,"9032"
"21073","    6 ","20/08/2014",0,0,22,6,"9032"
"21074","    5 ","21/08/2014",0,0,21,5,"9032"
"21075","    4 ","22/08/2014",0,0,23,4,"9032"
"21076","    6 ","23/08/2014",0,0,22,6,"9032"
"21077","    6 ","24/08/2014",0,0,23,6,"9032"
"21078","    5 ","25/08/2014",0,0,22,5,"9032"
"21079","    6 ","26/08/2014",0,0,19,6,"9032"
"21080","    7 ","27/08/2014",0,0,21,7,"9032"
"21081","    7 ","28/08/2014",0,0,22,7,"9032"
"21082","    8 ","29/08/2014",0,0,21,8,"9032"
"21083","    7 ","30/08/2014",0,0,22,7,"9032"
"21084","    6 ","31/08/2014",0,0,20,6,"9032"
"21085","    6 ","01/09/2014",0,0,21,6,"9032"
"21086","    7 ","02/09/2014",0,0,22,7,"9032"
"21087","    6 ","03/09/2014",0,0,23,6,"9032"
"21088","    6 ","04/09/2014",0,0,21,6,"9032"
"21089","    5 ","05/09/2014",0,0,22,5,"9032"
"21090","    6 ","06/09/2014",0,0,20,6,"9032"
"21091","    7 ","07/09/2014",0,0,21,7,"9032"
"21092","    6 ","08/09/2014",0,0,22,6,"9032"
"21093","    7 ","09/09/2014",0,0,23,7,"9032"
"21094","    6 ","10/09/2014",0,0,21,6,"9032"
"21095","    5 ","11/09/2014",0,0,22,5,"9032"
"21096","    6 ","12/09/2014",0,0,19,6,"9032"
"21097","    5 ","13/09/2014",0,0,21,5,"9032"
"21098","    4 ","14/09/2014",0,0,22,4,"9032"
"21099","    6 ","15/09/2014",0,0,20,6,"9032"
"21100","    5 ","16/09/2014",0,0,21,5,"9032"
"21101","    6 ","17/09/2014",0,0,22,6,"9032"
"21102","    7 ","18/09/2014",0,0,21,7,"9032"
"21103","    5 ","19/09/2014",0,0,20,5,"9032"
"21104","    4 ","20/09/2014",0,0,18,4,"9032"
"21105","    5 ","21/09/2014",0,0,19,5,"9032"
"21106","    6 ","22/09/2014",0,0,20,6,"9032"
"21107","    5 ","23/09/2014",0,0,21,5,"9032"
"21108","    6 ","24/09/2014",0,0,20,6,"9032"
"21109","    4 ","25/09/2014",0,0,22,4,"9032"
"21110","    6 ","26/09/2014",0,0,21,6,"9032"
"21111","    4 ","27/09/2014",0,0,19,4,"9032"
"21112","    5 ","28/09/2014",0,0,20,5,"9032"
"21113","    4 ","29/09/2014",0,0,18,4,"9032"
"21114","    5 ","30/09/2014",0,0,20,5,"9032"
"21115","    4 ","01/10/2014",0,0,19,4,"9032"
"21116","    5 ","02/10/2014",0,0,20,5,"9032"
"21117","    4 ","03/10/2014",0,0,21,4,"9032"
"21118","    2 ","04/10/2014",0,0,19,2,"9032"
"21119","    5 ","05/10/2014",0,0,17,5,"9032"
"21120","    6 ","06/10/2014",0,0,18,6,"9032"
"21121","    5 ","07/10/2014",0,0,19,5,"9032"
"21122","    4 ","08/10/2014",0,0,20,4,"9032"
"21123","    5 ","09/10/2014",0,0,18,5,"9032"
"21124","    4 ","10/10/2014",0,0,19,4,"9032"
"21125","    5 ","11/10/2014",0,0,21,5,"9032"
"21126","    5 ","12/10/2014",0,0,18,5,"9032"
"21127","    5 ","13/10/2014",0,0,19,5,"9032"
"21128","    4 ","14/10/2014",0,0,19,4,"9032"
"21129","    4 ","15/10/2014",0,0,19,4,"9032"
"21130","    4 ","16/10/2014",0,0,18,4,"9032"
"21131","    5 ","17/10/2014",0,0,20,5,"9032"
"21132","    6 ","18/10/2014",0,0,21,6,"9032"
"21133","    3 ","19/10/2014",0,0,18,3,"9032"
"21134","    3 ","20/10/2014",0,0,18,3,"9032"
"21135","    4 ","21/10/2014",0,0,21,4,"9032"
"21136","    5 ","22/10/2014",0,0,20,5,"9032"
"21137","    4 ","23/10/2014",0,0,18,4,"9032"
"21138","    6 ","24/10/2014",0,0,20,6,"9032"
"21139","    4 ","25/10/2014",0,0,21,4,"9032"
"21140","    5 ","26/10/2014",0,0,20,5,"9032"
"21141","    6 ","27/10/2014",0,0,14,6,"9032"
"21142","    5 ","28/10/2014",0,0,21,5,"9032"
"21143","    6 ","29/10/2014",0,0,18,6,"9032"
"21144","    5 ","30/10/2014",0,0,19,5,"9032"
"21145","    5 ","31/10/2014",0,0,20,5,"9032"
"21146","    7 ","01/11/2014",0,0,18,7,"9032"
"21147","    5 ","02/11/2014",0,0,21,5,"9032"
"21148","    4 ","03/11/2014",0,0,22,4,"9032"
"21149","    5 ","04/11/2014",0,0,21,5,"9032"
"21150","    7 ","05/11/2014",0,0,20,7,"9032"
"21151","    4 ","06/11/2014",0,0,18,4,"9032"
"21152","    4 ","07/11/2014",0,0,21,4,"9032"
"21153","    6 ","08/11/2014",0,0,19,6,"9032"
"21154","    3 ","09/11/2014",0,0,22,3,"9032"
"21155","    6 ","10/11/2014",0,0,20,6,"9032"
"21156","    5 ","11/11/2014",0,0,18,5,"9032"
"21157","    6 ","12/11/2014",0,0,20,6,"9032"
"21158","    4 ","13/11/2014",0,0,22,4,"9032"
"21159","    5 ","14/11/2014",0,0,18,5,"9032"
"21160","    6 ","15/11/2014",0,0,21,6,"9032"
"21161","    5 ","16/11/2014",0,0,20,5,"9032"
"21162","    4 ","17/11/2014",0,0,22,4,"9032"
"21163","    7 ","18/11/2014",0,0,21,7,"9032"
"21164","    4 ","19/11/2014",0,0,19,4,"9032"
"21165","    6 ","20/11/2014",0,0,22,6,"9032"
"21166","    5 ","21/11/2014",0,0,20,5,"9032"
"21167","    7 ","22/11/2014",0,0,18,7,"9032"
"21168","    6 ","23/11/2014",0,0,21,6,"9032"
"21169","    5 ","24/11/2014",0,0,20,5,"9032"
"21170","    7 ","25/11/2014",0,0,21,7,"9032"
"21171","    4 ","26/11/2014",0,0,22,4,"9032"
"21172","    5 ","27/11/2014",0,0,20,5,"9032"
"21173","    4 ","28/11/2014",0,0,21,4,"9032"
"21174","    4 ","29/11/2014",0,0,19,4,"9032"
"21175","    5 ","30/11/2014",0,0,18,5,"9032"
"21176","    6 ","01/12/2014",0,0,20,6,"9032"
"21177","    7 ","02/12/2014",0,0,21,7,"9032"
"21178","    5 ","03/12/2014",0,0,22,5,"9032"
"21179","    4 ","04/12/2014",0,0,20,4,"9032"
"21180","    6 ","05/12/2014",0,0,19,6,"9032"
"21181","    4 ","06/12/2014",0,0,21,4,"9032"
"21182","    5 ","07/12/2014",0,0,20,5,"9032"
"21183","    4 ","08/12/2014",0,0,21,4,"9032"
"21184","    5 ","09/12/2014",0,0,22,5,"9032"
"21185","    6 ","10/12/2014",0,0,20,6,"9032"
"21186","    3 ","11/12/2014",0,0,21,3,"9032"
"21187","    5 ","12/12/2014",0,0,19,5,"9032"
"21188","    6 ","13/12/2014",0,0,22,6,"9032"
"21189","    5 ","14/12/2014",0,0,18,5,"9032"
"21190","    6 ","15/12/2014",0,0,17,6,"9032"
"21191","    5 ","16/12/2014",0,0,19,5,"9032"
"21192","    4 ","17/12/2014",0,0,17,4,"9032"
"21193","    4 ","18/12/2014",0,0,18,4,"9032"
"21194","    5 ","19/12/2014",0,0,18,5,"9032"
"21195","    6 ","20/12/2014",0,0,18,6,"9032"
"21196","    6 ","21/12/2014",0,0,19,6,"9032"
"21197","    5 ","22/12/2014",0,0,21,5,"9032"
"21198","    6 ","23/12/2014",10,0,19,6,"9032"
"21199","    5 ","24/12/2014",34,0,18,5,"9032"
"21200","    4 ","25/12/2014",5,0,19,4,"9032"
"21201","    5 ","26/12/2014",0,0,21,5,"9032"
"21202","    6 ","27/12/2014",0,0,18,6,"9032"
"21203","    5 ","28/12/2014",0,0,20,5,"9032"
"21204","    6 ","29/12/2014",0,0,19,6,"9032"
"21205","    7 ","30/12/2014",0,0,20,7,"9032"
"21206","    4 ","31/12/2014",0,0,18,4,"9032"
"21207","    5 ","01/01/2015",0,0,19,5,"9032"
"21208","    6 ","02/01/2015",0,0,20,6,"9032"
"21209","    5 ","03/01/2015",0,0,19,5,"9032"
"21210","    6 ","04/01/2015",0,0,20,6,"9032"
"21211","    5 ","05/01/2015",0,0,19,5,"9032"
"21212","    4 ","06/01/2015",0,0,20,4,"9032"
"21213","    5 ","07/01/2015",0,0,19,5,"9032"
"21214","    4 ","08/01/2015",0,0,19,4,"9032"
"21215","    5 ","09/01/2015",0,0,17,5,"9032"
"21216","    4 ","10/01/2015",0,0,20,4,"9032"
"21217","    4 ","11/01/2015",0,0,19,4,"9032"
"21218","    6 ","12/01/2015",0,0,20,6,"9032"
"21219","    7 ","13/01/2015",0,0,19,7,"9032"
"21220","    6 ","14/01/2015",0,0,18,6,"9032"
"21221","    5 ","15/01/2015",0,0,20,5,"9032"
"21222","    6 ","16/01/2015",0,0,21,6,"9032"
"21223","    7 ","17/01/2015",0,0,20,7,"9032"
"21224","    6 ","18/01/2015",0,0,21,6,"9032"
"21225","    7 ","19/01/2015",0,0,20,7,"9032"
"21226","    5 ","20/01/2015",0,0,19,5,"9032"
"21227","    6 ","21/01/2015",0,0,20,6,"9032"
"21228","    5 ","22/01/2015",0,0,21,5,"9032"
"21229","    6 ","23/01/2015",0,0,16,6,"9032"
"21230","    5 ","24/01/2015",0,0,15,5,"9032"
"21231","    4 ","25/01/2015",0,0,16,4,"9032"
"21232","    6 ","26/01/2015",0,0,18,6,"9032"
"21233","    7 ","27/01/2015",0,0,17,7,"9032"
"21234","    6 ","28/01/2015",0,0,18,6,"9032"
"21235","    5 ","29/01/2015",0,0,19,5,"9032"
"21236","    4 ","30/01/2015",0,0,18,4,"9032"
"21237","    7 ","31/01/2015",0,0,18,7,"9032"
"21238","    6 ","01/02/2015",0,0,21,6,"9032"
"21239","    5 ","02/02/2015",0,0,20,5,"9032"
"21240","    6 ","03/02/2015",0,0,19,6,"9032"
"21241","    7 ","04/02/2015",0,0,18,7,"9032"
"21242","    6 ","05/02/2015",0,0,20,6,"9032"
"21243","    5 ","06/02/2015",0,0,19,5,"9032"
"21244","    6 ","07/02/2015",0,0,20,6,"9032"
"21245","    6 ","08/02/2015",0,0,19,6,"9032"
"21246","    5 ","09/02/2015",0,0,20,5,"9032"
"21247","    6 ","10/02/2015",0,0,22,6,"9032"
"21248","    7 ","11/02/2015",0,0,20,7,"9032"
"21249","    6 ","12/02/2015",0,0,21,6,"9032"
"21250","    5 ","13/02/2015",0,0,19,5,"9032"
"21251","    6 ","14/02/2015",0,0,20,6,"9032"
"21252","    5 ","15/02/2015",0,0,21,5,"9032"
"21253","    5 ","16/02/2015",0,0,19,5,"9032"
"21254","    6 ","17/02/2015",0,0,20,6,"9032"
"21255","    5 ","18/02/2015",0,0,21,5,"9032"
"21256","    6 ","19/02/2015",0,0,20,6,"9032"
"21257","    5 ","20/02/2015",0,0,19,5,"9032"
"21258","    6 ","21/02/2015",0,0,18,6,"9032"
"21259","    5 ","22/02/2015",0,0,17,5,"9032"
"21260","    4 ","23/02/2015",0,0,18,4,"9032"
"21261","    6 ","24/02/2015",0,0,21,6,"9032"
"21262","    4 ","25/02/2015",0,0,19,4,"9032"
"21263","    6 ","26/02/2015",0,0,20,6,"9032"
"21264","    5 ","27/02/2015",0,0,19,5,"9032"
"21265","    7 ","28/02/2015",0,0,21,7,"9032"
"21266","    7 ","01/03/2015",0,0,20,7,"9032"
"21267","    8 ","02/03/2015",0,0,18,8,"9032"
"21268","    7 ","03/03/2015",0,0,19,7,"9032"
"21269","    6 ","04/03/2015",0,0,20,6,"9032"
"21270","    4 ","05/03/2015",0,0,19,4,"9032"
"21271","    6 ","06/03/2015",0,0,17,6,"9032"
"21272","    9 ","07/03/2015",0,0,26,9,"9032"
"21273","    6 ","08/03/2015",0,0,19,6,"9032"
"21274","    7 ","09/03/2015",0,0,18,7,"9032"
"21275","    6 ","10/03/2015",0,0,20,6,"9032"
"21276","    7 ","11/03/2015",0,0,22,7,"9032"
"21277","    8 ","12/03/2015",0,0,19,8,"9032"
"21278","    7 ","13/03/2015",0,0,22,7,"9032"
"21279","    6 ","14/03/2015",0,0,21,6,"9032"
"21280","    7 ","15/03/2015",0,0,25,7,"9032"
"21281","    6 ","16/03/2015",0,0,20,6,"9032"
"21282","    9 ","17/03/2015",0,0,20,9,"9032"
"21283","    7 ","18/03/2015",0,0,24,7,"9032"
"21284","    8 ","19/03/2015",0,0,18,8,"9032"
"21285","    6 ","20/03/2015",0,0,22,6,"9032"
"21286","    7 ","21/03/2015",0,0,23,7,"9032"
"21287","    5 ","22/03/2015",0,0,24,5,"9032"
"21288","    3 ","23/03/2015",0,0,22,3,"9032"
"21289","    7 ","24/03/2015",0,0,19,7,"9032"
"21290","    6 ","25/03/2015",0,0,22,6,"9032"
"21291","    7 ","26/03/2015",0,0,20,7,"9032"
"21292","    8 ","27/03/2015",0,0,21,8,"9032"
"21293","    7 ","28/03/2015",0,0,19,7,"9032"
"21294","    9 ","29/03/2015",0,0,21,9,"9032"
"21295","LO   NULO    6 ","30/03/2015",0,NA,NA,NA,"9032"
"21296","   NULO","31/03/2015",0,0,19,NA,"9032"
"21297","    5 ","01/04/2015",0,0,17,5,"9032"
"21298","    7 ","02/04/2015",0,0,20,7,"9032"
"21299","    5 ","03/04/2015",0,0,17,5,"9032"
"21300","    7 ","04/04/2015",0,0,20,7,"9032"
"21301","    8 ","05/04/2015",0,0,20,8,"9032"
"21302","    6 ","06/04/2015",0,0,19,6,"9032"
"21303","    7 ","07/04/2015",0,0,18,7,"9032"
"21304","    7 ","08/04/2015",0,0,21,7,"9032"
"21305","    7 ","09/04/2015",0,0,20,7,"9032"
"21306","    6 ","10/04/2015",0,0,21,6,"9032"
"21307","    5 ","11/04/2015",0,0,18,5,"9032"
"21308","    6 ","12/04/2015",0,0,19,6,"9032"
"21309","    5 ","13/04/2015",0,0,20,5,"9032"
"21310","    5 ","14/04/2015",0,0,18,5,"9032"
"21311","    6 ","15/04/2015",0,0,17,6,"9032"
"21312","    9 ","16/04/2015",0,0,20,9,"9032"
"21313","    7 ","17/04/2015",0,0,18,7,"9032"
"21314","    6 ","18/04/2015",0,0,17,6,"9032"
"21315","    7 ","19/04/2015",0,0,19,7,"9032"
"21316","    8 ","20/04/2015",0,0,20,8,"9032"
"21317","    6 ","21/04/2015",0,0,19,6,"9032"
"21318","    7 ","22/04/2015",0,0,21,7,"9032"
"21319","    6 ","23/04/2015",0,0,22,6,"9032"
"21320","    4 ","24/04/2015",0,0,20,4,"9032"
"21321","    6 ","25/04/2015",0,0,21,6,"9032"
"21322","    7 ","26/04/2015",0,0,20,7,"9032"
"21323","    5 ","27/04/2015",0,0,21,5,"9032"
"21324","    5 ","28/04/2015",0,0,20,5,"9032"
"21325","    5 ","29/04/2015",0,0,21,5,"9032"
"21326","    4 ","30/04/2015",0,0,18,4,"9032"
"21327","    6 ","01/05/2015",0,0,20,6,"9032"
"21328","    7 ","02/05/2015",0,0,21,7,"9032"
"21329","    7 ","03/05/2015",0,0,20,7,"9032"
"21330","    8 ","04/05/2015",0,0,22,8,"9032"
"21331","    7 ","05/05/2015",0,0,20,7,"9032"
"21332","    6 ","06/05/2015",0,0,19,6,"9032"
"21333","    7 ","07/05/2015",0,0,21,7,"9032"
"21334","    6 ","08/05/2015",0,0,19,6,"9032"
"21335","    5 ","09/05/2015",0,0,20,5,"9032"
"21336","    6 ","10/05/2015",0,0,19,6,"9032"
"21337","    7 ","11/05/2015",0,0,20,7,"9032"
"21338","    6 ","12/05/2015",0,0,19,6,"9032"
"21339","    7 ","13/05/2015",0,0,20,7,"9032"
"21340","    8 ","14/05/2015",0,0,18,8,"9032"
"21341","    9 ","15/05/2015",0,0,19,9,"9032"
"21342","    7 ","16/05/2015",0,0,18,7,"9032"
"21343","    6 ","17/05/2015",0,0,20,6,"9032"
"21344","    7 ","18/05/2015",0,0,19,7,"9032"
"21345","    6 ","19/05/2015",0,0,21,6,"9032"
"21346","    7 ","20/05/2015",0,0,19,7,"9032"
"21347","    6 ","21/05/2015",0,0,18,6,"9032"
"21348","    7 ","22/05/2015",0,0,19,7,"9032"
"21349","    6 ","23/05/2015",0,0,16,6,"9032"
"21350","    9 ","24/05/2015",0,0,20,9,"9032"
"21351","    7 ","25/05/2015",0,0,16,7,"9032"
"21352","    9 ","26/05/2015",0,0,19,9,"9032"
"21353","    7 ","27/05/2015",0,0,18,7,"9032"
"21354","    6 ","28/05/2015",0,0,16,6,"9032"
"21355","    5 ","29/05/2015",0,0,19,5,"9032"
"21356","    7 ","30/05/2015",0,0,20,7,"9032"
"21357","    6 ","31/05/2015",1,0,19,6,"9032"
"21358","    4 ","01/06/2015",0,0,20,4,"9032"
"21359","    7 ","02/06/2015",0,0,21,7,"9032"
"21360","    6 ","03/06/2015",0,0,20,6,"9032"
"21361","    5 ","04/06/2015",0,0,21,5,"9032"
"21362","    6 ","05/06/2015",0,0,23,6,"9032"
"21363","    7 ","06/06/2015",0,0,21,7,"9032"
"21364","    6 ","07/06/2015",0,0,22,6,"9032"
"21365","    5 ","08/06/2015",0,0,20,5,"9032"
"21366","    6 ","09/06/2015",0,0,19,6,"9032"
"21367","    6 ","10/06/2015",0,0,18,6,"9032"
"21368","    7 ","11/06/2015",0,0,20,7,"9032"
"21369","    6 ","12/06/2015",0,0,31,6,"9032"
"21370","    7 ","13/06/2015",0,0,22,7,"9032"
"21371","    8 ","14/06/2015",0,0,20,8,"9032"
"21372","    6 ","15/06/2015",0,0,23,6,"9032"
"21373","    5 ","16/06/2015",0,0,21,5,"9032"
"21374","    7 ","17/06/2015",0,0,20,7,"9032"
"21375","    6 ","18/06/2015",15,0,22,6,"9032"
"21376","    5 ","19/06/2015",7,0,21,5,"9032"
"21377","    7 ","20/06/2015",0,0,22,7,"9032"
"21378","    5 ","21/06/2015",0,0,20,5,"9032"
"21379","    7 ","22/06/2015",20,0,22,7,"9032"
"21380","    6 ","23/06/2015",2,0,18,6,"9032"
"21381","    7 ","24/06/2015",13,0,17,7,"9032"
"21382","    6 ","25/06/2015",0,0,20,6,"9032"
"21383","   2 ","26/06/2015",9,0,19.5,2,"9032"
"21384","    8 ","27/06/2015",0,0,20,8,"9032"
"21385","    7 ","28/06/2015",2,0,19,7,"9032"
"21386","    6 ","29/06/2015",1,0,22,6,"9032"
"21387","    5 ","30/06/2015",0,0,17,5,"9032"
"21388","    5 ","01/07/2015",5,0,18,5,"9032"
"21389","    7 ","02/07/2015",14,0,19,7,"9032"
"21390","    6 ","03/07/2015",0,0,18,6,"9032"
"21391","    8 ","04/07/2015",6,0,17,8,"9032"
"21392","    7 ","05/07/2015",0,0,22,7,"9032"
"21393","    6 ","06/07/2015",0,0,20,6,"9032"
"21394","    7 ","07/07/2015",0,0,21,7,"9032"
"21395","    6 ","08/07/2015",11,0,21,6,"9032"
"21396","    5 ","09/07/2015",0,0,16,5,"9032"
"21397","    8 ","10/07/2015",0,0,18,8,"9032"
"21398","    7 ","11/07/2015",0,0,17,7,"9032"
"21399","    6 ","12/07/2015",0,0,21,6,"9032"
"21400","    5 ","13/07/2015",0,0,17,5,"9032"
"21401","    7 ","14/07/2015",0,0,18,7,"9032"
"21402","    6 ","15/07/2015",0,0,16,6,"9032"
"21403","    8 ","16/07/2015",3,0,17,8,"9032"
"21404","    7 ","17/07/2015",0,0,16,7,"9032"
"21405","    6 ","18/07/2015",9,0,20,6,"9032"
"21406","    7 ","19/07/2015",9,0,21,7,"9032"
"21407","    6 ","20/07/2015",0,0,20,6,"9032"
"21408","    9 ","21/07/2015",8,0,22,9,"9032"
"21409","    4 ","22/07/2015",0,0,19,4,"9032"
"21410","    7 ","23/07/2015",7,0,18,7,"9032"
"21411","    6 ","24/07/2015",6,0,19,6,"9032"
"21412","    5 ","25/07/2015",0,0,20,5,"9032"
"21413","    7 ","26/07/2015",0,0,19,7,"9032"
"21414","    8 ","27/07/2015",0,0,18,8,"9032"
"21415","    7 ","28/07/2015",0,0,22,7,"9032"
"21416","    6 ","29/07/2015",0,0,21,6,"9032"
"21417","    5 ","30/07/2015",0,0,19,5,"9032"
"21418","    7 ","31/07/2015",10,0,21,7,"9032"
"21419","    8 ","01/08/2015",1,0,20,8,"9032"
"21420","    9 ","02/08/2015",1,0,21,9,"9032"
"21421","    7 ","03/08/2015",3,0,22,7,"9032"
"21422","    6 ","04/08/2015",8,0,20,6,"9032"
"21423","    5 ","05/08/2015",0,0,18,5,"9032"
"21424","    8 ","06/08/2015",6,0,22,8,"9032"
"21425","    6 ","07/08/2015",0,0,21,6,"9032"
"21426","    7 ","08/08/2015",5,0,20,7,"9032"
"21427","    6 ","09/08/2015",11,0,23,6,"9032"
"21428","    5 ","10/08/2015",0,0,22,5,"9032"
"21429","    4 ","11/08/2015",0,0,23,4,"9032"
"21430","    5 ","12/08/2015",3,0,21,5,"9032"
"21431","    4 ","13/08/2015",0,0,20,4,"9032"
"21432","    7 ","14/08/2015",0,0,18,7,"9032"
"21433","    9 ","15/08/2015",0,0,21,9,"9032"
"21434","    7 ","16/08/2015",20,0,22,7,"9032"
"21435","    5 ","17/08/2015",15,0,20,5,"9032"
"21436","    6 ","18/08/2015",3,0,21,6,"9032"
"21437","    7 ","19/08/2015",0,0,17,7,"9032"
"21438","    6 ","20/08/2015",0,0,17,6,"9032"
"21439","    8 ","21/08/2015",0,0,19,8,"9032"
"21440","    7 ","22/08/2015",0,0,20,7,"9032"
"21441","    6 ","23/08/2015",3,0,19,6,"9032"
"21442","    7 ","24/08/2015",2,0,18,7,"9032"
"21443","    6 ","25/08/2015",1,0,20,6,"9032"
"21444","    8 ","26/08/2015",4,0,19,8,"9032"
"21445","    6 ","27/08/2015",2,0,20,6,"9032"
"21446","    7 ","28/08/2015",0,0,18,7,"9032"
"21447","    6 ","29/08/2015",13,0,19,6,"9032"
"21448","    6 ","30/08/2015",6,0,20,6,"9032"
"21449","    7 ","31/08/2015",5,0,18,7,"9032"
"21450","    7 ","01/09/2015",10,0,18,7,"9032"
"21451","    6 ","02/09/2015",6,0,19,6,"9032"
"21452","    7 ","03/09/2015",4,0,20,7,"9032"
"21453","    6 ","04/09/2015",1,0,22,6,"9032"
"21454","    5 ","05/09/2015",0,0,23,5,"9032"
"21455","    6 ","06/09/2015",0,0,22,6,"9032"
"21456","    4 ","07/09/2015",0,0,18,4,"9032"
"21457","    7 ","08/09/2015",0,0,19,7,"9032"
"21458","    8 ","09/09/2015",0,0,23,8,"9032"
"21459","    7 ","10/09/2015",0,0,22,7,"9032"
"21460","    5 ","11/09/2015",0,0,23,5,"9032"
"21461","    7 ","12/09/2015",0,0,18,7,"9032"
"21462","    6 ","13/09/2015",0,0,17,6,"9032"
"21463","    8 ","14/09/2015",0,0,21,8,"9032"
"21464","    7 ","15/09/2015",0,0,19,7,"9032"
"21465","    6 ","16/09/2015",9,0,23,6,"9032"
"21466","    8 ","17/09/2015",1,0,20,8,"9032"
"21467","    6 ","18/09/2015",0,0,21,6,"9032"
"21468","    5 ","19/09/2015",7,0,21,5,"9032"
"21469","    7 ","20/09/2015",5,0,20,7,"9032"
"21470","    6 ","21/09/2015",0,0,21,6,"9032"
"21471","    8 ","22/09/2015",0,0,22,8,"9032"
"21472","    7 ","23/09/2015",0,0,16,7,"9032"
"21473","    9 ","24/09/2015",2,0,20,9,"9032"
"21474","    7 ","25/09/2015",1,0,19,7,"9032"
"21475","    6 ","26/09/2015",8,0,19,6,"9032"
"21476","    5 ","27/09/2015",0,0,20,5,"9032"
"21477","    8 ","28/09/2015",16,0,21,8,"9032"
"21478","    5 ","29/09/2015",5,0,20,5,"9032"
"21479","    7 ","30/09/2015",0,0,17,7,"9032"
"21480","    8 ","01/10/2015",0,0,19,8,"9032"
"21481","    7 ","02/10/2015",0,0,20,7,"9032"
"21482","    6 ","03/10/2015",0,0,18,6,"9032"
"21483","    8 ","04/10/2015",0,0,21,8,"9032"
"21484","    6 ","05/10/2015",0,0,20,6,"9032"
"21485","    7 ","06/10/2015",0,0,21,7,"9032"
"21486","    5 ","07/10/2015",0,0,19,5,"9032"
"21487","    5 ","08/10/2015",0,0,19,5,"9032"
"21488","    9 ","09/10/2015",0,0,17,9,"9032"
"21489","    8 ","10/10/2015",0,0,20,8,"9032"
"21490","    7 ","11/10/2015",0,0,21,7,"9032"
"21491","    8 ","12/10/2015",0,0,20,8,"9032"
"21492","    7 ","13/10/2015",0,0,23,7,"9032"
"21493","    1 ","14/10/2015",0,0,20,1,"9032"
"21494","    8 ","15/10/2015",0,0,20,8,"9032"
"21495","    7 ","16/10/2015",4,0,19,7,"9032"
"21496","    6 ","17/10/2015",1,0,21,6,"9032"
"21497","    7 ","18/10/2015",0,0,20,7,"9032"
"21498","    6 ","19/10/2015",0,0,21,6,"9032"
"21499","    8 ","20/10/2015",0,0,19,8,"9032"
"21500","    7 ","21/10/2015",0,0,20,7,"9032"
"21501","    6 ","22/10/2015",6,0,21,6,"9032"
"21502","    5 ","23/10/2015",0,0,20,5,"9032"
"21503","    8 ","24/10/2015",0,0,21,8,"9032"
"21504","    9 ","25/10/2015",8,0,20,9,"9032"
"21505","    6 ","26/10/2015",0,0,21,6,"9032"
"21506","    8 ","27/10/2015",1,0,22,8,"9032"
"21507","    7 ","28/10/2015",4,0,21,7,"9032"
"21508","    6 ","29/10/2015",15,0,19,6,"9032"
"21509","    8 ","30/10/2015",3,0,18,8,"9032"
"21510","    7 ","31/10/2015",5,0,21,7,"9032"
"21511","    11 ","01/11/2015",0,0,20,11,"9032"
"21512","    8 ","02/11/2015",0,0,19,8,"9032"
"21513","    7 ","03/11/2015",0,0,22,7,"9032"
"21514","    6 ","04/11/2015",0,0,19,6,"9032"
"21515","    8 ","05/11/2015",0,0,17,8,"9032"
"21516","    7 ","06/11/2015",0,0,18,7,"9032"
"21517","    6 ","07/11/2015",2,0,19,6,"9032"
"21518","    8 ","08/11/2015",0,0,17,8,"9032"
"21519","    7 ","09/11/2015",0,0,18,7,"9032"
"21520","    4 ","10/11/2015",0,0,20,4,"9032"
"21521","    7 ","11/11/2015",0,0,22,7,"9032"
"21522","    8 ","12/11/2015",0,0,21,8,"9032"
"21523","    6 ","13/11/2015",0,0,22,6,"9032"
"21524","    4 ","14/11/2015",0,0,20,4,"9032"
"21525","    7 ","15/11/2015",0,0,19,7,"9032"
"21526","    6 ","16/11/2015",0,0,20,6,"9032"
"21527","    8 ","17/11/2015",0,0,17,8,"9032"
"21528","    9 ","18/11/2015",0,0,15,9,"9032"
"21529","    11 ","19/11/2015",0,0,18,11,"9032"
"21530","    7 ","20/11/2015",0,0,20,7,"9032"
"21531","    6 ","21/11/2015",0,0,19,6,"9032"
"21532","    6 ","22/11/2015",0,0,17,6,"9032"
"21533","    9 ","23/11/2015",0,0,18,9,"9032"
"21534","    10 ","24/11/2015",0,0,19,10,"9032"
"21535","    7 ","25/11/2015",0,0,17,7,"9032"
"21536","    8 ","26/11/2015",0,0,20,8,"9032"
"21537","    7 ","27/11/2015",0,0,18,7,"9032"
"21538","    9 ","28/11/2015",0,0,19,9,"9032"
"21539","    5 ","29/11/2015",0,0,18,5,"9032"
"21540","    7 ","30/11/2015",0,0,18,7,"9032"
"21541","    6 ","01/12/2015",0,0,20,6,"9032"
"21542","    8 ","02/12/2015",0,0,19,8,"9032"
"21543","    3 ","03/12/2015",0,0,20,3,"9032"
"21544","    5 ","04/12/2015",0,0,21,5,"9032"
"21545","    8 ","05/12/2015",0,0,19,8,"9032"
"21546","    7 ","06/12/2015",0,0,18,7,"9032"
"21547","    6 ","07/12/2015",0,0,20,6,"9032"
"21548","    5 ","08/12/2015",0,0,17,5,"9032"
"21549","    8 ","09/12/2015",0,0,19,8,"9032"
"21550","    7 ","10/12/2015",0,0,17,7,"9032"
"21551","    8 ","11/12/2015",0,0,20,8,"9032"
"21552","    7 ","12/12/2015",0,0,21,7,"9032"
"21553","    6 ","13/12/2015",0,0,20,6,"9032"
"21554","    4 ","14/12/2015",0,0,21,4,"9032"
"21555","    5 ","15/12/2015",0,0,20,5,"9032"
"21556","    6 ","16/12/2015",0,0,19,6,"9032"
"21557","    8 ","17/12/2015",0,0,21,8,"9032"
"21558","    5 ","18/12/2015",0,0,15,5,"9032"
"21559","    7 ","19/12/2015",0,0,19,7,"9032"
"21560","    6 ","20/12/2015",0,0,20,6,"9032"
"21561","    8 ","21/12/2015",0,0,21,8,"9032"
"21562","    7 ","22/12/2015",0,0,14,7,"9032"
"21563","    8 ","23/12/2015",0,0,21,8,"9032"
"21564","    6 ","24/12/2015",0,0,22,6,"9032"
"21565","    5 ","25/12/2015",0,0,21,5,"9032"
"21566","    7 ","26/12/2015",0,0,20,7,"9032"
"21567","    6 ","27/12/2015",0,0,24,6,"9032"
"21568","    1 ","28/12/2015",0,0,15,1,"9032"
"21569","    10 ","29/12/2015",0,0,21,10,"9032"
"21570","    8 ","30/12/2015",0,0,20,8,"9032"
"21571","    7 ","31/12/2015",0,0,20,7,"9032"
